基金代码,基金名称,基金类型,AXTI占比,存储占比,光芯片/光通信占比,电芯片/核心半导体占比,合计占比,匹配持仓数,核心持仓摘要
159995,芯片ETF华夏,指数型-股票,0.00%,23.87%,0.00%,51.58%,75.45%,14,海光信息(电芯片/核心半导体) 10.09%; 北方华创(电芯片/核心半导体) 9.12%; 中芯国际(电芯片/核心半导体) 8.50%; 兆易创新(存储) 8.00%; 寒武纪(电芯片/核心半导体) 7.34%; 中微公司(电芯片/核心半导体) 7.33%; 澜起科技(存储) 7.29%; 豪威集团(电芯片/核心半导体) 4.20%; 芯原股份(电芯片/核心半导体) 3.55%; 长电科技(存储) 2.96%
014143,银河创新成长混合C,混合型-偏股,0.00%,23.80%,0.00%,49.68%,73.48%,9,中微公司(电芯片/核心半导体) 9.65%; 寒武纪(电芯片/核心半导体) 9.33%; 海光信息(电芯片/核心半导体) 8.91%; 中芯国际(电芯片/核心半导体) 8.84%; 兆易创新(存储) 8.60%; 澜起科技(存储) 8.51%; 北方华创(电芯片/核心半导体) 7.72%; 长电科技(存储) 6.69%; 复旦微电(电芯片/核心半导体) 5.23%
519674,银河创新成长混合A,混合型-偏股,0.00%,23.80%,0.00%,49.68%,73.48%,9,中微公司(电芯片/核心半导体) 9.65%; 寒武纪(电芯片/核心半导体) 9.33%; 海光信息(电芯片/核心半导体) 8.91%; 中芯国际(电芯片/核心半导体) 8.84%; 兆易创新(存储) 8.60%; 澜起科技(存储) 8.51%; 北方华创(电芯片/核心半导体) 7.72%; 长电科技(存储) 6.69%; 复旦微电(电芯片/核心半导体) 5.23%
588200,科创芯片ETF嘉实,指数型-股票,0.00%,15.55%,4.74%,48.91%,69.20%,20,中芯国际(电芯片/核心半导体) 9.80%; 海光信息(电芯片/核心半导体) 9.66%; 寒武纪(电芯片/核心半导体) 9.56%; 澜起科技(存储) 7.80%; 中微公司(电芯片/核心半导体) 7.30%; 芯原股份(电芯片/核心半导体) 4.05%; 佰维存储(存储) 3.77%; 源杰科技(光芯片/光通信) 3.29%; 东芯股份(存储) 1.83%; 仕佳光子(光芯片/光通信) 1.45%
159801,芯片ETF广发,指数型-股票,0.00%,15.22%,0.00%,50.03%,65.25%,9,海光信息(电芯片/核心半导体) 10.04%; 北方华创(电芯片/核心半导体) 9.09%; 中芯国际(电芯片/核心半导体) 8.47%; 兆易创新(存储) 7.96%; 寒武纪(电芯片/核心半导体) 7.33%; 中微公司(电芯片/核心半导体) 7.32%; 澜起科技(存储) 7.26%; 豪威集团(电芯片/核心半导体) 4.19%; 芯原股份(电芯片/核心半导体) 3.59%
017744,嘉实绿色主题股票发起式A,股票型,0.00%,32.07%,0.00%,33.03%,65.10%,9,兆易创新(存储) 9.01%; 普冉股份(存储) 8.27%; 北京君正(存储) 7.88%; 芯原股份(电芯片/核心半导体) 7.87%; 海光信息(电芯片/核心半导体) 7.19%; 澜起科技(存储) 6.91%; 寒武纪(电芯片/核心半导体) 6.64%; 思瑞浦(电芯片/核心半导体) 5.91%; 圣邦股份(电芯片/核心半导体) 5.42%
017745,嘉实绿色主题股票发起式C,股票型,0.00%,32.07%,0.00%,33.03%,65.10%,9,兆易创新(存储) 9.01%; 普冉股份(存储) 8.27%; 北京君正(存储) 7.88%; 芯原股份(电芯片/核心半导体) 7.87%; 海光信息(电芯片/核心半导体) 7.19%; 澜起科技(存储) 6.91%; 寒武纪(电芯片/核心半导体) 6.64%; 思瑞浦(电芯片/核心半导体) 5.91%; 圣邦股份(电芯片/核心半导体) 5.42%
159813,半导体ETF鹏华,指数型-股票,0.00%,15.12%,0.00%,49.74%,64.86%,9,海光信息(电芯片/核心半导体) 9.99%; 北方华创(电芯片/核心半导体) 9.03%; 中芯国际(电芯片/核心半导体) 8.41%; 兆易创新(存储) 7.90%; 寒武纪(电芯片/核心半导体) 7.31%; 中微公司(电芯片/核心半导体) 7.25%; 澜起科技(存储) 7.22%; 豪威集团(电芯片/核心半导体) 4.17%; 芯原股份(电芯片/核心半导体) 3.58%
159665,半导体龙头ETF工银,指数型-股票,0.00%,15.08%,0.00%,49.43%,64.51%,9,海光信息(电芯片/核心半导体) 9.95%; 北方华创(电芯片/核心半导体) 8.99%; 中芯国际(电芯片/核心半导体) 8.38%; 兆易创新(存储) 7.89%; 中微公司(电芯片/核心半导体) 7.25%; 澜起科技(存储) 7.19%; 寒武纪(电芯片/核心半导体) 7.16%; 豪威集团(电芯片/核心半导体) 4.14%; 芯原股份(电芯片/核心半导体) 3.56%
513310,中韩半导体ETF华泰柏瑞,指数型-海外股票,0.00%,41.75%,0.00%,22.43%,64.18%,9,三星电子(存储) 18.84%; SK海力士(存储) 15.53%; 寒武纪(电芯片/核心半导体) 5.06%; 海光信息(电芯片/核心半导体) 4.77%; 北方华创(电芯片/核心半导体) 4.73%; 中芯国际(电芯片/核心半导体) 4.59%; 兆易创新(存储) 3.88%; 澜起科技(存储) 3.50%; 中微公司(电芯片/核心半导体) 3.28%
015688,九泰泰富灵活配置混合(LOF)C,混合型-灵活,0.00%,15.33%,7.82%,40.16%,63.31%,8,北方华创(电芯片/核心半导体) 10.13%; 中微公司(电芯片/核心半导体) 8.17%; 海光信息(电芯片/核心半导体) 8.08%; 中芯国际(电芯片/核心半导体) 8.07%; 兆易创新(存储) 7.85%; 中际旭创(光芯片/光通信) 7.82%; 澜起科技(存储) 7.48%; 圣邦股份(电芯片/核心半导体) 5.71%
168105,九泰泰富灵活配置混合(LOF)A,混合型-灵活,0.00%,15.33%,7.82%,40.16%,63.31%,8,北方华创(电芯片/核心半导体) 10.13%; 中微公司(电芯片/核心半导体) 8.17%; 海光信息(电芯片/核心半导体) 8.08%; 中芯国际(电芯片/核心半导体) 8.07%; 兆易创新(存储) 7.85%; 中际旭创(光芯片/光通信) 7.82%; 澜起科技(存储) 7.48%; 圣邦股份(电芯片/核心半导体) 5.71%
009365,工银科技创新6个月定开混合C,混合型-偏股,0.00%,0.00%,59.47%,0.00%,59.47%,7,德科立(光芯片/光通信) 10.02%; 天孚通信(光芯片/光通信) 9.67%; 源杰科技(光芯片/光通信) 9.49%; 中际旭创(光芯片/光通信) 9.21%; 新易盛(光芯片/光通信) 9.08%; 太辰光(光芯片/光通信) 8.06%; 长芯博创(光芯片/光通信) 3.94%
009364,工银科技创新6个月定开混合A,混合型-偏股,0.00%,0.00%,59.47%,0.00%,59.47%,7,德科立(光芯片/光通信) 10.02%; 天孚通信(光芯片/光通信) 9.67%; 源杰科技(光芯片/光通信) 9.49%; 中际旭创(光芯片/光通信) 9.21%; 新易盛(光芯片/光通信) 9.08%; 太辰光(光芯片/光通信) 8.06%; 长芯博创(光芯片/光通信) 3.94%
159325,半导体ETF南方,指数型-股票,0.00%,15.65%,0.00%,43.66%,59.31%,9,寒武纪(电芯片/核心半导体) 9.06%; 海光信息(电芯片/核心半导体) 8.55%; 北方华创(电芯片/核心半导体) 8.44%; 中芯国际(电芯片/核心半导体) 8.23%; 兆易创新(存储) 6.94%; 澜起科技(存储) 6.28%; 中微公司(电芯片/核心半导体) 5.87%; 豪威集团(电芯片/核心半导体) 3.51%; 长电科技(存储) 2.43%
026383,中航洞见领航混合C,混合型-偏股,0.00%,7.54%,0.00%,50.51%,58.05%,7,芯原股份(电芯片/核心半导体) 9.39%; 寒武纪(电芯片/核心半导体) 9.32%; 中芯国际(电芯片/核心半导体) 9.13%; 北方华创(电芯片/核心半导体) 8.43%; 兆易创新(存储) 7.54%; 海光信息(电芯片/核心半导体) 7.48%; 中微公司(电芯片/核心半导体) 6.76%
026382,中航洞见领航混合A,混合型-偏股,0.00%,7.54%,0.00%,50.51%,58.05%,7,芯原股份(电芯片/核心半导体) 9.39%; 寒武纪(电芯片/核心半导体) 9.32%; 中芯国际(电芯片/核心半导体) 9.13%; 北方华创(电芯片/核心半导体) 8.43%; 兆易创新(存储) 7.54%; 海光信息(电芯片/核心半导体) 7.48%; 中微公司(电芯片/核心半导体) 6.76%
001956,国联安科技动力,股票型,0.00%,0.00%,57.87%,0.00%,57.87%,8,新易盛(光芯片/光通信) 9.06%; 中际旭创(光芯片/光通信) 9.06%; 源杰科技(光芯片/光通信) 9.03%; 天孚通信(光芯片/光通信) 6.91%; 长光华芯(光芯片/光通信) 6.67%; 德科立(光芯片/光通信) 6.08%; 长芯博创(光芯片/光通信) 5.59%; 光库科技(光芯片/光通信) 5.47%
001305,九泰天富改革混合A,混合型-灵活,0.00%,15.88%,7.80%,34.12%,57.80%,7,北方华创(电芯片/核心半导体) 9.98%; 中微公司(电芯片/核心半导体) 8.15%; 中芯国际(电芯片/核心半导体) 8.10%; 澜起科技(存储) 8.04%; 海光信息(电芯片/核心半导体) 7.89%; 兆易创新(存储) 7.84%; 中际旭创(光芯片/光通信) 7.80%
009912,九泰天富改革混合C,混合型-灵活,0.00%,15.88%,7.80%,34.12%,57.80%,7,北方华创(电芯片/核心半导体) 9.98%; 中微公司(电芯片/核心半导体) 8.15%; 中芯国际(电芯片/核心半导体) 8.10%; 澜起科技(存储) 8.04%; 海光信息(电芯片/核心半导体) 7.89%; 兆易创新(存储) 7.84%; 中际旭创(光芯片/光通信) 7.80%
018147,建信新兴市场混合(QDII)C,QDII-混合偏股,0.00%,20.32%,7.87%,28.92%,57.11%,8,台积电(电芯片/核心半导体) 10.26%; 英伟达(电芯片/核心半导体) 10.14%; SK海力士(存储) 8.65%; 博通(电芯片/核心半导体) 8.52%; 三星电子(存储) 6.76%; 闪迪(存储) 4.91%; 康宁(光芯片/光通信) 4.29%; Lumentum Holdings Inc(光芯片/光通信) 3.58%
539002,建信新兴市场混合(QDII)A,QDII-混合偏股,0.00%,20.32%,7.87%,28.92%,57.11%,8,台积电(电芯片/核心半导体) 10.26%; 英伟达(电芯片/核心半导体) 10.14%; SK海力士(存储) 8.65%; 博通(电芯片/核心半导体) 8.52%; 三星电子(存储) 6.76%; 闪迪(存储) 4.91%; 康宁(光芯片/光通信) 4.29%; Lumentum Holdings Inc(光芯片/光通信) 3.58%
014193,汇添富中证芯片产业指数增强发起式A,指数型-股票,0.00%,14.85%,0.00%,41.52%,56.37%,9,海光信息(电芯片/核心半导体) 8.86%; 中微公司(电芯片/核心半导体) 8.75%; 芯原股份(电芯片/核心半导体) 8.11%; 北方华创(电芯片/核心半导体) 8.07%; 兆易创新(存储) 7.94%; 澜起科技(存储) 6.67%; 寒武纪(电芯片/核心半导体) 5.75%; 中芯国际(电芯片/核心半导体) 1.98%; 普冉股份(存储) 0.24%
014194,汇添富中证芯片产业指数增强发起式C,指数型-股票,0.00%,14.85%,0.00%,41.52%,56.37%,9,海光信息(电芯片/核心半导体) 8.86%; 中微公司(电芯片/核心半导体) 8.75%; 芯原股份(电芯片/核心半导体) 8.11%; 北方华创(电芯片/核心半导体) 8.07%; 兆易创新(存储) 7.94%; 澜起科技(存储) 6.67%; 寒武纪(电芯片/核心半导体) 5.75%; 中芯国际(电芯片/核心半导体) 1.98%; 普冉股份(存储) 0.24%
001613,长城久祥混合A,混合型-灵活,0.00%,0.00%,56.15%,0.00%,56.15%,8,中际旭创(光芯片/光通信) 8.89%; 天孚通信(光芯片/光通信) 8.83%; 新易盛(光芯片/光通信) 8.35%; 源杰科技(光芯片/光通信) 8.08%; 长芯博创(光芯片/光通信) 6.65%; 长光华芯(光芯片/光通信) 5.32%; 德科立(光芯片/光通信) 5.09%; 光库科技(光芯片/光通信) 4.94%
017462,长城久祥混合C,混合型-灵活,0.00%,0.00%,56.15%,0.00%,56.15%,8,中际旭创(光芯片/光通信) 8.89%; 天孚通信(光芯片/光通信) 8.83%; 新易盛(光芯片/光通信) 8.35%; 源杰科技(光芯片/光通信) 8.08%; 长芯博创(光芯片/光通信) 6.65%; 长光华芯(光芯片/光通信) 5.32%; 德科立(光芯片/光通信) 5.09%; 光库科技(光芯片/光通信) 4.94%
588000,科创50ETF华夏,指数型-股票,0.00%,11.26%,0.00%,44.88%,56.14%,15,寒武纪(电芯片/核心半导体) 9.36%; 海光信息(电芯片/核心半导体) 8.83%; 中芯国际(电芯片/核心半导体) 8.49%; 澜起科技(存储) 6.48%; 中微公司(电芯片/核心半导体) 6.04%; 芯原股份(电芯片/核心半导体) 3.69%; 佰维存储(存储) 3.44%; 华海清科(电芯片/核心半导体) 2.17%; 晶晨股份(电芯片/核心半导体) 1.35%; 晶合集成(存储) 1.34%
516640,芯片ETF富国,指数型-股票,0.00%,14.64%,0.00%,41.35%,55.99%,10,海光信息(电芯片/核心半导体) 7.69%; 北方华创(电芯片/核心半导体) 7.60%; 中芯国际(电芯片/核心半导体) 7.41%; 寒武纪(电芯片/核心半导体) 7.27%; 兆易创新(存储) 6.25%; 澜起科技(存储) 5.65%; 中微公司(电芯片/核心半导体) 5.27%; 豪威集团(电芯片/核心半导体) 3.17%; 芯原股份(电芯片/核心半导体) 2.94%; 佰维存储(存储) 2.74%
010115,易方达远见成长混合A,混合型-偏股,0.00%,4.00%,51.94%,0.00%,55.94%,7,长芯博创(光芯片/光通信) 9.87%; 新易盛(光芯片/光通信) 9.86%; 长飞光纤光缆(光芯片/光通信) 9.82%; 中际旭创(光芯片/光通信) 9.63%; 源杰科技(光芯片/光通信) 9.08%; 澜起科技(存储) 4.00%; 天孚通信(光芯片/光通信) 3.68%
011412,易方达远见成长混合C,混合型-偏股,0.00%,4.00%,51.94%,0.00%,55.94%,7,长芯博创(光芯片/光通信) 9.87%; 新易盛(光芯片/光通信) 9.86%; 长飞光纤光缆(光芯片/光通信) 9.82%; 中际旭创(光芯片/光通信) 9.63%; 源杰科技(光芯片/光通信) 9.08%; 澜起科技(存储) 4.00%; 天孚通信(光芯片/光通信) 3.68%
516350,芯片ETF易方达,指数型-股票,0.00%,14.61%,0.00%,41.23%,55.84%,10,海光信息(电芯片/核心半导体) 7.69%; 北方华创(电芯片/核心半导体) 7.61%; 中芯国际(电芯片/核心半导体) 7.39%; 寒武纪(电芯片/核心半导体) 7.17%; 兆易创新(存储) 6.25%; 澜起科技(存储) 5.64%; 中微公司(电芯片/核心半导体) 5.28%; 豪威集团(电芯片/核心半导体) 3.16%; 芯原股份(电芯片/核心半导体) 2.93%; 佰维存储(存储) 2.72%
589160,科创芯片ETF广发,指数型-股票,0.00%,11.52%,3.29%,41.03%,55.84%,9,中芯国际(电芯片/核心半导体) 9.77%; 海光信息(电芯片/核心半导体) 9.63%; 寒武纪(电芯片/核心半导体) 9.54%; 澜起科技(存储) 7.77%; 中微公司(电芯片/核心半导体) 7.28%; 芯原股份(电芯片/核心半导体) 4.03%; 佰维存储(存储) 3.75%; 源杰科技(光芯片/光通信) 3.29%; 华海清科(电芯片/核心半导体) 0.78%
159599,芯片ETF东财,指数型-股票,0.00%,14.62%,0.00%,41.21%,55.83%,10,海光信息(电芯片/核心半导体) 7.68%; 北方华创(电芯片/核心半导体) 7.60%; 中芯国际(电芯片/核心半导体) 7.39%; 寒武纪(电芯片/核心半导体) 7.17%; 兆易创新(存储) 6.26%; 澜起科技(存储) 5.64%; 中微公司(电芯片/核心半导体) 5.28%; 豪威集团(电芯片/核心半导体) 3.16%; 芯原股份(电芯片/核心半导体) 2.93%; 佰维存储(存储) 2.72%
159310,芯片ETF天弘,指数型-股票,0.00%,14.61%,0.00%,41.20%,55.81%,10,海光信息(电芯片/核心半导体) 7.68%; 北方华创(电芯片/核心半导体) 7.60%; 中芯国际(电芯片/核心半导体) 7.39%; 寒武纪(电芯片/核心半导体) 7.17%; 兆易创新(存储) 6.25%; 澜起科技(存储) 5.64%; 中微公司(电芯片/核心半导体) 5.27%; 豪威集团(电芯片/核心半导体) 3.16%; 芯原股份(电芯片/核心半导体) 2.93%; 佰维存储(存储) 2.72%
516920,芯片ETF汇添富,指数型-股票,0.00%,14.58%,0.00%,41.22%,55.80%,10,海光信息(电芯片/核心半导体) 7.68%; 北方华创(电芯片/核心半导体) 7.60%; 中芯国际(电芯片/核心半导体) 7.39%; 寒武纪(电芯片/核心半导体) 7.19%; 兆易创新(存储) 6.22%; 澜起科技(存储) 5.64%; 中微公司(电芯片/核心半导体) 5.28%; 豪威集团(电芯片/核心半导体) 3.16%; 芯原股份(电芯片/核心半导体) 2.92%; 佰维存储(存储) 2.72%
011891,易方达先锋成长混合A,混合型-偏股,0.00%,3.96%,51.84%,0.00%,55.80%,7,长芯博创(光芯片/光通信) 9.87%; 长飞光纤光缆(光芯片/光通信) 9.81%; 中际旭创(光芯片/光通信) 9.60%; 新易盛(光芯片/光通信) 9.59%; 源杰科技(光芯片/光通信) 9.08%; 澜起科技(存储) 3.96%; 天孚通信(光芯片/光通信) 3.89%
011892,易方达先锋成长混合C,混合型-偏股,0.00%,3.96%,51.84%,0.00%,55.80%,7,长芯博创(光芯片/光通信) 9.87%; 长飞光纤光缆(光芯片/光通信) 9.81%; 中际旭创(光芯片/光通信) 9.60%; 新易盛(光芯片/光通信) 9.59%; 源杰科技(光芯片/光通信) 9.08%; 澜起科技(存储) 3.96%; 天孚通信(光芯片/光通信) 3.89%
159560,芯片ETF景顺,指数型-股票,0.00%,14.51%,0.00%,40.93%,55.44%,10,海光信息(电芯片/核心半导体) 7.64%; 北方华创(电芯片/核心半导体) 7.56%; 中芯国际(电芯片/核心半导体) 7.35%; 寒武纪(电芯片/核心半导体) 7.08%; 兆易创新(存储) 6.21%; 澜起科技(存储) 5.60%; 中微公司(电芯片/核心半导体) 5.24%; 豪威集团(电芯片/核心半导体) 3.14%; 芯原股份(电芯片/核心半导体) 2.92%; 佰维存储(存储) 2.70%
589190,科创芯片ETF华宝,指数型-股票,0.00%,11.58%,3.41%,40.35%,55.34%,9,中芯国际(电芯片/核心半导体) 9.71%; 海光信息(电芯片/核心半导体) 9.66%; 寒武纪(电芯片/核心半导体) 9.41%; 澜起科技(存储) 7.81%; 中微公司(电芯片/核心半导体) 7.30%; 芯原股份(电芯片/核心半导体) 4.05%; 佰维存储(存储) 3.77%; 源杰科技(光芯片/光通信) 3.41%; 华海清科(电芯片/核心半导体) 0.22%
588890,科创芯片ETF南方,指数型-股票,0.00%,11.56%,3.28%,40.37%,55.21%,8,中芯国际(电芯片/核心半导体) 9.80%; 海光信息(电芯片/核心半导体) 9.66%; 寒武纪(电芯片/核心半导体) 9.56%; 澜起科技(存储) 7.80%; 中微公司(电芯片/核心半导体) 7.30%; 芯原股份(电芯片/核心半导体) 4.05%; 佰维存储(存储) 3.76%; 源杰科技(光芯片/光通信) 3.28%
512760,芯片ETF国泰,指数型-股票,0.00%,14.42%,0.00%,40.76%,55.18%,10,海光信息(电芯片/核心半导体) 7.61%; 北方华创(电芯片/核心半导体) 7.52%; 中芯国际(电芯片/核心半导体) 7.30%; 寒武纪(电芯片/核心半导体) 7.17%; 兆易创新(存储) 6.19%; 澜起科技(存储) 5.57%; 中微公司(电芯片/核心半导体) 5.20%; 豪威集团(电芯片/核心半导体) 3.12%; 芯原股份(电芯片/核心半导体) 2.84%; 佰维存储(存储) 2.66%
589100,科创芯片ETF国泰,指数型-股票,0.00%,11.55%,3.25%,40.32%,55.12%,8,中芯国际(电芯片/核心半导体) 9.78%; 海光信息(电芯片/核心半导体) 9.65%; 寒武纪(电芯片/核心半导体) 9.56%; 澜起科技(存储) 7.79%; 中微公司(电芯片/核心半导体) 7.29%; 芯原股份(电芯片/核心半导体) 4.04%; 佰维存储(存储) 3.76%; 源杰科技(光芯片/光通信) 3.25%
588810,科创芯片ETF富国,指数型-股票,0.00%,11.54%,3.30%,40.26%,55.10%,8,中芯国际(电芯片/核心半导体) 9.78%; 海光信息(电芯片/核心半导体) 9.61%; 寒武纪(电芯片/核心半导体) 9.54%; 澜起科技(存储) 7.77%; 中微公司(电芯片/核心半导体) 7.28%; 芯原股份(电芯片/核心半导体) 4.05%; 佰维存储(存储) 3.77%; 源杰科技(光芯片/光通信) 3.30%
589130,科创芯片ETF易方达,指数型-股票,0.00%,11.54%,3.26%,40.29%,55.09%,8,中芯国际(电芯片/核心半导体) 9.78%; 海光信息(电芯片/核心半导体) 9.64%; 寒武纪(电芯片/核心半导体) 9.54%; 澜起科技(存储) 7.78%; 中微公司(电芯片/核心半导体) 7.29%; 芯原股份(电芯片/核心半导体) 4.04%; 佰维存储(存储) 3.76%; 源杰科技(光芯片/光通信) 3.26%
588990,科创芯片ETF博时,指数型-股票,0.00%,11.54%,3.28%,40.22%,55.04%,8,中芯国际(电芯片/核心半导体) 9.77%; 海光信息(电芯片/核心半导体) 9.64%; 寒武纪(电芯片/核心半导体) 9.55%; 澜起科技(存储) 7.78%; 中微公司(电芯片/核心半导体) 7.22%; 芯原股份(电芯片/核心半导体) 4.04%; 佰维存储(存储) 3.76%; 源杰科技(光芯片/光通信) 3.28%
588750,科创芯片ETF汇添富,指数型-股票,0.00%,11.52%,3.27%,40.21%,55.00%,8,中芯国际(电芯片/核心半导体) 9.76%; 海光信息(电芯片/核心半导体) 9.62%; 寒武纪(电芯片/核心半导体) 9.53%; 澜起科技(存储) 7.77%; 中微公司(电芯片/核心半导体) 7.27%; 芯原股份(电芯片/核心半导体) 4.03%; 佰维存储(存储) 3.75%; 源杰科技(光芯片/光通信) 3.27%
006616,工银战略新兴产业混合C,混合型-偏股,0.00%,0.00%,54.89%,0.00%,54.89%,7,源杰科技(光芯片/光通信) 9.94%; 天孚通信(光芯片/光通信) 9.92%; 中际旭创(光芯片/光通信) 9.75%; 新易盛(光芯片/光通信) 8.85%; 德科立(光芯片/光通信) 7.31%; 太辰光(光芯片/光通信) 5.55%; 长飞光纤光缆(光芯片/光通信) 3.57%
006615,工银战略新兴产业混合A,混合型-偏股,0.00%,0.00%,54.89%,0.00%,54.89%,7,源杰科技(光芯片/光通信) 9.94%; 天孚通信(光芯片/光通信) 9.92%; 中际旭创(光芯片/光通信) 9.75%; 新易盛(光芯片/光通信) 8.85%; 德科立(光芯片/光通信) 7.31%; 太辰光(光芯片/光通信) 5.55%; 长飞光纤光缆(光芯片/光通信) 3.57%
588290,科创芯片ETF华安,指数型-股票,0.00%,11.48%,3.27%,40.05%,54.80%,8,中芯国际(电芯片/核心半导体) 9.73%; 海光信息(电芯片/核心半导体) 9.59%; 寒武纪(电芯片/核心半导体) 9.49%; 澜起科技(存储) 7.74%; 中微公司(电芯片/核心半导体) 7.22%; 芯原股份(电芯片/核心半导体) 4.02%; 佰维存储(存储) 3.74%; 源杰科技(光芯片/光通信) 3.27%
011111,华泰柏瑞行业严选混合A,混合型-偏股,0.00%,0.00%,54.50%,0.00%,54.50%,8,新易盛(光芯片/光通信) 9.23%; 中际旭创(光芯片/光通信) 9.00%; 源杰科技(光芯片/光通信) 8.87%; 德科立(光芯片/光通信) 8.67%; 仕佳光子(光芯片/光通信) 7.26%; 剑桥科技(光芯片/光通信) 4.42%; 天孚通信(光芯片/光通信) 4.21%; 长光华芯(光芯片/光通信) 2.84%
011112,华泰柏瑞行业严选混合C,混合型-偏股,0.00%,0.00%,54.50%,0.00%,54.50%,8,新易盛(光芯片/光通信) 9.23%; 中际旭创(光芯片/光通信) 9.00%; 源杰科技(光芯片/光通信) 8.87%; 德科立(光芯片/光通信) 8.67%; 仕佳光子(光芯片/光通信) 7.26%; 剑桥科技(光芯片/光通信) 4.42%; 天孚通信(光芯片/光通信) 4.21%; 长光华芯(光芯片/光通信) 2.84%
588920,科创芯片ETF鹏华,指数型-股票,0.00%,11.37%,3.26%,39.70%,54.33%,8,中芯国际(电芯片/核心半导体) 9.63%; 海光信息(电芯片/核心半导体) 9.51%; 寒武纪(电芯片/核心半导体) 9.39%; 澜起科技(存储) 7.67%; 中微公司(电芯片/核心半导体) 7.18%; 芯原股份(电芯片/核心半导体) 3.99%; 佰维存储(存储) 3.70%; 源杰科技(光芯片/光通信) 3.26%
561980,半导体设备ETF招商,指数型-股票,0.00%,0.00%,0.00%,53.63%,53.63%,6,中微公司(电芯片/核心半导体) 15.80%; 北方华创(电芯片/核心半导体) 13.79%; 寒武纪(电芯片/核心半导体) 6.61%; 海光信息(电芯片/核心半导体) 6.30%; 中芯国际(电芯片/核心半导体) 6.06%; 华海清科(电芯片/核心半导体) 5.07%
020483,中欧中证芯片产业指数发起C,指数型-股票,0.00%,14.06%,0.00%,39.13%,53.19%,10,北方华创(电芯片/核心半导体) 7.32%; 海光信息(电芯片/核心半导体) 7.26%; 中芯国际(电芯片/核心半导体) 6.98%; 寒武纪(电芯片/核心半导体) 6.78%; 兆易创新(存储) 6.16%; 澜起科技(存储) 5.33%; 中微公司(电芯片/核心半导体) 4.99%; 豪威集团(电芯片/核心半导体) 2.99%; 芯原股份(电芯片/核心半导体) 2.81%; 佰维存储(存储) 2.57%
020478,中欧中证芯片产业指数发起A,指数型-股票,0.00%,14.06%,0.00%,39.13%,53.19%,10,北方华创(电芯片/核心半导体) 7.32%; 海光信息(电芯片/核心半导体) 7.26%; 中芯国际(电芯片/核心半导体) 6.98%; 寒武纪(电芯片/核心半导体) 6.78%; 兆易创新(存储) 6.16%; 澜起科技(存储) 5.33%; 中微公司(电芯片/核心半导体) 4.99%; 豪威集团(电芯片/核心半导体) 2.99%; 芯原股份(电芯片/核心半导体) 2.81%; 佰维存储(存储) 2.57%
015336,嘉实中证芯片产业指数发起式A,指数型-股票,0.00%,13.90%,0.00%,39.24%,53.14%,10,海光信息(电芯片/核心半导体) 7.32%; 北方华创(电芯片/核心半导体) 7.24%; 中芯国际(电芯片/核心半导体) 7.04%; 寒武纪(电芯片/核心半导体) 6.81%; 兆易创新(存储) 5.95%; 澜起科技(存储) 5.37%; 中微公司(电芯片/核心半导体) 5.03%; 豪威集团(电芯片/核心半导体) 3.01%; 芯原股份(电芯片/核心半导体) 2.79%; 佰维存储(存储) 2.58%
015337,嘉实中证芯片产业指数发起式C,指数型-股票,0.00%,13.90%,0.00%,39.24%,53.14%,10,海光信息(电芯片/核心半导体) 7.32%; 北方华创(电芯片/核心半导体) 7.24%; 中芯国际(电芯片/核心半导体) 7.04%; 寒武纪(电芯片/核心半导体) 6.81%; 兆易创新(存储) 5.95%; 澜起科技(存储) 5.37%; 中微公司(电芯片/核心半导体) 5.03%; 豪威集团(电芯片/核心半导体) 3.01%; 芯原股份(电芯片/核心半导体) 2.79%; 佰维存储(存储) 2.58%
159582,半导体ETF博时,指数型-股票,0.00%,0.00%,0.00%,53.11%,53.11%,6,中微公司(电芯片/核心半导体) 15.85%; 北方华创(电芯片/核心半导体) 13.40%; 寒武纪(电芯片/核心半导体) 6.48%; 海光信息(电芯片/核心半导体) 6.26%; 中芯国际(电芯片/核心半导体) 6.05%; 华海清科(电芯片/核心半导体) 5.07%
012651,博时半导体主题混合C,混合型-偏股,0.00%,14.12%,0.00%,38.94%,53.06%,9,华虹半导体(电芯片/核心半导体) 8.20%; 兆易创新(存储) 7.94%; 海光信息(电芯片/核心半导体) 7.11%; 寒武纪(电芯片/核心半导体) 6.55%; 北方华创(电芯片/核心半导体) 6.55%; 澜起科技(存储) 6.18%; 中芯国际(电芯片/核心半导体) 5.73%; 中微公司(电芯片/核心半导体) 3.23%; 中芯国际(电芯片/核心半导体) 1.57%
012650,博时半导体主题混合A,混合型-偏股,0.00%,14.12%,0.00%,38.94%,53.06%,9,华虹半导体(电芯片/核心半导体) 8.20%; 兆易创新(存储) 7.94%; 海光信息(电芯片/核心半导体) 7.11%; 寒武纪(电芯片/核心半导体) 6.55%; 北方华创(电芯片/核心半导体) 6.55%; 澜起科技(存储) 6.18%; 中芯国际(电芯片/核心半导体) 5.73%; 中微公司(电芯片/核心半导体) 3.23%; 中芯国际(电芯片/核心半导体) 1.57%
020853,大成中证芯片产业指数发起式A,指数型-股票,0.00%,13.83%,0.00%,39.06%,52.89%,10,海光信息(电芯片/核心半导体) 7.27%; 北方华创(电芯片/核心半导体) 7.20%; 中芯国际(电芯片/核心半导体) 7.00%; 寒武纪(电芯片/核心半导体) 6.83%; 兆易创新(存储) 5.91%; 澜起科技(存储) 5.34%; 中微公司(电芯片/核心半导体) 5.00%; 豪威集团(电芯片/核心半导体) 2.99%; 芯原股份(电芯片/核心半导体) 2.77%; 佰维存储(存储) 2.58%
020854,大成中证芯片产业指数发起式C,指数型-股票,0.00%,13.83%,0.00%,39.06%,52.89%,10,海光信息(电芯片/核心半导体) 7.27%; 北方华创(电芯片/核心半导体) 7.20%; 中芯国际(电芯片/核心半导体) 7.00%; 寒武纪(电芯片/核心半导体) 6.83%; 兆易创新(存储) 5.91%; 澜起科技(存储) 5.34%; 中微公司(电芯片/核心半导体) 5.00%; 豪威集团(电芯片/核心半导体) 2.99%; 芯原股份(电芯片/核心半导体) 2.77%; 佰维存储(存储) 2.58%
010135,宏利高研发6个月持有混合A,混合型-偏股,0.00%,0.00%,0.00%,52.71%,52.71%,6,中微公司(电芯片/核心半导体) 9.70%; 北方华创(电芯片/核心半导体) 9.43%; 寒武纪(电芯片/核心半导体) 9.18%; 海光信息(电芯片/核心半导体) 8.85%; 中芯国际(电芯片/核心半导体) 8.24%; 华海清科(电芯片/核心半导体) 7.31%
010136,宏利高研发6个月持有混合C,混合型-偏股,0.00%,0.00%,0.00%,52.71%,52.71%,6,中微公司(电芯片/核心半导体) 9.70%; 北方华创(电芯片/核心半导体) 9.43%; 寒武纪(电芯片/核心半导体) 9.18%; 海光信息(电芯片/核心半导体) 8.85%; 中芯国际(电芯片/核心半导体) 8.24%; 华海清科(电芯片/核心半导体) 7.31%
012837,华安CES半导体芯片行业指数发起A,指数型-股票,0.00%,13.68%,0.00%,38.69%,52.37%,10,海光信息(电芯片/核心半导体) 7.20%; 北方华创(电芯片/核心半导体) 7.13%; 中芯国际(电芯片/核心半导体) 6.92%; 寒武纪(电芯片/核心半导体) 6.80%; 兆易创新(存储) 5.86%; 澜起科技(存储) 5.28%; 中微公司(电芯片/核心半导体) 4.94%; 豪威集团(电芯片/核心半导体) 2.96%; 芯原股份(电芯片/核心半导体) 2.74%; 佰维存储(存储) 2.54%
012838,华安CES半导体芯片行业指数发起C,指数型-股票,0.00%,13.68%,0.00%,38.69%,52.37%,10,海光信息(电芯片/核心半导体) 7.20%; 北方华创(电芯片/核心半导体) 7.13%; 中芯国际(电芯片/核心半导体) 6.92%; 寒武纪(电芯片/核心半导体) 6.80%; 兆易创新(存储) 5.86%; 澜起科技(存储) 5.28%; 中微公司(电芯片/核心半导体) 4.94%; 豪威集团(电芯片/核心半导体) 2.96%; 芯原股份(电芯片/核心半导体) 2.74%; 佰维存储(存储) 2.54%
588080,科创50ETF易方达,指数型-股票,0.00%,11.33%,0.00%,40.94%,52.27%,12,寒武纪(电芯片/核心半导体) 9.37%; 海光信息(电芯片/核心半导体) 8.84%; 中芯国际(电芯片/核心半导体) 8.50%; 澜起科技(存储) 6.49%; 中微公司(电芯片/核心半导体) 6.07%; 芯原股份(电芯片/核心半导体) 3.76%; 佰维存储(存储) 3.50%; 晶晨股份(电芯片/核心半导体) 1.35%; 晶合集成(存储) 1.34%; 华润微(电芯片/核心半导体) 1.19%
016632,华泰柏瑞行业优选6个月持有期混合A,混合型-偏股,0.00%,0.00%,52.22%,0.00%,52.22%,8,新易盛(光芯片/光通信) 8.90%; 源杰科技(光芯片/光通信) 8.85%; 中际旭创(光芯片/光通信) 8.64%; 德科立(光芯片/光通信) 8.41%; 仕佳光子(光芯片/光通信) 6.51%; 剑桥科技(光芯片/光通信) 4.04%; 天孚通信(光芯片/光通信) 3.63%; 长光华芯(光芯片/光通信) 3.24%
016653,华泰柏瑞行业优选6个月持有期混合C,混合型-偏股,0.00%,0.00%,52.22%,0.00%,52.22%,8,新易盛(光芯片/光通信) 8.90%; 源杰科技(光芯片/光通信) 8.85%; 中际旭创(光芯片/光通信) 8.64%; 德科立(光芯片/光通信) 8.41%; 仕佳光子(光芯片/光通信) 6.51%; 剑桥科技(光芯片/光通信) 4.04%; 天孚通信(光芯片/光通信) 3.63%; 长光华芯(光芯片/光通信) 3.24%
024070,上银中证半导体产业指数发起式C,指数型-股票,0.00%,0.00%,0.00%,51.69%,51.69%,6,中微公司(电芯片/核心半导体) 15.17%; 北方华创(电芯片/核心半导体) 13.23%; 寒武纪(电芯片/核心半导体) 6.57%; 海光信息(电芯片/核心半导体) 6.05%; 中芯国际(电芯片/核心半导体) 5.81%; 华海清科(电芯片/核心半导体) 4.86%
024069,上银中证半导体产业指数发起式A,指数型-股票,0.00%,0.00%,0.00%,51.69%,51.69%,6,中微公司(电芯片/核心半导体) 15.17%; 北方华创(电芯片/核心半导体) 13.23%; 寒武纪(电芯片/核心半导体) 6.57%; 海光信息(电芯片/核心半导体) 6.05%; 中芯国际(电芯片/核心半导体) 5.81%; 华海清科(电芯片/核心半导体) 4.86%
001198,东方惠新灵活配置混合A,混合型-灵活,0.00%,22.65%,0.00%,28.98%,51.63%,7,寒武纪(电芯片/核心半导体) 8.98%; 聚辰股份(存储) 7.94%; 北方华创(电芯片/核心半导体) 7.91%; 兆易创新(存储) 7.42%; 普冉股份(存储) 7.29%; 中微公司(电芯片/核心半导体) 6.25%; 华海清科(电芯片/核心半导体) 5.84%
002163,东方惠新灵活配置混合C,混合型-灵活,0.00%,22.65%,0.00%,28.98%,51.63%,7,寒武纪(电芯片/核心半导体) 8.98%; 聚辰股份(存储) 7.94%; 北方华创(电芯片/核心半导体) 7.91%; 兆易创新(存储) 7.42%; 普冉股份(存储) 7.29%; 中微公司(电芯片/核心半导体) 6.25%; 华海清科(电芯片/核心半导体) 5.84%
021511,宏利半导体产业混合发起C,混合型-偏股,0.00%,0.00%,0.00%,51.61%,51.61%,8,北方华创(电芯片/核心半导体) 8.71%; 海光信息(电芯片/核心半导体) 8.68%; 寒武纪(电芯片/核心半导体) 8.15%; 中微公司(电芯片/核心半导体) 6.43%; 中芯国际(电芯片/核心半导体) 6.08%; 晶晨股份(电芯片/核心半导体) 5.98%; 芯原股份(电芯片/核心半导体) 4.80%; 中芯国际(电芯片/核心半导体) 2.78%
021510,宏利半导体产业混合发起A,混合型-偏股,0.00%,0.00%,0.00%,51.61%,51.61%,8,北方华创(电芯片/核心半导体) 8.71%; 海光信息(电芯片/核心半导体) 8.68%; 寒武纪(电芯片/核心半导体) 8.15%; 中微公司(电芯片/核心半导体) 6.43%; 中芯国际(电芯片/核心半导体) 6.08%; 晶晨股份(电芯片/核心半导体) 5.98%; 芯原股份(电芯片/核心半导体) 4.80%; 中芯国际(电芯片/核心半导体) 2.78%
588770,科创信息ETF摩根,指数型-股票,0.00%,10.29%,2.90%,38.25%,51.44%,8,寒武纪(电芯片/核心半导体) 9.61%; 海光信息(电芯片/核心半导体) 9.45%; 中芯国际(电芯片/核心半导体) 9.09%; 澜起科技(存储) 6.94%; 中微公司(电芯片/核心半导体) 6.50%; 芯原股份(电芯片/核心半导体) 3.60%; 佰维存储(存储) 3.35%; 源杰科技(光芯片/光通信) 2.90%
016165,汇添富优势企业精选混合A,混合型-偏股,0.00%,0.00%,51.43%,0.00%,51.43%,9,源杰科技(光芯片/光通信) 7.07%; 中际旭创(光芯片/光通信) 6.97%; 新易盛(光芯片/光通信) 6.86%; 天孚通信(光芯片/光通信) 6.23%; 长飞光纤光缆(光芯片/光通信) 6.04%; 长芯博创(光芯片/光通信) 4.77%; 光库科技(光芯片/光通信) 4.57%; 德科立(光芯片/光通信) 4.50%; 仕佳光子(光芯片/光通信) 4.42%
016173,汇添富优势企业精选混合C,混合型-偏股,0.00%,0.00%,51.43%,0.00%,51.43%,9,源杰科技(光芯片/光通信) 7.07%; 中际旭创(光芯片/光通信) 6.97%; 新易盛(光芯片/光通信) 6.86%; 天孚通信(光芯片/光通信) 6.23%; 长飞光纤光缆(光芯片/光通信) 6.04%; 长芯博创(光芯片/光通信) 4.77%; 光库科技(光芯片/光通信) 4.57%; 德科立(光芯片/光通信) 4.50%; 仕佳光子(光芯片/光通信) 4.42%
021719,华泰紫金中证半导体产业指数型发起C,指数型-股票,0.00%,0.00%,0.00%,51.33%,51.33%,6,中微公司(电芯片/核心半导体) 14.89%; 北方华创(电芯片/核心半导体) 13.30%; 寒武纪(电芯片/核心半导体) 6.70%; 海光信息(电芯片/核心半导体) 6.13%; 中芯国际(电芯片/核心半导体) 5.68%; 华海清科(电芯片/核心半导体) 4.63%
021718,华泰紫金中证半导体产业指数型发起A,指数型-股票,0.00%,0.00%,0.00%,51.33%,51.33%,6,中微公司(电芯片/核心半导体) 14.89%; 北方华创(电芯片/核心半导体) 13.30%; 寒武纪(电芯片/核心半导体) 6.70%; 海光信息(电芯片/核心半导体) 6.13%; 中芯国际(电芯片/核心半导体) 5.68%; 华海清科(电芯片/核心半导体) 4.63%
588100,科创信息ETF嘉实,指数型-股票,0.00%,10.25%,2.92%,38.14%,51.31%,8,寒武纪(电芯片/核心半导体) 9.57%; 海光信息(电芯片/核心半导体) 9.43%; 中芯国际(电芯片/核心半导体) 9.07%; 澜起科技(存储) 6.92%; 中微公司(电芯片/核心半导体) 6.48%; 芯原股份(电芯片/核心半导体) 3.59%; 佰维存储(存储) 3.33%; 源杰科技(光芯片/光通信) 2.92%
020839,南方中证半导体产业指数发起A,指数型-股票,0.00%,0.00%,0.00%,51.15%,51.15%,6,中微公司(电芯片/核心半导体) 15.07%; 北方华创(电芯片/核心半导体) 13.12%; 寒武纪(电芯片/核心半导体) 6.35%; 海光信息(电芯片/核心半导体) 6.00%; 中芯国际(电芯片/核心半导体) 5.77%; 华海清科(电芯片/核心半导体) 4.84%
020840,南方中证半导体产业指数发起C,指数型-股票,0.00%,0.00%,0.00%,51.15%,51.15%,6,中微公司(电芯片/核心半导体) 15.07%; 北方华创(电芯片/核心半导体) 13.12%; 寒武纪(电芯片/核心半导体) 6.35%; 海光信息(电芯片/核心半导体) 6.00%; 中芯国际(电芯片/核心半导体) 5.77%; 华海清科(电芯片/核心半导体) 4.84%
008528,华泰柏瑞质量成长A,混合型-偏股,0.00%,0.00%,50.89%,0.00%,50.89%,7,新易盛(光芯片/光通信) 10.05%; 中际旭创(光芯片/光通信) 10.01%; 长飞光纤光缆(光芯片/光通信) 8.46%; 源杰科技(光芯片/光通信) 7.53%; 天孚通信(光芯片/光通信) 7.01%; 德科立(光芯片/光通信) 4.41%; 光库科技(光芯片/光通信) 3.42%
011452,华泰柏瑞质量成长C,混合型-偏股,0.00%,0.00%,50.89%,0.00%,50.89%,7,新易盛(光芯片/光通信) 10.05%; 中际旭创(光芯片/光通信) 10.01%; 长飞光纤光缆(光芯片/光通信) 8.46%; 源杰科技(光芯片/光通信) 7.53%; 天孚通信(光芯片/光通信) 7.01%; 德科立(光芯片/光通信) 4.41%; 光库科技(光芯片/光通信) 3.42%
588260,科创信息ETF华安,指数型-股票,0.00%,10.15%,2.89%,37.78%,50.82%,8,寒武纪(电芯片/核心半导体) 9.50%; 海光信息(电芯片/核心半导体) 9.33%; 中芯国际(电芯片/核心半导体) 8.99%; 澜起科技(存储) 6.85%; 中微公司(电芯片/核心半导体) 6.41%; 芯原股份(电芯片/核心半导体) 3.55%; 佰维存储(存储) 3.30%; 源杰科技(光芯片/光通信) 2.89%
512480,半导体ETF国联安,指数型-股票,0.00%,16.09%,0.00%,34.32%,50.41%,13,寒武纪(电芯片/核心半导体) 6.64%; 海光信息(电芯片/核心半导体) 6.24%; 北方华创(电芯片/核心半导体) 6.19%; 中芯国际(电芯片/核心半导体) 6.01%; 兆易创新(存储) 5.08%; 澜起科技(存储) 4.58%; 中微公司(电芯片/核心半导体) 4.29%; 豪威集团(电芯片/核心半导体) 2.57%; 芯原股份(电芯片/核心半导体) 2.38%; 佰维存储(存储) 2.21%
014299,宏利先进制造股票A,股票型,0.00%,0.00%,0.00%,50.40%,50.40%,6,中微公司(电芯片/核心半导体) 9.41%; 北方华创(电芯片/核心半导体) 9.37%; 寒武纪(电芯片/核心半导体) 9.16%; 中芯国际(电芯片/核心半导体) 8.33%; 海光信息(电芯片/核心半导体) 7.48%; 华海清科(电芯片/核心半导体) 6.65%
014300,宏利先进制造股票C,股票型,0.00%,0.00%,0.00%,50.40%,50.40%,6,中微公司(电芯片/核心半导体) 9.41%; 北方华创(电芯片/核心半导体) 9.37%; 寒武纪(电芯片/核心半导体) 9.16%; 中芯国际(电芯片/核心半导体) 8.33%; 海光信息(电芯片/核心半导体) 7.48%; 华海清科(电芯片/核心半导体) 6.65%
159546,集成电路ETF国泰,指数型-股票,0.00%,18.23%,0.00%,31.84%,50.07%,9,寒武纪(电芯片/核心半导体) 8.86%; 海光信息(电芯片/核心半导体) 8.35%; 中芯国际(电芯片/核心半导体) 8.02%; 兆易创新(存储) 6.79%; 澜起科技(存储) 6.12%; 豪威集团(电芯片/核心半导体) 3.43%; 芯原股份(电芯片/核心半导体) 3.18%; 佰维存储(存储) 2.95%; 长电科技(存储) 2.37%
562820,集成电路ETF嘉实,指数型-股票,0.00%,18.18%,0.00%,31.76%,49.94%,9,寒武纪(电芯片/核心半导体) 8.83%; 海光信息(电芯片/核心半导体) 8.32%; 中芯国际(电芯片/核心半导体) 8.00%; 兆易创新(存储) 6.76%; 澜起科技(存储) 6.11%; 豪威集团(电芯片/核心半导体) 3.42%; 芯原股份(电芯片/核心半导体) 3.19%; 佰维存储(存储) 2.95%; 长电科技(存储) 2.36%
009993,嘉实前沿创新混合,混合型-偏股,0.00%,20.52%,20.79%,8.40%,49.71%,8,中际旭创(光芯片/光通信) 9.64%; 兆易创新(存储) 8.96%; 普冉股份(存储) 7.07%; 新易盛(光芯片/光通信) 6.04%; 天孚通信(光芯片/光通信) 5.11%; 海光信息(电芯片/核心半导体) 4.50%; 北京君正(存储) 4.49%; 华海清科(电芯片/核心半导体) 3.90%
014219,汇添富中证科创创业50指数增强发起式C,指数型-股票,0.00%,2.83%,27.89%,18.89%,49.61%,9,新易盛(光芯片/光通信) 9.71%; 中际旭创(光芯片/光通信) 9.36%; 海光信息(电芯片/核心半导体) 7.49%; 天孚通信(光芯片/光通信) 5.79%; 寒武纪(电芯片/核心半导体) 5.39%; 中芯国际(电芯片/核心半导体) 3.07%; 源杰科技(光芯片/光通信) 3.03%; 中微公司(电芯片/核心半导体) 2.94%; 澜起科技(存储) 2.83%
014218,汇添富中证科创创业50指数增强发起式A,指数型-股票,0.00%,2.83%,27.89%,18.89%,49.61%,9,新易盛(光芯片/光通信) 9.71%; 中际旭创(光芯片/光通信) 9.36%; 海光信息(电芯片/核心半导体) 7.49%; 天孚通信(光芯片/光通信) 5.79%; 寒武纪(电芯片/核心半导体) 5.39%; 中芯国际(电芯片/核心半导体) 3.07%; 源杰科技(光芯片/光通信) 3.03%; 中微公司(电芯片/核心半导体) 2.94%; 澜起科技(存储) 2.83%
008983,财通科技创新混合A,混合型-偏股,0.00%,0.00%,49.49%,0.00%,49.49%,7,新易盛(光芯片/光通信) 9.62%; 源杰科技(光芯片/光通信) 8.93%; 中际旭创(光芯片/光通信) 8.84%; 仕佳光子(光芯片/光通信) 7.03%; 天孚通信(光芯片/光通信) 6.49%; 太辰光(光芯片/光通信) 5.49%; 长飞光纤光缆(光芯片/光通信) 3.09%
008984,财通科技创新混合C,混合型-偏股,0.00%,0.00%,49.49%,0.00%,49.49%,7,新易盛(光芯片/光通信) 9.62%; 源杰科技(光芯片/光通信) 8.93%; 中际旭创(光芯片/光通信) 8.84%; 仕佳光子(光芯片/光通信) 7.03%; 天孚通信(光芯片/光通信) 6.49%; 太辰光(光芯片/光通信) 5.49%; 长飞光纤光缆(光芯片/光通信) 3.09%
460007,华泰柏瑞行业领先混合,混合型-偏股,0.00%,0.00%,49.42%,0.00%,49.42%,7,中际旭创(光芯片/光通信) 8.88%; 源杰科技(光芯片/光通信) 8.86%; 新易盛(光芯片/光通信) 8.85%; 德科立(光芯片/光通信) 8.58%; 仕佳光子(光芯片/光通信) 6.62%; 剑桥科技(光芯片/光通信) 3.82%; 天孚通信(光芯片/光通信) 3.81%
010415,华泰柏瑞质量精选混合A,混合型-偏股,0.00%,0.00%,49.32%,0.00%,49.32%,6,新易盛(光芯片/光通信) 10.06%; 中际旭创(光芯片/光通信) 10.02%; 长飞光纤光缆(光芯片/光通信) 8.81%; 源杰科技(光芯片/光通信) 7.87%; 天孚通信(光芯片/光通信) 6.63%; 德科立(光芯片/光通信) 5.93%
010416,华泰柏瑞质量精选混合C,混合型-偏股,0.00%,0.00%,49.32%,0.00%,49.32%,6,新易盛(光芯片/光通信) 10.06%; 中际旭创(光芯片/光通信) 10.02%; 长飞光纤光缆(光芯片/光通信) 8.81%; 源杰科技(光芯片/光通信) 7.87%; 天孚通信(光芯片/光通信) 6.63%; 德科立(光芯片/光通信) 5.93%
021225,华宝上证科创板芯片ETF发起式联接C,指数型-股票,0.00%,11.59%,2.22%,35.42%,49.23%,8,海光信息(电芯片/核心半导体) 9.31%; 澜起科技(存储) 8.81%; 中芯国际(电芯片/核心半导体) 8.40%; 中微公司(电芯片/核心半导体) 7.17%; 寒武纪(电芯片/核心半导体) 6.93%; 芯原股份(电芯片/核心半导体) 3.61%; 佰维存储(存储) 2.78%; 源杰科技(光芯片/光通信) 2.22%
021224,华宝上证科创板芯片ETF发起式联接A,指数型-股票,0.00%,11.59%,2.22%,35.42%,49.23%,8,海光信息(电芯片/核心半导体) 9.31%; 澜起科技(存储) 8.81%; 中芯国际(电芯片/核心半导体) 8.40%; 中微公司(电芯片/核心半导体) 7.17%; 寒武纪(电芯片/核心半导体) 6.93%; 芯原股份(电芯片/核心半导体) 3.61%; 佰维存储(存储) 2.78%; 源杰科技(光芯片/光通信) 2.22%
005967,鹏华创新驱动混合A,混合型-偏股,0.00%,18.08%,21.37%,9.59%,49.04%,6,芯原股份(电芯片/核心半导体) 9.59%; 天孚通信(光芯片/光通信) 9.28%; 北京君正(存储) 9.12%; 源杰科技(光芯片/光通信) 9.03%; 兆易创新(存储) 8.96%; 长光华芯(光芯片/光通信) 3.06%
027063,鹏华创新驱动混合C,混合型-偏股,0.00%,18.08%,21.37%,9.59%,49.04%,6,芯原股份(电芯片/核心半导体) 9.59%; 天孚通信(光芯片/光通信) 9.28%; 北京君正(存储) 9.12%; 源杰科技(光芯片/光通信) 9.03%; 兆易创新(存储) 8.96%; 长光华芯(光芯片/光通信) 3.06%
589170,科创芯片设计ETF鹏华,指数型-股票,0.00%,21.06%,0.00%,27.95%,49.01%,8,澜起科技(存储) 9.81%; 海光信息(电芯片/核心半导体) 9.17%; 芯原股份(电芯片/核心半导体) 8.14%; 佰维存储(存储) 7.57%; 寒武纪(电芯片/核心半导体) 6.69%; 东芯股份(存储) 3.68%; 晶晨股份(电芯片/核心半导体) 2.92%; 复旦微电(电芯片/核心半导体) 1.03%
589030,科创芯片设计ETF易方达,指数型-股票,0.00%,21.41%,0.00%,27.56%,48.97%,8,澜起科技(存储) 9.97%; 海光信息(电芯片/核心半导体) 9.33%; 芯原股份(电芯片/核心半导体) 8.28%; 佰维存储(存储) 7.70%; 寒武纪(电芯片/核心半导体) 6.78%; 东芯股份(存储) 3.74%; 晶晨股份(电芯片/核心半导体) 2.97%; 复旦微电(电芯片/核心半导体) 0.20%
008555,华商龙头优势混合,混合型-偏股,0.00%,15.36%,30.38%,3.21%,48.95%,7,兆易创新(存储) 8.81%; 新易盛(光芯片/光通信) 8.65%; 中际旭创(光芯片/光通信) 8.52%; 长飞光纤光缆(光芯片/光通信) 7.72%; 普冉股份(存储) 6.55%; 源杰科技(光芯片/光通信) 5.49%; 芯原股份(电芯片/核心半导体) 3.21%
018612,鹏华高端装备一年持有期混合C,混合型-偏股,0.00%,18.05%,21.30%,9.56%,48.91%,6,芯原股份(电芯片/核心半导体) 9.56%; 天孚通信(光芯片/光通信) 9.34%; 北京君正(存储) 9.08%; 兆易创新(存储) 8.97%; 源杰科技(光芯片/光通信) 8.93%; 长光华芯(光芯片/光通信) 3.03%
018611,鹏华高端装备一年持有期混合A,混合型-偏股,0.00%,18.05%,21.30%,9.56%,48.91%,6,芯原股份(电芯片/核心半导体) 9.56%; 天孚通信(光芯片/光通信) 9.34%; 北京君正(存储) 9.08%; 兆易创新(存储) 8.97%; 源杰科技(光芯片/光通信) 8.93%; 长光华芯(光芯片/光通信) 3.03%
589070,科创芯片设计ETF天弘,指数型-股票,0.00%,21.40%,0.00%,27.37%,48.77%,9,澜起科技(存储) 9.97%; 海光信息(电芯片/核心半导体) 9.29%; 芯原股份(电芯片/核心半导体) 8.29%; 佰维存储(存储) 7.67%; 寒武纪(电芯片/核心半导体) 6.82%; 东芯股份(存储) 3.75%; 晶晨股份(电芯片/核心半导体) 2.96%; 恒玄科技(电芯片/核心半导体) 0.01%; 普冉股份(存储) 0.01%
026623,招商上证科创板芯片设计主题指数发起式C,指数型-股票,0.00%,20.65%,0.00%,28.06%,48.71%,8,澜起科技(存储) 9.50%; 海光信息(电芯片/核心半导体) 8.64%; 芯原股份(电芯片/核心半导体) 7.87%; 佰维存储(存储) 7.65%; 寒武纪(电芯片/核心半导体) 6.26%; 东芯股份(存储) 3.50%; 晶晨股份(电芯片/核心半导体) 2.74%; 复旦微电(电芯片/核心半导体) 2.55%
026622,招商上证科创板芯片设计主题指数发起式A,指数型-股票,0.00%,20.65%,0.00%,28.06%,48.71%,8,澜起科技(存储) 9.50%; 海光信息(电芯片/核心半导体) 8.64%; 芯原股份(电芯片/核心半导体) 7.87%; 佰维存储(存储) 7.65%; 寒武纪(电芯片/核心半导体) 6.26%; 东芯股份(存储) 3.50%; 晶晨股份(电芯片/核心半导体) 2.74%; 复旦微电(电芯片/核心半导体) 2.55%
589210,科创芯片设计ETF广发,指数型-股票,0.00%,21.28%,0.00%,26.92%,48.20%,7,澜起科技(存储) 9.92%; 海光信息(电芯片/核心半导体) 9.24%; 芯原股份(电芯片/核心半导体) 8.21%; 佰维存储(存储) 7.66%; 寒武纪(电芯片/核心半导体) 6.53%; 东芯股份(存储) 3.70%; 晶晨股份(电芯片/核心半导体) 2.94%
001048,富国新兴产业股票A,股票型,0.00%,3.95%,29.83%,14.20%,47.98%,7,新易盛(光芯片/光通信) 9.74%; 中际旭创(光芯片/光通信) 9.55%; 寒武纪(电芯片/核心半导体) 9.01%; 长飞光纤光缆(光芯片/光通信) 6.47%; 中微公司(电芯片/核心半导体) 5.19%; 源杰科技(光芯片/光通信) 4.07%; 兆易创新(存储) 3.95%
015686,富国新兴产业股票C,股票型,0.00%,3.95%,29.83%,14.20%,47.98%,7,新易盛(光芯片/光通信) 9.74%; 中际旭创(光芯片/光通信) 9.55%; 寒武纪(电芯片/核心半导体) 9.01%; 长飞光纤光缆(光芯片/光通信) 6.47%; 中微公司(电芯片/核心半导体) 5.19%; 源杰科技(光芯片/光通信) 4.07%; 兆易创新(存储) 3.95%
540010,汇丰晋信科技先锋股票,股票型,0.00%,0.00%,42.31%,5.58%,47.89%,6,源杰科技(光芯片/光通信) 9.33%; 新易盛(光芯片/光通信) 9.10%; 天孚通信(光芯片/光通信) 9.06%; 中际旭创(光芯片/光通信) 8.88%; 太辰光(光芯片/光通信) 5.94%; 中微公司(电芯片/核心半导体) 5.58%
002772,光大产业新动力混合A,混合型-灵活,0.00%,4.93%,0.00%,42.81%,47.74%,7,北方华创(电芯片/核心半导体) 7.60%; 中微公司(电芯片/核心半导体) 7.45%; 寒武纪(电芯片/核心半导体) 7.30%; 海光信息(电芯片/核心半导体) 6.92%; 中芯国际(电芯片/核心半导体) 6.84%; 思瑞浦(电芯片/核心半导体) 6.70%; 兆易创新(存储) 4.93%
018082,光大产业新动力混合C,混合型-灵活,0.00%,4.93%,0.00%,42.81%,47.74%,7,北方华创(电芯片/核心半导体) 7.60%; 中微公司(电芯片/核心半导体) 7.45%; 寒武纪(电芯片/核心半导体) 7.30%; 海光信息(电芯片/核心半导体) 6.92%; 中芯国际(电芯片/核心半导体) 6.84%; 思瑞浦(电芯片/核心半导体) 6.70%; 兆易创新(存储) 4.93%
014419,西部利得CES芯片指数增强C,指数型-股票,0.00%,14.64%,0.00%,32.84%,47.48%,10,兆易创新(存储) 7.76%; 海光信息(电芯片/核心半导体) 6.27%; 北方华创(电芯片/核心半导体) 6.21%; 寒武纪(电芯片/核心半导体) 5.92%; 中芯国际(电芯片/核心半导体) 5.16%; 澜起科技(存储) 4.60%; 中微公司(电芯片/核心半导体) 4.31%; 豪威集团(电芯片/核心半导体) 2.58%; 芯原股份(电芯片/核心半导体) 2.39%; 佰维存储(存储) 2.28%
014418,西部利得CES芯片指数增强A,指数型-股票,0.00%,14.64%,0.00%,32.84%,47.48%,10,兆易创新(存储) 7.76%; 海光信息(电芯片/核心半导体) 6.27%; 北方华创(电芯片/核心半导体) 6.21%; 寒武纪(电芯片/核心半导体) 5.92%; 中芯国际(电芯片/核心半导体) 5.16%; 澜起科技(存储) 4.60%; 中微公司(电芯片/核心半导体) 4.31%; 豪威集团(电芯片/核心半导体) 2.58%; 芯原股份(电芯片/核心半导体) 2.39%; 佰维存储(存储) 2.28%
026210,平安科技精选混合发起式A,混合型-偏股,0.00%,0.00%,46.80%,0.00%,46.80%,7,长芯博创(光芯片/光通信) 8.99%; 新易盛(光芯片/光通信) 8.90%; 中际旭创(光芯片/光通信) 8.85%; 长飞光纤光缆(光芯片/光通信) 5.18%; 源杰科技(光芯片/光通信) 5.04%; 天孚通信(光芯片/光通信) 4.97%; 光库科技(光芯片/光通信) 4.87%
026211,平安科技精选混合发起式C,混合型-偏股,0.00%,0.00%,46.80%,0.00%,46.80%,7,长芯博创(光芯片/光通信) 8.99%; 新易盛(光芯片/光通信) 8.90%; 中际旭创(光芯片/光通信) 8.85%; 长飞光纤光缆(光芯片/光通信) 5.18%; 源杰科技(光芯片/光通信) 5.04%; 天孚通信(光芯片/光通信) 4.97%; 光库科技(光芯片/光通信) 4.87%
009995,嘉实创新先锋混合C,混合型-偏股,0.00%,34.53%,3.50%,8.76%,46.79%,7,北京君正(存储) 8.92%; 普冉股份(存储) 8.90%; 兆易创新(存储) 8.86%; 中微公司(电芯片/核心半导体) 8.76%; 晶合集成(存储) 4.05%; 聚辰股份(存储) 3.80%; 中际旭创(光芯片/光通信) 3.50%
009994,嘉实创新先锋混合A,混合型-偏股,0.00%,34.53%,3.50%,8.76%,46.79%,7,北京君正(存储) 8.92%; 普冉股份(存储) 8.90%; 兆易创新(存储) 8.86%; 中微公司(电芯片/核心半导体) 8.76%; 晶合集成(存储) 4.05%; 聚辰股份(存储) 3.80%; 中际旭创(光芯片/光通信) 3.50%
023045,太平科技先锋混合发起式C,混合型-偏股,0.00%,5.39%,0.00%,41.34%,46.73%,8,寒武纪(电芯片/核心半导体) 6.81%; 华虹半导体(电芯片/核心半导体) 6.56%; 中微公司(电芯片/核心半导体) 5.99%; 海光信息(电芯片/核心半导体) 5.94%; 复旦微电(电芯片/核心半导体) 5.50%; 通富微电(存储) 5.39%; 中芯国际(电芯片/核心半导体) 5.35%; 芯原股份(电芯片/核心半导体) 5.19%
023044,太平科技先锋混合发起式A,混合型-偏股,0.00%,5.39%,0.00%,41.34%,46.73%,8,寒武纪(电芯片/核心半导体) 6.81%; 华虹半导体(电芯片/核心半导体) 6.56%; 中微公司(电芯片/核心半导体) 5.99%; 海光信息(电芯片/核心半导体) 5.94%; 复旦微电(电芯片/核心半导体) 5.50%; 通富微电(存储) 5.39%; 中芯国际(电芯片/核心半导体) 5.35%; 芯原股份(电芯片/核心半导体) 5.19%
159139,科创创业人工智能ETF华泰柏瑞,指数型-股票,0.00%,12.61%,21.00%,13.04%,46.65%,6,新易盛(光芯片/光通信) 10.90%; 澜起科技(存储) 10.12%; 中际旭创(光芯片/光通信) 10.10%; 寒武纪(电芯片/核心半导体) 7.80%; 芯原股份(电芯片/核心半导体) 5.24%; 北京君正(存储) 2.49%
588150,科创50ETF南方,指数型-股票,0.00%,9.99%,0.00%,36.55%,46.54%,7,寒武纪(电芯片/核心半导体) 9.37%; 海光信息(电芯片/核心半导体) 8.84%; 中芯国际(电芯片/核心半导体) 8.50%; 澜起科技(存储) 6.49%; 中微公司(电芯片/核心半导体) 6.08%; 芯原股份(电芯片/核心半导体) 3.76%; 佰维存储(存储) 3.50%
588060,科创50ETF广发,指数型-股票,0.00%,9.99%,0.00%,36.51%,46.50%,7,寒武纪(电芯片/核心半导体) 9.36%; 海光信息(电芯片/核心半导体) 8.84%; 中芯国际(电芯片/核心半导体) 8.50%; 澜起科技(存储) 6.49%; 中微公司(电芯片/核心半导体) 6.05%; 芯原股份(电芯片/核心半导体) 3.76%; 佰维存储(存储) 3.50%
588720,科创50ETF中银,指数型-股票,0.00%,9.98%,0.00%,36.46%,46.44%,7,寒武纪(电芯片/核心半导体) 9.34%; 海光信息(电芯片/核心半导体) 8.82%; 中芯国际(电芯片/核心半导体) 8.50%; 澜起科技(存储) 6.48%; 中微公司(电芯片/核心半导体) 6.04%; 芯原股份(电芯片/核心半导体) 3.76%; 佰维存储(存储) 3.50%
589850,科创50ETF东财,指数型-股票,0.00%,9.96%,0.00%,36.46%,46.42%,7,寒武纪(电芯片/核心半导体) 9.36%; 海光信息(电芯片/核心半导体) 8.82%; 中芯国际(电芯片/核心半导体) 8.48%; 澜起科技(存储) 6.47%; 中微公司(电芯片/核心半导体) 6.05%; 芯原股份(电芯片/核心半导体) 3.75%; 佰维存储(存储) 3.49%
588050,科创50ETF工银,指数型-股票,0.00%,9.96%,0.00%,36.45%,46.41%,7,寒武纪(电芯片/核心半导体) 9.35%; 海光信息(电芯片/核心半导体) 8.81%; 中芯国际(电芯片/核心半导体) 8.48%; 澜起科技(存储) 6.47%; 中微公司(电芯片/核心半导体) 6.06%; 芯原股份(电芯片/核心半导体) 3.75%; 佰维存储(存储) 3.49%
001416,嘉实事件驱动股票,股票型,0.00%,8.34%,38.01%,0.00%,46.35%,6,中际旭创(光芯片/光通信) 9.48%; 天孚通信(光芯片/光通信) 9.42%; 兆易创新(存储) 8.34%; 新易盛(光芯片/光通信) 7.69%; 源杰科技(光芯片/光通信) 7.03%; 太辰光(光芯片/光通信) 4.39%
588090,科创50ETF华泰柏瑞,指数型-股票,0.00%,9.96%,0.00%,36.39%,46.35%,7,寒武纪(电芯片/核心半导体) 9.31%; 海光信息(电芯片/核心半导体) 8.81%; 中芯国际(电芯片/核心半导体) 8.47%; 澜起科技(存储) 6.47%; 中微公司(电芯片/核心半导体) 6.05%; 芯原股份(电芯片/核心半导体) 3.75%; 佰维存储(存储) 3.49%
588180,科创50ETF国联安,指数型-股票,0.00%,9.94%,0.00%,36.41%,46.35%,7,寒武纪(电芯片/核心半导体) 9.33%; 海光信息(电芯片/核心半导体) 8.81%; 中芯国际(电芯片/核心半导体) 8.47%; 澜起科技(存储) 6.46%; 中微公司(电芯片/核心半导体) 6.05%; 芯原股份(电芯片/核心半导体) 3.75%; 佰维存储(存储) 3.48%
589150,科创50ETF平安,指数型-股票,0.00%,9.95%,0.00%,36.38%,46.33%,7,寒武纪(电芯片/核心半导体) 9.35%; 海光信息(电芯片/核心半导体) 8.81%; 中芯国际(电芯片/核心半导体) 8.47%; 澜起科技(存储) 6.48%; 中微公司(电芯片/核心半导体) 6.04%; 芯原股份(电芯片/核心半导体) 3.71%; 佰维存储(存储) 3.47%
588280,科创50ETF华安,指数型-股票,0.00%,9.92%,0.00%,36.35%,46.27%,7,寒武纪(电芯片/核心半导体) 9.33%; 海光信息(电芯片/核心半导体) 8.78%; 中芯国际(电芯片/核心半导体) 8.46%; 澜起科技(存储) 6.45%; 中微公司(电芯片/核心半导体) 6.03%; 芯原股份(电芯片/核心半导体) 3.75%; 佰维存储(存储) 3.47%
011500,九泰量化新兴产业,混合型-偏股,0.00%,8.90%,16.59%,20.73%,46.22%,9,中际旭创(光芯片/光通信) 6.65%; 新易盛(光芯片/光通信) 6.55%; 北方华创(电芯片/核心半导体) 6.27%; 中芯国际(电芯片/核心半导体) 4.95%; 海光信息(电芯片/核心半导体) 4.86%; 澜起科技(存储) 4.73%; 中微公司(电芯片/核心半导体) 4.65%; 兆易创新(存储) 4.17%; 华工科技(光芯片/光通信) 3.39%
588940,科创50ETF富国,指数型-股票,0.00%,9.91%,0.00%,36.28%,46.19%,7,寒武纪(电芯片/核心半导体) 9.30%; 海光信息(电芯片/核心半导体) 8.78%; 中芯国际(电芯片/核心半导体) 8.44%; 澜起科技(存储) 6.44%; 中微公司(电芯片/核心半导体) 6.03%; 芯原股份(电芯片/核心半导体) 3.73%; 佰维存储(存储) 3.47%
588870,科创50ETF汇添富,指数型-股票,0.00%,9.91%,0.00%,36.26%,46.17%,7,寒武纪(电芯片/核心半导体) 9.31%; 海光信息(电芯片/核心半导体) 8.78%; 中芯国际(电芯片/核心半导体) 8.45%; 澜起科技(存储) 6.44%; 中微公司(电芯片/核心半导体) 5.98%; 芯原股份(电芯片/核心半导体) 3.74%; 佰维存储(存储) 3.47%
001438,易方达瑞享混合E,混合型-灵活,0.00%,4.06%,42.09%,0.00%,46.15%,6,新易盛(光芯片/光通信) 9.78%; 长芯博创(光芯片/光通信) 9.77%; 中际旭创(光芯片/光通信) 9.50%; 源杰科技(光芯片/光通信) 9.28%; 澜起科技(存储) 4.06%; 天孚通信(光芯片/光通信) 3.76%
001437,易方达瑞享混合I,混合型-灵活,0.00%,4.06%,42.09%,0.00%,46.15%,6,新易盛(光芯片/光通信) 9.78%; 长芯博创(光芯片/光通信) 9.77%; 中际旭创(光芯片/光通信) 9.50%; 源杰科技(光芯片/光通信) 9.28%; 澜起科技(存储) 4.06%; 天孚通信(光芯片/光通信) 3.76%
588950,科创50ETF景顺,指数型-股票,0.00%,9.91%,0.00%,36.23%,46.14%,7,寒武纪(电芯片/核心半导体) 9.27%; 海光信息(电芯片/核心半导体) 8.77%; 中芯国际(电芯片/核心半导体) 8.44%; 澜起科技(存储) 6.44%; 中微公司(电芯片/核心半导体) 6.01%; 芯原股份(电芯片/核心半导体) 3.74%; 佰维存储(存储) 3.47%
588420,科创创业人工智能ETF摩根,指数型-股票,0.00%,12.77%,21.04%,12.30%,46.11%,6,新易盛(光芯片/光通信) 11.04%; 澜起科技(存储) 10.25%; 中际旭创(光芯片/光通信) 10.00%; 寒武纪(电芯片/核心半导体) 6.98%; 芯原股份(电芯片/核心半导体) 5.32%; 北京君正(存储) 2.52%
018036,长城全球新能源车股票发起式(QDII)C,QDII-普通股票,0.00%,10.15%,0.00%,35.92%,46.07%,8,台积电(电芯片/核心半导体) 7.44%; 阿斯麦(电芯片/核心半导体) 7.27%; 英伟达(电芯片/核心半导体) 6.99%; 美光科技(存储) 5.95%; 博通(电芯片/核心半导体) 5.45%; 科磊(电芯片/核心半导体) 4.54%; 拉姆研究(电芯片/核心半导体) 4.23%; 闪迪(存储) 4.20%
159141,科创创业人工智能ETF永赢,指数型-股票,0.00%,12.74%,21.06%,12.27%,46.07%,6,新易盛(光芯片/光通信) 11.01%; 澜起科技(存储) 10.23%; 中际旭创(光芯片/光通信) 10.05%; 寒武纪(电芯片/核心半导体) 6.96%; 芯原股份(电芯片/核心半导体) 5.31%; 北京君正(存储) 2.51%
501226,长城全球新能源车股票发起式(QDII)A,QDII-普通股票,0.00%,10.15%,0.00%,35.92%,46.07%,8,台积电(电芯片/核心半导体) 7.44%; 阿斯麦(电芯片/核心半导体) 7.27%; 英伟达(电芯片/核心半导体) 6.99%; 美光科技(存储) 5.95%; 博通(电芯片/核心半导体) 5.45%; 科磊(电芯片/核心半导体) 4.54%; 拉姆研究(电芯片/核心半导体) 4.23%; 闪迪(存储) 4.20%
588430,科创创业人工智能ETF工银,指数型-股票,0.00%,12.67%,21.00%,12.34%,46.01%,6,新易盛(光芯片/光通信) 10.96%; 澜起科技(存储) 10.17%; 中际旭创(光芯片/光通信) 10.04%; 寒武纪(电芯片/核心半导体) 7.07%; 芯原股份(电芯片/核心半导体) 5.27%; 北京君正(存储) 2.50%
588840,科创50ETF万家,指数型-股票,0.00%,9.82%,0.00%,36.15%,45.97%,7,寒武纪(电芯片/核心半导体) 9.35%; 海光信息(电芯片/核心半导体) 8.72%; 中芯国际(电芯片/核心半导体) 8.36%; 澜起科技(存储) 6.37%; 中微公司(电芯片/核心半导体) 5.98%; 芯原股份(电芯片/核心半导体) 3.74%; 佰维存储(存储) 3.45%
159140,科创创业人工智能ETF易方达,指数型-股票,0.00%,12.71%,20.98%,12.26%,45.95%,6,新易盛(光芯片/光通信) 10.97%; 澜起科技(存储) 10.20%; 中际旭创(光芯片/光通信) 10.01%; 寒武纪(电芯片/核心半导体) 6.97%; 芯原股份(电芯片/核心半导体) 5.29%; 北京君正(存储) 2.51%
159142,科创创业人工智能ETF景顺,指数型-股票,0.00%,12.66%,20.91%,12.26%,45.83%,6,新易盛(光芯片/光通信) 10.96%; 澜起科技(存储) 10.15%; 中际旭创(光芯片/光通信) 9.95%; 寒武纪(电芯片/核心半导体) 7.00%; 芯原股份(电芯片/核心半导体) 5.26%; 北京君正(存储) 2.51%
588410,科创创业人工智能ETF鹏华,指数型-股票,0.00%,12.64%,20.89%,12.24%,45.77%,6,新易盛(光芯片/光通信) 10.93%; 澜起科技(存储) 10.15%; 中际旭创(光芯片/光通信) 9.96%; 寒武纪(电芯片/核心半导体) 6.96%; 芯原股份(电芯片/核心半导体) 5.28%; 北京君正(存储) 2.49%
010362,嘉实品质优选股票C,股票型,0.00%,0.00%,25.17%,20.48%,45.65%,8,长飞光纤光缆(光芯片/光通信) 8.87%; 中际旭创(光芯片/光通信) 7.91%; 海光信息(电芯片/核心半导体) 6.64%; 北方华创(电芯片/核心半导体) 6.19%; 新易盛(光芯片/光通信) 4.21%; 天孚通信(光芯片/光通信) 4.18%; 中芯国际(电芯片/核心半导体) 3.84%; 华虹半导体(电芯片/核心半导体) 3.81%
010361,嘉实品质优选股票A,股票型,0.00%,0.00%,25.17%,20.48%,45.65%,8,长飞光纤光缆(光芯片/光通信) 8.87%; 中际旭创(光芯片/光通信) 7.91%; 海光信息(电芯片/核心半导体) 6.64%; 北方华创(电芯片/核心半导体) 6.19%; 新易盛(光芯片/光通信) 4.21%; 天孚通信(光芯片/光通信) 4.18%; 中芯国际(电芯片/核心半导体) 3.84%; 华虹半导体(电芯片/核心半导体) 3.81%
588040,科创50ETF鹏华,指数型-股票,0.00%,9.83%,0.00%,35.78%,45.61%,7,寒武纪(电芯片/核心半导体) 9.15%; 海光信息(电芯片/核心半导体) 8.71%; 中芯国际(电芯片/核心半导体) 8.38%; 澜起科技(存储) 6.40%; 中微公司(电芯片/核心半导体) 5.83%; 芯原股份(电芯片/核心半导体) 3.71%; 佰维存储(存储) 3.43%
024605,前海开源上证科创板50成份指数A,指数型-股票,0.00%,11.12%,0.00%,34.44%,45.56%,7,海光信息(电芯片/核心半导体) 9.02%; 中芯国际(电芯片/核心半导体) 8.16%; 澜起科技(存储) 7.30%; 寒武纪(电芯片/核心半导体) 6.97%; 中微公司(电芯片/核心半导体) 6.66%; 佰维存储(存储) 3.82%; 芯原股份(电芯片/核心半导体) 3.63%
024606,前海开源上证科创板50成份指数C,指数型-股票,0.00%,11.12%,0.00%,34.44%,45.56%,7,海光信息(电芯片/核心半导体) 9.02%; 中芯国际(电芯片/核心半导体) 8.16%; 澜起科技(存储) 7.30%; 寒武纪(电芯片/核心半导体) 6.97%; 中微公司(电芯片/核心半导体) 6.66%; 佰维存储(存储) 3.82%; 芯原股份(电芯片/核心半导体) 3.63%
016122,华富中证科创创业50指数增强A,指数型-股票,0.00%,0.84%,23.80%,20.74%,45.38%,10,新易盛(光芯片/光通信) 9.65%; 中际旭创(光芯片/光通信) 9.62%; 寒武纪(电芯片/核心半导体) 6.43%; 中芯国际(电芯片/核心半导体) 4.93%; 海光信息(电芯片/核心半导体) 4.84%; 中微公司(电芯片/核心半导体) 3.76%; 天孚通信(光芯片/光通信) 3.49%; 光迅科技(光芯片/光通信) 1.04%; 长电科技(存储) 0.84%; 北方华创(电芯片/核心半导体) 0.78%
016123,华富中证科创创业50指数增强C,指数型-股票,0.00%,0.84%,23.80%,20.74%,45.38%,10,新易盛(光芯片/光通信) 9.65%; 中际旭创(光芯片/光通信) 9.62%; 寒武纪(电芯片/核心半导体) 6.43%; 中芯国际(电芯片/核心半导体) 4.93%; 海光信息(电芯片/核心半导体) 4.84%; 中微公司(电芯片/核心半导体) 3.76%; 天孚通信(光芯片/光通信) 3.49%; 光迅科技(光芯片/光通信) 1.04%; 长电科技(存储) 0.84%; 北方华创(电芯片/核心半导体) 0.78%
016371,信澳业绩驱动混合C,混合型-偏股,0.00%,0.00%,45.34%,0.00%,45.34%,6,中际旭创(光芯片/光通信) 9.43%; 新易盛(光芯片/光通信) 9.26%; 天孚通信(光芯片/光通信) 9.12%; 源杰科技(光芯片/光通信) 8.43%; 长芯博创(光芯片/光通信) 4.69%; 德科立(光芯片/光通信) 4.41%
016370,信澳业绩驱动混合A,混合型-偏股,0.00%,0.00%,45.34%,0.00%,45.34%,6,中际旭创(光芯片/光通信) 9.43%; 新易盛(光芯片/光通信) 9.26%; 天孚通信(光芯片/光通信) 9.12%; 源杰科技(光芯片/光通信) 8.43%; 长芯博创(光芯片/光通信) 4.69%; 德科立(光芯片/光通信) 4.41%
588320,双创50增强ETF广发,指数型-股票,0.00%,3.70%,23.49%,18.14%,45.33%,8,新易盛(光芯片/光通信) 9.99%; 中际旭创(光芯片/光通信) 9.67%; 寒武纪(电芯片/核心半导体) 5.53%; 中芯国际(电芯片/核心半导体) 4.37%; 海光信息(电芯片/核心半导体) 4.14%; 中微公司(电芯片/核心半导体) 4.10%; 天孚通信(光芯片/光通信) 3.83%; 澜起科技(存储) 3.70%
019768,景顺长城科创50指数增强C,指数型-股票,0.00%,9.07%,0.00%,36.10%,45.17%,8,寒武纪(电芯片/核心半导体) 8.44%; 海光信息(电芯片/核心半导体) 8.18%; 中芯国际(电芯片/核心半导体) 7.83%; 中微公司(电芯片/核心半导体) 6.38%; 澜起科技(存储) 6.33%; 芯原股份(电芯片/核心半导体) 3.35%; 佰维存储(存储) 2.74%; 华海清科(电芯片/核心半导体) 1.92%
019767,景顺长城科创50指数增强A,指数型-股票,0.00%,9.07%,0.00%,36.10%,45.17%,8,寒武纪(电芯片/核心半导体) 8.44%; 海光信息(电芯片/核心半导体) 8.18%; 中芯国际(电芯片/核心半导体) 7.83%; 中微公司(电芯片/核心半导体) 6.38%; 澜起科技(存储) 6.33%; 芯原股份(电芯片/核心半导体) 3.35%; 佰维存储(存储) 2.74%; 华海清科(电芯片/核心半导体) 1.92%
022995,中海科技创新混合A,混合型-偏股,0.00%,15.86%,23.50%,5.57%,44.93%,8,源杰科技(光芯片/光通信) 8.17%; 北京君正(存储) 5.64%; 芯原股份(电芯片/核心半导体) 5.57%; 中际旭创(光芯片/光通信) 5.50%; 兆易创新(存储) 5.41%; 长光华芯(光芯片/光通信) 5.12%; 澜起科技(存储) 4.81%; 新易盛(光芯片/光通信) 4.71%
022996,中海科技创新混合C,混合型-偏股,0.00%,15.86%,23.50%,5.57%,44.93%,8,源杰科技(光芯片/光通信) 8.17%; 北京君正(存储) 5.64%; 芯原股份(电芯片/核心半导体) 5.57%; 中际旭创(光芯片/光通信) 5.50%; 兆易创新(存储) 5.41%; 长光华芯(光芯片/光通信) 5.12%; 澜起科技(存储) 4.81%; 新易盛(光芯片/光通信) 4.71%
018178,华夏科创50指数增强C,指数型-股票,0.00%,10.99%,0.00%,33.80%,44.79%,7,寒武纪(电芯片/核心半导体) 8.67%; 海光信息(电芯片/核心半导体) 7.96%; 中芯国际(电芯片/核心半导体) 7.30%; 澜起科技(存储) 6.39%; 中微公司(电芯片/核心半导体) 5.83%; 佰维存储(存储) 4.60%; 芯原股份(电芯片/核心半导体) 4.04%
018177,华夏科创50指数增强A,指数型-股票,0.00%,10.99%,0.00%,33.80%,44.79%,7,寒武纪(电芯片/核心半导体) 8.67%; 海光信息(电芯片/核心半导体) 7.96%; 中芯国际(电芯片/核心半导体) 7.30%; 澜起科技(存储) 6.39%; 中微公司(电芯片/核心半导体) 5.83%; 佰维存储(存储) 4.60%; 芯原股份(电芯片/核心半导体) 4.04%
024001,农银上证科创板50指数C,指数型-股票,0.00%,9.58%,0.00%,35.10%,44.68%,7,寒武纪(电芯片/核心半导体) 9.02%; 海光信息(电芯片/核心半导体) 8.48%; 中芯国际(电芯片/核心半导体) 8.17%; 澜起科技(存储) 6.23%; 中微公司(电芯片/核心半导体) 5.82%; 芯原股份(电芯片/核心半导体) 3.61%; 佰维存储(存储) 3.35%
024000,农银上证科创板50指数A,指数型-股票,0.00%,9.58%,0.00%,35.10%,44.68%,7,寒武纪(电芯片/核心半导体) 9.02%; 海光信息(电芯片/核心半导体) 8.48%; 中芯国际(电芯片/核心半导体) 8.17%; 澜起科技(存储) 6.23%; 中微公司(电芯片/核心半导体) 5.82%; 芯原股份(电芯片/核心半导体) 3.61%; 佰维存储(存储) 3.35%
020874,天弘科创板50指数C,指数型-股票,0.00%,9.53%,0.00%,35.10%,44.63%,7,寒武纪(电芯片/核心半导体) 8.91%; 海光信息(电芯片/核心半导体) 8.63%; 中芯国际(电芯片/核心半导体) 8.13%; 澜起科技(存储) 6.20%; 中微公司(电芯片/核心半导体) 5.82%; 芯原股份(电芯片/核心半导体) 3.61%; 佰维存储(存储) 3.33%
020873,天弘科创板50指数A,指数型-股票,0.00%,9.53%,0.00%,35.10%,44.63%,7,寒武纪(电芯片/核心半导体) 8.91%; 海光信息(电芯片/核心半导体) 8.63%; 中芯国际(电芯片/核心半导体) 8.13%; 澜起科技(存储) 6.20%; 中微公司(电芯片/核心半导体) 5.82%; 芯原股份(电芯片/核心半导体) 3.61%; 佰维存储(存储) 3.33%
011135,广发价值优选混合C,混合型-偏股,0.00%,6.45%,26.66%,11.45%,44.56%,6,新易盛(光芯片/光通信) 9.59%; 中际旭创(光芯片/光通信) 8.70%; 德科立(光芯片/光通信) 8.37%; 兆易创新(存储) 6.45%; 中微公司(电芯片/核心半导体) 6.22%; 北方华创(电芯片/核心半导体) 5.23%
011134,广发价值优选混合A,混合型-偏股,0.00%,6.45%,26.66%,11.45%,44.56%,6,新易盛(光芯片/光通信) 9.59%; 中际旭创(光芯片/光通信) 8.70%; 德科立(光芯片/光通信) 8.37%; 兆易创新(存储) 6.45%; 中微公司(电芯片/核心半导体) 6.22%; 北方华创(电芯片/核心半导体) 5.23%
019385,东财上证科创50指数发起式A,指数型-股票,0.00%,9.56%,0.00%,34.98%,44.54%,7,寒武纪(电芯片/核心半导体) 8.97%; 海光信息(电芯片/核心半导体) 8.46%; 中芯国际(电芯片/核心半导体) 8.14%; 澜起科技(存储) 6.21%; 中微公司(电芯片/核心半导体) 5.81%; 芯原股份(电芯片/核心半导体) 3.60%; 佰维存储(存储) 3.35%
019386,东财上证科创50指数发起式C,指数型-股票,0.00%,9.56%,0.00%,34.98%,44.54%,7,寒武纪(电芯片/核心半导体) 8.97%; 海光信息(电芯片/核心半导体) 8.46%; 中芯国际(电芯片/核心半导体) 8.14%; 澜起科技(存储) 6.21%; 中微公司(电芯片/核心半导体) 5.81%; 芯原股份(电芯片/核心半导体) 3.60%; 佰维存储(存储) 3.35%
588760,科创人工智能ETF广发,指数型-股票,0.00%,9.84%,0.00%,34.64%,44.48%,6,芯原股份(电芯片/核心半导体) 10.21%; 寒武纪(电芯片/核心半导体) 10.15%; 澜起科技(存储) 9.84%; 晶晨股份(电芯片/核心半导体) 5.25%; 复旦微电(电芯片/核心半导体) 4.94%; 恒玄科技(电芯片/核心半导体) 4.09%
589230,科创人工智能ETF南方,指数型-股票,0.00%,9.83%,0.00%,34.65%,44.48%,6,芯原股份(电芯片/核心半导体) 10.20%; 寒武纪(电芯片/核心半导体) 10.17%; 澜起科技(存储) 9.83%; 晶晨股份(电芯片/核心半导体) 5.25%; 复旦微电(电芯片/核心半导体) 4.94%; 恒玄科技(电芯片/核心半导体) 4.09%
589520,科创人工智能ETF华宝,指数型-股票,0.00%,9.78%,0.00%,34.69%,44.47%,6,芯原股份(电芯片/核心半导体) 10.26%; 寒武纪(电芯片/核心半导体) 10.21%; 澜起科技(存储) 9.78%; 晶晨股份(电芯片/核心半导体) 5.23%; 复旦微电(电芯片/核心半导体) 4.92%; 恒玄科技(电芯片/核心半导体) 4.07%
588790,科创AIETF博时,指数型-股票,0.00%,9.82%,0.00%,34.61%,44.43%,6,芯原股份(电芯片/核心半导体) 10.19%; 寒武纪(电芯片/核心半导体) 10.14%; 澜起科技(存储) 9.82%; 晶晨股份(电芯片/核心半导体) 5.25%; 复旦微电(电芯片/核心半导体) 4.94%; 恒玄科技(电芯片/核心半导体) 4.09%
589010,科创人工智能ETF华夏,指数型-股票,0.00%,9.82%,0.00%,34.60%,44.42%,6,芯原股份(电芯片/核心半导体) 10.17%; 寒武纪(电芯片/核心半导体) 10.14%; 澜起科技(存储) 9.82%; 晶晨股份(电芯片/核心半导体) 5.26%; 复旦微电(电芯片/核心半导体) 4.94%; 恒玄科技(电芯片/核心半导体) 4.09%
020477,泰康半导体量化选股股票发起式C,股票型,0.00%,16.37%,0.00%,28.03%,44.40%,9,海光信息(电芯片/核心半导体) 7.87%; 中芯国际(电芯片/核心半导体) 6.66%; 中微公司(电芯片/核心半导体) 5.79%; 澜起科技(存储) 4.90%; 兆易创新(存储) 4.39%; 寒武纪(电芯片/核心半导体) 4.36%; 长电科技(存储) 3.66%; 通富微电(存储) 3.42%; 北方华创(电芯片/核心半导体) 3.35%
020476,泰康半导体量化选股股票发起式A,股票型,0.00%,16.37%,0.00%,28.03%,44.40%,9,海光信息(电芯片/核心半导体) 7.87%; 中芯国际(电芯片/核心半导体) 6.66%; 中微公司(电芯片/核心半导体) 5.79%; 澜起科技(存储) 4.90%; 兆易创新(存储) 4.39%; 寒武纪(电芯片/核心半导体) 4.36%; 长电科技(存储) 3.66%; 通富微电(存储) 3.42%; 北方华创(电芯片/核心半导体) 3.35%
009048,浦银安盛科技创新优选混合,混合型-偏股,0.00%,4.16%,28.38%,11.85%,44.39%,7,新易盛(光芯片/光通信) 9.73%; 中际旭创(光芯片/光通信) 8.31%; 北方华创(电芯片/核心半导体) 6.39%; 天孚通信(光芯片/光通信) 5.72%; 寒武纪(电芯片/核心半导体) 5.46%; 德科立(光芯片/光通信) 4.62%; 佰维存储(存储) 4.16%
589110,科创人工智能ETF国泰,指数型-股票,0.00%,9.81%,0.00%,34.57%,44.38%,6,芯原股份(电芯片/核心半导体) 10.18%; 寒武纪(电芯片/核心半导体) 10.13%; 澜起科技(存储) 9.81%; 晶晨股份(电芯片/核心半导体) 5.25%; 复旦微电(电芯片/核心半导体) 4.93%; 恒玄科技(电芯片/核心半导体) 4.08%
589560,科创人工智能ETF汇添富,指数型-股票,0.00%,9.80%,0.00%,34.54%,44.34%,6,芯原股份(电芯片/核心半导体) 10.17%; 寒武纪(电芯片/核心半导体) 10.12%; 澜起科技(存储) 9.80%; 晶晨股份(电芯片/核心半导体) 5.25%; 复旦微电(电芯片/核心半导体) 4.92%; 恒玄科技(电芯片/核心半导体) 4.08%
025500,东方阿尔法科技智选混合发起C,混合型-偏股,0.00%,44.33%,0.00%,0.00%,44.33%,6,佰维存储(存储) 8.81%; 兆易创新(存储) 8.80%; 北京君正(存储) 7.97%; 普冉股份(存储) 7.61%; 恒烁股份(存储) 6.14%; 澜起科技(存储) 5.00%
025499,东方阿尔法科技智选混合发起A,混合型-偏股,0.00%,44.33%,0.00%,0.00%,44.33%,6,佰维存储(存储) 8.81%; 兆易创新(存储) 8.80%; 北京君正(存储) 7.97%; 普冉股份(存储) 7.61%; 恒烁股份(存储) 6.14%; 澜起科技(存储) 5.00%
588730,科创人工智能ETF易方达,指数型-股票,0.00%,9.79%,0.00%,34.49%,44.28%,6,芯原股份(电芯片/核心半导体) 10.16%; 寒武纪(电芯片/核心半导体) 10.10%; 澜起科技(存储) 9.79%; 晶晨股份(电芯片/核心半导体) 5.24%; 复旦微电(电芯片/核心半导体) 4.92%; 恒玄科技(电芯片/核心半导体) 4.07%
588930,科创人工智能ETF银华,指数型-股票,0.00%,9.78%,0.00%,34.48%,44.26%,6,芯原股份(电芯片/核心半导体) 10.15%; 寒武纪(电芯片/核心半导体) 10.10%; 澜起科技(存储) 9.78%; 晶晨股份(电芯片/核心半导体) 5.24%; 复旦微电(电芯片/核心半导体) 4.92%; 恒玄科技(电芯片/核心半导体) 4.07%
589380,科创AIETF富国,指数型-股票,0.00%,9.83%,0.00%,34.42%,44.25%,6,芯原股份(电芯片/核心半导体) 10.13%; 寒武纪(电芯片/核心半导体) 10.08%; 澜起科技(存储) 9.83%; 晶晨股份(电芯片/核心半导体) 5.23%; 复旦微电(电芯片/核心半导体) 4.91%; 恒玄科技(电芯片/核心半导体) 4.07%
588450,科创50增强ETF招商,指数型-股票,0.00%,10.05%,0.00%,34.13%,44.18%,7,海光信息(电芯片/核心半导体) 9.77%; 中芯国际(电芯片/核心半导体) 8.51%; 澜起科技(存储) 6.62%; 寒武纪(电芯片/核心半导体) 5.67%; 中微公司(电芯片/核心半导体) 5.24%; 芯原股份(电芯片/核心半导体) 4.94%; 佰维存储(存储) 3.43%
159363,创业板人工智能ETF华宝,指数型-股票,0.00%,2.61%,41.54%,0.00%,44.15%,5,新易盛(光芯片/光通信) 15.29%; 中际旭创(光芯片/光通信) 13.96%; 天孚通信(光芯片/光通信) 9.74%; 北京君正(存储) 2.61%; 长芯博创(光芯片/光通信) 2.55%
023438,永赢上证科创板50成份指数C,指数型-股票,0.00%,9.44%,0.00%,34.64%,44.08%,7,寒武纪(电芯片/核心半导体) 8.92%; 海光信息(电芯片/核心半导体) 8.36%; 中芯国际(电芯片/核心半导体) 8.04%; 澜起科技(存储) 6.13%; 中微公司(电芯片/核心半导体) 5.76%; 芯原股份(电芯片/核心半导体) 3.56%; 佰维存储(存储) 3.31%
023437,永赢上证科创板50成份指数A,指数型-股票,0.00%,9.44%,0.00%,34.64%,44.08%,7,寒武纪(电芯片/核心半导体) 8.92%; 海光信息(电芯片/核心半导体) 8.36%; 中芯国际(电芯片/核心半导体) 8.04%; 澜起科技(存储) 6.13%; 中微公司(电芯片/核心半导体) 5.76%; 芯原股份(电芯片/核心半导体) 3.56%; 佰维存储(存储) 3.31%
018956,中航机遇领航混合发起A,混合型-偏股,0.00%,0.00%,44.01%,0.00%,44.01%,6,新易盛(光芯片/光通信) 9.75%; 中际旭创(光芯片/光通信) 9.72%; 天孚通信(光芯片/光通信) 9.66%; 长光华芯(光芯片/光通信) 7.74%; 仕佳光子(光芯片/光通信) 4.21%; 光库科技(光芯片/光通信) 2.93%
589090,科创AIETF鹏华,指数型-股票,0.00%,9.70%,0.00%,34.16%,43.86%,6,芯原股份(电芯片/核心半导体) 10.07%; 寒武纪(电芯片/核心半导体) 9.99%; 澜起科技(存储) 9.70%; 晶晨股份(电芯片/核心半导体) 5.19%; 复旦微电(电芯片/核心半导体) 4.88%; 恒玄科技(电芯片/核心半导体) 4.03%
018146,博时上证科创板50成份指数发起式C,指数型-股票,0.00%,9.42%,0.00%,34.42%,43.84%,7,寒武纪(电芯片/核心半导体) 8.78%; 海光信息(电芯片/核心半导体) 8.35%; 中芯国际(电芯片/核心半导体) 8.04%; 澜起科技(存储) 6.13%; 中微公司(电芯片/核心半导体) 5.71%; 芯原股份(电芯片/核心半导体) 3.54%; 佰维存储(存储) 3.29%
018145,博时上证科创板50成份指数发起式A,指数型-股票,0.00%,9.42%,0.00%,34.42%,43.84%,7,寒武纪(电芯片/核心半导体) 8.78%; 海光信息(电芯片/核心半导体) 8.35%; 中芯国际(电芯片/核心半导体) 8.04%; 澜起科技(存储) 6.13%; 中微公司(电芯片/核心半导体) 5.71%; 芯原股份(电芯片/核心半导体) 3.54%; 佰维存储(存储) 3.29%
017188,嘉实上证科创板50指数增强发起式A,指数型-股票,0.00%,8.57%,0.00%,34.87%,43.44%,7,寒武纪(电芯片/核心半导体) 9.17%; 海光信息(电芯片/核心半导体) 8.29%; 中芯国际(电芯片/核心半导体) 7.96%; 澜起科技(存储) 5.87%; 中微公司(电芯片/核心半导体) 5.74%; 芯原股份(电芯片/核心半导体) 3.71%; 佰维存储(存储) 2.70%
017189,嘉实上证科创板50指数增强发起式C,指数型-股票,0.00%,8.57%,0.00%,34.87%,43.44%,7,寒武纪(电芯片/核心半导体) 9.17%; 海光信息(电芯片/核心半导体) 8.29%; 中芯国际(电芯片/核心半导体) 7.96%; 澜起科技(存储) 5.87%; 中微公司(电芯片/核心半导体) 5.74%; 芯原股份(电芯片/核心半导体) 3.71%; 佰维存储(存储) 2.70%
005825,申万菱信智能驱动股票A,股票型,0.00%,0.00%,12.33%,31.08%,43.41%,6,华海清科(电芯片/核心半导体) 8.04%; 北方华创(电芯片/核心半导体) 7.81%; 圣邦股份(电芯片/核心半导体) 7.70%; 中微公司(电芯片/核心半导体) 7.53%; 中际旭创(光芯片/光通信) 6.24%; 新易盛(光芯片/光通信) 6.09%
015159,申万菱信智能驱动股票C,股票型,0.00%,0.00%,12.33%,31.08%,43.41%,6,华海清科(电芯片/核心半导体) 8.04%; 北方华创(电芯片/核心半导体) 7.81%; 圣邦股份(电芯片/核心半导体) 7.70%; 中微公司(电芯片/核心半导体) 7.53%; 中际旭创(光芯片/光通信) 6.24%; 新易盛(光芯片/光通信) 6.09%
024409,鑫元科创AI指数发起式A,指数型-股票,0.00%,9.89%,0.00%,33.51%,43.40%,6,芯原股份(电芯片/核心半导体) 13.61%; 澜起科技(存储) 9.89%; 寒武纪(电芯片/核心半导体) 6.64%; 晶晨股份(电芯片/核心半导体) 4.88%; 复旦微电(电芯片/核心半导体) 4.58%; 恒玄科技(电芯片/核心半导体) 3.80%
024410,鑫元科创AI指数发起式C,指数型-股票,0.00%,9.89%,0.00%,33.51%,43.40%,6,芯原股份(电芯片/核心半导体) 13.61%; 澜起科技(存储) 9.89%; 寒武纪(电芯片/核心半导体) 6.64%; 晶晨股份(电芯片/核心半导体) 4.88%; 复旦微电(电芯片/核心半导体) 4.58%; 恒玄科技(电芯片/核心半导体) 3.80%
159603,科创创业ETF天弘,指数型-股票,0.00%,3.42%,25.81%,14.09%,43.32%,7,中际旭创(光芯片/光通信) 11.45%; 新易盛(光芯片/光通信) 11.00%; 寒武纪(电芯片/核心半导体) 4.94%; 海光信息(电芯片/核心半导体) 4.66%; 中芯国际(电芯片/核心半导体) 4.49%; 澜起科技(存储) 3.42%; 天孚通信(光芯片/光通信) 3.36%
159819,人工智能ETF易方达,指数型-股票,0.00%,5.74%,23.71%,13.51%,42.96%,7,新易盛(光芯片/光通信) 11.54%; 中际旭创(光芯片/光通信) 10.54%; 寒武纪(电芯片/核心半导体) 7.31%; 澜起科技(存储) 5.74%; 豪威集团(电芯片/核心半导体) 3.22%; 芯原股份(电芯片/核心半导体) 2.98%; 光迅科技(光芯片/光通信) 1.63%
014855,嘉实中证半导体指数增强发起式C,指数型-股票,0.00%,0.92%,0.00%,42.03%,42.95%,8,中微公司(电芯片/核心半导体) 9.94%; 北方华创(电芯片/核心半导体) 9.76%; 寒武纪(电芯片/核心半导体) 6.55%; 中芯国际(电芯片/核心半导体) 5.50%; 海光信息(电芯片/核心半导体) 5.35%; 华海清科(电芯片/核心半导体) 4.93%; 聚辰股份(存储) 0.72%; 兆易创新(存储) 0.20%
014854,嘉实中证半导体指数增强发起式A,指数型-股票,0.00%,0.92%,0.00%,42.03%,42.95%,8,中微公司(电芯片/核心半导体) 9.94%; 北方华创(电芯片/核心半导体) 9.76%; 寒武纪(电芯片/核心半导体) 6.55%; 中芯国际(电芯片/核心半导体) 5.50%; 海光信息(电芯片/核心半导体) 5.35%; 华海清科(电芯片/核心半导体) 4.93%; 聚辰股份(存储) 0.72%; 兆易创新(存储) 0.20%
159780,科创创业50ETF南方,指数型-股票,0.00%,3.46%,25.09%,14.29%,42.84%,7,中际旭创(光芯片/光通信) 11.07%; 新易盛(光芯片/光通信) 10.62%; 寒武纪(电芯片/核心半导体) 5.03%; 海光信息(电芯片/核心半导体) 4.72%; 中芯国际(电芯片/核心半导体) 4.54%; 澜起科技(存储) 3.46%; 天孚通信(光芯片/光通信) 3.40%
159781,科创创业ETF易方达,指数型-股票,0.00%,3.46%,25.07%,14.25%,42.78%,7,中际旭创(光芯片/光通信) 11.07%; 新易盛(光芯片/光通信) 10.61%; 寒武纪(电芯片/核心半导体) 5.01%; 海光信息(电芯片/核心半导体) 4.71%; 中芯国际(电芯片/核心半导体) 4.53%; 澜起科技(存储) 3.46%; 天孚通信(光芯片/光通信) 3.39%
159783,科创创业50ETF华夏,指数型-股票,0.00%,3.46%,25.04%,14.27%,42.77%,7,中际旭创(光芯片/光通信) 11.05%; 新易盛(光芯片/光通信) 10.59%; 寒武纪(电芯片/核心半导体) 5.03%; 海光信息(电芯片/核心半导体) 4.71%; 中芯国际(电芯片/核心半导体) 4.53%; 澜起科技(存储) 3.46%; 天孚通信(光芯片/光通信) 3.40%
588380,科创创业ETF富国,指数型-股票,0.00%,3.45%,24.99%,14.22%,42.66%,7,中际旭创(光芯片/光通信) 11.03%; 新易盛(光芯片/光通信) 10.57%; 寒武纪(电芯片/核心半导体) 5.00%; 海光信息(电芯片/核心半导体) 4.70%; 中芯国际(电芯片/核心半导体) 4.52%; 澜起科技(存储) 3.45%; 天孚通信(光芯片/光通信) 3.39%
588400,科创创业ETF嘉实,指数型-股票,0.00%,3.44%,24.94%,14.22%,42.60%,7,中际旭创(光芯片/光通信) 11.01%; 新易盛(光芯片/光通信) 10.55%; 寒武纪(电芯片/核心半导体) 5.02%; 海光信息(电芯片/核心半导体) 4.69%; 中芯国际(电芯片/核心半导体) 4.51%; 澜起科技(存储) 3.44%; 天孚通信(光芯片/光通信) 3.38%
588300,科创创业50ETF招商,指数型-股票,0.00%,3.44%,24.94%,14.13%,42.51%,7,中际旭创(光芯片/光通信) 11.03%; 新易盛(光芯片/光通信) 10.54%; 寒武纪(电芯片/核心半导体) 4.93%; 海光信息(电芯片/核心半导体) 4.69%; 中芯国际(电芯片/核心半导体) 4.51%; 澜起科技(存储) 3.44%; 天孚通信(光芯片/光通信) 3.37%
588350,科创创业50ETF鹏扬,指数型-股票,0.00%,3.43%,24.90%,14.13%,42.46%,7,中际旭创(光芯片/光通信) 10.99%; 新易盛(光芯片/光通信) 10.54%; 寒武纪(电芯片/核心半导体) 4.94%; 海光信息(电芯片/核心半导体) 4.69%; 中芯国际(电芯片/核心半导体) 4.50%; 澜起科技(存储) 3.43%; 天孚通信(光芯片/光通信) 3.37%
159782,双创50ETF银华,指数型-股票,0.00%,3.43%,24.91%,14.11%,42.45%,7,中际旭创(光芯片/光通信) 11.00%; 新易盛(光芯片/光通信) 10.54%; 寒武纪(电芯片/核心半导体) 4.93%; 海光信息(电芯片/核心半导体) 4.68%; 中芯国际(电芯片/核心半导体) 4.50%; 澜起科技(存储) 3.43%; 天孚通信(光芯片/光通信) 3.37%
588360,科创创业ETF国泰,指数型-股票,0.00%,3.44%,24.96%,13.99%,42.39%,7,中际旭创(光芯片/光通信) 11.02%; 新易盛(光芯片/光通信) 10.57%; 寒武纪(电芯片/核心半导体) 4.81%; 海光信息(电芯片/核心半导体) 4.68%; 中芯国际(电芯片/核心半导体) 4.50%; 澜起科技(存储) 3.44%; 天孚通信(光芯片/光通信) 3.37%
017603,华夏国企创新混合发起式C,混合型-偏股,0.00%,0.00%,0.00%,42.32%,42.32%,8,中微公司(电芯片/核心半导体) 7.59%; 华海清科(电芯片/核心半导体) 6.30%; 北方华创(电芯片/核心半导体) 5.92%; 寒武纪(电芯片/核心半导体) 5.32%; 海光信息(电芯片/核心半导体) 5.14%; 中芯国际(电芯片/核心半导体) 4.71%; 华虹半导体(电芯片/核心半导体) 4.61%; 中芯国际(电芯片/核心半导体) 2.73%
017602,华夏国企创新混合发起式A,混合型-偏股,0.00%,0.00%,0.00%,42.32%,42.32%,8,中微公司(电芯片/核心半导体) 7.59%; 华海清科(电芯片/核心半导体) 6.30%; 北方华创(电芯片/核心半导体) 5.92%; 寒武纪(电芯片/核心半导体) 5.32%; 海光信息(电芯片/核心半导体) 5.14%; 中芯国际(电芯片/核心半导体) 4.71%; 华虹半导体(电芯片/核心半导体) 4.61%; 中芯国际(电芯片/核心半导体) 2.73%
016501,华夏半导体龙头混合发起C,混合型-偏股,0.00%,6.58%,0.00%,35.73%,42.31%,6,海光信息(电芯片/核心半导体) 9.11%; 北方华创(电芯片/核心半导体) 7.85%; 兆易创新(存储) 6.58%; 中芯国际(电芯片/核心半导体) 6.50%; 中微公司(电芯片/核心半导体) 6.27%; 寒武纪(电芯片/核心半导体) 6.00%
016500,华夏半导体龙头混合发起A,混合型-偏股,0.00%,6.58%,0.00%,35.73%,42.31%,6,海光信息(电芯片/核心半导体) 9.11%; 北方华创(电芯片/核心半导体) 7.85%; 兆易创新(存储) 6.58%; 中芯国际(电芯片/核心半导体) 6.50%; 中微公司(电芯片/核心半导体) 6.27%; 寒武纪(电芯片/核心半导体) 6.00%
515980,人工智能ETF华富,指数型-股票,0.00%,4.99%,24.31%,12.99%,42.29%,5,新易盛(光芯片/光通信) 12.55%; 中际旭创(光芯片/光通信) 11.76%; 寒武纪(电芯片/核心半导体) 9.52%; 澜起科技(存储) 4.99%; 芯原股份(电芯片/核心半导体) 3.47%
588330,双创50ETF华宝,指数型-股票,0.00%,3.41%,24.68%,14.17%,42.26%,7,中际旭创(光芯片/光通信) 10.90%; 新易盛(光芯片/光通信) 10.46%; 寒武纪(电芯片/核心半导体) 5.04%; 海光信息(电芯片/核心半导体) 4.65%; 中芯国际(电芯片/核心半导体) 4.48%; 澜起科技(存储) 3.41%; 天孚通信(光芯片/光通信) 3.32%
588390,科创创业ETF博时,指数型-股票,0.00%,3.42%,24.77%,14.06%,42.25%,7,中际旭创(光芯片/光通信) 10.92%; 新易盛(光芯片/光通信) 10.49%; 寒武纪(电芯片/核心半导体) 4.90%; 海光信息(电芯片/核心半导体) 4.67%; 中芯国际(电芯片/核心半导体) 4.49%; 澜起科技(存储) 3.42%; 天孚通信(光芯片/光通信) 3.36%
588310,科创创业ETF方正富邦,指数型-股票,0.00%,3.44%,24.81%,13.94%,42.19%,7,中际旭创(光芯片/光通信) 10.96%; 新易盛(光芯片/光通信) 10.48%; 寒武纪(电芯片/核心半导体) 4.75%; 海光信息(电芯片/核心半导体) 4.68%; 中芯国际(电芯片/核心半导体) 4.51%; 澜起科技(存储) 3.44%; 天孚通信(光芯片/光通信) 3.37%
010913,国泰成长价值混合C,混合型-偏股,0.00%,17.80%,0.00%,24.29%,42.09%,7,中微公司(电芯片/核心半导体) 9.76%; 北方华创(电芯片/核心半导体) 9.51%; 普冉股份(存储) 6.36%; 北京君正(存储) 5.83%; 兆易创新(存储) 5.61%; 华海清科(电芯片/核心半导体) 3.27%; 华虹半导体(电芯片/核心半导体) 1.75%
010912,国泰成长价值混合A,混合型-偏股,0.00%,17.80%,0.00%,24.29%,42.09%,7,中微公司(电芯片/核心半导体) 9.76%; 北方华创(电芯片/核心半导体) 9.51%; 普冉股份(存储) 6.36%; 北京君正(存储) 5.83%; 兆易创新(存储) 5.61%; 华海清科(电芯片/核心半导体) 3.27%; 华虹半导体(电芯片/核心半导体) 1.75%
024775,永赢上证科创板人工智能指数发起C,指数型-股票,0.00%,9.30%,0.00%,32.79%,42.09%,6,芯原股份(电芯片/核心半导体) 9.65%; 寒武纪(电芯片/核心半导体) 9.62%; 澜起科技(存储) 9.30%; 晶晨股份(电芯片/核心半导体) 4.98%; 复旦微电(电芯片/核心半导体) 4.67%; 恒玄科技(电芯片/核心半导体) 3.87%
024776,永赢上证科创板人工智能指数发起E,指数型-股票,0.00%,9.30%,0.00%,32.79%,42.09%,6,芯原股份(电芯片/核心半导体) 9.65%; 寒武纪(电芯片/核心半导体) 9.62%; 澜起科技(存储) 9.30%; 晶晨股份(电芯片/核心半导体) 4.98%; 复旦微电(电芯片/核心半导体) 4.67%; 恒玄科技(电芯片/核心半导体) 3.87%
024774,永赢上证科创板人工智能指数发起A,指数型-股票,0.00%,9.30%,0.00%,32.79%,42.09%,6,芯原股份(电芯片/核心半导体) 9.65%; 寒武纪(电芯片/核心半导体) 9.62%; 澜起科技(存储) 9.30%; 晶晨股份(电芯片/核心半导体) 4.98%; 复旦微电(电芯片/核心半导体) 4.67%; 恒玄科技(电芯片/核心半导体) 3.87%
012921,易方达全球成长精选混合(QDII)美元现汇A,QDII-混合偏股,4.67%,0.00%,28.53%,8.88%,42.08%,7,台积电(电芯片/核心半导体) 8.88%; Lumentum Holdings Inc(光芯片/光通信) 8.68%; 新易盛(光芯片/光通信) 6.02%; 康宁(光芯片/光通信) 4.67%; AXT Inc(AXTI) 4.67%; 中际旭创(光芯片/光通信) 4.67%; 源杰科技(光芯片/光通信) 4.49%
012923,易方达全球成长精选混合(QDII)美元现汇C,QDII-混合偏股,4.67%,0.00%,28.53%,8.88%,42.08%,7,台积电(电芯片/核心半导体) 8.88%; Lumentum Holdings Inc(光芯片/光通信) 8.68%; 新易盛(光芯片/光通信) 6.02%; 康宁(光芯片/光通信) 4.67%; AXT Inc(AXTI) 4.67%; 中际旭创(光芯片/光通信) 4.67%; 源杰科技(光芯片/光通信) 4.49%
012922,易方达全球成长精选混合(QDII)人民币C,QDII-混合偏股,4.67%,0.00%,28.53%,8.88%,42.08%,7,台积电(电芯片/核心半导体) 8.88%; Lumentum Holdings Inc(光芯片/光通信) 8.68%; 新易盛(光芯片/光通信) 6.02%; 康宁(光芯片/光通信) 4.67%; AXT Inc(AXTI) 4.67%; 中际旭创(光芯片/光通信) 4.67%; 源杰科技(光芯片/光通信) 4.49%
012920,易方达全球成长精选混合(QDII)人民币A,QDII-混合偏股,4.67%,0.00%,28.53%,8.88%,42.08%,7,台积电(电芯片/核心半导体) 8.88%; Lumentum Holdings Inc(光芯片/光通信) 8.68%; 新易盛(光芯片/光通信) 6.02%; 康宁(光芯片/光通信) 4.67%; AXT Inc(AXTI) 4.67%; 中际旭创(光芯片/光通信) 4.67%; 源杰科技(光芯片/光通信) 4.49%
022184,富国全球科技互联网股票(QDII)C,QDII-普通股票,0.00%,7.44%,0.00%,34.50%,41.94%,7,台积电(电芯片/核心半导体) 10.06%; 英伟达(电芯片/核心半导体) 9.80%; 超威半导体(电芯片/核心半导体) 7.40%; SK海力士(存储) 4.11%; 英特尔(电芯片/核心半导体) 3.66%; 阿斯麦(电芯片/核心半导体) 3.58%; 三星电子(存储) 3.33%
026228,富国全球科技互联网股票(QDII)D,QDII-普通股票,0.00%,7.44%,0.00%,34.50%,41.94%,7,台积电(电芯片/核心半导体) 10.06%; 英伟达(电芯片/核心半导体) 9.80%; 超威半导体(电芯片/核心半导体) 7.40%; SK海力士(存储) 4.11%; 英特尔(电芯片/核心半导体) 3.66%; 阿斯麦(电芯片/核心半导体) 3.58%; 三星电子(存储) 3.33%
100055,富国全球科技互联网股票(QDII)A,QDII-普通股票,0.00%,7.44%,0.00%,34.50%,41.94%,7,台积电(电芯片/核心半导体) 10.06%; 英伟达(电芯片/核心半导体) 9.80%; 超威半导体(电芯片/核心半导体) 7.40%; SK海力士(存储) 4.11%; 英特尔(电芯片/核心半导体) 3.66%; 阿斯麦(电芯片/核心半导体) 3.58%; 三星电子(存储) 3.33%
021491,中航远见领航混合发起A,混合型-偏股,0.00%,14.69%,0.00%,27.24%,41.93%,5,恒玄科技(电芯片/核心半导体) 9.57%; 晶晨股份(电芯片/核心半导体) 9.48%; 泰凌微(存储) 8.57%; 翱捷科技(电芯片/核心半导体) 8.19%; 兆易创新(存储) 6.12%
021492,中航远见领航混合发起C,混合型-偏股,0.00%,14.69%,0.00%,27.24%,41.93%,5,恒玄科技(电芯片/核心半导体) 9.57%; 晶晨股份(电芯片/核心半导体) 9.48%; 泰凌微(存储) 8.57%; 翱捷科技(电芯片/核心半导体) 8.19%; 兆易创新(存储) 6.12%
013145,浙商汇金先进制造混合,混合型-偏股,0.00%,0.00%,41.90%,0.00%,41.90%,5,新易盛(光芯片/光通信) 9.70%; 中际旭创(光芯片/光通信) 9.35%; 天孚通信(光芯片/光通信) 9.13%; 源杰科技(光芯片/光通信) 8.42%; 仕佳光子(光芯片/光通信) 5.30%
024874,嘉实上证科创板人工智能指数发起式A,指数型-股票,0.00%,9.24%,0.00%,32.57%,41.81%,6,芯原股份(电芯片/核心半导体) 9.59%; 寒武纪(电芯片/核心半导体) 9.54%; 澜起科技(存储) 9.24%; 晶晨股份(电芯片/核心半导体) 4.95%; 复旦微电(电芯片/核心半导体) 4.64%; 恒玄科技(电芯片/核心半导体) 3.85%
024875,嘉实上证科创板人工智能指数发起式C,指数型-股票,0.00%,9.24%,0.00%,32.57%,41.81%,6,芯原股份(电芯片/核心半导体) 9.59%; 寒武纪(电芯片/核心半导体) 9.54%; 澜起科技(存储) 9.24%; 晶晨股份(电芯片/核心半导体) 4.95%; 复旦微电(电芯片/核心半导体) 4.64%; 恒玄科技(电芯片/核心半导体) 3.85%
024449,广发价值稳进混合C,混合型-偏股,0.00%,5.76%,24.59%,11.29%,41.64%,6,中际旭创(光芯片/光通信) 9.14%; 新易盛(光芯片/光通信) 9.07%; 德科立(光芯片/光通信) 6.38%; 北方华创(电芯片/核心半导体) 6.16%; 兆易创新(存储) 5.76%; 中微公司(电芯片/核心半导体) 5.13%
024448,广发价值稳进混合A,混合型-偏股,0.00%,5.76%,24.59%,11.29%,41.64%,6,中际旭创(光芯片/光通信) 9.14%; 新易盛(光芯片/光通信) 9.07%; 德科立(光芯片/光通信) 6.38%; 北方华创(电芯片/核心半导体) 6.16%; 兆易创新(存储) 5.76%; 中微公司(电芯片/核心半导体) 5.13%
025759,华安新兴动力混合发起式C,混合型-偏股,0.00%,0.00%,36.30%,5.31%,41.61%,6,中际旭创(光芯片/光通信) 8.56%; 天孚通信(光芯片/光通信) 8.03%; 新易盛(光芯片/光通信) 7.58%; 长飞光纤光缆(光芯片/光通信) 6.69%; 光库科技(光芯片/光通信) 5.44%; 寒武纪(电芯片/核心半导体) 5.31%
025758,华安新兴动力混合发起式A,混合型-偏股,0.00%,0.00%,36.30%,5.31%,41.61%,6,中际旭创(光芯片/光通信) 8.56%; 天孚通信(光芯片/光通信) 8.03%; 新易盛(光芯片/光通信) 7.58%; 长飞光纤光缆(光芯片/光通信) 6.69%; 光库科技(光芯片/光通信) 5.44%; 寒武纪(电芯片/核心半导体) 5.31%
515880,通信ETF国泰,指数型-股票,0.00%,0.00%,41.57%,0.00%,41.57%,7,新易盛(光芯片/光通信) 15.00%; 中际旭创(光芯片/光通信) 13.66%; 天孚通信(光芯片/光通信) 7.14%; 光迅科技(光芯片/光通信) 2.09%; 剑桥科技(光芯片/光通信) 1.44%; 仕佳光子(光芯片/光通信) 1.36%; 太辰光(光芯片/光通信) 0.88%
159382,创业板人工智能ETF南方,指数型-股票,0.00%,2.59%,38.95%,0.00%,41.54%,4,新易盛(光芯片/光通信) 15.29%; 中际旭创(光芯片/光通信) 13.93%; 天孚通信(光芯片/光通信) 9.73%; 北京君正(存储) 2.59%
159246,创业板人工智能ETF富国,指数型-股票,0.00%,2.60%,38.88%,0.00%,41.48%,4,新易盛(光芯片/光通信) 15.26%; 中际旭创(光芯片/光通信) 13.92%; 天孚通信(光芯片/光通信) 9.70%; 北京君正(存储) 2.60%
025421,浦银安盛数字经济混合A,混合型-偏股,0.00%,0.00%,41.47%,0.00%,41.47%,6,天孚通信(光芯片/光通信) 8.63%; 新易盛(光芯片/光通信) 7.75%; 中际旭创(光芯片/光通信) 7.58%; 长飞光纤光缆(光芯片/光通信) 7.04%; 源杰科技(光芯片/光通信) 6.26%; 光库科技(光芯片/光通信) 4.21%
025422,浦银安盛数字经济混合C,混合型-偏股,0.00%,0.00%,41.47%,0.00%,41.47%,6,天孚通信(光芯片/光通信) 8.63%; 新易盛(光芯片/光通信) 7.75%; 中际旭创(光芯片/光通信) 7.58%; 长飞光纤光缆(光芯片/光通信) 7.04%; 源杰科技(光芯片/光通信) 6.26%; 光库科技(光芯片/光通信) 4.21%
159243,创业板人工智能ETF招商,指数型-股票,0.00%,2.62%,38.84%,0.00%,41.46%,4,新易盛(光芯片/光通信) 15.28%; 中际旭创(光芯片/光通信) 14.00%; 天孚通信(光芯片/光通信) 9.56%; 北京君正(存储) 2.62%
159381,创业板人工智能ETF华夏,指数型-股票,0.00%,2.61%,38.85%,0.00%,41.46%,4,新易盛(光芯片/光通信) 15.21%; 中际旭创(光芯片/光通信) 13.92%; 天孚通信(光芯片/光通信) 9.72%; 北京君正(存储) 2.61%
512930,AI人工智能ETF平安,指数型-股票,0.00%,5.75%,22.12%,13.53%,41.40%,6,新易盛(光芯片/光通信) 11.57%; 中际旭创(光芯片/光通信) 10.55%; 寒武纪(电芯片/核心半导体) 7.32%; 澜起科技(存储) 5.75%; 豪威集团(电芯片/核心半导体) 3.22%; 芯原股份(电芯片/核心半导体) 2.99%
159388,创业板人工智能ETF国泰,指数型-股票,0.00%,2.58%,38.81%,0.00%,41.39%,4,新易盛(光芯片/光通信) 15.24%; 中际旭创(光芯片/光通信) 13.89%; 天孚通信(光芯片/光通信) 9.68%; 北京君正(存储) 2.58%
588660,科创创业50ETF兴银,指数型-股票,0.00%,3.35%,24.44%,13.57%,41.36%,7,中际旭创(光芯片/光通信) 10.81%; 新易盛(光芯片/光通信) 10.33%; 寒武纪(电芯片/核心半导体) 4.59%; 海光信息(电芯片/核心半导体) 4.58%; 中芯国际(电芯片/核心半导体) 4.40%; 澜起科技(存储) 3.35%; 天孚通信(光芯片/光通信) 3.30%
159279,创业板人工智能ETF华安,指数型-股票,0.00%,2.60%,38.71%,0.00%,41.31%,4,新易盛(光芯片/光通信) 15.16%; 中际旭创(光芯片/光通信) 13.88%; 天孚通信(光芯片/光通信) 9.67%; 北京君正(存储) 2.60%
515070,人工智能ETF华夏,指数型-股票,0.00%,5.74%,22.08%,13.43%,41.25%,6,新易盛(光芯片/光通信) 11.54%; 中际旭创(光芯片/光通信) 10.54%; 寒武纪(电芯片/核心半导体) 7.31%; 澜起科技(存储) 5.74%; 豪威集团(电芯片/核心半导体) 3.21%; 芯原股份(电芯片/核心半导体) 2.91%
024899,国投瑞银上证科创板人工智能指数发起式C,指数型-股票,0.00%,8.95%,0.00%,32.24%,41.19%,6,寒武纪(电芯片/核心半导体) 9.50%; 芯原股份(电芯片/核心半导体) 9.45%; 澜起科技(存储) 8.95%; 晶晨股份(电芯片/核心半导体) 4.84%; 复旦微电(电芯片/核心半导体) 4.62%; 恒玄科技(电芯片/核心半导体) 3.83%
024898,国投瑞银上证科创板人工智能指数发起式A,指数型-股票,0.00%,8.95%,0.00%,32.24%,41.19%,6,寒武纪(电芯片/核心半导体) 9.50%; 芯原股份(电芯片/核心半导体) 9.45%; 澜起科技(存储) 8.95%; 晶晨股份(电芯片/核心半导体) 4.84%; 复旦微电(电芯片/核心半导体) 4.62%; 恒玄科技(电芯片/核心半导体) 3.83%
159242,创业板人工智能ETF大成,指数型-股票,0.00%,2.59%,38.58%,0.00%,41.17%,4,新易盛(光芯片/光通信) 15.13%; 中际旭创(光芯片/光通信) 13.81%; 天孚通信(光芯片/光通信) 9.64%; 北京君正(存储) 2.59%
018957,中航机遇领航混合发起C,混合型-偏股,0.00%,0.00%,41.08%,0.00%,41.08%,5,新易盛(光芯片/光通信) 9.75%; 中际旭创(光芯片/光通信) 9.72%; 天孚通信(光芯片/光通信) 9.66%; 长光华芯(光芯片/光通信) 7.74%; 仕佳光子(光芯片/光通信) 4.21%
018122,永赢数字经济智选混合发起A,混合型-偏股,0.00%,9.27%,5.13%,26.64%,41.04%,6,寒武纪(电芯片/核心半导体) 9.61%; 海光信息(电芯片/核心半导体) 9.31%; 芯原股份(电芯片/核心半导体) 7.72%; 兆易创新(存储) 5.13%; 光迅科技(光芯片/光通信) 5.13%; 长电科技(存储) 4.14%
018123,永赢数字经济智选混合发起C,混合型-偏股,0.00%,9.27%,5.13%,26.64%,41.04%,6,寒武纪(电芯片/核心半导体) 9.61%; 海光信息(电芯片/核心半导体) 9.31%; 芯原股份(电芯片/核心半导体) 7.72%; 兆易创新(存储) 5.13%; 光迅科技(光芯片/光通信) 5.13%; 长电科技(存储) 4.14%
159248,人工智能ETF万家,指数型-股票,0.00%,5.68%,21.84%,13.38%,40.90%,6,新易盛(光芯片/光通信) 11.42%; 中际旭创(光芯片/光通信) 10.42%; 寒武纪(电芯片/核心半导体) 7.23%; 澜起科技(存储) 5.68%; 豪威集团(电芯片/核心半导体) 3.19%; 芯原股份(电芯片/核心半导体) 2.96%
008253,华宝致远混合(QDII)A,QDII-混合偏股,0.00%,10.00%,12.69%,18.19%,40.88%,9,英伟达(电芯片/核心半导体) 7.79%; Lumentum Holdings Inc(光芯片/光通信) 7.07%; 闪迪(存储) 5.47%; 美光科技(存储) 4.53%; 博通(电芯片/核心半导体) 4.15%; 台积电(电芯片/核心半导体) 3.89%; 康宁(光芯片/光通信) 2.96%; Coherent Corp(光芯片/光通信) 2.66%; 阿斯麦(电芯片/核心半导体) 2.36%
008254,华宝致远混合(QDII)C,QDII-混合偏股,0.00%,10.00%,12.69%,18.19%,40.88%,9,英伟达(电芯片/核心半导体) 7.79%; Lumentum Holdings Inc(光芯片/光通信) 7.07%; 闪迪(存储) 5.47%; 美光科技(存储) 4.53%; 博通(电芯片/核心半导体) 4.15%; 台积电(电芯片/核心半导体) 3.89%; 康宁(光芯片/光通信) 2.96%; Coherent Corp(光芯片/光通信) 2.66%; 阿斯麦(电芯片/核心半导体) 2.36%
013369,汇添富自主核心科技一年持有混合A,混合型-偏股,0.00%,0.00%,40.83%,0.00%,40.83%,5,新易盛(光芯片/光通信) 9.12%; 源杰科技(光芯片/光通信) 9.05%; 中际旭创(光芯片/光通信) 8.92%; 天孚通信(光芯片/光通信) 8.39%; 长飞光纤光缆(光芯片/光通信) 5.35%
013370,汇添富自主核心科技一年持有混合C,混合型-偏股,0.00%,0.00%,40.83%,0.00%,40.83%,5,新易盛(光芯片/光通信) 9.12%; 源杰科技(光芯片/光通信) 9.05%; 中际旭创(光芯片/光通信) 8.92%; 天孚通信(光芯片/光通信) 8.39%; 长飞光纤光缆(光芯片/光通信) 5.35%
008989,大成科技创新混合C,混合型-偏股,0.00%,0.00%,40.74%,0.00%,40.74%,5,长飞光纤光缆(光芯片/光通信) 10.74%; 新易盛(光芯片/光通信) 9.40%; 中际旭创(光芯片/光通信) 8.95%; 天孚通信(光芯片/光通信) 6.48%; 源杰科技(光芯片/光通信) 5.17%
008988,大成科技创新混合A,混合型-偏股,0.00%,0.00%,40.74%,0.00%,40.74%,5,长飞光纤光缆(光芯片/光通信) 10.74%; 新易盛(光芯片/光通信) 9.40%; 中际旭创(光芯片/光通信) 8.95%; 天孚通信(光芯片/光通信) 6.48%; 源杰科技(光芯片/光通信) 5.17%
024750,兴业上证科创板人工智能指数A,指数型-股票,0.00%,8.82%,0.00%,31.89%,40.71%,6,芯原股份(电芯片/核心半导体) 9.39%; 寒武纪(电芯片/核心半导体) 9.34%; 澜起科技(存储) 8.82%; 晶晨股份(电芯片/核心半导体) 4.84%; 复旦微电(电芯片/核心半导体) 4.55%; 恒玄科技(电芯片/核心半导体) 3.77%
024751,兴业上证科创板人工智能指数C,指数型-股票,0.00%,8.82%,0.00%,31.89%,40.71%,6,芯原股份(电芯片/核心半导体) 9.39%; 寒武纪(电芯片/核心半导体) 9.34%; 澜起科技(存储) 8.82%; 晶晨股份(电芯片/核心半导体) 4.84%; 复旦微电(电芯片/核心半导体) 4.55%; 恒玄科技(电芯片/核心半导体) 3.77%
008120,万家自主创新混合A,混合型-偏股,0.00%,0.00%,0.00%,40.65%,40.65%,5,寒武纪(电芯片/核心半导体) 8.91%; 中芯国际(电芯片/核心半导体) 8.52%; 思瑞浦(电芯片/核心半导体) 8.10%; 中微公司(电芯片/核心半导体) 7.77%; 圣邦股份(电芯片/核心半导体) 7.35%
008121,万家自主创新混合C,混合型-偏股,0.00%,0.00%,0.00%,40.65%,40.65%,5,寒武纪(电芯片/核心半导体) 8.91%; 中芯国际(电芯片/核心半导体) 8.52%; 思瑞浦(电芯片/核心半导体) 8.10%; 中微公司(电芯片/核心半导体) 7.77%; 圣邦股份(电芯片/核心半导体) 7.35%
006792,鹏华港美互联股票美元现汇,QDII-普通股票,0.00%,16.06%,0.00%,24.48%,40.54%,6,台积电(电芯片/核心半导体) 9.09%; 英伟达(电芯片/核心半导体) 9.05%; 闪迪(存储) 8.57%; 美光科技(存储) 7.49%; 博通(电芯片/核心半导体) 3.49%; 阿斯麦(电芯片/核心半导体) 2.85%
160644,鹏华港美互联股票人民币,QDII-普通股票,0.00%,16.06%,0.00%,24.48%,40.54%,6,台积电(电芯片/核心半导体) 9.09%; 英伟达(电芯片/核心半导体) 9.05%; 闪迪(存储) 8.57%; 美光科技(存储) 7.49%; 博通(电芯片/核心半导体) 3.49%; 阿斯麦(电芯片/核心半导体) 2.85%
014472,景顺长城远见成长混合A,混合型-偏股,0.00%,8.21%,21.58%,10.61%,40.40%,6,中际旭创(光芯片/光通信) 8.64%; 兆易创新(存储) 8.21%; 新易盛(光芯片/光通信) 8.09%; 中芯国际(电芯片/核心半导体) 6.17%; 长飞光纤光缆(光芯片/光通信) 4.85%; 中微公司(电芯片/核心半导体) 4.44%
014473,景顺长城远见成长混合C,混合型-偏股,0.00%,8.21%,21.58%,10.61%,40.40%,6,中际旭创(光芯片/光通信) 8.64%; 兆易创新(存储) 8.21%; 新易盛(光芯片/光通信) 8.09%; 中芯国际(电芯片/核心半导体) 6.17%; 长飞光纤光缆(光芯片/光通信) 4.85%; 中微公司(电芯片/核心半导体) 4.44%
022029,京管泰富科技驱动混合C,混合型-偏股,0.00%,7.27%,33.11%,0.00%,40.38%,5,新易盛(光芯片/光通信) 9.63%; 中际旭创(光芯片/光通信) 8.09%; 天孚通信(光芯片/光通信) 7.82%; 源杰科技(光芯片/光通信) 7.57%; 佰维存储(存储) 7.27%
022028,京管泰富科技驱动混合A,混合型-偏股,0.00%,7.27%,33.11%,0.00%,40.38%,5,新易盛(光芯片/光通信) 9.63%; 中际旭创(光芯片/光通信) 8.09%; 天孚通信(光芯片/光通信) 7.82%; 源杰科技(光芯片/光通信) 7.57%; 佰维存储(存储) 7.27%
017413,创金合信中证科创创业50指数增强C,指数型-股票,0.00%,2.76%,22.83%,14.71%,40.30%,7,中际旭创(光芯片/光通信) 9.85%; 新易盛(光芯片/光通信) 9.79%; 寒武纪(电芯片/核心半导体) 5.17%; 海光信息(电芯片/核心半导体) 4.85%; 中芯国际(电芯片/核心半导体) 4.69%; 天孚通信(光芯片/光通信) 3.19%; 澜起科技(存储) 2.76%
017412,创金合信中证科创创业50指数增强A,指数型-股票,0.00%,2.76%,22.83%,14.71%,40.30%,7,中际旭创(光芯片/光通信) 9.85%; 新易盛(光芯片/光通信) 9.79%; 寒武纪(电芯片/核心半导体) 5.17%; 海光信息(电芯片/核心半导体) 4.85%; 中芯国际(电芯片/核心半导体) 4.69%; 天孚通信(光芯片/光通信) 3.19%; 澜起科技(存储) 2.76%
008382,融通产业趋势股票,股票型,0.00%,0.00%,40.23%,0.00%,40.23%,5,新易盛(光芯片/光通信) 9.96%; 中际旭创(光芯片/光通信) 9.91%; 长飞光纤光缆(光芯片/光通信) 8.44%; 源杰科技(光芯片/光通信) 7.59%; 天孚通信(光芯片/光通信) 4.33%
009447,财通资管科技创新一年定开混合,混合型-偏股,0.00%,0.00%,40.19%,0.00%,40.19%,7,中际旭创(光芯片/光通信) 8.38%; 新易盛(光芯片/光通信) 8.35%; 联特科技(光芯片/光通信) 4.90%; 源杰科技(光芯片/光通信) 4.88%; 天孚通信(光芯片/光通信) 4.81%; 长芯博创(光芯片/光通信) 4.44%; 长光华芯(光芯片/光通信) 4.43%
017495,泰康中证科创创业50指数A,指数型-股票,0.00%,3.26%,23.58%,13.33%,40.17%,7,中际旭创(光芯片/光通信) 10.37%; 新易盛(光芯片/光通信) 10.00%; 寒武纪(电芯片/核心半导体) 4.63%; 海光信息(电芯片/核心半导体) 4.43%; 中芯国际(电芯片/核心半导体) 4.27%; 澜起科技(存储) 3.26%; 天孚通信(光芯片/光通信) 3.21%
017496,泰康中证科创创业50指数C,指数型-股票,0.00%,3.26%,23.58%,13.33%,40.17%,7,中际旭创(光芯片/光通信) 10.37%; 新易盛(光芯片/光通信) 10.00%; 寒武纪(电芯片/核心半导体) 4.63%; 海光信息(电芯片/核心半导体) 4.43%; 中芯国际(电芯片/核心半导体) 4.27%; 澜起科技(存储) 3.26%; 天孚通信(光芯片/光通信) 3.21%
005819,国泰优势行业混合A,混合型-偏股,0.00%,18.08%,0.00%,22.07%,40.15%,6,中微公司(电芯片/核心半导体) 9.60%; 北方华创(电芯片/核心半导体) 9.40%; 普冉股份(存储) 6.29%; 兆易创新(存储) 5.94%; 北京君正(存储) 5.85%; 华海清科(电芯片/核心半导体) 3.07%
015585,国泰优势行业混合C,混合型-偏股,0.00%,18.08%,0.00%,22.07%,40.15%,6,中微公司(电芯片/核心半导体) 9.60%; 北方华创(电芯片/核心半导体) 9.40%; 普冉股份(存储) 6.29%; 兆易创新(存储) 5.94%; 北京君正(存储) 5.85%; 华海清科(电芯片/核心半导体) 3.07%
017731,嘉实全球产业升级股票发起式(QDII)C,QDII-普通股票,0.00%,4.85%,4.25%,31.05%,40.15%,10,博通(电芯片/核心半导体) 5.37%; 美光科技(存储) 4.85%; 迈威尔科技(电芯片/核心半导体) 4.37%; 源杰科技(光芯片/光通信) 4.25%; 英伟达(电芯片/核心半导体) 3.79%; 阿斯麦(电芯片/核心半导体) 3.70%; 寒武纪(电芯片/核心半导体) 3.66%; 科磊(电芯片/核心半导体) 3.44%; 台积电(电芯片/核心半导体) 3.39%; 超威半导体(电芯片/核心半导体) 3.33%
017730,嘉实全球产业升级股票发起式(QDII)A,QDII-普通股票,0.00%,4.85%,4.25%,31.05%,40.15%,10,博通(电芯片/核心半导体) 5.37%; 美光科技(存储) 4.85%; 迈威尔科技(电芯片/核心半导体) 4.37%; 源杰科技(光芯片/光通信) 4.25%; 英伟达(电芯片/核心半导体) 3.79%; 阿斯麦(电芯片/核心半导体) 3.70%; 寒武纪(电芯片/核心半导体) 3.66%; 科磊(电芯片/核心半导体) 3.44%; 台积电(电芯片/核心半导体) 3.39%; 超威半导体(电芯片/核心半导体) 3.33%
025784,兴证资管金麒麟兴享优选混合E,混合型-偏股,0.00%,0.00%,34.57%,5.44%,40.01%,5,新易盛(光芯片/光通信) 9.78%; 中际旭创(光芯片/光通信) 9.60%; 源杰科技(光芯片/光通信) 9.54%; 天孚通信(光芯片/光通信) 5.65%; 寒武纪(电芯片/核心半导体) 5.44%
025783,兴证资管金麒麟兴享优选混合D,混合型-偏股,0.00%,0.00%,34.57%,5.44%,40.01%,5,新易盛(光芯片/光通信) 9.78%; 中际旭创(光芯片/光通信) 9.60%; 源杰科技(光芯片/光通信) 9.54%; 天孚通信(光芯片/光通信) 5.65%; 寒武纪(电芯片/核心半导体) 5.44%
970102,兴证资管金麒麟兴享优选混合C,混合型-偏股,0.00%,0.00%,34.57%,5.44%,40.01%,5,新易盛(光芯片/光通信) 9.78%; 中际旭创(光芯片/光通信) 9.60%; 源杰科技(光芯片/光通信) 9.54%; 天孚通信(光芯片/光通信) 5.65%; 寒武纪(电芯片/核心半导体) 5.44%
970101,兴证资管金麒麟兴享优选混合B,混合型-偏股,0.00%,0.00%,34.57%,5.44%,40.01%,5,新易盛(光芯片/光通信) 9.78%; 中际旭创(光芯片/光通信) 9.60%; 源杰科技(光芯片/光通信) 9.54%; 天孚通信(光芯片/光通信) 5.65%; 寒武纪(电芯片/核心半导体) 5.44%
970100,兴证资管金麒麟兴享优选混合A,混合型-偏股,0.00%,0.00%,34.57%,5.44%,40.01%,5,新易盛(光芯片/光通信) 9.78%; 中际旭创(光芯片/光通信) 9.60%; 源杰科技(光芯片/光通信) 9.54%; 天孚通信(光芯片/光通信) 5.65%; 寒武纪(电芯片/核心半导体) 5.44%
005300,万家成长优选混合C,混合型-灵活,0.00%,5.39%,17.56%,16.97%,39.92%,6,海光信息(电芯片/核心半导体) 9.90%; 中际旭创(光芯片/光通信) 7.53%; 寒武纪(电芯片/核心半导体) 7.07%; 新易盛(光芯片/光通信) 6.02%; 兆易创新(存储) 5.39%; 天孚通信(光芯片/光通信) 4.01%
005299,万家成长优选混合A,混合型-灵活,0.00%,5.39%,17.56%,16.97%,39.92%,6,海光信息(电芯片/核心半导体) 9.90%; 中际旭创(光芯片/光通信) 7.53%; 寒武纪(电芯片/核心半导体) 7.07%; 新易盛(光芯片/光通信) 6.02%; 兆易创新(存储) 5.39%; 天孚通信(光芯片/光通信) 4.01%
588460,科创50增强ETF鹏华,指数型-股票,0.00%,5.61%,0.00%,34.30%,39.91%,6,海光信息(电芯片/核心半导体) 8.78%; 寒武纪(电芯片/核心半导体) 7.73%; 中微公司(电芯片/核心半导体) 6.54%; 中芯国际(电芯片/核心半导体) 6.38%; 澜起科技(存储) 5.61%; 芯原股份(电芯片/核心半导体) 4.87%
015967,永赢半导体产业智选混合发起A,混合型-偏股,0.00%,23.16%,0.00%,16.68%,39.84%,5,中芯国际(电芯片/核心半导体) 9.40%; 通富微电(存储) 8.27%; 长电科技(存储) 7.75%; 芯原股份(电芯片/核心半导体) 7.28%; 兆易创新(存储) 7.14%
015968,永赢半导体产业智选混合发起C,混合型-偏股,0.00%,23.16%,0.00%,16.68%,39.84%,5,中芯国际(电芯片/核心半导体) 9.40%; 通富微电(存储) 8.27%; 长电科技(存储) 7.75%; 芯原股份(电芯片/核心半导体) 7.28%; 兆易创新(存储) 7.14%
001000,中欧明睿新起点混合,混合型-偏股,0.00%,8.99%,24.63%,6.17%,39.79%,5,新易盛(光芯片/光通信) 9.77%; 中际旭创(光芯片/光通信) 9.55%; 兆易创新(存储) 8.99%; 北方华创(电芯片/核心半导体) 6.17%; 天孚通信(光芯片/光通信) 5.31%
015491,博时科创主题灵活配置混合(LOF)C,混合型-灵活,0.00%,0.00%,36.41%,3.34%,39.75%,7,中际旭创(光芯片/光通信) 9.17%; 新易盛(光芯片/光通信) 8.61%; 源杰科技(光芯片/光通信) 7.05%; 长飞光纤光缆(光芯片/光通信) 4.60%; 天孚通信(光芯片/光通信) 4.02%; 芯原股份(电芯片/核心半导体) 3.34%; 光迅科技(光芯片/光通信) 2.96%
501082,博时科创主题灵活配置混合(LOF)A,混合型-灵活,0.00%,0.00%,36.41%,3.34%,39.75%,7,中际旭创(光芯片/光通信) 9.17%; 新易盛(光芯片/光通信) 8.61%; 源杰科技(光芯片/光通信) 7.05%; 长飞光纤光缆(光芯片/光通信) 4.60%; 天孚通信(光芯片/光通信) 4.02%; 芯原股份(电芯片/核心半导体) 3.34%; 光迅科技(光芯片/光通信) 2.96%
008297,广发价值优势混合,混合型-偏股,0.00%,6.24%,21.54%,11.95%,39.73%,6,新易盛(光芯片/光通信) 7.94%; 中际旭创(光芯片/光通信) 7.11%; 北方华创(电芯片/核心半导体) 6.78%; 德科立(光芯片/光通信) 6.49%; 兆易创新(存储) 6.24%; 中微公司(电芯片/核心半导体) 5.17%
002892,华夏移动互联混合美元现汇,QDII-混合灵活,0.00%,13.71%,18.45%,7.56%,39.72%,7,Coherent Corp(光芯片/光通信) 7.54%; 闪迪(存储) 7.13%; 美光科技(存储) 6.58%; Lumentum Holdings Inc(光芯片/光通信) 5.79%; 康宁(光芯片/光通信) 5.12%; 英伟达(电芯片/核心半导体) 4.11%; 英特尔(电芯片/核心半导体) 3.45%
002891,华夏移动互联混合人民币,QDII-混合灵活,0.00%,13.71%,18.45%,7.56%,39.72%,7,Coherent Corp(光芯片/光通信) 7.54%; 闪迪(存储) 7.13%; 美光科技(存储) 6.58%; Lumentum Holdings Inc(光芯片/光通信) 5.79%; 康宁(光芯片/光通信) 5.12%; 英伟达(电芯片/核心半导体) 4.11%; 英特尔(电芯片/核心半导体) 3.45%
002893,华夏移动互联混合美元现钞,QDII-混合灵活,0.00%,13.71%,18.45%,7.56%,39.72%,7,Coherent Corp(光芯片/光通信) 7.54%; 闪迪(存储) 7.13%; 美光科技(存储) 6.58%; Lumentum Holdings Inc(光芯片/光通信) 5.79%; 康宁(光芯片/光通信) 5.12%; 英伟达(电芯片/核心半导体) 4.11%; 英特尔(电芯片/核心半导体) 3.45%
012898,兴银中证科创创业50指数A,指数型-股票,0.00%,3.19%,23.20%,13.23%,39.62%,7,中际旭创(光芯片/光通信) 10.25%; 新易盛(光芯片/光通信) 9.81%; 寒武纪(电芯片/核心半导体) 4.70%; 海光信息(电芯片/核心半导体) 4.35%; 中芯国际(电芯片/核心半导体) 4.18%; 澜起科技(存储) 3.19%; 天孚通信(光芯片/光通信) 3.14%
012899,兴银中证科创创业50指数C,指数型-股票,0.00%,3.19%,23.20%,13.23%,39.62%,7,中际旭创(光芯片/光通信) 10.25%; 新易盛(光芯片/光通信) 9.81%; 寒武纪(电芯片/核心半导体) 4.70%; 海光信息(电芯片/核心半导体) 4.35%; 中芯国际(电芯片/核心半导体) 4.18%; 澜起科技(存储) 3.19%; 天孚通信(光芯片/光通信) 3.14%
016010,兴银中证科创创业50指数E,指数型-股票,0.00%,3.19%,23.20%,13.23%,39.62%,7,中际旭创(光芯片/光通信) 10.25%; 新易盛(光芯片/光通信) 9.81%; 寒武纪(电芯片/核心半导体) 4.70%; 海光信息(电芯片/核心半导体) 4.35%; 中芯国际(电芯片/核心半导体) 4.18%; 澜起科技(存储) 3.19%; 天孚通信(光芯片/光通信) 3.14%
026389,招商资管上证科创板人工智能指数发起C,指数型-股票,0.00%,8.92%,0.00%,30.63%,39.55%,6,芯原股份(电芯片/核心半导体) 8.95%; 澜起科技(存储) 8.92%; 寒武纪(电芯片/核心半导体) 8.49%; 晶晨股份(电芯片/核心半导体) 4.87%; 复旦微电(电芯片/核心半导体) 4.53%; 恒玄科技(电芯片/核心半导体) 3.79%
026388,招商资管上证科创板人工智能指数发起A,指数型-股票,0.00%,8.92%,0.00%,30.63%,39.55%,6,芯原股份(电芯片/核心半导体) 8.95%; 澜起科技(存储) 8.92%; 寒武纪(电芯片/核心半导体) 8.49%; 晶晨股份(电芯片/核心半导体) 4.87%; 复旦微电(电芯片/核心半导体) 4.53%; 恒玄科技(电芯片/核心半导体) 3.79%
159583,通信ETF富国,指数型-股票,0.00%,0.00%,39.49%,0.00%,39.49%,4,新易盛(光芯片/光通信) 14.79%; 中际旭创(光芯片/光通信) 13.48%; 天孚通信(光芯片/光通信) 8.70%; 光迅科技(光芯片/光通信) 2.52%
009217,博时荣丰回报灵活配置混合A,混合型-灵活,0.00%,0.00%,36.11%,3.19%,39.30%,7,中际旭创(光芯片/光通信) 9.27%; 新易盛(光芯片/光通信) 8.43%; 源杰科技(光芯片/光通信) 7.27%; 长飞光纤光缆(光芯片/光通信) 4.30%; 天孚通信(光芯片/光通信) 3.92%; 芯原股份(电芯片/核心半导体) 3.19%; 光迅科技(光芯片/光通信) 2.92%
009218,博时荣丰回报灵活配置混合C,混合型-灵活,0.00%,0.00%,36.11%,3.19%,39.30%,7,中际旭创(光芯片/光通信) 9.27%; 新易盛(光芯片/光通信) 8.43%; 源杰科技(光芯片/光通信) 7.27%; 长飞光纤光缆(光芯片/光通信) 4.30%; 天孚通信(光芯片/光通信) 3.92%; 芯原股份(电芯片/核心半导体) 3.19%; 光迅科技(光芯片/光通信) 2.92%
009402,交银启明混合A,混合型-偏股,0.00%,0.00%,39.28%,0.00%,39.28%,4,长飞光纤光缆(光芯片/光通信) 10.92%; 新易盛(光芯片/光通信) 9.91%; 中际旭创(光芯片/光通信) 9.80%; 天孚通信(光芯片/光通信) 8.65%
013883,交银启明混合C,混合型-偏股,0.00%,0.00%,39.28%,0.00%,39.28%,4,长飞光纤光缆(光芯片/光通信) 10.92%; 新易盛(光芯片/光通信) 9.91%; 中际旭创(光芯片/光通信) 9.80%; 天孚通信(光芯片/光通信) 8.65%
011839,天弘中证人工智能A,指数型-股票,0.00%,5.45%,20.96%,12.84%,39.25%,6,新易盛(光芯片/光通信) 10.96%; 中际旭创(光芯片/光通信) 10.00%; 寒武纪(电芯片/核心半导体) 6.95%; 澜起科技(存储) 5.45%; 豪威集团(电芯片/核心半导体) 3.06%; 芯原股份(电芯片/核心半导体) 2.83%
011840,天弘中证人工智能C,指数型-股票,0.00%,5.45%,20.96%,12.84%,39.25%,6,新易盛(光芯片/光通信) 10.96%; 中际旭创(光芯片/光通信) 10.00%; 寒武纪(电芯片/核心半导体) 6.95%; 澜起科技(存储) 5.45%; 豪威集团(电芯片/核心半导体) 3.06%; 芯原股份(电芯片/核心半导体) 2.83%
015670,银河行业混合C,混合型-偏股,0.00%,4.23%,12.59%,22.40%,39.22%,7,源杰科技(光芯片/光通信) 8.74%; 海光信息(电芯片/核心半导体) 6.12%; 中芯国际(电芯片/核心半导体) 5.98%; 寒武纪(电芯片/核心半导体) 5.23%; 北方华创(电芯片/核心半导体) 5.07%; 兆易创新(存储) 4.23%; 天孚通信(光芯片/光通信) 3.85%
023462,中欧中证人工智能主题指数发起C,指数型-股票,0.00%,5.44%,20.91%,12.87%,39.22%,6,新易盛(光芯片/光通信) 10.93%; 中际旭创(光芯片/光通信) 9.98%; 寒武纪(电芯片/核心半导体) 7.00%; 澜起科技(存储) 5.44%; 豪威集团(电芯片/核心半导体) 3.05%; 芯原股份(电芯片/核心半导体) 2.82%
023461,中欧中证人工智能主题指数发起A,指数型-股票,0.00%,5.44%,20.91%,12.87%,39.22%,6,新易盛(光芯片/光通信) 10.93%; 中际旭创(光芯片/光通信) 9.98%; 寒武纪(电芯片/核心半导体) 7.00%; 澜起科技(存储) 5.44%; 豪威集团(电芯片/核心半导体) 3.05%; 芯原股份(电芯片/核心半导体) 2.82%
519670,银河行业混合A,混合型-偏股,0.00%,4.23%,12.59%,22.40%,39.22%,7,源杰科技(光芯片/光通信) 8.74%; 海光信息(电芯片/核心半导体) 6.12%; 中芯国际(电芯片/核心半导体) 5.98%; 寒武纪(电芯片/核心半导体) 5.23%; 北方华创(电芯片/核心半导体) 5.07%; 兆易创新(存储) 4.23%; 天孚通信(光芯片/光通信) 3.85%
021988,银河中证通信设备主题指数发起式A,指数型-股票,0.00%,0.00%,39.11%,0.00%,39.11%,4,新易盛(光芯片/光通信) 14.99%; 中际旭创(光芯片/光通信) 13.49%; 天孚通信(光芯片/光通信) 8.22%; 光迅科技(光芯片/光通信) 2.41%
021989,银河中证通信设备主题指数发起式C,指数型-股票,0.00%,0.00%,39.11%,0.00%,39.11%,4,新易盛(光芯片/光通信) 14.99%; 中际旭创(光芯片/光通信) 13.49%; 天孚通信(光芯片/光通信) 8.22%; 光迅科技(光芯片/光通信) 2.41%
024479,鑫元创业AI指数发起式C,指数型-股票,0.00%,2.46%,36.64%,0.00%,39.10%,4,新易盛(光芯片/光通信) 14.37%; 中际旭创(光芯片/光通信) 13.13%; 天孚通信(光芯片/光通信) 9.14%; 北京君正(存储) 2.46%
024478,鑫元创业AI指数发起式A,指数型-股票,0.00%,2.46%,36.64%,0.00%,39.10%,4,新易盛(光芯片/光通信) 14.37%; 中际旭创(光芯片/光通信) 13.13%; 天孚通信(光芯片/光通信) 9.14%; 北京君正(存储) 2.46%
014023,宏利景气领航两年持有混合,混合型-偏股,0.00%,0.00%,38.93%,0.00%,38.93%,5,新易盛(光芯片/光通信) 9.91%; 源杰科技(光芯片/光通信) 9.68%; 中际旭创(光芯片/光通信) 9.52%; 长飞光纤光缆(光芯片/光通信) 6.14%; 长芯博创(光芯片/光通信) 3.68%
009239,融通人工智能指数(LOF)C,指数型-股票,0.00%,5.40%,20.77%,12.71%,38.88%,6,新易盛(光芯片/光通信) 10.86%; 中际旭创(光芯片/光通信) 9.91%; 寒武纪(电芯片/核心半导体) 6.87%; 澜起科技(存储) 5.40%; 豪威集团(电芯片/核心半导体) 3.03%; 芯原股份(电芯片/核心半导体) 2.81%
161631,融通人工智能指数(LOF)A,指数型-股票,0.00%,5.40%,20.77%,12.71%,38.88%,6,新易盛(光芯片/光通信) 10.86%; 中际旭创(光芯片/光通信) 9.91%; 寒武纪(电芯片/核心半导体) 6.87%; 澜起科技(存储) 5.40%; 豪威集团(电芯片/核心半导体) 3.03%; 芯原股份(电芯片/核心半导体) 2.81%
025880,汇添富科技领先混合A,混合型-偏股,0.00%,0.00%,38.86%,0.00%,38.86%,5,中际旭创(光芯片/光通信) 8.77%; 新易盛(光芯片/光通信) 8.70%; 源杰科技(光芯片/光通信) 8.59%; 天孚通信(光芯片/光通信) 7.05%; 长飞光纤光缆(光芯片/光通信) 5.75%
025881,汇添富科技领先混合C,混合型-偏股,0.00%,0.00%,38.86%,0.00%,38.86%,5,中际旭创(光芯片/光通信) 8.77%; 新易盛(光芯片/光通信) 8.70%; 源杰科技(光芯片/光通信) 8.59%; 天孚通信(光芯片/光通信) 7.05%; 长飞光纤光缆(光芯片/光通信) 5.75%
011183,广发内需增长混合C,混合型-灵活,0.00%,5.89%,22.42%,10.52%,38.83%,6,新易盛(光芯片/光通信) 8.49%; 中际旭创(光芯片/光通信) 8.41%; 兆易创新(存储) 5.89%; 德科立(光芯片/光通信) 5.52%; 北方华创(电芯片/核心半导体) 5.34%; 中微公司(电芯片/核心半导体) 5.18%
270022,广发内需增长混合A,混合型-灵活,0.00%,5.89%,22.42%,10.52%,38.83%,6,新易盛(光芯片/光通信) 8.49%; 中际旭创(光芯片/光通信) 8.41%; 兆易创新(存储) 5.89%; 德科立(光芯片/光通信) 5.52%; 北方华创(电芯片/核心半导体) 5.34%; 中微公司(电芯片/核心半导体) 5.18%
159967,创业板成长ETF华夏,指数型-股票,0.00%,0.00%,38.73%,0.00%,38.73%,3,中际旭创(光芯片/光通信) 15.99%; 新易盛(光芯片/光通信) 15.75%; 天孚通信(光芯片/光通信) 6.99%
006281,万家人工智能混合A,混合型-偏股,0.00%,5.49%,15.94%,17.13%,38.56%,6,海光信息(电芯片/核心半导体) 9.93%; 寒武纪(电芯片/核心半导体) 7.20%; 中际旭创(光芯片/光通信) 6.14%; 新易盛(光芯片/光通信) 5.79%; 兆易创新(存储) 5.49%; 天孚通信(光芯片/光通信) 4.01%
014162,万家人工智能混合C,混合型-偏股,0.00%,5.49%,15.94%,17.13%,38.56%,6,海光信息(电芯片/核心半导体) 9.93%; 寒武纪(电芯片/核心半导体) 7.20%; 中际旭创(光芯片/光通信) 6.14%; 新易盛(光芯片/光通信) 5.79%; 兆易创新(存储) 5.49%; 天孚通信(光芯片/光通信) 4.01%
016729,长信中证科创创业50指数增强A,指数型-股票,0.00%,4.90%,18.94%,14.67%,38.51%,7,中际旭创(光芯片/光通信) 9.87%; 新易盛(光芯片/光通信) 9.07%; 寒武纪(电芯片/核心半导体) 6.12%; 中芯国际(电芯片/核心半导体) 5.68%; 海光信息(电芯片/核心半导体) 2.87%; 澜起科技(存储) 2.57%; 佰维存储(存储) 2.33%
016730,长信中证科创创业50指数增强C,指数型-股票,0.00%,4.90%,18.94%,14.67%,38.51%,7,中际旭创(光芯片/光通信) 9.87%; 新易盛(光芯片/光通信) 9.07%; 寒武纪(电芯片/核心半导体) 6.12%; 中芯国际(电芯片/核心半导体) 5.68%; 海光信息(电芯片/核心半导体) 2.87%; 澜起科技(存储) 2.57%; 佰维存储(存储) 2.33%
159389,数字经济ETF嘉实,指数型-股票,0.00%,0.00%,3.16%,35.26%,38.42%,6,海光信息(电芯片/核心半导体) 8.88%; 北方华创(电芯片/核心半导体) 8.81%; 中芯国际(电芯片/核心半导体) 8.09%; 中微公司(电芯片/核心半导体) 6.09%; 芯原股份(电芯片/核心半导体) 3.39%; 华工科技(光芯片/光通信) 3.16%
159385,数字经济ETF富国,指数型-股票,0.00%,0.00%,3.13%,35.04%,38.17%,6,北方华创(电芯片/核心半导体) 8.89%; 海光信息(电芯片/核心半导体) 8.82%; 中芯国际(电芯片/核心半导体) 8.06%; 中微公司(电芯片/核心半导体) 5.96%; 芯原股份(电芯片/核心半导体) 3.31%; 华工科技(光芯片/光通信) 3.13%
561220,数字经济ETF工银,指数型-股票,0.00%,0.00%,3.17%,34.92%,38.09%,6,北方华创(电芯片/核心半导体) 8.74%; 海光信息(电芯片/核心半导体) 8.71%; 中芯国际(电芯片/核心半导体) 7.98%; 中微公司(电芯片/核心半导体) 6.07%; 芯原股份(电芯片/核心半导体) 3.42%; 华工科技(光芯片/光通信) 3.17%
011399,汇添富数字未来混合A,混合型-偏股,0.00%,0.00%,37.95%,0.00%,37.95%,5,中际旭创(光芯片/光通信) 9.26%; 新易盛(光芯片/光通信) 9.13%; 源杰科技(光芯片/光通信) 8.26%; 天孚通信(光芯片/光通信) 6.57%; 长飞光纤光缆(光芯片/光通信) 4.73%
011400,汇添富数字未来混合C,混合型-偏股,0.00%,0.00%,37.95%,0.00%,37.95%,5,中际旭创(光芯片/光通信) 9.26%; 新易盛(光芯片/光通信) 9.13%; 源杰科技(光芯片/光通信) 8.26%; 天孚通信(光芯片/光通信) 6.57%; 长飞光纤光缆(光芯片/光通信) 4.73%
018827,鑫元科技创新混合A,混合型-偏股,0.00%,0.00%,32.30%,5.64%,37.94%,5,新易盛(光芯片/光通信) 8.96%; 中际旭创(光芯片/光通信) 8.88%; 天孚通信(光芯片/光通信) 8.60%; 源杰科技(光芯片/光通信) 5.86%; 芯原股份(电芯片/核心半导体) 5.64%
018828,鑫元科技创新混合C,混合型-偏股,0.00%,0.00%,32.30%,5.64%,37.94%,5,新易盛(光芯片/光通信) 8.96%; 中际旭创(光芯片/光通信) 8.88%; 天孚通信(光芯片/光通信) 8.60%; 源杰科技(光芯片/光通信) 5.86%; 芯原股份(电芯片/核心半导体) 5.64%
011805,嘉实优质核心两年持有混合A,混合型-偏股,0.00%,4.16%,12.42%,21.31%,37.89%,7,中际旭创(光芯片/光通信) 8.02%; 海光信息(电芯片/核心半导体) 6.98%; 北方华创(电芯片/核心半导体) 6.00%; 新易盛(光芯片/光通信) 4.40%; 中芯国际(电芯片/核心半导体) 4.36%; 兆易创新(存储) 4.16%; 华虹半导体(电芯片/核心半导体) 3.97%
011806,嘉实优质核心两年持有混合C,混合型-偏股,0.00%,4.16%,12.42%,21.31%,37.89%,7,中际旭创(光芯片/光通信) 8.02%; 海光信息(电芯片/核心半导体) 6.98%; 北方华创(电芯片/核心半导体) 6.00%; 新易盛(光芯片/光通信) 4.40%; 中芯国际(电芯片/核心半导体) 4.36%; 兆易创新(存储) 4.16%; 华虹半导体(电芯片/核心半导体) 3.97%
011832,西部利得人工智能主题指数增强A,指数型-股票,0.00%,5.00%,19.64%,13.20%,37.84%,7,新易盛(光芯片/光通信) 10.00%; 中际旭创(光芯片/光通信) 9.64%; 寒武纪(电芯片/核心半导体) 6.70%; 澜起科技(存储) 5.00%; 芯原股份(电芯片/核心半导体) 3.43%; 豪威集团(电芯片/核心半导体) 2.20%; 翱捷科技(电芯片/核心半导体) 0.87%
011833,西部利得人工智能主题指数增强C,指数型-股票,0.00%,5.00%,19.64%,13.20%,37.84%,7,新易盛(光芯片/光通信) 10.00%; 中际旭创(光芯片/光通信) 9.64%; 寒武纪(电芯片/核心半导体) 6.70%; 澜起科技(存储) 5.00%; 芯原股份(电芯片/核心半导体) 3.43%; 豪威集团(电芯片/核心半导体) 2.20%; 翱捷科技(电芯片/核心半导体) 0.87%
588370,科创50增强ETF南方,指数型-股票,0.00%,8.95%,0.00%,28.71%,37.66%,7,寒武纪(电芯片/核心半导体) 7.28%; 海光信息(电芯片/核心半导体) 6.97%; 中芯国际(电芯片/核心半导体) 6.70%; 澜起科技(存储) 5.11%; 中微公司(电芯片/核心半导体) 4.79%; 佰维存储(存储) 3.84%; 芯原股份(电芯片/核心半导体) 2.97%
015669,银河蓝筹混合C,混合型-偏股,0.00%,4.50%,11.72%,21.40%,37.62%,7,源杰科技(光芯片/光通信) 6.51%; 海光信息(电芯片/核心半导体) 5.62%; 中芯国际(电芯片/核心半导体) 5.54%; 天孚通信(光芯片/光通信) 5.21%; 寒武纪(电芯片/核心半导体) 5.20%; 北方华创(电芯片/核心半导体) 5.04%; 兆易创新(存储) 4.50%
519672,银河蓝筹混合A,混合型-偏股,0.00%,4.50%,11.72%,21.40%,37.62%,7,源杰科技(光芯片/光通信) 6.51%; 海光信息(电芯片/核心半导体) 5.62%; 中芯国际(电芯片/核心半导体) 5.54%; 天孚通信(光芯片/光通信) 5.21%; 寒武纪(电芯片/核心半导体) 5.20%; 北方华创(电芯片/核心半导体) 5.04%; 兆易创新(存储) 4.50%
020662,中加科技创新混合发起式C,混合型-偏股,0.00%,0.00%,37.58%,0.00%,37.58%,6,中际旭创(光芯片/光通信) 9.39%; 新易盛(光芯片/光通信) 9.37%; 源杰科技(光芯片/光通信) 5.65%; 长光华芯(光芯片/光通信) 4.98%; 天孚通信(光芯片/光通信) 4.19%; 光库科技(光芯片/光通信) 4.00%
020661,中加科技创新混合发起式A,混合型-偏股,0.00%,0.00%,37.58%,0.00%,37.58%,6,中际旭创(光芯片/光通信) 9.39%; 新易盛(光芯片/光通信) 9.37%; 源杰科技(光芯片/光通信) 5.65%; 长光华芯(光芯片/光通信) 4.98%; 天孚通信(光芯片/光通信) 4.19%; 光库科技(光芯片/光通信) 4.00%
006374,国富全球科技互联混合(QDII)美元现汇A,QDII-混合偏股,0.00%,7.69%,6.79%,23.07%,37.55%,6,美光科技(存储) 7.69%; 台积电(电芯片/核心半导体) 7.03%; 拉姆研究(电芯片/核心半导体) 7.02%; 康宁(光芯片/光通信) 6.79%; 英伟达(电芯片/核心半导体) 5.86%; 英特尔(电芯片/核心半导体) 3.16%
006373,国富全球科技互联混合(QDII)人民币A,QDII-混合偏股,0.00%,7.69%,6.79%,23.07%,37.55%,6,美光科技(存储) 7.69%; 台积电(电芯片/核心半导体) 7.03%; 拉姆研究(电芯片/核心半导体) 7.02%; 康宁(光芯片/光通信) 6.79%; 英伟达(电芯片/核心半导体) 5.86%; 英特尔(电芯片/核心半导体) 3.16%
021842,国富全球科技互联混合(QDII)人民币C,QDII-混合偏股,0.00%,7.69%,6.79%,23.07%,37.55%,6,美光科技(存储) 7.69%; 台积电(电芯片/核心半导体) 7.03%; 拉姆研究(电芯片/核心半导体) 7.02%; 康宁(光芯片/光通信) 6.79%; 英伟达(电芯片/核心半导体) 5.86%; 英特尔(电芯片/核心半导体) 3.16%
021843,国富全球科技互联混合(QDII)美元现汇C,QDII-混合偏股,0.00%,7.69%,6.79%,23.07%,37.55%,6,美光科技(存储) 7.69%; 台积电(电芯片/核心半导体) 7.03%; 拉姆研究(电芯片/核心半导体) 7.02%; 康宁(光芯片/光通信) 6.79%; 英伟达(电芯片/核心半导体) 5.86%; 英特尔(电芯片/核心半导体) 3.16%
517850,张江ETF汇添富,指数型-股票,0.00%,10.01%,0.00%,27.50%,37.51%,5,澜起科技(存储) 10.01%; 中微公司(电芯片/核心半导体) 9.70%; 中芯国际(电芯片/核心半导体) 8.16%; 豪威集团(电芯片/核心半导体) 5.15%; 芯原股份(电芯片/核心半导体) 4.49%
010889,工银创业板两年定开混合C,混合型-偏股,0.00%,0.00%,37.50%,0.00%,37.50%,5,中际旭创(光芯片/光通信) 9.60%; 天孚通信(光芯片/光通信) 9.60%; 新易盛(光芯片/光通信) 9.49%; 太辰光(光芯片/光通信) 5.55%; 德科立(光芯片/光通信) 3.26%
164826,工银创业板两年定开混合A,混合型-偏股,0.00%,0.00%,37.50%,0.00%,37.50%,5,中际旭创(光芯片/光通信) 9.60%; 天孚通信(光芯片/光通信) 9.60%; 新易盛(光芯片/光通信) 9.49%; 太辰光(光芯片/光通信) 5.55%; 德科立(光芯片/光通信) 3.26%
010020,华夏线上经济主题精选混合,混合型-偏股,0.00%,5.99%,27.23%,4.26%,37.48%,6,新易盛(光芯片/光通信) 9.10%; 中际旭创(光芯片/光通信) 8.65%; 兆易创新(存储) 5.99%; 源杰科技(光芯片/光通信) 5.43%; 海光信息(电芯片/核心半导体) 4.26%; 长光华芯(光芯片/光通信) 4.05%
008980,中邮科技创新精选混合A,混合型-偏股,0.00%,15.49%,0.00%,21.73%,37.22%,5,兆易创新(存储) 8.66%; 中微公司(电芯片/核心半导体) 8.35%; 海光信息(电芯片/核心半导体) 7.96%; 澜起科技(存储) 6.83%; 北方华创(电芯片/核心半导体) 5.42%
008981,中邮科技创新精选混合C,混合型-偏股,0.00%,15.49%,0.00%,21.73%,37.22%,5,兆易创新(存储) 8.66%; 中微公司(电芯片/核心半导体) 8.35%; 海光信息(电芯片/核心半导体) 7.96%; 澜起科技(存储) 6.83%; 北方华创(电芯片/核心半导体) 5.42%
021382,博时科技驱动混合A,混合型-偏股,0.00%,0.00%,33.41%,3.78%,37.19%,6,中际旭创(光芯片/光通信) 9.19%; 新易盛(光芯片/光通信) 8.76%; 源杰科技(光芯片/光通信) 7.15%; 长飞光纤光缆(光芯片/光通信) 4.18%; 天孚通信(光芯片/光通信) 4.13%; 芯原股份(电芯片/核心半导体) 3.78%
021383,博时科技驱动混合C,混合型-偏股,0.00%,0.00%,33.41%,3.78%,37.19%,6,中际旭创(光芯片/光通信) 9.19%; 新易盛(光芯片/光通信) 8.76%; 源杰科技(光芯片/光通信) 7.15%; 长飞光纤光缆(光芯片/光通信) 4.18%; 天孚通信(光芯片/光通信) 4.13%; 芯原股份(电芯片/核心半导体) 3.78%
000714,诺安稳健回报混合A,混合型-灵活,0.00%,0.00%,16.02%,21.11%,37.13%,5,德科立(光芯片/光通信) 8.42%; 芯原股份(电芯片/核心半导体) 8.08%; 长芯博创(光芯片/光通信) 7.60%; 寒武纪(电芯片/核心半导体) 7.57%; 海光信息(电芯片/核心半导体) 5.46%
002052,诺安稳健回报混合C,混合型-灵活,0.00%,0.00%,16.02%,21.11%,37.13%,5,德科立(光芯片/光通信) 8.42%; 芯原股份(电芯片/核心半导体) 8.08%; 长芯博创(光芯片/光通信) 7.60%; 寒武纪(电芯片/核心半导体) 7.57%; 海光信息(电芯片/核心半导体) 5.46%
025328,诺安稳健回报混合D,混合型-灵活,0.00%,0.00%,16.02%,21.11%,37.13%,5,德科立(光芯片/光通信) 8.42%; 芯原股份(电芯片/核心半导体) 8.08%; 长芯博创(光芯片/光通信) 7.60%; 寒武纪(电芯片/核心半导体) 7.57%; 海光信息(电芯片/核心半导体) 5.46%
016856,银河景气行业混合A,混合型-偏股,0.00%,0.00%,13.26%,23.84%,37.10%,6,源杰科技(光芯片/光通信) 8.29%; 海光信息(电芯片/核心半导体) 6.83%; 寒武纪(电芯片/核心半导体) 6.24%; 中芯国际(电芯片/核心半导体) 5.41%; 北方华创(电芯片/核心半导体) 5.36%; 天孚通信(光芯片/光通信) 4.97%
016857,银河景气行业混合C,混合型-偏股,0.00%,0.00%,13.26%,23.84%,37.10%,6,源杰科技(光芯片/光通信) 8.29%; 海光信息(电芯片/核心半导体) 6.83%; 寒武纪(电芯片/核心半导体) 6.24%; 中芯国际(电芯片/核心半导体) 5.41%; 北方华创(电芯片/核心半导体) 5.36%; 天孚通信(光芯片/光通信) 4.97%
011021,汇添富互联网核心资产六个月持有混合A,混合型-偏股,0.00%,0.00%,27.78%,9.30%,37.08%,6,新易盛(光芯片/光通信) 9.74%; 中际旭创(光芯片/光通信) 9.74%; 中芯国际(电芯片/核心半导体) 5.24%; 长飞光纤光缆(光芯片/光通信) 4.35%; 华虹半导体(电芯片/核心半导体) 4.06%; 德科立(光芯片/光通信) 3.95%
011022,汇添富互联网核心资产六个月持有混合C,混合型-偏股,0.00%,0.00%,27.78%,9.30%,37.08%,6,新易盛(光芯片/光通信) 9.74%; 中际旭创(光芯片/光通信) 9.74%; 中芯国际(电芯片/核心半导体) 5.24%; 长飞光纤光缆(光芯片/光通信) 4.35%; 华虹半导体(电芯片/核心半导体) 4.06%; 德科立(光芯片/光通信) 3.95%
006128,银河和美生活混合A,混合型-偏股,0.00%,5.30%,31.76%,0.00%,37.06%,5,源杰科技(光芯片/光通信) 8.86%; 天孚通信(光芯片/光通信) 8.72%; 中际旭创(光芯片/光通信) 8.23%; 长光华芯(光芯片/光通信) 5.95%; 兆易创新(存储) 5.30%
015665,银河和美生活混合C,混合型-偏股,0.00%,5.30%,31.76%,0.00%,37.06%,5,源杰科技(光芯片/光通信) 8.86%; 天孚通信(光芯片/光通信) 8.72%; 中际旭创(光芯片/光通信) 8.23%; 长光华芯(光芯片/光通信) 5.95%; 兆易创新(存储) 5.30%
023452,中欧信息科技混合发起C,混合型-偏股,0.00%,3.94%,33.12%,0.00%,37.06%,5,新易盛(光芯片/光通信) 9.76%; 中际旭创(光芯片/光通信) 8.97%; 长飞光纤光缆(光芯片/光通信) 7.58%; 天孚通信(光芯片/光通信) 6.81%; 兆易创新(存储) 3.94%
023451,中欧信息科技混合发起A,混合型-偏股,0.00%,3.94%,33.12%,0.00%,37.06%,5,新易盛(光芯片/光通信) 9.76%; 中际旭创(光芯片/光通信) 8.97%; 长飞光纤光缆(光芯片/光通信) 7.58%; 天孚通信(光芯片/光通信) 6.81%; 兆易创新(存储) 3.94%
017488,嘉实信息产业股票发起式A,股票型,0.00%,0.00%,28.67%,8.36%,37.03%,5,新易盛(光芯片/光通信) 8.56%; 中际旭创(光芯片/光通信) 8.54%; 海光信息(电芯片/核心半导体) 8.36%; 天孚通信(光芯片/光通信) 7.41%; 源杰科技(光芯片/光通信) 4.16%
017489,嘉实信息产业股票发起式C,股票型,0.00%,0.00%,28.67%,8.36%,37.03%,5,新易盛(光芯片/光通信) 8.56%; 中际旭创(光芯片/光通信) 8.54%; 海光信息(电芯片/核心半导体) 8.36%; 天孚通信(光芯片/光通信) 7.41%; 源杰科技(光芯片/光通信) 4.16%
017759,银河研究精选混合C,混合型-偏股,0.00%,4.71%,7.97%,24.24%,36.92%,7,源杰科技(光芯片/光通信) 7.97%; 北方华创(电芯片/核心半导体) 5.68%; 海光信息(电芯片/核心半导体) 4.99%; 寒武纪(电芯片/核心半导体) 4.95%; 兆易创新(存储) 4.71%; 中芯国际(电芯片/核心半导体) 4.60%; 中微公司(电芯片/核心半导体) 4.02%
150968,银河研究精选混合A,混合型-偏股,0.00%,4.71%,7.97%,24.24%,36.92%,7,源杰科技(光芯片/光通信) 7.97%; 北方华创(电芯片/核心半导体) 5.68%; 海光信息(电芯片/核心半导体) 4.99%; 寒武纪(电芯片/核心半导体) 4.95%; 兆易创新(存储) 4.71%; 中芯国际(电芯片/核心半导体) 4.60%; 中微公司(电芯片/核心半导体) 4.02%
159538,信创ETF富国,指数型-股票,0.00%,17.63%,0.00%,19.28%,36.91%,7,海光信息(电芯片/核心半导体) 9.55%; 兆易创新(存储) 7.47%; 澜起科技(存储) 6.74%; 佰维存储(存储) 3.42%; 中微公司(电芯片/核心半导体) 3.40%; 芯原股份(电芯片/核心半导体) 3.32%; 北方华创(电芯片/核心半导体) 3.01%
159537,信创ETF国泰,指数型-股票,0.00%,17.60%,0.00%,19.30%,36.90%,7,海光信息(电芯片/核心半导体) 9.54%; 兆易创新(存储) 7.42%; 澜起科技(存储) 6.77%; 中微公司(电芯片/核心半导体) 3.44%; 佰维存储(存储) 3.41%; 芯原股份(电芯片/核心半导体) 3.34%; 北方华创(电芯片/核心半导体) 2.98%
002125,广发新兴成长混合A,混合型-灵活,0.00%,0.00%,36.87%,0.00%,36.87%,6,天孚通信(光芯片/光通信) 7.03%; 新易盛(光芯片/光通信) 6.93%; 源杰科技(光芯片/光通信) 6.65%; 中际旭创(光芯片/光通信) 6.52%; 长芯博创(光芯片/光通信) 5.04%; 仕佳光子(光芯片/光通信) 4.70%
018291,广发新兴成长混合C,混合型-灵活,0.00%,0.00%,36.87%,0.00%,36.87%,6,天孚通信(光芯片/光通信) 7.03%; 新易盛(光芯片/光通信) 6.93%; 源杰科技(光芯片/光通信) 6.65%; 中际旭创(光芯片/光通信) 6.52%; 长芯博创(光芯片/光通信) 5.04%; 仕佳光子(光芯片/光通信) 4.70%
014417,泰康研究精选股票发起C,股票型,0.00%,3.37%,25.25%,8.23%,36.85%,7,新易盛(光芯片/光通信) 9.89%; 中际旭创(光芯片/光通信) 9.06%; 天孚通信(光芯片/光通信) 6.30%; 兆易创新(存储) 3.37%; 寒武纪(电芯片/核心半导体) 2.84%; 华虹半导体(电芯片/核心半导体) 2.73%; 芯原股份(电芯片/核心半导体) 2.66%
014416,泰康研究精选股票发起A,股票型,0.00%,3.37%,25.25%,8.23%,36.85%,7,新易盛(光芯片/光通信) 9.89%; 中际旭创(光芯片/光通信) 9.06%; 天孚通信(光芯片/光通信) 6.30%; 兆易创新(存储) 3.37%; 寒武纪(电芯片/核心半导体) 2.84%; 华虹半导体(电芯片/核心半导体) 2.73%; 芯原股份(电芯片/核心半导体) 2.66%
011450,招商企业优选混合A,混合型-偏股,0.00%,0.00%,36.83%,0.00%,36.83%,5,源杰科技(光芯片/光通信) 9.07%; 长飞光纤光缆(光芯片/光通信) 7.90%; 新易盛(光芯片/光通信) 7.03%; 天孚通信(光芯片/光通信) 6.53%; 中际旭创(光芯片/光通信) 6.30%
011451,招商企业优选混合C,混合型-偏股,0.00%,0.00%,36.83%,0.00%,36.83%,5,源杰科技(光芯片/光通信) 9.07%; 长飞光纤光缆(光芯片/光通信) 7.90%; 新易盛(光芯片/光通信) 7.03%; 天孚通信(光芯片/光通信) 6.53%; 中际旭创(光芯片/光通信) 6.30%
159539,信创ETF广发,指数型-股票,0.00%,17.51%,0.00%,19.32%,36.83%,7,海光信息(电芯片/核心半导体) 9.47%; 兆易创新(存储) 7.39%; 澜起科技(存储) 6.74%; 中微公司(电芯片/核心半导体) 3.51%; 佰维存储(存储) 3.38%; 芯原股份(电芯片/核心半导体) 3.33%; 北方华创(电芯片/核心半导体) 3.01%
017723,银华心质混合A,混合型-偏股,0.00%,0.00%,23.96%,12.82%,36.78%,5,新易盛(光芯片/光通信) 9.67%; 中际旭创(光芯片/光通信) 8.86%; 海光信息(电芯片/核心半导体) 7.69%; 天孚通信(光芯片/光通信) 5.43%; 芯原股份(电芯片/核心半导体) 5.13%
017724,银华心质混合C,混合型-偏股,0.00%,0.00%,23.96%,12.82%,36.78%,5,新易盛(光芯片/光通信) 9.67%; 中际旭创(光芯片/光通信) 8.86%; 海光信息(电芯片/核心半导体) 7.69%; 天孚通信(光芯片/光通信) 5.43%; 芯原股份(电芯片/核心半导体) 5.13%
019830,华夏数字产业混合C,混合型-偏股,0.00%,0.00%,36.74%,0.00%,36.74%,5,中际旭创(光芯片/光通信) 10.22%; 新易盛(光芯片/光通信) 9.58%; 源杰科技(光芯片/光通信) 6.29%; 长光华芯(光芯片/光通信) 6.19%; 长飞光纤光缆(光芯片/光通信) 4.46%
019829,华夏数字产业混合A,混合型-偏股,0.00%,0.00%,36.74%,0.00%,36.74%,5,中际旭创(光芯片/光通信) 10.22%; 新易盛(光芯片/光通信) 9.58%; 源杰科技(光芯片/光通信) 6.29%; 长光华芯(光芯片/光通信) 6.19%; 长飞光纤光缆(光芯片/光通信) 4.46%
009891,融通产业趋势臻选股票A,股票型,0.00%,0.00%,36.70%,0.00%,36.70%,5,中际旭创(光芯片/光通信) 9.90%; 新易盛(光芯片/光通信) 9.26%; 长飞光纤光缆(光芯片/光通信) 9.23%; 源杰科技(光芯片/光通信) 6.37%; 剑桥科技(光芯片/光通信) 1.94%
010109,富国价值增长混合A,混合型-偏股,0.00%,0.00%,36.70%,0.00%,36.70%,6,新易盛(光芯片/光通信) 9.24%; 中际旭创(光芯片/光通信) 7.68%; 天孚通信(光芯片/光通信) 5.88%; 长飞光纤光缆(光芯片/光通信) 5.85%; 源杰科技(光芯片/光通信) 4.55%; 长芯博创(光芯片/光通信) 3.50%
015689,富国价值增长混合C,混合型-偏股,0.00%,0.00%,36.70%,0.00%,36.70%,6,新易盛(光芯片/光通信) 9.24%; 中际旭创(光芯片/光通信) 7.68%; 天孚通信(光芯片/光通信) 5.88%; 长飞光纤光缆(光芯片/光通信) 5.85%; 源杰科技(光芯片/光通信) 4.55%; 长芯博创(光芯片/光通信) 3.50%
018495,融通产业趋势臻选股票C,股票型,0.00%,0.00%,36.70%,0.00%,36.70%,5,中际旭创(光芯片/光通信) 9.90%; 新易盛(光芯片/光通信) 9.26%; 长飞光纤光缆(光芯片/光通信) 9.23%; 源杰科技(光芯片/光通信) 6.37%; 剑桥科技(光芯片/光通信) 1.94%
159311,数字经济ETF易方达,指数型-股票,0.00%,9.13%,0.00%,27.49%,36.62%,7,寒武纪(电芯片/核心半导体) 6.14%; 海光信息(电芯片/核心半导体) 5.86%; 北方华创(电芯片/核心半导体) 5.80%; 中芯国际(电芯片/核心半导体) 5.68%; 兆易创新(存储) 4.85%; 澜起科技(存储) 4.28%; 中微公司(电芯片/核心半导体) 4.01%
159540,信创ETF易方达,指数型-股票,0.00%,17.43%,0.00%,19.14%,36.57%,7,海光信息(电芯片/核心半导体) 9.45%; 兆易创新(存储) 7.37%; 澜起科技(存储) 6.70%; 中微公司(电芯片/核心半导体) 3.45%; 佰维存储(存储) 3.36%; 芯原股份(电芯片/核心半导体) 3.29%; 北方华创(电芯片/核心半导体) 2.95%
560800,数字经济ETF鹏扬,指数型-股票,0.00%,9.05%,0.00%,27.46%,36.51%,7,寒武纪(电芯片/核心半导体) 6.23%; 海光信息(电芯片/核心半导体) 5.80%; 北方华创(电芯片/核心半导体) 5.79%; 中芯国际(电芯片/核心半导体) 5.63%; 兆易创新(存储) 4.76%; 澜起科技(存储) 4.29%; 中微公司(电芯片/核心半导体) 4.01%
001404,招商移动互联网产业股票基金A,股票型,0.00%,6.35%,0.00%,30.14%,36.49%,6,海光信息(电芯片/核心半导体) 8.95%; 中芯国际(电芯片/核心半导体) 7.85%; 寒武纪(电芯片/核心半导体) 7.76%; 芯原股份(电芯片/核心半导体) 5.58%; 澜起科技(存储) 3.27%; 兆易创新(存储) 3.08%
015773,招商移动互联网产业股票基金C,股票型,0.00%,6.35%,0.00%,30.14%,36.49%,6,海光信息(电芯片/核心半导体) 8.95%; 中芯国际(电芯片/核心半导体) 7.85%; 寒武纪(电芯片/核心半导体) 7.76%; 芯原股份(电芯片/核心半导体) 5.58%; 澜起科技(存储) 3.27%; 兆易创新(存储) 3.08%
010166,招商兴和优选1年持有期混合,混合型-偏股,0.00%,0.00%,36.37%,0.00%,36.37%,5,源杰科技(光芯片/光通信) 8.89%; 长飞光纤光缆(光芯片/光通信) 7.58%; 新易盛(光芯片/光通信) 7.26%; 中际旭创(光芯片/光通信) 6.50%; 天孚通信(光芯片/光通信) 6.14%
020408,华商数字经济混合A,混合型-偏股,0.00%,11.92%,0.00%,24.42%,36.34%,6,北方华创(电芯片/核心半导体) 8.24%; 兆易创新(存储) 7.07%; 中微公司(电芯片/核心半导体) 5.71%; 华海清科(电芯片/核心半导体) 5.61%; 中芯国际(电芯片/核心半导体) 4.86%; 普冉股份(存储) 4.85%
020409,华商数字经济混合C,混合型-偏股,0.00%,11.92%,0.00%,24.42%,36.34%,6,北方华创(电芯片/核心半导体) 8.24%; 兆易创新(存储) 7.07%; 中微公司(电芯片/核心半导体) 5.71%; 华海清科(电芯片/核心半导体) 5.61%; 中芯国际(电芯片/核心半导体) 4.86%; 普冉股份(存储) 4.85%
007203,银河新动能混合A,混合型-偏股,0.00%,4.10%,14.61%,17.60%,36.31%,8,中际旭创(光芯片/光通信) 6.00%; 天孚通信(光芯片/光通信) 5.41%; 海光信息(电芯片/核心半导体) 5.18%; 中芯国际(电芯片/核心半导体) 4.36%; 中微公司(电芯片/核心半导体) 4.36%; 澜起科技(存储) 4.10%; 北方华创(电芯片/核心半导体) 3.70%; 源杰科技(光芯片/光通信) 3.20%
017757,银河新动能混合C,混合型-偏股,0.00%,4.10%,14.61%,17.60%,36.31%,8,中际旭创(光芯片/光通信) 6.00%; 天孚通信(光芯片/光通信) 5.41%; 海光信息(电芯片/核心半导体) 5.18%; 中芯国际(电芯片/核心半导体) 4.36%; 中微公司(电芯片/核心半导体) 4.36%; 澜起科技(存储) 4.10%; 北方华创(电芯片/核心半导体) 3.70%; 源杰科技(光芯片/光通信) 3.20%
020899,天弘中证全指通信设备指数发起A,指数型-股票,0.00%,0.00%,36.24%,0.00%,36.24%,4,新易盛(光芯片/光通信) 14.30%; 中际旭创(光芯片/光通信) 13.09%; 天孚通信(光芯片/光通信) 6.92%; 光迅科技(光芯片/光通信) 1.93%
020900,天弘中证全指通信设备指数发起C,指数型-股票,0.00%,0.00%,36.24%,0.00%,36.24%,4,新易盛(光芯片/光通信) 14.30%; 中际旭创(光芯片/光通信) 13.09%; 天孚通信(光芯片/光通信) 6.92%; 光迅科技(光芯片/光通信) 1.93%
024592,圆信永丰科技驱动混合发起A,混合型-偏股,0.00%,0.00%,36.23%,0.00%,36.23%,5,新易盛(光芯片/光通信) 9.98%; 中际旭创(光芯片/光通信) 9.81%; 源杰科技(光芯片/光通信) 7.11%; 长芯博创(光芯片/光通信) 4.67%; 天孚通信(光芯片/光通信) 4.66%
024593,圆信永丰科技驱动混合发起C,混合型-偏股,0.00%,0.00%,36.23%,0.00%,36.23%,5,新易盛(光芯片/光通信) 9.98%; 中际旭创(光芯片/光通信) 9.81%; 源杰科技(光芯片/光通信) 7.11%; 长芯博创(光芯片/光通信) 4.67%; 天孚通信(光芯片/光通信) 4.66%
159658,数字经济ETF华安,指数型-股票,0.00%,9.08%,0.00%,27.11%,36.19%,7,寒武纪(电芯片/核心半导体) 5.98%; 海光信息(电芯片/核心半导体) 5.83%; 北方华创(电芯片/核心半导体) 5.74%; 中芯国际(电芯片/核心半导体) 5.59%; 兆易创新(存储) 4.77%; 澜起科技(存储) 4.31%; 中微公司(电芯片/核心半导体) 3.97%
020692,博时中证全指通信设备指数发起式C,指数型-股票,0.00%,0.00%,36.14%,0.00%,36.14%,4,新易盛(光芯片/光通信) 14.27%; 中际旭创(光芯片/光通信) 13.02%; 天孚通信(光芯片/光通信) 6.86%; 光迅科技(光芯片/光通信) 1.99%
020691,博时中证全指通信设备指数发起式A,指数型-股票,0.00%,0.00%,36.14%,0.00%,36.14%,4,新易盛(光芯片/光通信) 14.27%; 中际旭创(光芯片/光通信) 13.02%; 天孚通信(光芯片/光通信) 6.86%; 光迅科技(光芯片/光通信) 1.99%
159807,科技ETF易方达,指数型-股票,0.00%,7.43%,13.98%,14.54%,35.95%,7,中际旭创(光芯片/光通信) 10.52%; 寒武纪(电芯片/核心半导体) 5.12%; 海光信息(电芯片/核心半导体) 4.80%; 中芯国际(电芯片/核心半导体) 4.62%; 兆易创新(存储) 3.91%; 澜起科技(存储) 3.52%; 天孚通信(光芯片/光通信) 3.46%
009707,工银新兴制造混合A,混合型-偏股,0.00%,4.45%,0.00%,31.37%,35.82%,6,中微公司(电芯片/核心半导体) 7.79%; 寒武纪(电芯片/核心半导体) 7.04%; 海光信息(电芯片/核心半导体) 6.81%; 北方华创(电芯片/核心半导体) 5.46%; 兆易创新(存储) 4.45%; 中芯国际(电芯片/核心半导体) 4.27%
009708,工银新兴制造混合C,混合型-偏股,0.00%,4.45%,0.00%,31.37%,35.82%,6,中微公司(电芯片/核心半导体) 7.79%; 寒武纪(电芯片/核心半导体) 7.04%; 海光信息(电芯片/核心半导体) 6.81%; 北方华创(电芯片/核心半导体) 5.46%; 兆易创新(存储) 4.45%; 中芯国际(电芯片/核心半导体) 4.27%
000742,国泰新经济灵活配置混合A,混合型-灵活,0.00%,16.11%,0.00%,19.68%,35.79%,6,中微公司(电芯片/核心半导体) 8.59%; 北方华创(电芯片/核心半导体) 8.35%; 普冉股份(存储) 5.63%; 兆易创新(存储) 5.31%; 北京君正(存储) 5.17%; 华海清科(电芯片/核心半导体) 2.74%
014989,国泰新经济灵活配置混合C,混合型-灵活,0.00%,16.11%,0.00%,19.68%,35.79%,6,中微公司(电芯片/核心半导体) 8.59%; 北方华创(电芯片/核心半导体) 8.35%; 普冉股份(存储) 5.63%; 兆易创新(存储) 5.31%; 北京君正(存储) 5.17%; 华海清科(电芯片/核心半导体) 2.74%
013085,申万菱信乐同混合A,混合型-偏股,0.00%,0.00%,4.92%,30.75%,35.67%,5,中微公司(电芯片/核心半导体) 8.51%; 华海清科(电芯片/核心半导体) 7.84%; 圣邦股份(电芯片/核心半导体) 7.32%; 北方华创(电芯片/核心半导体) 7.08%; 新易盛(光芯片/光通信) 4.92%
013086,申万菱信乐同混合C,混合型-偏股,0.00%,0.00%,4.92%,30.75%,35.67%,5,中微公司(电芯片/核心半导体) 8.51%; 华海清科(电芯片/核心半导体) 7.84%; 圣邦股份(电芯片/核心半导体) 7.32%; 北方华创(电芯片/核心半导体) 7.08%; 新易盛(光芯片/光通信) 4.92%
009492,宝盈创新驱动股票C,股票型,0.00%,0.00%,30.10%,5.56%,35.66%,5,新易盛(光芯片/光通信) 9.75%; 天孚通信(光芯片/光通信) 9.16%; 中际旭创(光芯片/光通信) 7.73%; 华虹半导体(电芯片/核心半导体) 5.56%; 长光华芯(光芯片/光通信) 3.46%
009491,宝盈创新驱动股票A,股票型,0.00%,0.00%,30.10%,5.56%,35.66%,5,新易盛(光芯片/光通信) 9.75%; 天孚通信(光芯片/光通信) 9.16%; 中际旭创(光芯片/光通信) 7.73%; 华虹半导体(电芯片/核心半导体) 5.56%; 长光华芯(光芯片/光通信) 3.46%
015987,万家远见先锋一年持有期混合A,混合型-偏股,0.00%,5.84%,12.76%,17.00%,35.60%,5,海光信息(电芯片/核心半导体) 9.48%; 寒武纪(电芯片/核心半导体) 7.52%; 中际旭创(光芯片/光通信) 6.63%; 新易盛(光芯片/光通信) 6.13%; 兆易创新(存储) 5.84%
015988,万家远见先锋一年持有期混合C,混合型-偏股,0.00%,5.84%,12.76%,17.00%,35.60%,5,海光信息(电芯片/核心半导体) 9.48%; 寒武纪(电芯片/核心半导体) 7.52%; 中际旭创(光芯片/光通信) 6.63%; 新易盛(光芯片/光通信) 6.13%; 兆易创新(存储) 5.84%
013841,银华集成电路混合C,混合型-偏股,0.00%,0.00%,0.00%,35.32%,35.32%,6,北方华创(电芯片/核心半导体) 9.28%; 华海清科(电芯片/核心半导体) 8.70%; 中微公司(电芯片/核心半导体) 8.61%; 中芯国际(电芯片/核心半导体) 3.19%; 华虹半导体(电芯片/核心半导体) 3.18%; 中芯国际(电芯片/核心半导体) 2.36%
013840,银华集成电路混合A,混合型-偏股,0.00%,0.00%,0.00%,35.32%,35.32%,6,北方华创(电芯片/核心半导体) 9.28%; 华海清科(电芯片/核心半导体) 8.70%; 中微公司(电芯片/核心半导体) 8.61%; 中芯国际(电芯片/核心半导体) 3.19%; 华虹半导体(电芯片/核心半导体) 3.18%; 中芯国际(电芯片/核心半导体) 2.36%
005211,银河智慧混合A,混合型-灵活,0.00%,0.00%,8.76%,26.46%,35.22%,6,源杰科技(光芯片/光通信) 8.76%; 海光信息(电芯片/核心半导体) 5.90%; 寒武纪(电芯片/核心半导体) 5.82%; 中芯国际(电芯片/核心半导体) 5.72%; 北方华创(电芯片/核心半导体) 5.02%; 中微公司(电芯片/核心半导体) 4.00%
017758,银河智慧混合C,混合型-灵活,0.00%,0.00%,8.76%,26.46%,35.22%,6,源杰科技(光芯片/光通信) 8.76%; 海光信息(电芯片/核心半导体) 5.90%; 寒武纪(电芯片/核心半导体) 5.82%; 中芯国际(电芯片/核心半导体) 5.72%; 北方华创(电芯片/核心半导体) 5.02%; 中微公司(电芯片/核心半导体) 4.00%
001194,景顺长城稳健回报混合A,混合型-灵活,0.00%,0.00%,31.57%,3.64%,35.21%,5,中际旭创(光芯片/光通信) 9.39%; 新易盛(光芯片/光通信) 9.33%; 源杰科技(光芯片/光通信) 8.55%; 天孚通信(光芯片/光通信) 4.30%; 海光信息(电芯片/核心半导体) 3.64%
001407,景顺长城稳健回报混合C,混合型-灵活,0.00%,0.00%,31.57%,3.64%,35.21%,5,中际旭创(光芯片/光通信) 9.39%; 新易盛(光芯片/光通信) 9.33%; 源杰科技(光芯片/光通信) 8.55%; 天孚通信(光芯片/光通信) 4.30%; 海光信息(电芯片/核心半导体) 3.64%
005550,汇安成长优选混合A,混合型-灵活,0.00%,0.00%,21.69%,13.52%,35.21%,5,新易盛(光芯片/光通信) 9.30%; 华海清科(电芯片/核心半导体) 8.87%; 中际旭创(光芯片/光通信) 8.79%; 北方华创(电芯片/核心半导体) 4.65%; 天孚通信(光芯片/光通信) 3.60%
005551,汇安成长优选混合C,混合型-灵活,0.00%,0.00%,21.69%,13.52%,35.21%,5,新易盛(光芯片/光通信) 9.30%; 华海清科(电芯片/核心半导体) 8.87%; 中际旭创(光芯片/光通信) 8.79%; 北方华创(电芯片/核心半导体) 4.65%; 天孚通信(光芯片/光通信) 3.60%
020090,万家研究领航混合A,混合型-偏股,0.00%,6.96%,15.76%,12.47%,35.19%,8,长飞光纤光缆(光芯片/光通信) 8.82%; 寒武纪(电芯片/核心半导体) 6.68%; 新易盛(光芯片/光通信) 3.95%; 兆易创新(存储) 3.54%; 澜起科技(存储) 3.42%; 海光信息(电芯片/核心半导体) 3.07%; 天孚通信(光芯片/光通信) 2.99%; 华虹半导体(电芯片/核心半导体) 2.72%
020091,万家研究领航混合C,混合型-偏股,0.00%,6.96%,15.76%,12.47%,35.19%,8,长飞光纤光缆(光芯片/光通信) 8.82%; 寒武纪(电芯片/核心半导体) 6.68%; 新易盛(光芯片/光通信) 3.95%; 兆易创新(存储) 3.54%; 澜起科技(存储) 3.42%; 海光信息(电芯片/核心半导体) 3.07%; 天孚通信(光芯片/光通信) 2.99%; 华虹半导体(电芯片/核心半导体) 2.72%
020822,大成领先动力混合C,混合型-偏股,0.00%,0.00%,35.15%,0.00%,35.15%,4,长飞光纤光缆(光芯片/光通信) 9.93%; 新易盛(光芯片/光通信) 9.66%; 中际旭创(光芯片/光通信) 9.10%; 源杰科技(光芯片/光通信) 6.46%
020821,大成领先动力混合A,混合型-偏股,0.00%,0.00%,35.15%,0.00%,35.15%,4,长飞光纤光缆(光芯片/光通信) 9.93%; 新易盛(光芯片/光通信) 9.66%; 中际旭创(光芯片/光通信) 9.10%; 源杰科技(光芯片/光通信) 6.46%
024459,华商致远回报混合A,混合型-偏股,0.00%,0.00%,35.06%,0.00%,35.06%,5,新易盛(光芯片/光通信) 8.96%; 长飞光纤光缆(光芯片/光通信) 8.95%; 中际旭创(光芯片/光通信) 8.35%; 源杰科技(光芯片/光通信) 4.64%; 长光华芯(光芯片/光通信) 4.16%
024460,华商致远回报混合C,混合型-偏股,0.00%,0.00%,35.06%,0.00%,35.06%,5,新易盛(光芯片/光通信) 8.96%; 长飞光纤光缆(光芯片/光通信) 8.95%; 中际旭创(光芯片/光通信) 8.35%; 源杰科技(光芯片/光通信) 4.64%; 长光华芯(光芯片/光通信) 4.16%
022704,银河科技成长混合发起式A,混合型-偏股,0.00%,4.24%,9.47%,21.29%,35.00%,6,中际旭创(光芯片/光通信) 9.47%; 北方华创(电芯片/核心半导体) 6.22%; 中微公司(电芯片/核心半导体) 6.14%; 芯原股份(电芯片/核心半导体) 4.74%; 澜起科技(存储) 4.24%; 华虹半导体(电芯片/核心半导体) 4.19%
022705,银河科技成长混合发起式C,混合型-偏股,0.00%,4.24%,9.47%,21.29%,35.00%,6,中际旭创(光芯片/光通信) 9.47%; 北方华创(电芯片/核心半导体) 6.22%; 中微公司(电芯片/核心半导体) 6.14%; 芯原股份(电芯片/核心半导体) 4.74%; 澜起科技(存储) 4.24%; 华虹半导体(电芯片/核心半导体) 4.19%
516050,科技龙头ETF工银,指数型-股票,0.00%,3.34%,19.49%,12.15%,34.98%,6,中际旭创(光芯片/光通信) 10.23%; 新易盛(光芯片/光通信) 9.26%; 海光信息(电芯片/核心半导体) 4.11%; 北方华创(电芯片/核心半导体) 4.08%; 中芯国际(电芯片/核心半导体) 3.96%; 兆易创新(存储) 3.34%
570008,诺德周期策略混合,混合型-偏股,0.00%,0.00%,34.95%,0.00%,34.95%,6,新易盛(光芯片/光通信) 9.04%; 中际旭创(光芯片/光通信) 7.76%; 天孚通信(光芯片/光通信) 5.70%; 长光华芯(光芯片/光通信) 4.59%; 长芯博创(光芯片/光通信) 3.94%; 剑桥科技(光芯片/光通信) 3.92%
014783,招商远见成长混合A,混合型-偏股,0.00%,0.00%,34.86%,0.00%,34.86%,5,源杰科技(光芯片/光通信) 8.64%; 新易盛(光芯片/光通信) 7.48%; 天孚通信(光芯片/光通信) 7.31%; 中际旭创(光芯片/光通信) 6.55%; 长飞光纤光缆(光芯片/光通信) 4.88%
014784,招商远见成长混合C,混合型-偏股,0.00%,0.00%,34.86%,0.00%,34.86%,5,源杰科技(光芯片/光通信) 8.64%; 新易盛(光芯片/光通信) 7.48%; 天孚通信(光芯片/光通信) 7.31%; 中际旭创(光芯片/光通信) 6.55%; 长飞光纤光缆(光芯片/光通信) 4.88%
515000,科技ETF华宝,指数型-股票,0.00%,3.31%,19.47%,12.05%,34.83%,6,中际旭创(光芯片/光通信) 10.24%; 新易盛(光芯片/光通信) 9.23%; 海光信息(电芯片/核心半导体) 4.08%; 北方华创(电芯片/核心半导体) 4.03%; 中芯国际(电芯片/核心半导体) 3.94%; 兆易创新(存储) 3.31%
006718,国融融盛龙头严选混合A,混合型-偏股,0.00%,0.00%,0.00%,34.72%,34.72%,5,寒武纪(电芯片/核心半导体) 9.47%; 海光信息(电芯片/核心半导体) 9.02%; 中芯国际(电芯片/核心半导体) 6.08%; 中微公司(电芯片/核心半导体) 5.92%; 芯原股份(电芯片/核心半导体) 4.23%
006719,国融融盛龙头严选混合C,混合型-偏股,0.00%,0.00%,0.00%,34.72%,34.72%,5,寒武纪(电芯片/核心半导体) 9.47%; 海光信息(电芯片/核心半导体) 9.02%; 中芯国际(电芯片/核心半导体) 6.08%; 中微公司(电芯片/核心半导体) 5.92%; 芯原股份(电芯片/核心半导体) 4.23%
159511,通信ETF南方,指数型-股票,0.00%,0.00%,34.72%,0.00%,34.72%,3,新易盛(光芯片/光通信) 14.99%; 中际旭创(光芯片/光通信) 13.67%; 天孚通信(光芯片/光通信) 6.06%
014922,华夏ESG可持续投资一年持有混合A,混合型-偏股,0.00%,7.83%,15.93%,10.85%,34.61%,5,中际旭创(光芯片/光通信) 8.35%; 兆易创新(存储) 7.83%; 新易盛(光芯片/光通信) 7.58%; 北方华创(电芯片/核心半导体) 6.40%; 中芯国际(电芯片/核心半导体) 4.45%
014923,华夏ESG可持续投资一年持有混合C,混合型-偏股,0.00%,7.83%,15.93%,10.85%,34.61%,5,中际旭创(光芯片/光通信) 8.35%; 兆易创新(存储) 7.83%; 新易盛(光芯片/光通信) 7.58%; 北方华创(电芯片/核心半导体) 6.40%; 中芯国际(电芯片/核心半导体) 4.45%
007343,嘉实科技创新混合,混合型-偏股,0.00%,25.42%,0.00%,9.18%,34.60%,4,中微公司(电芯片/核心半导体) 9.18%; 兆易创新(存储) 9.02%; 北京君正(存储) 8.93%; 普冉股份(存储) 7.47%
015527,弘毅远方汽车产业升级混合A,混合型-偏股,0.00%,0.00%,0.00%,34.49%,34.49%,6,寒武纪(电芯片/核心半导体) 7.78%; 中芯国际(电芯片/核心半导体) 6.36%; 海光信息(电芯片/核心半导体) 5.46%; 芯原股份(电芯片/核心半导体) 5.34%; 华虹半导体(电芯片/核心半导体) 5.01%; 北方华创(电芯片/核心半导体) 4.54%
015528,弘毅远方汽车产业升级混合C,混合型-偏股,0.00%,0.00%,0.00%,34.49%,34.49%,6,寒武纪(电芯片/核心半导体) 7.78%; 中芯国际(电芯片/核心半导体) 6.36%; 海光信息(电芯片/核心半导体) 5.46%; 芯原股份(电芯片/核心半导体) 5.34%; 华虹半导体(电芯片/核心半导体) 5.01%; 北方华创(电芯片/核心半导体) 4.54%
159516,半导体设备ETF国泰,指数型-股票,0.00%,0.00%,0.00%,34.44%,34.44%,4,中微公司(电芯片/核心半导体) 14.84%; 北方华创(电芯片/核心半导体) 12.92%; 华海清科(电芯片/核心半导体) 5.08%; 盛美上海(电芯片/核心半导体) 1.60%
019114,东财慧心优选混合发起式C,混合型-偏股,0.00%,7.74%,0.00%,26.68%,34.42%,4,圣邦股份(电芯片/核心半导体) 10.03%; 华虹半导体(电芯片/核心半导体) 8.95%; 泰凌微(存储) 7.74%; 中芯国际(电芯片/核心半导体) 7.70%
019113,东财慧心优选混合发起式A,混合型-偏股,0.00%,7.74%,0.00%,26.68%,34.42%,4,圣邦股份(电芯片/核心半导体) 10.03%; 华虹半导体(电芯片/核心半导体) 8.95%; 泰凌微(存储) 7.74%; 中芯国际(电芯片/核心半导体) 7.70%
004450,嘉实前沿科技沪港深股票A,股票型,0.00%,25.31%,0.00%,9.02%,34.33%,4,中微公司(电芯片/核心半导体) 9.02%; 兆易创新(存储) 8.73%; 普冉股份(存储) 8.34%; 北京君正(存储) 8.24%
020315,嘉实前沿科技沪港深股票C,股票型,0.00%,25.31%,0.00%,9.02%,34.33%,4,中微公司(电芯片/核心半导体) 9.02%; 兆易创新(存储) 8.73%; 普冉股份(存储) 8.34%; 北京君正(存储) 8.24%
001170,宏利复兴混合A,混合型-灵活,0.00%,0.00%,34.06%,0.00%,34.06%,4,源杰科技(光芯片/光通信) 9.92%; 新易盛(光芯片/光通信) 9.81%; 中际旭创(光芯片/光通信) 9.20%; 长芯博创(光芯片/光通信) 5.13%
017612,宏利复兴混合C,混合型-灵活,0.00%,0.00%,34.06%,0.00%,34.06%,4,源杰科技(光芯片/光通信) 9.92%; 新易盛(光芯片/光通信) 9.81%; 中际旭创(光芯片/光通信) 9.20%; 长芯博创(光芯片/光通信) 5.13%
025208,永赢先锋半导体智选混合发起A,混合型-偏股,0.00%,34.01%,0.00%,0.00%,34.01%,7,佰维存储(存储) 8.25%; 兆易创新(存储) 7.68%; 北京君正(存储) 5.80%; 澜起科技(存储) 4.73%; 普冉股份(存储) 4.38%; 聚辰股份(存储) 2.58%; 恒烁股份(存储) 0.59%
020018,国泰金鹿混合,混合型-偏股,0.00%,0.00%,33.99%,0.00%,33.99%,4,新易盛(光芯片/光通信) 9.33%; 中际旭创(光芯片/光通信) 8.72%; 天孚通信(光芯片/光通信) 8.26%; 源杰科技(光芯片/光通信) 7.68%
007737,诺德研发创新100,指数型-股票,0.00%,6.05%,10.29%,17.61%,33.95%,7,中际旭创(光芯片/光通信) 10.29%; 寒武纪(电芯片/核心半导体) 5.73%; 海光信息(电芯片/核心半导体) 5.08%; 澜起科技(存储) 3.48%; 北方华创(电芯片/核心半导体) 3.40%; 中微公司(电芯片/核心半导体) 3.40%; 兆易创新(存储) 2.57%
162214,宏利领先中小盘混合,混合型-偏股,0.00%,0.00%,0.00%,33.89%,33.89%,4,中微公司(电芯片/核心半导体) 9.75%; 华海清科(电芯片/核心半导体) 9.75%; 寒武纪(电芯片/核心半导体) 9.06%; 海光信息(电芯片/核心半导体) 5.33%
009085,银华丰享一年持有期混合,混合型-偏股,0.00%,0.00%,29.00%,4.85%,33.85%,5,新易盛(光芯片/光通信) 9.59%; 中际旭创(光芯片/光通信) 8.77%; 天孚通信(光芯片/光通信) 5.43%; 光库科技(光芯片/光通信) 5.21%; 芯原股份(电芯片/核心半导体) 4.85%
519172,浦银安盛睿智精选混合A,混合型-灵活,0.00%,4.75%,0.00%,29.04%,33.79%,5,海光信息(电芯片/核心半导体) 8.46%; 寒武纪(电芯片/核心半导体) 7.91%; 北方华创(电芯片/核心半导体) 6.75%; 中微公司(电芯片/核心半导体) 5.92%; 佰维存储(存储) 4.75%
519173,浦银安盛睿智精选混合C,混合型-灵活,0.00%,4.75%,0.00%,29.04%,33.79%,5,海光信息(电芯片/核心半导体) 8.46%; 寒武纪(电芯片/核心半导体) 7.91%; 北方华创(电芯片/核心半导体) 6.75%; 中微公司(电芯片/核心半导体) 5.92%; 佰维存储(存储) 4.75%
015096,东财数字经济混合发起式A,混合型-偏股,0.00%,0.00%,29.04%,4.63%,33.67%,5,中际旭创(光芯片/光通信) 8.85%; 新易盛(光芯片/光通信) 8.76%; 天孚通信(光芯片/光通信) 7.10%; 寒武纪(电芯片/核心半导体) 4.63%; 长芯博创(光芯片/光通信) 4.33%
015097,东财数字经济混合发起式C,混合型-偏股,0.00%,0.00%,29.04%,4.63%,33.67%,5,中际旭创(光芯片/光通信) 8.85%; 新易盛(光芯片/光通信) 8.76%; 天孚通信(光芯片/光通信) 7.10%; 寒武纪(电芯片/核心半导体) 4.63%; 长芯博创(光芯片/光通信) 4.33%
005844,东方人工智能主题混合A,混合型-偏股,0.00%,0.00%,0.00%,33.61%,33.61%,4,华海清科(电芯片/核心半导体) 9.22%; 中微公司(电芯片/核心半导体) 9.06%; 北方华创(电芯片/核心半导体) 9.03%; 盛美上海(电芯片/核心半导体) 6.30%
011194,广发睿铭两年持有期混合A,混合型-偏股,0.00%,5.37%,18.12%,10.12%,33.61%,6,新易盛(光芯片/光通信) 6.10%; 中际旭创(光芯片/光通信) 6.02%; 德科立(光芯片/光通信) 6.00%; 兆易创新(存储) 5.37%; 中微公司(电芯片/核心半导体) 5.13%; 北方华创(电芯片/核心半导体) 4.99%
011195,广发睿铭两年持有期混合C,混合型-偏股,0.00%,5.37%,18.12%,10.12%,33.61%,6,新易盛(光芯片/光通信) 6.10%; 中际旭创(光芯片/光通信) 6.02%; 德科立(光芯片/光通信) 6.00%; 兆易创新(存储) 5.37%; 中微公司(电芯片/核心半导体) 5.13%; 北方华创(电芯片/核心半导体) 4.99%
017811,东方人工智能主题混合C,混合型-偏股,0.00%,0.00%,0.00%,33.61%,33.61%,4,华海清科(电芯片/核心半导体) 9.22%; 中微公司(电芯片/核心半导体) 9.06%; 北方华创(电芯片/核心半导体) 9.03%; 盛美上海(电芯片/核心半导体) 6.30%
000688,景顺长城研究精选股票A,股票型,0.00%,0.00%,29.80%,3.80%,33.60%,5,中际旭创(光芯片/光通信) 9.26%; 新易盛(光芯片/光通信) 9.20%; 源杰科技(光芯片/光通信) 7.05%; 天孚通信(光芯片/光通信) 4.29%; 海光信息(电芯片/核心半导体) 3.80%
018998,景顺长城研究精选股票C,股票型,0.00%,0.00%,29.80%,3.80%,33.60%,5,中际旭创(光芯片/光通信) 9.26%; 新易盛(光芯片/光通信) 9.20%; 源杰科技(光芯片/光通信) 7.05%; 天孚通信(光芯片/光通信) 4.29%; 海光信息(电芯片/核心半导体) 3.80%
007685,华商电子行业量化股票发起式A,股票型,0.00%,8.25%,0.00%,25.28%,33.53%,7,北方华创(电芯片/核心半导体) 6.76%; 中芯国际(电芯片/核心半导体) 5.71%; 兆易创新(存储) 5.25%; 寒武纪(电芯片/核心半导体) 5.07%; 海光信息(电芯片/核心半导体) 4.01%; 中微公司(电芯片/核心半导体) 3.73%; 佰维存储(存储) 3.00%
022831,华商电子行业量化股票发起式C,股票型,0.00%,8.25%,0.00%,25.28%,33.53%,7,北方华创(电芯片/核心半导体) 6.76%; 中芯国际(电芯片/核心半导体) 5.71%; 兆易创新(存储) 5.25%; 寒武纪(电芯片/核心半导体) 5.07%; 海光信息(电芯片/核心半导体) 4.01%; 中微公司(电芯片/核心半导体) 3.73%; 佰维存储(存储) 3.00%
151001,银河稳健混合,混合型-偏股,0.00%,3.29%,10.71%,19.53%,33.53%,7,源杰科技(光芯片/光通信) 7.37%; 海光信息(电芯片/核心半导体) 5.36%; 中芯国际(电芯片/核心半导体) 5.19%; 寒武纪(电芯片/核心半导体) 4.93%; 北方华创(电芯片/核心半导体) 4.05%; 天孚通信(光芯片/光通信) 3.34%; 兆易创新(存储) 3.29%
000697,汇添富移动互联股票A,股票型,0.00%,6.87%,26.65%,0.00%,33.52%,5,中际旭创(光芯片/光通信) 9.17%; 新易盛(光芯片/光通信) 9.12%; 兆易创新(存储) 6.87%; 德科立(光芯片/光通信) 4.96%; 长光华芯(光芯片/光通信) 3.40%
015198,汇添富移动互联股票C,股票型,0.00%,6.87%,26.65%,0.00%,33.52%,5,中际旭创(光芯片/光通信) 9.17%; 新易盛(光芯片/光通信) 9.12%; 兆易创新(存储) 6.87%; 德科立(光芯片/光通信) 4.96%; 长光华芯(光芯片/光通信) 3.40%
015199,汇添富移动互联股票D,股票型,0.00%,6.87%,26.65%,0.00%,33.52%,5,中际旭创(光芯片/光通信) 9.17%; 新易盛(光芯片/光通信) 9.12%; 兆易创新(存储) 6.87%; 德科立(光芯片/光通信) 4.96%; 长光华芯(光芯片/光通信) 3.40%
018986,信澳双创智选混合C,混合型-偏股,0.00%,2.62%,17.49%,13.37%,33.48%,7,中际旭创(光芯片/光通信) 9.08%; 新易盛(光芯片/光通信) 8.41%; 中芯国际(电芯片/核心半导体) 3.67%; 寒武纪(电芯片/核心半导体) 3.53%; 海光信息(电芯片/核心半导体) 3.51%; 中微公司(电芯片/核心半导体) 2.66%; 澜起科技(存储) 2.62%
018985,信澳双创智选混合A,混合型-偏股,0.00%,2.62%,17.49%,13.37%,33.48%,7,中际旭创(光芯片/光通信) 9.08%; 新易盛(光芯片/光通信) 8.41%; 中芯国际(电芯片/核心半导体) 3.67%; 寒武纪(电芯片/核心半导体) 3.53%; 海光信息(电芯片/核心半导体) 3.51%; 中微公司(电芯片/核心半导体) 2.66%; 澜起科技(存储) 2.62%
162201,宏利成长混合,混合型-灵活,0.00%,0.00%,33.43%,0.00%,33.43%,4,源杰科技(光芯片/光通信) 9.96%; 中际旭创(光芯片/光通信) 9.82%; 新易盛(光芯片/光通信) 9.78%; 长芯博创(光芯片/光通信) 3.87%
025209,永赢先锋半导体智选混合发起C,混合型-偏股,0.00%,33.42%,0.00%,0.00%,33.42%,6,佰维存储(存储) 8.25%; 兆易创新(存储) 7.68%; 北京君正(存储) 5.80%; 澜起科技(存储) 4.73%; 普冉股份(存储) 4.38%; 聚辰股份(存储) 2.58%
006270,汇安核心成长混合A,混合型-偏股,0.00%,0.00%,0.00%,33.40%,33.40%,4,寒武纪(电芯片/核心半导体) 9.07%; 芯原股份(电芯片/核心半导体) 8.77%; 海光信息(电芯片/核心半导体) 8.40%; 中芯国际(电芯片/核心半导体) 7.16%
006271,汇安核心成长混合C,混合型-偏股,0.00%,0.00%,0.00%,33.40%,33.40%,4,寒武纪(电芯片/核心半导体) 9.07%; 芯原股份(电芯片/核心半导体) 8.77%; 海光信息(电芯片/核心半导体) 8.40%; 中芯国际(电芯片/核心半导体) 7.16%
001163,银华中国梦30股票,股票型,0.00%,0.00%,13.30%,20.07%,33.37%,6,中际旭创(光芯片/光通信) 6.84%; 新易盛(光芯片/光通信) 6.46%; 中芯国际(电芯片/核心半导体) 6.32%; 寒武纪(电芯片/核心半导体) 5.51%; 海光信息(电芯片/核心半导体) 4.95%; 中微公司(电芯片/核心半导体) 3.29%
011899,长安鑫瑞科技6个月定开混合A,混合型-偏股,0.00%,0.00%,33.29%,0.00%,33.29%,4,中际旭创(光芯片/光通信) 9.80%; 新易盛(光芯片/光通信) 9.70%; 天孚通信(光芯片/光通信) 7.51%; 源杰科技(光芯片/光通信) 6.28%
011900,长安鑫瑞科技6个月定开混合C,混合型-偏股,0.00%,0.00%,33.29%,0.00%,33.29%,4,中际旭创(光芯片/光通信) 9.80%; 新易盛(光芯片/光通信) 9.70%; 天孚通信(光芯片/光通信) 7.51%; 源杰科技(光芯片/光通信) 6.28%
024207,信澳产业升级混合C,混合型-偏股,0.00%,0.00%,28.21%,5.00%,33.21%,5,新易盛(光芯片/光通信) 9.74%; 中际旭创(光芯片/光通信) 9.63%; 芯原股份(电芯片/核心半导体) 5.00%; 源杰科技(光芯片/光通信) 4.81%; 长芯博创(光芯片/光通信) 4.03%
610006,信澳产业升级混合A,混合型-偏股,0.00%,0.00%,28.21%,5.00%,33.21%,5,新易盛(光芯片/光通信) 9.74%; 中际旭创(光芯片/光通信) 9.63%; 芯原股份(电芯片/核心半导体) 5.00%; 源杰科技(光芯片/光通信) 4.81%; 长芯博创(光芯片/光通信) 4.03%
008734,交银科锐科技创新混合A,混合型-偏股,0.00%,4.12%,11.11%,17.94%,33.17%,6,北方华创(电芯片/核心半导体) 8.13%; 中际旭创(光芯片/光通信) 6.40%; 华海清科(电芯片/核心半导体) 5.29%; 新易盛(光芯片/光通信) 4.71%; 海光信息(电芯片/核心半导体) 4.52%; 普冉股份(存储) 4.12%
013949,交银科锐科技创新混合C,混合型-偏股,0.00%,4.12%,11.11%,17.94%,33.17%,6,北方华创(电芯片/核心半导体) 8.13%; 中际旭创(光芯片/光通信) 6.40%; 华海清科(电芯片/核心半导体) 5.29%; 新易盛(光芯片/光通信) 4.71%; 海光信息(电芯片/核心半导体) 4.52%; 普冉股份(存储) 4.12%
014293,嘉实产业领先混合C,混合型-偏股,0.00%,3.31%,22.46%,7.34%,33.11%,6,新易盛(光芯片/光通信) 9.08%; 海光信息(电芯片/核心半导体) 7.34%; 天孚通信(光芯片/光通信) 5.70%; 长飞光纤光缆(光芯片/光通信) 4.58%; 通富微电(存储) 3.31%; 中际旭创(光芯片/光通信) 3.10%
014292,嘉实产业领先混合A,混合型-偏股,0.00%,3.31%,22.46%,7.34%,33.11%,6,新易盛(光芯片/光通信) 9.08%; 海光信息(电芯片/核心半导体) 7.34%; 天孚通信(光芯片/光通信) 5.70%; 长飞光纤光缆(光芯片/光通信) 4.58%; 通富微电(存储) 3.31%; 中际旭创(光芯片/光通信) 3.10%
003721,易方达标普信息科技指数(QDII-LOF)A(美元现汇),指数型-海外股票,0.00%,1.81%,0.00%,31.28%,33.09%,6,英伟达(电芯片/核心半导体) 20.16%; 博通(电芯片/核心半导体) 6.98%; 美光科技(存储) 1.81%; 超威半导体(电芯片/核心半导体) 1.58%; 应用材料(电芯片/核心半导体) 1.29%; 拉姆研究(电芯片/核心半导体) 1.27%
012869,易方达标普信息科技指数(QDII-LOF)C(美元现汇),指数型-海外股票,0.00%,1.81%,0.00%,31.28%,33.09%,6,英伟达(电芯片/核心半导体) 20.16%; 博通(电芯片/核心半导体) 6.98%; 美光科技(存储) 1.81%; 超威半导体(电芯片/核心半导体) 1.58%; 应用材料(电芯片/核心半导体) 1.29%; 拉姆研究(电芯片/核心半导体) 1.27%
012868,易方达标普信息科技指数(QDII-LOF)C(人民币),指数型-海外股票,0.00%,1.81%,0.00%,31.28%,33.09%,6,英伟达(电芯片/核心半导体) 20.16%; 博通(电芯片/核心半导体) 6.98%; 美光科技(存储) 1.81%; 超威半导体(电芯片/核心半导体) 1.58%; 应用材料(电芯片/核心半导体) 1.29%; 拉姆研究(电芯片/核心半导体) 1.27%
161128,易方达标普信息科技指数(QDII-LOF)A(人民币),指数型-海外股票,0.00%,1.81%,0.00%,31.28%,33.09%,6,英伟达(电芯片/核心半导体) 20.16%; 博通(电芯片/核心半导体) 6.98%; 美光科技(存储) 1.81%; 超威半导体(电芯片/核心半导体) 1.58%; 应用材料(电芯片/核心半导体) 1.29%; 拉姆研究(电芯片/核心半导体) 1.27%
005903,宏利绩优混合A,混合型-灵活,0.00%,0.00%,32.99%,0.00%,32.99%,4,源杰科技(光芯片/光通信) 9.97%; 新易盛(光芯片/光通信) 9.87%; 中际旭创(光芯片/光通信) 9.42%; 长芯博创(光芯片/光通信) 3.73%
006751,富国互联科技股票A,股票型,0.00%,0.00%,32.99%,0.00%,32.99%,4,中际旭创(光芯片/光通信) 9.49%; 新易盛(光芯片/光通信) 9.39%; 长飞光纤光缆(光芯片/光通信) 8.72%; 天孚通信(光芯片/光通信) 5.39%
011126,富国互联科技股票C,股票型,0.00%,0.00%,32.99%,0.00%,32.99%,4,中际旭创(光芯片/光通信) 9.49%; 新易盛(光芯片/光通信) 9.39%; 长飞光纤光缆(光芯片/光通信) 8.72%; 天孚通信(光芯片/光通信) 5.39%
015576,宏利绩优混合C,混合型-灵活,0.00%,0.00%,32.99%,0.00%,32.99%,4,源杰科技(光芯片/光通信) 9.97%; 新易盛(光芯片/光通信) 9.87%; 中际旭创(光芯片/光通信) 9.42%; 长芯博创(光芯片/光通信) 3.73%
562590,半导体设备ETF华夏,指数型-股票,0.00%,0.00%,0.00%,32.92%,32.92%,3,中微公司(电芯片/核心半导体) 14.88%; 北方华创(电芯片/核心半导体) 12.95%; 华海清科(电芯片/核心半导体) 5.09%
560780,半导体设备ETF广发,指数型-股票,0.00%,0.00%,0.00%,32.91%,32.91%,3,中微公司(电芯片/核心半导体) 14.90%; 北方华创(电芯片/核心半导体) 12.93%; 华海清科(电芯片/核心半导体) 5.08%
002272,新华科技创新主题灵活配置混合,混合型-灵活,0.00%,0.00%,32.86%,0.00%,32.86%,4,新易盛(光芯片/光通信) 9.75%; 中际旭创(光芯片/光通信) 8.86%; 仕佳光子(光芯片/光通信) 7.40%; 德科立(光芯片/光通信) 6.85%
515050,通信ETF华夏,指数型-股票,0.00%,5.18%,27.66%,0.00%,32.84%,5,新易盛(光芯片/光通信) 10.29%; 中际旭创(光芯片/光通信) 9.40%; 兆易创新(存储) 5.18%; 天孚通信(光芯片/光通信) 4.57%; 华工科技(光芯片/光通信) 3.40%
010350,景顺长城品质长青混合A,混合型-偏股,0.00%,0.00%,32.83%,0.00%,32.83%,4,中际旭创(光芯片/光通信) 9.65%; 新易盛(光芯片/光通信) 9.61%; 源杰科技(光芯片/光通信) 9.02%; 高伟电子(光芯片/光通信) 4.55%
015751,景顺长城品质长青混合C,混合型-偏股,0.00%,0.00%,32.83%,0.00%,32.83%,4,中际旭创(光芯片/光通信) 9.65%; 新易盛(光芯片/光通信) 9.61%; 源杰科技(光芯片/光通信) 9.02%; 高伟电子(光芯片/光通信) 4.55%
023313,国泰聚鑫量化选股混合发起A,混合型-偏股,0.00%,0.00%,0.00%,32.81%,32.81%,4,中微公司(电芯片/核心半导体) 9.17%; 北方华创(电芯片/核心半导体) 9.03%; 华海清科(电芯片/核心半导体) 7.31%; 盛美上海(电芯片/核心半导体) 7.30%
023314,国泰聚鑫量化选股混合发起C,混合型-偏股,0.00%,0.00%,0.00%,32.81%,32.81%,4,中微公司(电芯片/核心半导体) 9.17%; 北方华创(电芯片/核心半导体) 9.03%; 华海清科(电芯片/核心半导体) 7.31%; 盛美上海(电芯片/核心半导体) 7.30%
159558,半导体设备ETF易方达,指数型-股票,0.00%,0.00%,0.00%,32.81%,32.81%,3,中微公司(电芯片/核心半导体) 14.89%; 北方华创(电芯片/核心半导体) 12.86%; 华海清科(电芯片/核心半导体) 5.06%
010531,申万中证申万电子行业投资指数(LOF)C,指数型-股票,0.00%,8.10%,0.00%,24.59%,32.69%,7,寒武纪(电芯片/核心半导体) 5.58%; 海光信息(电芯片/核心半导体) 5.23%; 北方华创(电芯片/核心半导体) 5.17%; 中芯国际(电芯片/核心半导体) 5.03%; 兆易创新(存储) 4.26%; 澜起科技(存储) 3.84%; 中微公司(电芯片/核心半导体) 3.58%
163116,申万中证申万电子行业投资指数(LOF)A,指数型-股票,0.00%,8.10%,0.00%,24.59%,32.69%,7,寒武纪(电芯片/核心半导体) 5.58%; 海光信息(电芯片/核心半导体) 5.23%; 北方华创(电芯片/核心半导体) 5.17%; 中芯国际(电芯片/核心半导体) 5.03%; 兆易创新(存储) 4.26%; 澜起科技(存储) 3.84%; 中微公司(电芯片/核心半导体) 3.58%
008657,景顺长城科技创新混合A,混合型-偏股,0.00%,3.71%,28.92%,0.00%,32.63%,5,新易盛(光芯片/光通信) 9.11%; 中际旭创(光芯片/光通信) 8.86%; 天孚通信(光芯片/光通信) 5.61%; 源杰科技(光芯片/光通信) 5.34%; 澜起科技(存储) 3.71%
015683,景顺长城科技创新混合C,混合型-偏股,0.00%,3.71%,28.92%,0.00%,32.63%,5,新易盛(光芯片/光通信) 9.11%; 中际旭创(光芯片/光通信) 8.86%; 天孚通信(光芯片/光通信) 5.61%; 源杰科技(光芯片/光通信) 5.34%; 澜起科技(存储) 3.71%
159327,半导体设备ETF万家,指数型-股票,0.00%,0.00%,0.00%,32.61%,32.61%,3,中微公司(电芯片/核心半导体) 14.72%; 北方华创(电芯片/核心半导体) 12.84%; 华海清科(电芯片/核心半导体) 5.05%
017290,中欧科创主题混合(LOF)C,混合型-偏股,0.00%,3.03%,0.00%,29.56%,32.59%,5,恒玄科技(电芯片/核心半导体) 8.23%; 寒武纪(电芯片/核心半导体) 8.02%; 海光信息(电芯片/核心半导体) 6.85%; 中芯国际(电芯片/核心半导体) 6.46%; 澜起科技(存储) 3.03%
501081,中欧科创主题混合(LOF)A,混合型-偏股,0.00%,3.03%,0.00%,29.56%,32.59%,5,恒玄科技(电芯片/核心半导体) 8.23%; 寒武纪(电芯片/核心半导体) 8.02%; 海光信息(电芯片/核心半导体) 6.85%; 中芯国际(电芯片/核心半导体) 6.46%; 澜起科技(存储) 3.03%
016198,大成科创主题混合(LOF)C,混合型-偏股,0.00%,0.00%,32.53%,0.00%,32.53%,5,新易盛(光芯片/光通信) 9.88%; 中际旭创(光芯片/光通信) 9.65%; 天孚通信(光芯片/光通信) 5.94%; 长芯博创(光芯片/光通信) 3.60%; 源杰科技(光芯片/光通信) 3.46%
501079,大成科创主题混合(LOF)A,混合型-偏股,0.00%,0.00%,32.53%,0.00%,32.53%,5,新易盛(光芯片/光通信) 9.88%; 中际旭创(光芯片/光通信) 9.65%; 天孚通信(光芯片/光通信) 5.94%; 长芯博创(光芯片/光通信) 3.60%; 源杰科技(光芯片/光通信) 3.46%
024691,鑫元新兴产业睿选混合发起式A,混合型-偏股,0.00%,0.00%,26.81%,5.72%,32.53%,5,新易盛(光芯片/光通信) 8.54%; 天孚通信(光芯片/光通信) 8.43%; 中际旭创(光芯片/光通信) 7.14%; 芯原股份(电芯片/核心半导体) 5.72%; 太辰光(光芯片/光通信) 2.70%
024692,鑫元新兴产业睿选混合发起式C,混合型-偏股,0.00%,0.00%,26.81%,5.72%,32.53%,5,新易盛(光芯片/光通信) 8.54%; 天孚通信(光芯片/光通信) 8.43%; 中际旭创(光芯片/光通信) 7.14%; 芯原股份(电芯片/核心半导体) 5.72%; 太辰光(光芯片/光通信) 2.70%
018866,泓德数字经济混合发起式C,混合型-偏股,0.00%,7.69%,0.00%,24.81%,32.50%,7,寒武纪(电芯片/核心半导体) 6.05%; 海光信息(电芯片/核心半导体) 5.18%; 中芯国际(电芯片/核心半导体) 5.07%; 北方华创(电芯片/核心半导体) 5.05%; 兆易创新(存储) 4.15%; 澜起科技(存储) 3.54%; 中微公司(电芯片/核心半导体) 3.46%
018865,泓德数字经济混合发起式A,混合型-偏股,0.00%,7.69%,0.00%,24.81%,32.50%,7,寒武纪(电芯片/核心半导体) 6.05%; 海光信息(电芯片/核心半导体) 5.18%; 中芯国际(电芯片/核心半导体) 5.07%; 北方华创(电芯片/核心半导体) 5.05%; 兆易创新(存储) 4.15%; 澜起科技(存储) 3.54%; 中微公司(电芯片/核心半导体) 3.46%
010391,易方达战略新兴产业股票A,股票型,0.00%,0.00%,22.23%,10.25%,32.48%,6,新易盛(光芯片/光通信) 9.75%; 中际旭创(光芯片/光通信) 7.71%; 长飞光纤光缆(光芯片/光通信) 4.77%; 芯原股份(电芯片/核心半导体) 3.96%; 华海清科(电芯片/核心半导体) 3.20%; 中芯国际(电芯片/核心半导体) 3.09%
010392,易方达战略新兴产业股票C,股票型,0.00%,0.00%,22.23%,10.25%,32.48%,6,新易盛(光芯片/光通信) 9.75%; 中际旭创(光芯片/光通信) 7.71%; 长飞光纤光缆(光芯片/光通信) 4.77%; 芯原股份(电芯片/核心半导体) 3.96%; 华海清科(电芯片/核心半导体) 3.20%; 中芯国际(电芯片/核心半导体) 3.09%
014192,广发先进制造股票发起式C,股票型,0.00%,0.00%,32.37%,0.00%,32.37%,4,新易盛(光芯片/光通信) 9.86%; 中际旭创(光芯片/光通信) 9.08%; 天孚通信(光芯片/光通信) 7.50%; 长飞光纤光缆(光芯片/光通信) 5.93%
014191,广发先进制造股票发起式A,股票型,0.00%,0.00%,32.37%,0.00%,32.37%,4,新易盛(光芯片/光通信) 9.86%; 中际旭创(光芯片/光通信) 9.08%; 天孚通信(光芯片/光通信) 7.50%; 长飞光纤光缆(光芯片/光通信) 5.93%
010898,银河产业动力混合A,混合型-偏股,0.00%,0.00%,14.29%,18.01%,32.30%,5,中际旭创(光芯片/光通信) 9.07%; 北方华创(电芯片/核心半导体) 6.30%; 中微公司(电芯片/核心半导体) 6.27%; 华虹半导体(电芯片/核心半导体) 5.44%; 天孚通信(光芯片/光通信) 5.22%
018870,银河产业动力混合C,混合型-偏股,0.00%,0.00%,14.29%,18.01%,32.30%,5,中际旭创(光芯片/光通信) 9.07%; 北方华创(电芯片/核心半导体) 6.30%; 中微公司(电芯片/核心半导体) 6.27%; 华虹半导体(电芯片/核心半导体) 5.44%; 天孚通信(光芯片/光通信) 5.22%
159811,5GETF博时,指数型-股票,0.00%,4.80%,27.50%,0.00%,32.30%,5,新易盛(光芯片/光通信) 10.52%; 中际旭创(光芯片/光通信) 9.60%; 兆易创新(存储) 4.80%; 天孚通信(光芯片/光通信) 4.24%; 华工科技(光芯片/光通信) 3.14%
009199,万家价值优势一年持有期混合,混合型-偏股,0.00%,8.37%,18.97%,4.95%,32.29%,4,新易盛(光芯片/光通信) 9.54%; 中际旭创(光芯片/光通信) 9.43%; 兆易创新(存储) 8.37%; 海光信息(电芯片/核心半导体) 4.95%
016579,长安宏观策略混合C,混合型-偏股,0.00%,0.00%,32.28%,0.00%,32.28%,4,中际旭创(光芯片/光通信) 9.55%; 新易盛(光芯片/光通信) 9.31%; 天孚通信(光芯片/光通信) 7.78%; 源杰科技(光芯片/光通信) 5.64%
740001,长安宏观策略混合A,混合型-偏股,0.00%,0.00%,32.28%,0.00%,32.28%,4,中际旭创(光芯片/光通信) 9.55%; 新易盛(光芯片/光通信) 9.31%; 天孚通信(光芯片/光通信) 7.78%; 源杰科技(光芯片/光通信) 5.64%
000462,农银主题轮动混合A,混合型-灵活,0.00%,0.00%,12.50%,19.77%,32.27%,8,北方华创(电芯片/核心半导体) 5.03%; 新易盛(光芯片/光通信) 4.83%; 中际旭创(光芯片/光通信) 4.80%; 寒武纪(电芯片/核心半导体) 4.78%; 海光信息(电芯片/核心半导体) 4.57%; 中微公司(电芯片/核心半导体) 2.99%; 天孚通信(光芯片/光通信) 2.87%; 中芯国际(电芯片/核心半导体) 2.40%
019485,农银主题轮动混合C,混合型-灵活,0.00%,0.00%,12.50%,19.77%,32.27%,8,北方华创(电芯片/核心半导体) 5.03%; 新易盛(光芯片/光通信) 4.83%; 中际旭创(光芯片/光通信) 4.80%; 寒武纪(电芯片/核心半导体) 4.78%; 海光信息(电芯片/核心半导体) 4.57%; 中微公司(电芯片/核心半导体) 2.99%; 天孚通信(光芯片/光通信) 2.87%; 中芯国际(电芯片/核心半导体) 2.40%
000354,长盛城镇化主题混合A,混合型-偏股,0.00%,0.00%,32.16%,0.00%,32.16%,4,天孚通信(光芯片/光通信) 9.64%; 中际旭创(光芯片/光通信) 9.28%; 新易盛(光芯片/光通信) 7.86%; 长光华芯(光芯片/光通信) 5.38%
018933,长盛城镇化主题混合C,混合型-偏股,0.00%,0.00%,32.16%,0.00%,32.16%,4,天孚通信(光芯片/光通信) 9.64%; 中际旭创(光芯片/光通信) 9.28%; 新易盛(光芯片/光通信) 7.86%; 长光华芯(光芯片/光通信) 5.38%
006555,浦银安盛全球智能科技(QDII)A,QDII-普通股票,0.00%,5.13%,13.39%,13.63%,32.15%,6,Lumentum Holdings Inc(光芯片/光通信) 8.22%; 台积电(电芯片/核心半导体) 6.04%; Coherent Corp(光芯片/光通信) 5.17%; 美光科技(存储) 5.13%; 英特尔(电芯片/核心半导体) 4.34%; 阿斯麦(电芯片/核心半导体) 3.25%
014002,浦银安盛全球智能科技(QDII)C,QDII-普通股票,0.00%,5.13%,13.39%,13.63%,32.15%,6,Lumentum Holdings Inc(光芯片/光通信) 8.22%; 台积电(电芯片/核心半导体) 6.04%; Coherent Corp(光芯片/光通信) 5.17%; 美光科技(存储) 5.13%; 英特尔(电芯片/核心半导体) 4.34%; 阿斯麦(电芯片/核心半导体) 3.25%
024053,工银科技先锋混合发起式C,混合型-偏股,0.00%,0.00%,21.75%,10.34%,32.09%,5,中际旭创(光芯片/光通信) 9.17%; 新易盛(光芯片/光通信) 6.70%; 寒武纪(电芯片/核心半导体) 6.04%; 源杰科技(光芯片/光通信) 5.88%; 中微公司(电芯片/核心半导体) 4.30%
024052,工银科技先锋混合发起式A,混合型-偏股,0.00%,0.00%,21.75%,10.34%,32.09%,5,中际旭创(光芯片/光通信) 9.17%; 新易盛(光芯片/光通信) 6.70%; 寒武纪(电芯片/核心半导体) 6.04%; 源杰科技(光芯片/光通信) 5.88%; 中微公司(电芯片/核心半导体) 4.30%
002289,华商改革创新股票A,股票型,0.00%,12.12%,0.00%,19.95%,32.07%,5,北方华创(电芯片/核心半导体) 8.11%; 兆易创新(存储) 7.14%; 华海清科(电芯片/核心半导体) 6.11%; 中微公司(电芯片/核心半导体) 5.73%; 普冉股份(存储) 4.98%
016052,华商改革创新股票C,股票型,0.00%,12.12%,0.00%,19.95%,32.07%,5,北方华创(电芯片/核心半导体) 8.11%; 兆易创新(存储) 7.14%; 华海清科(电芯片/核心半导体) 6.11%; 中微公司(电芯片/核心半导体) 5.73%; 普冉股份(存储) 4.98%
118001,易方达亚洲精选股票,QDII-普通股票,0.00%,16.77%,0.00%,15.29%,32.06%,5,三星电子(存储) 9.18%; SK海力士(存储) 7.59%; 台积电(电芯片/核心半导体) 6.79%; 阿斯麦(电芯片/核心半导体) 5.19%; 台积电(电芯片/核心半导体) 3.31%
005119,银华智荟内在价值灵活配置混合发起A,混合型-灵活,0.00%,0.00%,0.00%,32.03%,32.03%,5,华海清科(电芯片/核心半导体) 8.26%; 北方华创(电芯片/核心半导体) 8.09%; 中微公司(电芯片/核心半导体) 7.83%; 寒武纪(电芯片/核心半导体) 4.65%; 华虹半导体(电芯片/核心半导体) 3.20%
016262,银华智荟内在价值灵活配置混合发起C,混合型-灵活,0.00%,0.00%,0.00%,32.03%,32.03%,5,华海清科(电芯片/核心半导体) 8.26%; 北方华创(电芯片/核心半导体) 8.09%; 中微公司(电芯片/核心半导体) 7.83%; 寒武纪(电芯片/核心半导体) 4.65%; 华虹半导体(电芯片/核心半导体) 3.20%
000522,华润元大信息传媒科技混合A,混合型-偏股,0.00%,0.00%,24.59%,7.35%,31.94%,4,天孚通信(光芯片/光通信) 9.53%; 中际旭创(光芯片/光通信) 7.97%; 中微公司(电芯片/核心半导体) 7.35%; 新易盛(光芯片/光通信) 7.09%
019089,华润元大信息传媒科技混合C,混合型-偏股,0.00%,0.00%,24.59%,7.35%,31.94%,4,天孚通信(光芯片/光通信) 9.53%; 中际旭创(光芯片/光通信) 7.97%; 中微公司(电芯片/核心半导体) 7.35%; 新易盛(光芯片/光通信) 7.09%
013885,交银阿尔法核心混合C,混合型-偏股,0.00%,9.54%,18.64%,3.63%,31.81%,5,新易盛(光芯片/光通信) 9.42%; 中际旭创(光芯片/光通信) 9.22%; 普冉股份(存储) 4.77%; 兆易创新(存储) 4.77%; 北方华创(电芯片/核心半导体) 3.63%
519712,交银阿尔法核心混合A,混合型-偏股,0.00%,9.54%,18.64%,3.63%,31.81%,5,新易盛(光芯片/光通信) 9.42%; 中际旭创(光芯片/光通信) 9.22%; 普冉股份(存储) 4.77%; 兆易创新(存储) 4.77%; 北方华创(电芯片/核心半导体) 3.63%
009715,汇添富策略增长灵活配置混合,混合型-灵活,0.00%,0.00%,25.55%,6.21%,31.76%,5,新易盛(光芯片/光通信) 9.32%; 中际旭创(光芯片/光通信) 8.50%; 北方华创(电芯片/核心半导体) 6.21%; 天孚通信(光芯片/光通信) 3.89%; 长飞光纤光缆(光芯片/光通信) 3.84%
019438,华商科创创业精选混合C,混合型-偏股,0.00%,12.21%,0.00%,19.53%,31.74%,5,北方华创(电芯片/核心半导体) 7.49%; 兆易创新(存储) 7.48%; 华海清科(电芯片/核心半导体) 6.44%; 中微公司(电芯片/核心半导体) 5.60%; 普冉股份(存储) 4.73%
019437,华商科创创业精选混合A,混合型-偏股,0.00%,12.21%,0.00%,19.53%,31.74%,5,北方华创(电芯片/核心半导体) 7.49%; 兆易创新(存储) 7.48%; 华海清科(电芯片/核心半导体) 6.44%; 中微公司(电芯片/核心半导体) 5.60%; 普冉股份(存储) 4.73%
017760,银河智造混合C,混合型-灵活,0.00%,3.74%,12.85%,15.10%,31.69%,8,天孚通信(光芯片/光通信) 5.02%; 中际旭创(光芯片/光通信) 4.52%; 海光信息(电芯片/核心半导体) 4.31%; 中芯国际(电芯片/核心半导体) 3.81%; 澜起科技(存储) 3.74%; 中微公司(电芯片/核心半导体) 3.53%; 北方华创(电芯片/核心半导体) 3.45%; 源杰科技(光芯片/光通信) 3.31%
519642,银河智造混合A,混合型-灵活,0.00%,3.74%,12.85%,15.10%,31.69%,8,天孚通信(光芯片/光通信) 5.02%; 中际旭创(光芯片/光通信) 4.52%; 海光信息(电芯片/核心半导体) 4.31%; 中芯国际(电芯片/核心半导体) 3.81%; 澜起科技(存储) 3.74%; 中微公司(电芯片/核心半导体) 3.53%; 北方华创(电芯片/核心半导体) 3.45%; 源杰科技(光芯片/光通信) 3.31%
009277,融通行业景气混合C,混合型-灵活,0.00%,0.00%,31.57%,0.00%,31.57%,4,新易盛(光芯片/光通信) 10.03%; 中际旭创(光芯片/光通信) 9.69%; 源杰科技(光芯片/光通信) 6.07%; 剑桥科技(光芯片/光通信) 5.78%
161606,融通行业景气混合A,混合型-灵活,0.00%,0.00%,31.57%,0.00%,31.57%,4,新易盛(光芯片/光通信) 10.03%; 中际旭创(光芯片/光通信) 9.69%; 源杰科技(光芯片/光通信) 6.07%; 剑桥科技(光芯片/光通信) 5.78%
001723,华商新动力混合A,混合型-偏股,0.00%,12.02%,0.00%,19.54%,31.56%,5,北方华创(电芯片/核心半导体) 7.91%; 兆易创新(存储) 7.26%; 华海清科(电芯片/核心半导体) 5.88%; 中微公司(电芯片/核心半导体) 5.75%; 普冉股份(存储) 4.76%
017927,华商新动力混合C,混合型-偏股,0.00%,12.02%,0.00%,19.54%,31.56%,5,北方华创(电芯片/核心半导体) 7.91%; 兆易创新(存储) 7.26%; 华海清科(电芯片/核心半导体) 5.88%; 中微公司(电芯片/核心半导体) 5.75%; 普冉股份(存储) 4.76%
023633,景顺长城新兴产业混合C,混合型-偏股,0.00%,0.00%,28.32%,3.12%,31.44%,4,新易盛(光芯片/光通信) 9.56%; 中际旭创(光芯片/光通信) 9.41%; 源杰科技(光芯片/光通信) 9.35%; 中微公司(电芯片/核心半导体) 3.12%
023632,景顺长城新兴产业混合A,混合型-偏股,0.00%,0.00%,28.32%,3.12%,31.44%,4,新易盛(光芯片/光通信) 9.56%; 中际旭创(光芯片/光通信) 9.41%; 源杰科技(光芯片/光通信) 9.35%; 中微公司(电芯片/核心半导体) 3.12%
024433,嘉实成长共赢混合A,混合型-偏股,0.00%,0.00%,23.04%,8.38%,31.42%,6,中际旭创(光芯片/光通信) 7.19%; 长飞光纤光缆(光芯片/光通信) 6.57%; 新易盛(光芯片/光通信) 4.66%; 海光信息(电芯片/核心半导体) 4.63%; 天孚通信(光芯片/光通信) 4.62%; 华虹半导体(电芯片/核心半导体) 3.75%
024434,嘉实成长共赢混合C,混合型-偏股,0.00%,0.00%,23.04%,8.38%,31.42%,6,中际旭创(光芯片/光通信) 7.19%; 长飞光纤光缆(光芯片/光通信) 6.57%; 新易盛(光芯片/光通信) 4.66%; 海光信息(电芯片/核心半导体) 4.63%; 天孚通信(光芯片/光通信) 4.62%; 华虹半导体(电芯片/核心半导体) 3.75%
014460,平安品质优选混合A,混合型-偏股,0.00%,0.00%,26.64%,4.73%,31.37%,5,中际旭创(光芯片/光通信) 8.37%; 长芯博创(光芯片/光通信) 7.29%; 新易盛(光芯片/光通信) 5.89%; 天孚通信(光芯片/光通信) 5.09%; 芯原股份(电芯片/核心半导体) 4.73%
014461,平安品质优选混合C,混合型-偏股,0.00%,0.00%,26.64%,4.73%,31.37%,5,中际旭创(光芯片/光通信) 8.37%; 长芯博创(光芯片/光通信) 7.29%; 新易盛(光芯片/光通信) 5.89%; 天孚通信(光芯片/光通信) 5.09%; 芯原股份(电芯片/核心半导体) 4.73%
021532,天弘半导体设备指数A,指数型-股票,0.00%,0.00%,0.00%,31.37%,31.37%,3,中微公司(电芯片/核心半导体) 14.18%; 北方华创(电芯片/核心半导体) 12.34%; 华海清科(电芯片/核心半导体) 4.85%
021533,天弘半导体设备指数C,指数型-股票,0.00%,0.00%,0.00%,31.37%,31.37%,3,中微公司(电芯片/核心半导体) 14.18%; 北方华创(电芯片/核心半导体) 12.34%; 华海清科(电芯片/核心半导体) 4.85%
001808,银华互联网主题灵活配置混合A,混合型-灵活,0.00%,3.86%,27.46%,0.00%,31.32%,5,新易盛(光芯片/光通信) 8.38%; 中际旭创(光芯片/光通信) 7.69%; 源杰科技(光芯片/光通信) 6.78%; 天孚通信(光芯片/光通信) 4.61%; 澜起科技(存储) 3.86%
014612,富国核心科技12个月持有混合C,混合型-偏股,0.00%,0.00%,31.32%,0.00%,31.32%,4,新易盛(光芯片/光通信) 9.55%; 中际旭创(光芯片/光通信) 8.97%; 长飞光纤光缆(光芯片/光通信) 7.62%; 天孚通信(光芯片/光通信) 5.18%
014611,富国核心科技12个月持有混合A,混合型-偏股,0.00%,0.00%,31.32%,0.00%,31.32%,4,新易盛(光芯片/光通信) 9.55%; 中际旭创(光芯片/光通信) 8.97%; 长飞光纤光缆(光芯片/光通信) 7.62%; 天孚通信(光芯片/光通信) 5.18%
015772,银华互联网主题灵活配置混合C,混合型-灵活,0.00%,3.86%,27.46%,0.00%,31.32%,5,新易盛(光芯片/光通信) 8.38%; 中际旭创(光芯片/光通信) 7.69%; 源杰科技(光芯片/光通信) 6.78%; 天孚通信(光芯片/光通信) 4.61%; 澜起科技(存储) 3.86%
002418,汇添富优选回报混合C,混合型-灵活,0.00%,0.00%,26.05%,5.23%,31.28%,4,新易盛(光芯片/光通信) 9.71%; 中际旭创(光芯片/光通信) 8.32%; 源杰科技(光芯片/光通信) 8.02%; 寒武纪(电芯片/核心半导体) 5.23%
470021,汇添富优选回报混合A,混合型-灵活,0.00%,0.00%,26.05%,5.23%,31.28%,4,新易盛(光芯片/光通信) 9.71%; 中际旭创(光芯片/光通信) 8.32%; 源杰科技(光芯片/光通信) 8.02%; 寒武纪(电芯片/核心半导体) 5.23%
015144,中欧智能制造混合C,混合型-偏股,0.00%,3.01%,0.00%,28.15%,31.16%,5,恒玄科技(电芯片/核心半导体) 8.20%; 寒武纪(电芯片/核心半导体) 8.10%; 海光信息(电芯片/核心半导体) 7.07%; 中芯国际(电芯片/核心半导体) 4.78%; 澜起科技(存储) 3.01%
015143,中欧智能制造混合A,混合型-偏股,0.00%,3.01%,0.00%,28.15%,31.16%,5,恒玄科技(电芯片/核心半导体) 8.20%; 寒武纪(电芯片/核心半导体) 8.10%; 海光信息(电芯片/核心半导体) 7.07%; 中芯国际(电芯片/核心半导体) 4.78%; 澜起科技(存储) 3.01%
000017,财通可持续混合,混合型-偏股,0.00%,0.00%,23.99%,7.10%,31.09%,4,新易盛(光芯片/光通信) 8.32%; 源杰科技(光芯片/光通信) 8.17%; 中际旭创(光芯片/光通信) 7.50%; 寒武纪(电芯片/核心半导体) 7.10%
501096,国联安科创混合(LOF),混合型-偏股,0.00%,25.93%,5.12%,0.00%,31.05%,5,佰维存储(存储) 8.28%; 普冉股份(存储) 6.97%; 兆易创新(存储) 5.40%; 澜起科技(存储) 5.28%; 中际旭创(光芯片/光通信) 5.12%
501026,财通多策略福享混合(LOF),混合型-灵活,0.00%,0.00%,24.42%,6.61%,31.03%,4,新易盛(光芯片/光通信) 8.86%; 源杰科技(光芯片/光通信) 8.01%; 中际旭创(光芯片/光通信) 7.55%; 寒武纪(电芯片/核心半导体) 6.61%
015937,中信保诚鼎利混合(LOF)C,混合型-灵活,0.00%,0.00%,12.78%,18.25%,31.03%,5,北方华创(电芯片/核心半导体) 7.52%; 新易盛(光芯片/光通信) 7.51%; 中微公司(电芯片/核心半导体) 6.06%; 中际旭创(光芯片/光通信) 5.27%; 寒武纪(电芯片/核心半导体) 4.67%
165528,中信保诚鼎利混合(LOF)A,混合型-灵活,0.00%,0.00%,12.78%,18.25%,31.03%,5,北方华创(电芯片/核心半导体) 7.52%; 新易盛(光芯片/光通信) 7.51%; 中微公司(电芯片/核心半导体) 6.06%; 中际旭创(光芯片/光通信) 5.27%; 寒武纪(电芯片/核心半导体) 4.67%
013470,泰信低碳经济混合发起式C,混合型-偏股,0.00%,0.00%,24.24%,6.77%,31.01%,5,中际旭创(光芯片/光通信) 7.58%; 新易盛(光芯片/光通信) 6.94%; 芯原股份(电芯片/核心半导体) 6.77%; 源杰科技(光芯片/光通信) 6.47%; 长光华芯(光芯片/光通信) 3.25%
013469,泰信低碳经济混合发起式A,混合型-偏股,0.00%,0.00%,24.24%,6.77%,31.01%,5,中际旭创(光芯片/光通信) 7.58%; 新易盛(光芯片/光通信) 6.94%; 芯原股份(电芯片/核心半导体) 6.77%; 源杰科技(光芯片/光通信) 6.47%; 长光华芯(光芯片/光通信) 3.25%
009868,工银创新精选一年定开混合C,混合型-偏股,0.00%,0.00%,17.27%,13.73%,31.00%,6,中际旭创(光芯片/光通信) 7.55%; 新易盛(光芯片/光通信) 5.82%; 寒武纪(电芯片/核心半导体) 4.89%; 中微公司(电芯片/核心半导体) 4.88%; 海光信息(电芯片/核心半导体) 3.96%; 源杰科技(光芯片/光通信) 3.90%
009867,工银创新精选一年定开混合A,混合型-偏股,0.00%,0.00%,17.27%,13.73%,31.00%,6,中际旭创(光芯片/光通信) 7.55%; 新易盛(光芯片/光通信) 5.82%; 寒武纪(电芯片/核心半导体) 4.89%; 中微公司(电芯片/核心半导体) 4.88%; 海光信息(电芯片/核心半导体) 3.96%; 源杰科技(光芯片/光通信) 3.90%
009892,富国成长策略混合A,混合型-偏股,0.00%,0.00%,30.94%,0.00%,30.94%,4,新易盛(光芯片/光通信) 9.42%; 中际旭创(光芯片/光通信) 8.85%; 长飞光纤光缆(光芯片/光通信) 7.61%; 天孚通信(光芯片/光通信) 5.06%
025191,富国成长策略混合C,混合型-偏股,0.00%,0.00%,30.94%,0.00%,30.94%,4,新易盛(光芯片/光通信) 9.42%; 中际旭创(光芯片/光通信) 8.85%; 长飞光纤光缆(光芯片/光通信) 7.61%; 天孚通信(光芯片/光通信) 5.06%
519697,交银优势行业混合,混合型-灵活,0.00%,9.38%,18.21%,3.35%,30.94%,5,新易盛(光芯片/光通信) 9.40%; 中际旭创(光芯片/光通信) 8.81%; 普冉股份(存储) 4.77%; 兆易创新(存储) 4.61%; 北方华创(电芯片/核心半导体) 3.35%
159709,物联网ETF工银,指数型-股票,0.00%,0.00%,24.15%,6.77%,30.92%,4,新易盛(光芯片/光通信) 10.80%; 中际旭创(光芯片/光通信) 9.95%; 北方华创(电芯片/核心半导体) 6.77%; 华工科技(光芯片/光通信) 3.40%
010013,易方达信息行业精选股票A,股票型,0.00%,0.00%,30.89%,0.00%,30.89%,5,新易盛(光芯片/光通信) 8.84%; 中际旭创(光芯片/光通信) 8.11%; 源杰科技(光芯片/光通信) 8.01%; 光库科技(光芯片/光通信) 3.25%; 长飞光纤光缆(光芯片/光通信) 2.68%
019024,易方达信息行业精选股票C,股票型,0.00%,0.00%,30.89%,0.00%,30.89%,5,新易盛(光芯片/光通信) 8.84%; 中际旭创(光芯片/光通信) 8.11%; 源杰科技(光芯片/光通信) 8.01%; 光库科技(光芯片/光通信) 3.25%; 长飞光纤光缆(光芯片/光通信) 2.68%
001412,德邦鑫星价值灵活配置混合A,混合型-灵活,0.00%,0.00%,30.88%,0.00%,30.88%,5,新易盛(光芯片/光通信) 9.66%; 中际旭创(光芯片/光通信) 9.47%; 天孚通信(光芯片/光通信) 5.19%; 长芯博创(光芯片/光通信) 3.87%; 德科立(光芯片/光通信) 2.69%
002230,华夏大中华混合(QDII),QDII-混合灵活,0.00%,10.78%,4.83%,15.26%,30.87%,5,台积电(电芯片/核心半导体) 7.96%; 英伟达(电芯片/核心半导体) 7.30%; 美光科技(存储) 6.35%; Lumentum Holdings Inc(光芯片/光通信) 4.83%; 闪迪(存储) 4.43%
013340,创金合信芯片产业股票发起C,股票型,0.00%,0.00%,0.00%,30.87%,30.87%,5,海光信息(电芯片/核心半导体) 7.97%; 中芯国际(电芯片/核心半导体) 7.25%; 中微公司(电芯片/核心半导体) 6.07%; 圣邦股份(电芯片/核心半导体) 4.96%; 北方华创(电芯片/核心半导体) 4.62%
013339,创金合信芯片产业股票发起A,股票型,0.00%,0.00%,0.00%,30.87%,30.87%,5,海光信息(电芯片/核心半导体) 7.97%; 中芯国际(电芯片/核心半导体) 7.25%; 中微公司(电芯片/核心半导体) 6.07%; 圣邦股份(电芯片/核心半导体) 4.96%; 北方华创(电芯片/核心半导体) 4.62%
009855,中加新兴成长混合A,混合型-偏股,0.00%,0.00%,30.86%,0.00%,30.86%,4,中际旭创(光芯片/光通信) 8.47%; 新易盛(光芯片/光通信) 8.25%; 天孚通信(光芯片/光通信) 7.39%; 源杰科技(光芯片/光通信) 6.75%
009856,中加新兴成长混合C,混合型-偏股,0.00%,0.00%,30.86%,0.00%,30.86%,4,中际旭创(光芯片/光通信) 8.47%; 新易盛(光芯片/光通信) 8.25%; 天孚通信(光芯片/光通信) 7.39%; 源杰科技(光芯片/光通信) 6.75%
021731,富达低碳成长混合C,混合型-偏股,0.00%,9.92%,16.50%,4.44%,30.86%,6,中际旭创(光芯片/光通信) 7.03%; 新易盛(光芯片/光通信) 5.47%; 兆易创新(存储) 5.06%; 澜起科技(存储) 4.86%; 中微公司(电芯片/核心半导体) 4.44%; 长光华芯(光芯片/光通信) 4.00%
021730,富达低碳成长混合A,混合型-偏股,0.00%,9.92%,16.50%,4.44%,30.86%,6,中际旭创(光芯片/光通信) 7.03%; 新易盛(光芯片/光通信) 5.47%; 兆易创新(存储) 5.06%; 澜起科技(存储) 4.86%; 中微公司(电芯片/核心半导体) 4.44%; 长光华芯(光芯片/光通信) 4.00%
010647,融通价值趋势混合C,混合型-偏股,0.00%,0.00%,30.75%,0.00%,30.75%,4,中际旭创(光芯片/光通信) 9.88%; 新易盛(光芯片/光通信) 9.74%; 长飞光纤光缆(光芯片/光通信) 6.14%; 源杰科技(光芯片/光通信) 4.99%
010646,融通价值趋势混合A,混合型-偏股,0.00%,0.00%,30.75%,0.00%,30.75%,4,中际旭创(光芯片/光通信) 9.88%; 新易盛(光芯片/光通信) 9.74%; 长飞光纤光缆(光芯片/光通信) 6.14%; 源杰科技(光芯片/光通信) 4.99%
015035,银华核心动力精选混合A,混合型-偏股,0.00%,3.03%,15.99%,11.62%,30.64%,5,新易盛(光芯片/光通信) 8.78%; 海光信息(电芯片/核心半导体) 7.79%; 中际旭创(光芯片/光通信) 7.21%; 中芯国际(电芯片/核心半导体) 3.83%; 兆易创新(存储) 3.03%
015036,银华核心动力精选混合C,混合型-偏股,0.00%,3.03%,15.99%,11.62%,30.64%,5,新易盛(光芯片/光通信) 8.78%; 海光信息(电芯片/核心半导体) 7.79%; 中际旭创(光芯片/光通信) 7.21%; 中芯国际(电芯片/核心半导体) 3.83%; 兆易创新(存储) 3.03%
017653,创金合信全球芯片产业股票发起(QDII)A,QDII-普通股票,0.00%,0.00%,3.45%,27.15%,30.60%,7,中芯国际(电芯片/核心半导体) 6.68%; 华虹半导体(电芯片/核心半导体) 4.87%; 阿斯麦(电芯片/核心半导体) 4.87%; 台积电(电芯片/核心半导体) 4.07%; 应用材料(电芯片/核心半导体) 4.03%; Lumentum Holdings Inc(光芯片/光通信) 3.45%; 拉姆研究(电芯片/核心半导体) 2.63%
017654,创金合信全球芯片产业股票发起(QDII)C,QDII-普通股票,0.00%,0.00%,3.45%,27.15%,30.60%,7,中芯国际(电芯片/核心半导体) 6.68%; 华虹半导体(电芯片/核心半导体) 4.87%; 阿斯麦(电芯片/核心半导体) 4.87%; 台积电(电芯片/核心半导体) 4.07%; 应用材料(电芯片/核心半导体) 4.03%; Lumentum Holdings Inc(光芯片/光通信) 3.45%; 拉姆研究(电芯片/核心半导体) 2.63%
001037,国投瑞银锐意改革混合A,混合型-灵活,0.00%,3.52%,19.63%,7.44%,30.59%,4,新易盛(光芯片/光通信) 9.90%; 中际旭创(光芯片/光通信) 9.73%; 寒武纪(电芯片/核心半导体) 7.44%; 兆易创新(存储) 3.52%
016780,国投瑞银锐意改革混合C,混合型-灵活,0.00%,3.52%,19.63%,7.44%,30.59%,4,新易盛(光芯片/光通信) 9.90%; 中际旭创(光芯片/光通信) 9.73%; 寒武纪(电芯片/核心半导体) 7.44%; 兆易创新(存储) 3.52%
017829,富国时代精选混合C,混合型-偏股,0.00%,0.00%,30.56%,0.00%,30.56%,4,新易盛(光芯片/光通信) 9.25%; 中际旭创(光芯片/光通信) 8.90%; 长飞光纤光缆(光芯片/光通信) 7.29%; 天孚通信(光芯片/光通信) 5.12%
017828,富国时代精选混合A,混合型-偏股,0.00%,0.00%,30.56%,0.00%,30.56%,4,新易盛(光芯片/光通信) 9.25%; 中际旭创(光芯片/光通信) 8.90%; 长飞光纤光缆(光芯片/光通信) 7.29%; 天孚通信(光芯片/光通信) 5.12%
014319,德邦半导体产业混合发起式A,混合型-偏股,0.00%,5.58%,0.00%,24.95%,30.53%,6,海光信息(电芯片/核心半导体) 5.91%; 兆易创新(存储) 5.58%; 中芯国际(电芯片/核心半导体) 5.24%; 寒武纪(电芯片/核心半导体) 5.17%; 华虹半导体(电芯片/核心半导体) 4.33%; 中微公司(电芯片/核心半导体) 4.30%
014320,德邦半导体产业混合发起式C,混合型-偏股,0.00%,5.58%,0.00%,24.95%,30.53%,6,海光信息(电芯片/核心半导体) 5.91%; 兆易创新(存储) 5.58%; 中芯国际(电芯片/核心半导体) 5.24%; 寒武纪(电芯片/核心半导体) 5.17%; 华虹半导体(电芯片/核心半导体) 4.33%; 中微公司(电芯片/核心半导体) 4.30%
009970,财通内需增长12个月定开混合,混合型-偏股,0.00%,0.00%,22.99%,7.47%,30.46%,4,源杰科技(光芯片/光通信) 8.73%; 新易盛(光芯片/光通信) 7.78%; 中微公司(电芯片/核心半导体) 7.47%; 长芯博创(光芯片/光通信) 6.48%
160226,国泰民益混合(LOF)C,混合型-灵活,0.00%,0.00%,30.45%,0.00%,30.45%,4,新易盛(光芯片/光通信) 9.50%; 中际旭创(光芯片/光通信) 9.19%; 天孚通信(光芯片/光通信) 7.00%; 源杰科技(光芯片/光通信) 4.76%
160220,国泰民益混合(LOF)A,混合型-灵活,0.00%,0.00%,30.45%,0.00%,30.45%,4,新易盛(光芯片/光通信) 9.50%; 中际旭创(光芯片/光通信) 9.19%; 天孚通信(光芯片/光通信) 7.00%; 源杰科技(光芯片/光通信) 4.76%
000845,国投瑞银信息消费混合A,混合型-灵活,0.00%,3.52%,19.47%,7.43%,30.42%,4,新易盛(光芯片/光通信) 9.95%; 中际旭创(光芯片/光通信) 9.52%; 寒武纪(电芯片/核心半导体) 7.43%; 兆易创新(存储) 3.52%
021542,国投瑞银信息消费混合C,混合型-灵活,0.00%,3.52%,19.47%,7.43%,30.42%,4,新易盛(光芯片/光通信) 9.95%; 中际旭创(光芯片/光通信) 9.52%; 寒武纪(电芯片/核心半导体) 7.43%; 兆易创新(存储) 3.52%
020469,长城半导体混合发起式A,混合型-偏股,0.00%,0.00%,0.00%,30.41%,30.41%,5,海光信息(电芯片/核心半导体) 6.71%; 芯原股份(电芯片/核心半导体) 6.18%; 寒武纪(电芯片/核心半导体) 6.02%; 中芯国际(电芯片/核心半导体) 5.94%; 复旦微电(电芯片/核心半导体) 5.56%
020470,长城半导体混合发起式C,混合型-偏股,0.00%,0.00%,0.00%,30.41%,30.41%,5,海光信息(电芯片/核心半导体) 6.71%; 芯原股份(电芯片/核心半导体) 6.18%; 寒武纪(电芯片/核心半导体) 6.02%; 中芯国际(电芯片/核心半导体) 5.94%; 复旦微电(电芯片/核心半导体) 5.56%
515200,创新100ETF申万菱信,指数型-股票,0.00%,5.25%,12.57%,12.58%,30.40%,8,中际旭创(光芯片/光通信) 10.11%; 寒武纪(电芯片/核心半导体) 3.43%; 北方华创(电芯片/核心半导体) 3.40%; 海光信息(电芯片/核心半导体) 3.38%; 兆易创新(存储) 2.75%; 澜起科技(存储) 2.50%; 天孚通信(光芯片/光通信) 2.46%; 中微公司(电芯片/核心半导体) 2.37%
008507,交银内核驱动混合,混合型-偏股,0.00%,0.00%,22.02%,8.33%,30.35%,5,中际旭创(光芯片/光通信) 9.19%; 新易盛(光芯片/光通信) 9.17%; 寒武纪(电芯片/核心半导体) 4.76%; 天孚通信(光芯片/光通信) 3.66%; 中芯国际(电芯片/核心半导体) 3.57%
008656,招商科技创新混合C,混合型-偏股,0.00%,0.00%,0.00%,30.33%,30.33%,5,海光信息(电芯片/核心半导体) 7.05%; 寒武纪(电芯片/核心半导体) 6.72%; 中芯国际(电芯片/核心半导体) 5.89%; 芯原股份(电芯片/核心半导体) 5.74%; 华虹半导体(电芯片/核心半导体) 4.93%
008655,招商科技创新混合A,混合型-偏股,0.00%,0.00%,0.00%,30.33%,30.33%,5,海光信息(电芯片/核心半导体) 7.05%; 寒武纪(电芯片/核心半导体) 6.72%; 中芯国际(电芯片/核心半导体) 5.89%; 芯原股份(电芯片/核心半导体) 5.74%; 华虹半导体(电芯片/核心半导体) 4.93%
002980,华夏创新前沿股票A,股票型,0.00%,2.50%,18.58%,9.24%,30.32%,6,中际旭创(光芯片/光通信) 7.80%; 新易盛(光芯片/光通信) 7.50%; 海光信息(电芯片/核心半导体) 6.70%; 长芯博创(光芯片/光通信) 3.28%; 北方华创(电芯片/核心半导体) 2.54%; 兆易创新(存储) 2.50%
025541,华夏创新前沿股票C,股票型,0.00%,2.50%,18.58%,9.24%,30.32%,6,中际旭创(光芯片/光通信) 7.80%; 新易盛(光芯片/光通信) 7.50%; 海光信息(电芯片/核心半导体) 6.70%; 长芯博创(光芯片/光通信) 3.28%; 北方华创(电芯片/核心半导体) 2.54%; 兆易创新(存储) 2.50%
501095,中银证券科技创新混合(LOF),混合型-偏股,0.00%,0.00%,27.64%,2.64%,30.28%,5,新易盛(光芯片/光通信) 9.63%; 源杰科技(光芯片/光通信) 6.98%; 中际旭创(光芯片/光通信) 5.78%; 天孚通信(光芯片/光通信) 5.25%; 芯原股份(电芯片/核心半导体) 2.64%
009645,东方阿尔法优势产业混合C,混合型-偏股,0.00%,0.00%,30.20%,0.00%,30.20%,4,新易盛(光芯片/光通信) 9.85%; 中际旭创(光芯片/光通信) 9.32%; 长芯博创(光芯片/光通信) 6.48%; 天孚通信(光芯片/光通信) 4.55%
009644,东方阿尔法优势产业混合A,混合型-偏股,0.00%,0.00%,30.20%,0.00%,30.20%,4,新易盛(光芯片/光通信) 9.85%; 中际旭创(光芯片/光通信) 9.32%; 长芯博创(光芯片/光通信) 6.48%; 天孚通信(光芯片/光通信) 4.55%
016600,万家品质生活混合C,混合型-灵活,0.00%,8.15%,17.69%,4.35%,30.19%,4,新易盛(光芯片/光通信) 9.32%; 中际旭创(光芯片/光通信) 8.37%; 兆易创新(存储) 8.15%; 海光信息(电芯片/核心半导体) 4.35%
519195,万家品质生活混合A,混合型-灵活,0.00%,8.15%,17.69%,4.35%,30.19%,4,新易盛(光芯片/光通信) 9.32%; 中际旭创(光芯片/光通信) 8.37%; 兆易创新(存储) 8.15%; 海光信息(电芯片/核心半导体) 4.35%
009242,中加核心智造混合A,混合型-偏股,0.00%,0.00%,30.18%,0.00%,30.18%,5,中际旭创(光芯片/光通信) 8.10%; 新易盛(光芯片/光通信) 7.12%; 天孚通信(光芯片/光通信) 6.35%; 源杰科技(光芯片/光通信) 6.31%; 剑桥科技(光芯片/光通信) 2.30%
009243,中加核心智造混合C,混合型-偏股,0.00%,0.00%,30.18%,0.00%,30.18%,5,中际旭创(光芯片/光通信) 8.10%; 新易盛(光芯片/光通信) 7.12%; 天孚通信(光芯片/光通信) 6.35%; 源杰科技(光芯片/光通信) 6.31%; 剑桥科技(光芯片/光通信) 2.30%
016823,天弘全球新能源汽车股票(QDII-LOF)C,QDII-普通股票,0.00%,0.00%,7.49%,22.66%,30.15%,8,英伟达(电芯片/核心半导体) 4.64%; 台积电(电芯片/核心半导体) 4.37%; Lumentum Holdings Inc(光芯片/光通信) 4.15%; 科磊(电芯片/核心半导体) 3.64%; 博通(电芯片/核心半导体) 3.43%; Coherent Corp(光芯片/光通信) 3.34%; 超威半导体(电芯片/核心半导体) 3.31%; 拉姆研究(电芯片/核心半导体) 3.27%
164212,天弘全球新能源汽车股票(QDII-LOF)A,QDII-普通股票,0.00%,0.00%,7.49%,22.66%,30.15%,8,英伟达(电芯片/核心半导体) 4.64%; 台积电(电芯片/核心半导体) 4.37%; Lumentum Holdings Inc(光芯片/光通信) 4.15%; 科磊(电芯片/核心半导体) 3.64%; 博通(电芯片/核心半导体) 3.43%; Coherent Corp(光芯片/光通信) 3.34%; 超威半导体(电芯片/核心半导体) 3.31%; 拉姆研究(电芯片/核心半导体) 3.27%
014549,交银数据产业灵活配置混合C,混合型-灵活,0.00%,8.24%,0.00%,21.82%,30.06%,6,北方华创(电芯片/核心半导体) 8.35%; 华海清科(电芯片/核心半导体) 5.35%; 海光信息(电芯片/核心半导体) 4.34%; 普冉股份(存储) 4.12%; 兆易创新(存储) 4.12%; 寒武纪(电芯片/核心半导体) 3.78%
519773,交银数据产业灵活配置混合A,混合型-灵活,0.00%,8.24%,0.00%,21.82%,30.06%,6,北方华创(电芯片/核心半导体) 8.35%; 华海清科(电芯片/核心半导体) 5.35%; 海光信息(电芯片/核心半导体) 4.34%; 普冉股份(存储) 4.12%; 兆易创新(存储) 4.12%; 寒武纪(电芯片/核心半导体) 3.78%
022714,万家新兴蓝筹C,混合型-灵活,0.00%,7.83%,17.76%,4.46%,30.05%,4,新易盛(光芯片/光通信) 9.07%; 中际旭创(光芯片/光通信) 8.69%; 兆易创新(存储) 7.83%; 海光信息(电芯片/核心半导体) 4.46%
519196,万家新兴蓝筹A,混合型-灵活,0.00%,7.83%,17.76%,4.46%,30.05%,4,新易盛(光芯片/光通信) 9.07%; 中际旭创(光芯片/光通信) 8.69%; 兆易创新(存储) 7.83%; 海光信息(电芯片/核心半导体) 4.46%
025333,诺安成长混合C,混合型-偏股,0.00%,0.00%,0.00%,29.81%,29.81%,4,北方华创(电芯片/核心半导体) 8.34%; 圣邦股份(电芯片/核心半导体) 7.61%; 中微公司(电芯片/核心半导体) 7.27%; 中芯国际(电芯片/核心半导体) 6.59%
320007,诺安成长混合A,混合型-偏股,0.00%,0.00%,0.00%,29.81%,29.81%,4,北方华创(电芯片/核心半导体) 8.34%; 圣邦股份(电芯片/核心半导体) 7.61%; 中微公司(电芯片/核心半导体) 7.27%; 中芯国际(电芯片/核心半导体) 6.59%
023897,华商上证科创板综合指数增强A,指数型-股票,0.00%,5.58%,0.00%,24.21%,29.79%,7,寒武纪(电芯片/核心半导体) 8.61%; 海光信息(电芯片/核心半导体) 8.21%; 中芯国际(电芯片/核心半导体) 4.40%; 普冉股份(存储) 4.15%; 中微公司(电芯片/核心半导体) 2.05%; 澜起科技(存储) 1.43%; 芯原股份(电芯片/核心半导体) 0.94%
023898,华商上证科创板综合指数增强C,指数型-股票,0.00%,5.58%,0.00%,24.21%,29.79%,7,寒武纪(电芯片/核心半导体) 8.61%; 海光信息(电芯片/核心半导体) 8.21%; 中芯国际(电芯片/核心半导体) 4.40%; 普冉股份(存储) 4.15%; 中微公司(电芯片/核心半导体) 2.05%; 澜起科技(存储) 1.43%; 芯原股份(电芯片/核心半导体) 0.94%
481001,工银核心价值混合A,混合型-偏股,0.00%,3.40%,22.71%,3.68%,29.79%,5,中际旭创(光芯片/光通信) 8.63%; 源杰科技(光芯片/光通信) 7.34%; 新易盛(光芯片/光通信) 6.74%; 北方华创(电芯片/核心半导体) 3.68%; 兆易创新(存储) 3.40%
960010,工银核心价值混合H,混合型-偏股,0.00%,3.40%,22.71%,3.68%,29.79%,5,中际旭创(光芯片/光通信) 8.63%; 源杰科技(光芯片/光通信) 7.34%; 新易盛(光芯片/光通信) 6.74%; 北方华创(电芯片/核心半导体) 3.68%; 兆易创新(存储) 3.40%
022120,平安产业趋势混合C,混合型-偏股,0.00%,0.00%,25.44%,4.22%,29.66%,5,中际旭创(光芯片/光通信) 8.16%; 长芯博创(光芯片/光通信) 6.47%; 新易盛(光芯片/光通信) 5.78%; 天孚通信(光芯片/光通信) 5.03%; 芯原股份(电芯片/核心半导体) 4.22%
022119,平安产业趋势混合A,混合型-偏股,0.00%,0.00%,25.44%,4.22%,29.66%,5,中际旭创(光芯片/光通信) 8.16%; 长芯博创(光芯片/光通信) 6.47%; 新易盛(光芯片/光通信) 5.78%; 天孚通信(光芯片/光通信) 5.03%; 芯原股份(电芯片/核心半导体) 4.22%
015485,平安策略优选1年持有混合A,混合型-偏股,0.00%,0.00%,24.89%,4.67%,29.56%,5,中际旭创(光芯片/光通信) 7.33%; 长芯博创(光芯片/光通信) 6.90%; 新易盛(光芯片/光通信) 5.81%; 天孚通信(光芯片/光通信) 4.85%; 芯原股份(电芯片/核心半导体) 4.67%
015486,平安策略优选1年持有混合C,混合型-偏股,0.00%,0.00%,24.89%,4.67%,29.56%,5,中际旭创(光芯片/光通信) 7.33%; 长芯博创(光芯片/光通信) 6.90%; 新易盛(光芯片/光通信) 5.81%; 天孚通信(光芯片/光通信) 4.85%; 芯原股份(电芯片/核心半导体) 4.67%
010238,安信创新先锋混合发起C,混合型-偏股,0.00%,0.00%,29.54%,0.00%,29.54%,4,新易盛(光芯片/光通信) 9.88%; 中际旭创(光芯片/光通信) 9.79%; 源杰科技(光芯片/光通信) 5.58%; 天孚通信(光芯片/光通信) 4.29%
010237,安信创新先锋混合发起A,混合型-偏股,0.00%,0.00%,29.54%,0.00%,29.54%,4,新易盛(光芯片/光通信) 9.88%; 中际旭创(光芯片/光通信) 9.79%; 源杰科技(光芯片/光通信) 5.58%; 天孚通信(光芯片/光通信) 4.29%
009601,招商科技动力3个月滚动持有股票A,股票型,0.00%,0.00%,0.00%,29.52%,29.52%,5,海光信息(电芯片/核心半导体) 7.14%; 寒武纪(电芯片/核心半导体) 6.86%; 中芯国际(电芯片/核心半导体) 5.55%; 芯原股份(电芯片/核心半导体) 5.43%; 华虹半导体(电芯片/核心半导体) 4.54%
009602,招商科技动力3个月滚动持有股票C,股票型,0.00%,0.00%,0.00%,29.52%,29.52%,5,海光信息(电芯片/核心半导体) 7.14%; 寒武纪(电芯片/核心半导体) 6.86%; 中芯国际(电芯片/核心半导体) 5.55%; 芯原股份(电芯片/核心半导体) 5.43%; 华虹半导体(电芯片/核心半导体) 4.54%
001480,财通成长优选混合A,混合型-灵活,0.00%,0.00%,29.51%,0.00%,29.51%,3,新易盛(光芯片/光通信) 9.90%; 中际旭创(光芯片/光通信) 9.81%; 源杰科技(光芯片/光通信) 9.80%
021528,财通成长优选混合C,混合型-灵活,0.00%,0.00%,29.51%,0.00%,29.51%,3,新易盛(光芯片/光通信) 9.90%; 中际旭创(光芯片/光通信) 9.81%; 源杰科技(光芯片/光通信) 9.80%
005851,财通新视野灵活配置混合A,混合型-灵活,0.00%,0.00%,22.85%,6.66%,29.51%,4,源杰科技(光芯片/光通信) 8.59%; 新易盛(光芯片/光通信) 7.75%; 中微公司(电芯片/核心半导体) 6.66%; 长芯博创(光芯片/光通信) 6.51%
005959,财通新视野灵活配置混合C,混合型-灵活,0.00%,0.00%,22.85%,6.66%,29.51%,4,源杰科技(光芯片/光通信) 8.59%; 新易盛(光芯片/光通信) 7.75%; 中微公司(电芯片/核心半导体) 6.66%; 长芯博创(光芯片/光通信) 6.51%
017102,大摩数字经济混合A,混合型-偏股,0.00%,0.00%,29.49%,0.00%,29.49%,5,新易盛(光芯片/光通信) 9.43%; 中际旭创(光芯片/光通信) 8.76%; 天孚通信(光芯片/光通信) 5.51%; 源杰科技(光芯片/光通信) 3.51%; 仕佳光子(光芯片/光通信) 2.28%
159994,通信ETF银华,指数型-股票,0.00%,5.26%,24.23%,0.00%,29.49%,4,新易盛(光芯片/光通信) 10.32%; 中际旭创(光芯片/光通信) 9.27%; 兆易创新(存储) 5.26%; 天孚通信(光芯片/光通信) 4.64%
005914,景顺长城智能生活混合A,混合型-偏股,0.00%,0.00%,29.47%,0.00%,29.47%,4,中际旭创(光芯片/光通信) 9.23%; 新易盛(光芯片/光通信) 9.13%; 源杰科技(光芯片/光通信) 7.37%; 天孚通信(光芯片/光通信) 3.74%
023265,景顺长城智能生活混合C,混合型-偏股,0.00%,0.00%,29.47%,0.00%,29.47%,4,中际旭创(光芯片/光通信) 9.23%; 新易盛(光芯片/光通信) 9.13%; 源杰科技(光芯片/光通信) 7.37%; 天孚通信(光芯片/光通信) 3.74%
007490,南方信息创新混合A,混合型-偏股,0.00%,0.00%,0.00%,29.37%,29.37%,4,华海清科(电芯片/核心半导体) 9.19%; 北方华创(电芯片/核心半导体) 9.18%; 中微公司(电芯片/核心半导体) 7.15%; 华虹半导体(电芯片/核心半导体) 3.85%
007491,南方信息创新混合C,混合型-偏股,0.00%,0.00%,0.00%,29.37%,29.37%,4,华海清科(电芯片/核心半导体) 9.19%; 北方华创(电芯片/核心半导体) 9.18%; 中微公司(电芯片/核心半导体) 7.15%; 华虹半导体(电芯片/核心半导体) 3.85%
001224,中邮新思路灵活配置混合A,混合型-灵活,0.00%,0.00%,22.31%,7.05%,29.36%,5,新易盛(光芯片/光通信) 8.38%; 中际旭创(光芯片/光通信) 7.37%; 芯原股份(电芯片/核心半导体) 7.05%; 仕佳光子(光芯片/光通信) 3.31%; 源杰科技(光芯片/光通信) 3.25%
023095,中邮新思路灵活配置混合C,混合型-灵活,0.00%,0.00%,22.31%,7.05%,29.36%,5,新易盛(光芯片/光通信) 8.38%; 中际旭创(光芯片/光通信) 7.37%; 芯原股份(电芯片/核心半导体) 7.05%; 仕佳光子(光芯片/光通信) 3.31%; 源杰科技(光芯片/光通信) 3.25%
004183,富国产业升级混合A,混合型-偏股,0.00%,0.00%,12.96%,16.32%,29.28%,5,寒武纪(电芯片/核心半导体) 7.05%; 新易盛(光芯片/光通信) 6.62%; 中际旭创(光芯片/光通信) 6.34%; 中微公司(电芯片/核心半导体) 5.23%; 北方华创(电芯片/核心半导体) 4.04%
013046,富国产业升级混合C,混合型-偏股,0.00%,0.00%,12.96%,16.32%,29.28%,5,寒武纪(电芯片/核心半导体) 7.05%; 新易盛(光芯片/光通信) 6.62%; 中际旭创(光芯片/光通信) 6.34%; 中微公司(电芯片/核心半导体) 5.23%; 北方华创(电芯片/核心半导体) 4.04%
501046,财通多策略福鑫定开混合,混合型-灵活,0.00%,0.00%,29.17%,0.00%,29.17%,3,中际旭创(光芯片/光通信) 9.77%; 新易盛(光芯片/光通信) 9.73%; 源杰科技(光芯片/光通信) 9.67%
021593,上银数字经济混合发起式A,混合型-偏股,0.00%,3.57%,0.00%,25.50%,29.07%,5,中微公司(电芯片/核心半导体) 10.78%; 北方华创(电芯片/核心半导体) 6.13%; 华海清科(电芯片/核心半导体) 4.58%; 芯原股份(电芯片/核心半导体) 4.01%; 澜起科技(存储) 3.57%
021594,上银数字经济混合发起式C,混合型-偏股,0.00%,3.57%,0.00%,25.50%,29.07%,5,中微公司(电芯片/核心半导体) 10.78%; 北方华创(电芯片/核心半导体) 6.13%; 华海清科(电芯片/核心半导体) 4.58%; 芯原股份(电芯片/核心半导体) 4.01%; 澜起科技(存储) 3.57%
017761,银河智联混合C,混合型-灵活,0.00%,6.70%,22.32%,0.00%,29.02%,4,源杰科技(光芯片/光通信) 8.91%; 中际旭创(光芯片/光通信) 8.83%; 兆易创新(存储) 6.70%; 华工科技(光芯片/光通信) 4.58%
519644,银河智联混合A,混合型-灵活,0.00%,6.70%,22.32%,0.00%,29.02%,4,源杰科技(光芯片/光通信) 8.91%; 中际旭创(光芯片/光通信) 8.83%; 兆易创新(存储) 6.70%; 华工科技(光芯片/光通信) 4.58%
016954,万家和谐增长混合C,混合型-灵活,0.00%,8.17%,16.84%,4.00%,29.01%,4,中际旭创(光芯片/光通信) 8.57%; 新易盛(光芯片/光通信) 8.27%; 兆易创新(存储) 8.17%; 海光信息(电芯片/核心半导体) 4.00%
519181,万家和谐增长混合A,混合型-灵活,0.00%,8.17%,16.84%,4.00%,29.01%,4,中际旭创(光芯片/光通信) 8.57%; 新易盛(光芯片/光通信) 8.27%; 兆易创新(存储) 8.17%; 海光信息(电芯片/核心半导体) 4.00%
025342,长盛上证科创板芯片指数A,指数型-股票,0.00%,6.48%,2.08%,20.44%,29.00%,9,海光信息(电芯片/核心半导体) 5.27%; 澜起科技(存储) 4.19%; 中芯国际(电芯片/核心半导体) 3.94%; 中微公司(电芯片/核心半导体) 3.88%; 寒武纪(电芯片/核心半导体) 3.43%; 芯原股份(电芯片/核心半导体) 2.50%; 佰维存储(存储) 2.29%; 源杰科技(光芯片/光通信) 2.08%; 华海清科(电芯片/核心半导体) 1.42%
025343,长盛上证科创板芯片指数C,指数型-股票,0.00%,6.48%,2.08%,20.44%,29.00%,9,海光信息(电芯片/核心半导体) 5.27%; 澜起科技(存储) 4.19%; 中芯国际(电芯片/核心半导体) 3.94%; 中微公司(电芯片/核心半导体) 3.88%; 寒武纪(电芯片/核心半导体) 3.43%; 芯原股份(电芯片/核心半导体) 2.50%; 佰维存储(存储) 2.29%; 源杰科技(光芯片/光通信) 2.08%; 华海清科(电芯片/核心半导体) 1.42%
014916,财通匠心优选一年持有混合C,混合型-偏股,0.00%,0.00%,28.99%,0.00%,28.99%,3,新易盛(光芯片/光通信) 9.74%; 中际旭创(光芯片/光通信) 9.63%; 源杰科技(光芯片/光通信) 9.62%
014915,财通匠心优选一年持有混合A,混合型-偏股,0.00%,0.00%,28.99%,0.00%,28.99%,3,新易盛(光芯片/光通信) 9.74%; 中际旭创(光芯片/光通信) 9.63%; 源杰科技(光芯片/光通信) 9.62%
159779,消费电子ETF招商,指数型-股票,0.00%,9.87%,3.40%,15.71%,28.98%,6,寒武纪(电芯片/核心半导体) 6.98%; 中芯国际(电芯片/核心半导体) 6.11%; 兆易创新(存储) 5.20%; 澜起科技(存储) 4.67%; 华工科技(光芯片/光通信) 3.40%; 豪威集团(电芯片/核心半导体) 2.62%
000166,中海信息产业混合A,混合型-偏股,0.00%,13.96%,10.47%,4.53%,28.96%,6,长光华芯(光芯片/光通信) 5.47%; 源杰科技(光芯片/光通信) 5.00%; 北京君正(存储) 4.96%; 澜起科技(存储) 4.68%; 芯原股份(电芯片/核心半导体) 4.53%; 兆易创新(存储) 4.32%
018848,中海信息产业混合C,混合型-偏股,0.00%,13.96%,10.47%,4.53%,28.96%,6,长光华芯(光芯片/光通信) 5.47%; 源杰科技(光芯片/光通信) 5.00%; 北京君正(存储) 4.96%; 澜起科技(存储) 4.68%; 芯原股份(电芯片/核心半导体) 4.53%; 兆易创新(存储) 4.32%
561600,消费电子ETF平安,指数型-股票,0.00%,9.93%,3.42%,15.60%,28.95%,6,寒武纪(电芯片/核心半导体) 6.79%; 中芯国际(电芯片/核心半导体) 6.17%; 兆易创新(存储) 5.21%; 澜起科技(存储) 4.72%; 华工科技(光芯片/光通信) 3.42%; 豪威集团(电芯片/核心半导体) 2.64%
007350,华夏科技创新混合C,混合型-偏股,0.00%,0.00%,19.14%,9.79%,28.93%,5,新易盛(光芯片/光通信) 7.53%; 中际旭创(光芯片/光通信) 7.05%; 海光信息(电芯片/核心半导体) 5.57%; 源杰科技(光芯片/光通信) 4.56%; 北方华创(电芯片/核心半导体) 4.22%
007349,华夏科技创新混合A,混合型-偏股,0.00%,0.00%,19.14%,9.79%,28.93%,5,新易盛(光芯片/光通信) 7.53%; 中际旭创(光芯片/光通信) 7.05%; 海光信息(电芯片/核心半导体) 5.57%; 源杰科技(光芯片/光通信) 4.56%; 北方华创(电芯片/核心半导体) 4.22%
017490,财通景气甄选一年持有期混合A,混合型-偏股,0.00%,0.00%,28.93%,0.00%,28.93%,3,源杰科技(光芯片/光通信) 9.67%; 中际旭创(光芯片/光通信) 9.66%; 新易盛(光芯片/光通信) 9.60%
017491,财通景气甄选一年持有期混合C,混合型-偏股,0.00%,0.00%,28.93%,0.00%,28.93%,3,源杰科技(光芯片/光通信) 9.67%; 中际旭创(光芯片/光通信) 9.66%; 新易盛(光芯片/光通信) 9.60%
019765,国寿安保优选国企股票发起式A,股票型,0.00%,0.00%,0.00%,28.92%,28.92%,4,华虹半导体(电芯片/核心半导体) 8.68%; 中芯国际(电芯片/核心半导体) 6.78%; 中微公司(电芯片/核心半导体) 6.75%; 海光信息(电芯片/核心半导体) 6.71%
019766,国寿安保优选国企股票发起式C,股票型,0.00%,0.00%,0.00%,28.92%,28.92%,4,华虹半导体(电芯片/核心半导体) 8.68%; 中芯国际(电芯片/核心半导体) 6.78%; 中微公司(电芯片/核心半导体) 6.75%; 海光信息(电芯片/核心半导体) 6.71%
561100,消费电子ETF富国,指数型-股票,0.00%,9.92%,3.41%,15.59%,28.92%,6,寒武纪(电芯片/核心半导体) 6.79%; 中芯国际(电芯片/核心半导体) 6.17%; 兆易创新(存储) 5.22%; 澜起科技(存储) 4.70%; 华工科技(光芯片/光通信) 3.41%; 豪威集团(电芯片/核心半导体) 2.63%
016507,长城数字经济混合A,混合型-偏股,0.00%,0.00%,28.90%,0.00%,28.90%,5,中际旭创(光芯片/光通信) 8.64%; 源杰科技(光芯片/光通信) 6.75%; 新易盛(光芯片/光通信) 6.66%; 天孚通信(光芯片/光通信) 4.06%; 德科立(光芯片/光通信) 2.79%
016508,长城数字经济混合C,混合型-偏股,0.00%,0.00%,28.90%,0.00%,28.90%,5,中际旭创(光芯片/光通信) 8.64%; 源杰科技(光芯片/光通信) 6.75%; 新易盛(光芯片/光通信) 6.66%; 天孚通信(光芯片/光通信) 4.06%; 德科立(光芯片/光通信) 2.79%
014812,平安兴奕成长1年持有混合C,混合型-偏股,0.00%,0.00%,24.20%,4.67%,28.87%,5,中际旭创(光芯片/光通信) 7.25%; 长芯博创(光芯片/光通信) 6.71%; 新易盛(光芯片/光通信) 5.64%; 芯原股份(电芯片/核心半导体) 4.67%; 天孚通信(光芯片/光通信) 4.60%
014811,平安兴奕成长1年持有混合A,混合型-偏股,0.00%,0.00%,24.20%,4.67%,28.87%,5,中际旭创(光芯片/光通信) 7.25%; 长芯博创(光芯片/光通信) 6.71%; 新易盛(光芯片/光通信) 5.64%; 芯原股份(电芯片/核心半导体) 4.67%; 天孚通信(光芯片/光通信) 4.60%
006503,财通集成电路产业股票C,股票型,0.00%,0.00%,28.86%,0.00%,28.86%,3,中际旭创(光芯片/光通信) 9.64%; 源杰科技(光芯片/光通信) 9.61%; 新易盛(光芯片/光通信) 9.61%
006502,财通集成电路产业股票A,股票型,0.00%,0.00%,28.86%,0.00%,28.86%,3,中际旭创(光芯片/光通信) 9.64%; 源杰科技(光芯片/光通信) 9.61%; 新易盛(光芯片/光通信) 9.61%
024717,汇安成长领航混合A,混合型-偏股,0.00%,0.00%,15.25%,13.57%,28.82%,4,中际旭创(光芯片/光通信) 7.64%; 新易盛(光芯片/光通信) 7.61%; 华海清科(电芯片/核心半导体) 7.50%; 北方华创(电芯片/核心半导体) 6.07%
024718,汇安成长领航混合C,混合型-偏股,0.00%,0.00%,15.25%,13.57%,28.82%,4,中际旭创(光芯片/光通信) 7.64%; 新易盛(光芯片/光通信) 7.61%; 华海清科(电芯片/核心半导体) 7.50%; 北方华创(电芯片/核心半导体) 6.07%
562950,消费电子ETF易方达,指数型-股票,0.00%,9.89%,3.40%,15.53%,28.82%,6,寒武纪(电芯片/核心半导体) 6.76%; 中芯国际(电芯片/核心半导体) 6.14%; 兆易创新(存储) 5.20%; 澜起科技(存储) 4.69%; 华工科技(光芯片/光通信) 3.40%; 豪威集团(电芯片/核心半导体) 2.63%
015271,财通多策略升级混合(LOF)C,混合型-灵活,0.00%,0.00%,22.20%,6.61%,28.81%,4,源杰科技(光芯片/光通信) 8.74%; 新易盛(光芯片/光通信) 7.33%; 中微公司(电芯片/核心半导体) 6.61%; 长芯博创(光芯片/光通信) 6.13%
501015,财通多策略升级混合(LOF)A,混合型-灵活,0.00%,0.00%,22.20%,6.61%,28.81%,4,源杰科技(光芯片/光通信) 8.74%; 新易盛(光芯片/光通信) 7.33%; 中微公司(电芯片/核心半导体) 6.61%; 长芯博创(光芯片/光通信) 6.13%
021938,华安半导体产业股票发起式C,股票型,0.00%,0.00%,13.29%,15.49%,28.78%,6,寒武纪(电芯片/核心半导体) 6.04%; 海光信息(电芯片/核心半导体) 5.56%; 天孚通信(光芯片/光通信) 5.13%; 长芯博创(光芯片/光通信) 4.34%; 华虹半导体(电芯片/核心半导体) 3.89%; 长飞光纤光缆(光芯片/光通信) 3.82%
021937,华安半导体产业股票发起式A,股票型,0.00%,0.00%,13.29%,15.49%,28.78%,6,寒武纪(电芯片/核心半导体) 6.04%; 海光信息(电芯片/核心半导体) 5.56%; 天孚通信(光芯片/光通信) 5.13%; 长芯博创(光芯片/光通信) 4.34%; 华虹半导体(电芯片/核心半导体) 3.89%; 长飞光纤光缆(光芯片/光通信) 3.82%
024480,财通品质甄选混合A,混合型-偏股,0.00%,0.00%,28.77%,0.00%,28.77%,3,新易盛(光芯片/光通信) 9.61%; 中际旭创(光芯片/光通信) 9.61%; 源杰科技(光芯片/光通信) 9.55%
024481,财通品质甄选混合C,混合型-偏股,0.00%,0.00%,28.77%,0.00%,28.77%,3,新易盛(光芯片/光通信) 9.61%; 中际旭创(光芯片/光通信) 9.61%; 源杰科技(光芯片/光通信) 9.55%
016157,汇添富数字经济核心产业一年持有期混合A,混合型-偏股,0.00%,0.00%,12.86%,15.90%,28.76%,6,北方华创(电芯片/核心半导体) 7.89%; 中际旭创(光芯片/光通信) 6.70%; 中芯国际(电芯片/核心半导体) 5.27%; 天孚通信(光芯片/光通信) 3.55%; 海光信息(电芯片/核心半导体) 2.74%; 新易盛(光芯片/光通信) 2.61%
016158,汇添富数字经济核心产业一年持有期混合C,混合型-偏股,0.00%,0.00%,12.86%,15.90%,28.76%,6,北方华创(电芯片/核心半导体) 7.89%; 中际旭创(光芯片/光通信) 6.70%; 中芯国际(电芯片/核心半导体) 5.27%; 天孚通信(光芯片/光通信) 3.55%; 海光信息(电芯片/核心半导体) 2.74%; 新易盛(光芯片/光通信) 2.61%
016159,汇添富数字经济核心产业一年持有期混合D,混合型-偏股,0.00%,0.00%,12.86%,15.90%,28.76%,6,北方华创(电芯片/核心半导体) 7.89%; 中际旭创(光芯片/光通信) 6.70%; 中芯国际(电芯片/核心半导体) 5.27%; 天孚通信(光芯片/光通信) 3.55%; 海光信息(电芯片/核心半导体) 2.74%; 新易盛(光芯片/光通信) 2.61%
010418,财通景气行业混合A,混合型-偏股,0.00%,0.00%,22.11%,6.63%,28.74%,4,源杰科技(光芯片/光通信) 8.74%; 新易盛(光芯片/光通信) 7.29%; 中微公司(电芯片/核心半导体) 6.63%; 长芯博创(光芯片/光通信) 6.08%
016234,财通景气行业混合C,混合型-偏股,0.00%,0.00%,22.11%,6.63%,28.74%,4,源杰科技(光芯片/光通信) 8.74%; 新易盛(光芯片/光通信) 7.29%; 中微公司(电芯片/核心半导体) 6.63%; 长芯博创(光芯片/光通信) 6.08%
160727,嘉实创业板两年定期混合,混合型-偏股,0.00%,19.83%,8.78%,0.00%,28.61%,4,中际旭创(光芯片/光通信) 8.78%; 兆易创新(存储) 8.41%; 普冉股份(存储) 5.97%; 北京君正(存储) 5.45%
506009,国泰科创板两年定期开放混合,混合型-偏股,0.00%,3.22%,0.00%,25.38%,28.60%,4,中微公司(电芯片/核心半导体) 9.77%; 北方华创(电芯片/核心半导体) 9.20%; 华海清科(电芯片/核心半导体) 6.41%; 普冉股份(存储) 3.22%
000411,景顺长城优质成长股票A,股票型,0.00%,0.00%,28.58%,0.00%,28.58%,4,新易盛(光芯片/光通信) 8.92%; 中际旭创(光芯片/光通信) 8.35%; 天孚通信(光芯片/光通信) 6.30%; 源杰科技(光芯片/光通信) 5.01%
021500,景顺长城优质成长股票C,股票型,0.00%,0.00%,28.58%,0.00%,28.58%,4,新易盛(光芯片/光通信) 8.92%; 中际旭创(光芯片/光通信) 8.35%; 天孚通信(光芯片/光通信) 6.30%; 源杰科技(光芯片/光通信) 5.01%
025736,华西科技成长股票,股票型,0.00%,0.00%,23.62%,4.95%,28.57%,4,新易盛(光芯片/光通信) 8.39%; 中际旭创(光芯片/光通信) 8.13%; 天孚通信(光芯片/光通信) 7.10%; 圣邦股份(电芯片/核心半导体) 4.95%
561310,消电ETF国泰,指数型-股票,0.00%,9.91%,3.43%,15.20%,28.54%,6,寒武纪(电芯片/核心半导体) 6.37%; 中芯国际(电芯片/核心半导体) 6.19%; 兆易创新(存储) 5.20%; 澜起科技(存储) 4.71%; 华工科技(光芯片/光通信) 3.43%; 豪威集团(电芯片/核心半导体) 2.64%
021523,财通价值动量混合C,混合型-灵活,0.00%,0.00%,28.46%,0.00%,28.46%,3,新易盛(光芯片/光通信) 9.79%; 中际旭创(光芯片/光通信) 9.58%; 源杰科技(光芯片/光通信) 9.09%
720001,财通价值动量混合A,混合型-灵活,0.00%,0.00%,28.46%,0.00%,28.46%,3,新易盛(光芯片/光通信) 9.79%; 中际旭创(光芯片/光通信) 9.58%; 源杰科技(光芯片/光通信) 9.09%
007305,国联安新科技混合,混合型-偏股,0.00%,5.47%,7.28%,15.69%,28.44%,7,兆易创新(存储) 5.47%; 北方华创(电芯片/核心半导体) 5.42%; 中微公司(电芯片/核心半导体) 3.79%; 新易盛(光芯片/光通信) 3.69%; 中际旭创(光芯片/光通信) 3.59%; 芯原股份(电芯片/核心半导体) 3.32%; 海光信息(电芯片/核心半导体) 3.16%
026273,平安数字经济精选混合发起式A,混合型-偏股,0.00%,0.00%,20.51%,7.92%,28.43%,4,中际旭创(光芯片/光通信) 9.36%; 芯原股份(电芯片/核心半导体) 7.92%; 新易盛(光芯片/光通信) 5.74%; 天孚通信(光芯片/光通信) 5.41%
026274,平安数字经济精选混合发起式C,混合型-偏股,0.00%,0.00%,20.51%,7.92%,28.43%,4,中际旭创(光芯片/光通信) 9.36%; 芯原股份(电芯片/核心半导体) 7.92%; 新易盛(光芯片/光通信) 5.74%; 天孚通信(光芯片/光通信) 5.41%
005310,广发电子信息传媒股票A,股票型,0.00%,5.80%,17.90%,4.71%,28.41%,5,天孚通信(光芯片/光通信) 8.19%; 兆易创新(存储) 5.80%; 新易盛(光芯片/光通信) 5.30%; 海光信息(电芯片/核心半导体) 4.71%; 中际旭创(光芯片/光通信) 4.41%
010236,广发电子信息传媒股票C,股票型,0.00%,5.80%,17.90%,4.71%,28.41%,5,天孚通信(光芯片/光通信) 8.19%; 兆易创新(存储) 5.80%; 新易盛(光芯片/光通信) 5.30%; 海光信息(电芯片/核心半导体) 4.71%; 中际旭创(光芯片/光通信) 4.41%
016248,银华创新动力优选混合A,混合型-偏股,0.00%,0.00%,16.31%,12.07%,28.38%,4,新易盛(光芯片/光通信) 8.86%; 海光信息(电芯片/核心半导体) 8.37%; 中际旭创(光芯片/光通信) 7.45%; 中芯国际(电芯片/核心半导体) 3.70%
016249,银华创新动力优选混合C,混合型-偏股,0.00%,0.00%,16.31%,12.07%,28.38%,4,新易盛(光芯片/光通信) 8.86%; 海光信息(电芯片/核心半导体) 8.37%; 中际旭创(光芯片/光通信) 7.45%; 中芯国际(电芯片/核心半导体) 3.70%
009789,富安达科技创新混合A,混合型-偏股,0.00%,0.00%,16.47%,11.90%,28.37%,4,中际旭创(光芯片/光通信) 8.86%; 新易盛(光芯片/光通信) 7.61%; 复旦微电(电芯片/核心半导体) 6.11%; 中微公司(电芯片/核心半导体) 5.79%
019253,富安达科技创新混合C,混合型-偏股,0.00%,0.00%,16.47%,11.90%,28.37%,4,中际旭创(光芯片/光通信) 8.86%; 新易盛(光芯片/光通信) 7.61%; 复旦微电(电芯片/核心半导体) 6.11%; 中微公司(电芯片/核心半导体) 5.79%
014545,浦银兴耀优选一年持有混合A,混合型-偏股,0.00%,0.00%,28.27%,0.00%,28.27%,3,新易盛(光芯片/光通信) 9.71%; 中际旭创(光芯片/光通信) 9.46%; 天孚通信(光芯片/光通信) 9.10%
014546,浦银兴耀优选一年持有混合C,混合型-偏股,0.00%,0.00%,28.27%,0.00%,28.27%,3,新易盛(光芯片/光通信) 9.71%; 中际旭创(光芯片/光通信) 9.46%; 天孚通信(光芯片/光通信) 9.10%
012497,同泰行业优选股票C,股票型,0.00%,0.00%,22.04%,6.22%,28.26%,4,中际旭创(光芯片/光通信) 7.91%; 新易盛(光芯片/光通信) 7.64%; 德科立(光芯片/光通信) 6.49%; 芯原股份(电芯片/核心半导体) 6.22%
012496,同泰行业优选股票A,股票型,0.00%,0.00%,22.04%,6.22%,28.26%,4,中际旭创(光芯片/光通信) 7.91%; 新易盛(光芯片/光通信) 7.64%; 德科立(光芯片/光通信) 6.49%; 芯原股份(电芯片/核心半导体) 6.22%
002112,德邦鑫星价值灵活配置混合C,混合型-灵活,0.00%,0.00%,28.19%,0.00%,28.19%,4,新易盛(光芯片/光通信) 9.66%; 中际旭创(光芯片/光通信) 9.47%; 天孚通信(光芯片/光通信) 5.19%; 长芯博创(光芯片/光通信) 3.87%
018244,嘉实产业精选混合A,混合型-偏股,0.00%,2.87%,21.14%,4.14%,28.15%,6,中际旭创(光芯片/光通信) 8.47%; 新易盛(光芯片/光通信) 4.63%; 海光信息(电芯片/核心半导体) 4.14%; 天孚通信(光芯片/光通信) 4.12%; 源杰科技(光芯片/光通信) 3.92%; 兆易创新(存储) 2.87%
018245,嘉实产业精选混合C,混合型-偏股,0.00%,2.87%,21.14%,4.14%,28.15%,6,中际旭创(光芯片/光通信) 8.47%; 新易盛(光芯片/光通信) 4.63%; 海光信息(电芯片/核心半导体) 4.14%; 天孚通信(光芯片/光通信) 4.12%; 源杰科技(光芯片/光通信) 3.92%; 兆易创新(存储) 2.87%
008903,广发科技先锋混合,混合型-偏股,0.00%,0.00%,13.76%,14.37%,28.13%,5,中际旭创(光芯片/光通信) 7.09%; 新易盛(光芯片/光通信) 6.67%; 寒武纪(电芯片/核心半导体) 6.05%; 中芯国际(电芯片/核心半导体) 4.99%; 中微公司(电芯片/核心半导体) 3.33%
003659,山证资管策略精选混合A,混合型-灵活,0.00%,0.00%,28.10%,0.00%,28.10%,4,天孚通信(光芯片/光通信) 7.73%; 中际旭创(光芯片/光通信) 7.57%; 新易盛(光芯片/光通信) 6.75%; 德科立(光芯片/光通信) 6.05%
026137,山证资管策略精选混合C,混合型-灵活,0.00%,0.00%,28.10%,0.00%,28.10%,4,天孚通信(光芯片/光通信) 7.73%; 中际旭创(光芯片/光通信) 7.57%; 新易盛(光芯片/光通信) 6.75%; 德科立(光芯片/光通信) 6.05%
159814,创业大盘ETF西部利得,指数型-股票,0.00%,0.00%,28.01%,0.00%,28.01%,3,中际旭创(光芯片/光通信) 13.43%; 新易盛(光芯片/光通信) 10.97%; 天孚通信(光芯片/光通信) 3.61%
002861,工银智能制造股票A,股票型,0.00%,6.12%,18.28%,3.46%,27.86%,4,新易盛(光芯片/光通信) 9.57%; 中际旭创(光芯片/光通信) 8.71%; 兆易创新(存储) 6.12%; 晶晨股份(电芯片/核心半导体) 3.46%
022710,工银智能制造股票C,股票型,0.00%,6.12%,18.28%,3.46%,27.86%,4,新易盛(光芯片/光通信) 9.57%; 中际旭创(光芯片/光通信) 8.71%; 兆易创新(存储) 6.12%; 晶晨股份(电芯片/核心半导体) 3.46%
025988,鹏华创新未来混合(LOF)A,混合型-偏股,0.00%,0.00%,27.86%,0.00%,27.86%,4,长飞光纤光缆(光芯片/光通信) 8.83%; 德科立(光芯片/光通信) 8.30%; 天孚通信(光芯片/光通信) 5.63%; 新易盛(光芯片/光通信) 5.10%
501205,鹏华创新未来混合(LOF)C,混合型-偏股,0.00%,0.00%,27.86%,0.00%,27.86%,4,长飞光纤光缆(光芯片/光通信) 8.83%; 德科立(光芯片/光通信) 8.30%; 天孚通信(光芯片/光通信) 5.63%; 新易盛(光芯片/光通信) 5.10%
020722,国寿安保数字经济股票发起式A,股票型,0.00%,0.00%,27.83%,0.00%,27.83%,3,长飞光纤光缆(光芯片/光通信) 9.42%; 中际旭创(光芯片/光通信) 9.21%; 新易盛(光芯片/光通信) 9.20%
020723,国寿安保数字经济股票发起式C,股票型,0.00%,0.00%,27.83%,0.00%,27.83%,3,长飞光纤光缆(光芯片/光通信) 9.42%; 中际旭创(光芯片/光通信) 9.21%; 新易盛(光芯片/光通信) 9.20%
000979,景顺长城沪港深精选股票A,股票型,0.00%,0.00%,27.81%,0.00%,27.81%,4,新易盛(光芯片/光通信) 9.25%; 中际旭创(光芯片/光通信) 9.01%; 天孚通信(光芯片/光通信) 5.38%; 源杰科技(光芯片/光通信) 4.17%
021313,景顺长城沪港深精选股票C,股票型,0.00%,0.00%,27.81%,0.00%,27.81%,4,新易盛(光芯片/光通信) 9.25%; 中际旭创(光芯片/光通信) 9.01%; 天孚通信(光芯片/光通信) 5.38%; 源杰科技(光芯片/光通信) 4.17%
050010,博时特许价值混合A,混合型-偏股,0.00%,0.00%,22.94%,4.85%,27.79%,5,中际旭创(光芯片/光通信) 7.14%; 新易盛(光芯片/光通信) 7.13%; 寒武纪(电芯片/核心半导体) 4.85%; 太辰光(光芯片/光通信) 4.69%; 天孚通信(光芯片/光通信) 3.98%
960026,博时特许价值混合R,混合型-偏股,0.00%,0.00%,22.94%,4.85%,27.79%,5,中际旭创(光芯片/光通信) 7.14%; 新易盛(光芯片/光通信) 7.13%; 寒武纪(电芯片/核心半导体) 4.85%; 太辰光(光芯片/光通信) 4.69%; 天孚通信(光芯片/光通信) 3.98%
517800,人工智能50ETF方正富邦,指数型-股票,0.00%,3.73%,11.33%,12.62%,27.68%,5,中际旭创(光芯片/光通信) 11.33%; 寒武纪(电芯片/核心半导体) 5.81%; 芯原股份(电芯片/核心半导体) 3.94%; 澜起科技(存储) 3.73%; 豪威集团(电芯片/核心半导体) 2.87%
700003,平安策略先锋混合,混合型-灵活,0.00%,0.00%,23.23%,4.42%,27.65%,5,中际旭创(光芯片/光通信) 6.60%; 长芯博创(光芯片/光通信) 6.29%; 新易盛(光芯片/光通信) 5.75%; 天孚通信(光芯片/光通信) 4.59%; 芯原股份(电芯片/核心半导体) 4.42%
589700,科创成长ETF南方,指数型-股票,0.00%,0.00%,14.70%,12.91%,27.61%,4,源杰科技(光芯片/光通信) 10.24%; 寒武纪(电芯片/核心半导体) 8.97%; 仕佳光子(光芯片/光通信) 4.46%; 思特威(电芯片/核心半导体) 3.94%
018994,中欧数字经济混合发起C,混合型-偏股,0.00%,0.00%,27.55%,0.00%,27.55%,4,新易盛(光芯片/光通信) 9.42%; 中际旭创(光芯片/光通信) 9.20%; 长飞光纤光缆(光芯片/光通信) 4.95%; 天孚通信(光芯片/光通信) 3.98%
018993,中欧数字经济混合发起A,混合型-偏股,0.00%,0.00%,27.55%,0.00%,27.55%,4,新易盛(光芯片/光通信) 9.42%; 中际旭创(光芯片/光通信) 9.20%; 长飞光纤光缆(光芯片/光通信) 4.95%; 天孚通信(光芯片/光通信) 3.98%
008327,东财通信C,指数型-股票,0.00%,0.00%,27.54%,0.00%,27.54%,4,新易盛(光芯片/光通信) 8.74%; 中际旭创(光芯片/光通信) 7.98%; 天孚通信(光芯片/光通信) 6.22%; 华工科技(光芯片/光通信) 4.60%
008326,东财通信A,指数型-股票,0.00%,0.00%,27.54%,0.00%,27.54%,4,新易盛(光芯片/光通信) 8.74%; 中际旭创(光芯片/光通信) 7.98%; 天孚通信(光芯片/光通信) 6.22%; 华工科技(光芯片/光通信) 4.60%
016486,中欧成长先锋混合C,混合型-偏股,0.00%,0.00%,27.53%,0.00%,27.53%,3,新易盛(光芯片/光通信) 9.81%; 中际旭创(光芯片/光通信) 9.24%; 长飞光纤光缆(光芯片/光通信) 8.48%
016485,中欧成长先锋混合A,混合型-偏股,0.00%,0.00%,27.53%,0.00%,27.53%,3,新易盛(光芯片/光通信) 9.81%; 中际旭创(光芯片/光通信) 9.24%; 长飞光纤光缆(光芯片/光通信) 8.48%
159991,创业板大盘ETF招商,指数型-股票,0.00%,0.00%,27.53%,0.00%,27.53%,3,中际旭创(光芯片/光通信) 13.29%; 新易盛(光芯片/光通信) 10.74%; 天孚通信(光芯片/光通信) 3.50%
588020,科创成长ETF易方达,指数型-股票,0.00%,0.00%,14.69%,12.84%,27.53%,4,源杰科技(光芯片/光通信) 10.19%; 寒武纪(电芯片/核心半导体) 8.92%; 仕佳光子(光芯片/光通信) 4.50%; 思特威(电芯片/核心半导体) 3.92%
006348,银华盛利混合发起式A,混合型-偏股,0.00%,0.00%,16.03%,11.46%,27.49%,4,新易盛(光芯片/光通信) 8.18%; 海光信息(电芯片/核心半导体) 7.92%; 中际旭创(光芯片/光通信) 7.85%; 中芯国际(电芯片/核心半导体) 3.54%
015684,银华盛利混合发起式C,混合型-偏股,0.00%,0.00%,16.03%,11.46%,27.49%,4,新易盛(光芯片/光通信) 8.18%; 海光信息(电芯片/核心半导体) 7.92%; 中际旭创(光芯片/光通信) 7.85%; 中芯国际(电芯片/核心半导体) 3.54%
588110,科创成长ETF广发,指数型-股票,0.00%,0.00%,14.62%,12.85%,27.47%,4,源杰科技(光芯片/光通信) 10.19%; 寒武纪(电芯片/核心半导体) 8.94%; 仕佳光子(光芯片/光通信) 4.43%; 思特威(电芯片/核心半导体) 3.91%
010944,招商商业模式优选A,混合型-偏股,0.00%,0.00%,27.46%,0.00%,27.46%,4,源杰科技(光芯片/光通信) 7.33%; 天孚通信(光芯片/光通信) 7.20%; 新易盛(光芯片/光通信) 6.71%; 中际旭创(光芯片/光通信) 6.22%
010945,招商商业模式优选C,混合型-偏股,0.00%,0.00%,27.46%,0.00%,27.46%,4,源杰科技(光芯片/光通信) 7.33%; 天孚通信(光芯片/光通信) 7.20%; 新易盛(光芯片/光通信) 6.71%; 中际旭创(光芯片/光通信) 6.22%
010335,华宝竞争优势混合A,混合型-偏股,0.00%,10.61%,0.00%,16.83%,27.44%,6,普冉股份(存储) 6.62%; 寒武纪(电芯片/核心半导体) 5.89%; 华海清科(电芯片/核心半导体) 4.02%; 兆易创新(存储) 3.99%; 中芯国际(电芯片/核心半导体) 3.53%; 中芯国际(电芯片/核心半导体) 3.39%
019925,华宝竞争优势混合C,混合型-偏股,0.00%,10.61%,0.00%,16.83%,27.44%,6,普冉股份(存储) 6.62%; 寒武纪(电芯片/核心半导体) 5.89%; 华海清科(电芯片/核心半导体) 4.02%; 兆易创新(存储) 3.99%; 中芯国际(电芯片/核心半导体) 3.53%; 中芯国际(电芯片/核心半导体) 3.39%
001513,易方达信息产业混合A,混合型-偏股,0.00%,0.00%,27.37%,0.00%,27.37%,4,新易盛(光芯片/光通信) 8.69%; 中际旭创(光芯片/光通信) 8.38%; 源杰科技(光芯片/光通信) 7.48%; 光库科技(光芯片/光通信) 2.82%
019018,易方达信息产业混合C,混合型-偏股,0.00%,0.00%,27.37%,0.00%,27.37%,4,新易盛(光芯片/光通信) 8.69%; 中际旭创(光芯片/光通信) 8.38%; 源杰科技(光芯片/光通信) 7.48%; 光库科技(光芯片/光通信) 2.82%
004390,平安转型创新混合A,混合型-灵活,0.00%,0.00%,22.97%,4.38%,27.35%,5,中际旭创(光芯片/光通信) 6.46%; 长芯博创(光芯片/光通信) 6.11%; 新易盛(光芯片/光通信) 5.59%; 天孚通信(光芯片/光通信) 4.81%; 芯原股份(电芯片/核心半导体) 4.38%
004391,平安转型创新混合C,混合型-灵活,0.00%,0.00%,22.97%,4.38%,27.35%,5,中际旭创(光芯片/光通信) 6.46%; 长芯博创(光芯片/光通信) 6.11%; 新易盛(光芯片/光通信) 5.59%; 天孚通信(光芯片/光通信) 4.81%; 芯原股份(电芯片/核心半导体) 4.38%
588070,科创成长ETF万家,指数型-股票,0.00%,0.00%,14.58%,12.75%,27.33%,4,源杰科技(光芯片/光通信) 10.10%; 寒武纪(电芯片/核心半导体) 8.86%; 仕佳光子(光芯片/光通信) 4.48%; 思特威(电芯片/核心半导体) 3.89%
159509,纳指科技ETF景顺,指数型-海外股票,0.00%,2.94%,0.00%,24.32%,27.26%,5,英伟达(电芯片/核心半导体) 12.69%; 博通(电芯片/核心半导体) 7.25%; 美光科技(存储) 2.94%; 超威半导体(电芯片/核心半导体) 2.40%; 应用材料(电芯片/核心半导体) 1.98%
017103,大摩数字经济混合C,混合型-偏股,0.00%,0.00%,27.21%,0.00%,27.21%,4,新易盛(光芯片/光通信) 9.43%; 中际旭创(光芯片/光通信) 8.76%; 天孚通信(光芯片/光通信) 5.51%; 源杰科技(光芯片/光通信) 3.51%
013107,华夏先进制造龙头混合A,混合型-偏股,0.00%,0.00%,22.32%,4.88%,27.20%,4,中际旭创(光芯片/光通信) 8.75%; 新易盛(光芯片/光通信) 8.63%; 源杰科技(光芯片/光通信) 4.94%; 北方华创(电芯片/核心半导体) 4.88%
013108,华夏先进制造龙头混合C,混合型-偏股,0.00%,0.00%,22.32%,4.88%,27.20%,4,中际旭创(光芯片/光通信) 8.75%; 新易盛(光芯片/光通信) 8.63%; 源杰科技(光芯片/光通信) 4.94%; 北方华创(电芯片/核心半导体) 4.88%
014037,博时成长回报混合C,混合型-偏股,0.00%,0.00%,23.10%,4.10%,27.20%,4,新易盛(光芯片/光通信) 9.51%; 中际旭创(光芯片/光通信) 7.80%; 源杰科技(光芯片/光通信) 5.79%; 华虹半导体(电芯片/核心半导体) 4.10%
014036,博时成长回报混合A,混合型-偏股,0.00%,0.00%,23.10%,4.10%,27.20%,4,新易盛(光芯片/光通信) 9.51%; 中际旭创(光芯片/光通信) 7.80%; 源杰科技(光芯片/光通信) 5.79%; 华虹半导体(电芯片/核心半导体) 4.10%
959991,兴证资管金麒麟领先优势一年持有期混合A,混合型-偏股,0.00%,0.00%,22.19%,5.01%,27.20%,4,新易盛(光芯片/光通信) 9.27%; 中际旭创(光芯片/光通信) 8.82%; 寒武纪(电芯片/核心半导体) 5.01%; 源杰科技(光芯片/光通信) 4.10%
959993,兴证资管金麒麟领先优势一年持有期混合C,混合型-偏股,0.00%,0.00%,22.19%,5.01%,27.20%,4,新易盛(光芯片/光通信) 9.27%; 中际旭创(光芯片/光通信) 8.82%; 寒武纪(电芯片/核心半导体) 5.01%; 源杰科技(光芯片/光通信) 4.10%
011665,汇添富数字经济引领发展三年持有混合A,混合型-偏股,0.00%,0.00%,23.00%,4.19%,27.19%,5,中际旭创(光芯片/光通信) 9.16%; 新易盛(光芯片/光通信) 6.86%; 中微公司(电芯片/核心半导体) 4.19%; 天孚通信(光芯片/光通信) 3.90%; 源杰科技(光芯片/光通信) 3.08%
011666,汇添富数字经济引领发展三年持有混合C,混合型-偏股,0.00%,0.00%,23.00%,4.19%,27.19%,5,中际旭创(光芯片/光通信) 9.16%; 新易盛(光芯片/光通信) 6.86%; 中微公司(电芯片/核心半导体) 4.19%; 天孚通信(光芯片/光通信) 3.90%; 源杰科技(光芯片/光通信) 3.08%
000390,华商优势行业混合A,混合型-灵活,0.00%,0.00%,27.11%,0.00%,27.11%,5,新易盛(光芯片/光通信) 7.97%; 中际旭创(光芯片/光通信) 7.37%; 源杰科技(光芯片/光通信) 5.73%; 长光华芯(光芯片/光通信) 3.23%; 长芯博创(光芯片/光通信) 2.81%
019821,鹏华远见精选混合发起式C,混合型-偏股,0.00%,0.00%,27.11%,0.00%,27.11%,3,长飞光纤光缆(光芯片/光通信) 9.59%; 中际旭创(光芯片/光通信) 8.83%; 新易盛(光芯片/光通信) 8.69%
019820,鹏华远见精选混合发起式A,混合型-偏股,0.00%,0.00%,27.11%,0.00%,27.11%,3,长飞光纤光缆(光芯片/光通信) 9.59%; 中际旭创(光芯片/光通信) 8.83%; 新易盛(光芯片/光通信) 8.69%
025348,华商优势行业混合C,混合型-灵活,0.00%,0.00%,27.11%,0.00%,27.11%,5,新易盛(光芯片/光通信) 7.97%; 中际旭创(光芯片/光通信) 7.37%; 源杰科技(光芯片/光通信) 5.73%; 长光华芯(光芯片/光通信) 3.23%; 长芯博创(光芯片/光通信) 2.81%
002692,富国创新科技混合A,混合型-偏股,0.00%,0.00%,27.07%,0.00%,27.07%,4,中际旭创(光芯片/光通信) 9.42%; 新易盛(光芯片/光通信) 9.30%; 长芯博创(光芯片/光通信) 5.16%; 联特科技(光芯片/光通信) 3.19%
010557,汇添富数字生活六个月持有混合,混合型-偏股,0.00%,0.00%,22.90%,4.17%,27.07%,5,中际旭创(光芯片/光通信) 9.12%; 新易盛(光芯片/光通信) 6.80%; 中微公司(电芯片/核心半导体) 4.17%; 天孚通信(光芯片/光通信) 3.91%; 源杰科技(光芯片/光通信) 3.07%
014825,汇泉兴至未来一年持有混合A,混合型-偏股,0.00%,13.01%,6.60%,7.46%,27.07%,4,佰维存储(存储) 7.84%; 中芯国际(电芯片/核心半导体) 7.46%; 中际旭创(光芯片/光通信) 6.60%; 兆易创新(存储) 5.17%
014826,汇泉兴至未来一年持有混合C,混合型-偏股,0.00%,13.01%,6.60%,7.46%,27.07%,4,佰维存储(存储) 7.84%; 中芯国际(电芯片/核心半导体) 7.46%; 中际旭创(光芯片/光通信) 6.60%; 兆易创新(存储) 5.17%
005207,南方高端装备混合C,混合型-偏股,0.00%,0.00%,13.44%,13.60%,27.04%,7,华虹半导体(电芯片/核心半导体) 5.31%; 中微公司(电芯片/核心半导体) 4.90%; 天孚通信(光芯片/光通信) 4.66%; 中芯国际(电芯片/核心半导体) 3.39%; 长光华芯(光芯片/光通信) 2.99%; 中际旭创(光芯片/光通信) 2.95%; 新易盛(光芯片/光通信) 2.84%
202027,南方高端装备混合A,混合型-偏股,0.00%,0.00%,13.44%,13.60%,27.04%,7,华虹半导体(电芯片/核心半导体) 5.31%; 中微公司(电芯片/核心半导体) 4.90%; 天孚通信(光芯片/光通信) 4.66%; 中芯国际(电芯片/核心半导体) 3.39%; 长光华芯(光芯片/光通信) 2.99%; 中际旭创(光芯片/光通信) 2.95%; 新易盛(光芯片/光通信) 2.84%
515320,电子50ETF华安,指数型-股票,0.00%,7.49%,0.00%,19.46%,26.95%,6,寒武纪(电芯片/核心半导体) 5.13%; 海光信息(电芯片/核心半导体) 4.84%; 北方华创(电芯片/核心半导体) 4.83%; 中芯国际(电芯片/核心半导体) 4.66%; 兆易创新(存储) 3.93%; 澜起科技(存储) 3.56%
010106,华夏核心科技6个月定开混合A,混合型-偏股,0.00%,9.38%,17.55%,0.00%,26.93%,4,新易盛(光芯片/光通信) 8.79%; 中际旭创(光芯片/光通信) 8.76%; 兆易创新(存储) 6.17%; 普冉股份(存储) 3.21%
010107,华夏核心科技6个月定开混合C,混合型-偏股,0.00%,9.38%,17.55%,0.00%,26.93%,4,新易盛(光芯片/光通信) 8.79%; 中际旭创(光芯片/光通信) 8.76%; 兆易创新(存储) 6.17%; 普冉股份(存储) 3.21%
515260,电子ETF华宝,指数型-股票,0.00%,7.46%,0.00%,19.43%,26.89%,6,寒武纪(电芯片/核心半导体) 5.17%; 海光信息(电芯片/核心半导体) 4.82%; 北方华创(电芯片/核心半导体) 4.79%; 中芯国际(电芯片/核心半导体) 4.65%; 兆易创新(存储) 3.93%; 澜起科技(存储) 3.53%
022124,国寿安保策略精选混合C,混合型-偏股,0.00%,0.00%,26.89%,0.00%,26.89%,3,中际旭创(光芯片/光通信) 9.10%; 长飞光纤光缆(光芯片/光通信) 8.92%; 新易盛(光芯片/光通信) 8.87%
168002,国寿安保策略精选混合A,混合型-偏股,0.00%,0.00%,26.89%,0.00%,26.89%,3,中际旭创(光芯片/光通信) 9.10%; 长飞光纤光缆(光芯片/光通信) 8.92%; 新易盛(光芯片/光通信) 8.87%
001534,华宝万物互联混合A,混合型-灵活,0.00%,0.00%,18.12%,8.73%,26.85%,5,中际旭创(光芯片/光通信) 6.75%; 新易盛(光芯片/光通信) 6.72%; 寒武纪(电芯片/核心半导体) 4.90%; 天孚通信(光芯片/光通信) 4.65%; 芯原股份(电芯片/核心半导体) 3.83%
016463,华宝万物互联混合C,混合型-灵活,0.00%,0.00%,18.12%,8.73%,26.85%,5,中际旭创(光芯片/光通信) 6.75%; 新易盛(光芯片/光通信) 6.72%; 寒武纪(电芯片/核心半导体) 4.90%; 天孚通信(光芯片/光通信) 4.65%; 芯原股份(电芯片/核心半导体) 3.83%
519770,交银优择回报灵活配置混合A,混合型-灵活,0.00%,0.00%,26.82%,0.00%,26.82%,3,中际旭创(光芯片/光通信) 9.95%; 天孚通信(光芯片/光通信) 8.60%; 新易盛(光芯片/光通信) 8.27%
519771,交银优择回报灵活配置混合C,混合型-灵活,0.00%,0.00%,26.82%,0.00%,26.82%,3,中际旭创(光芯片/光通信) 9.95%; 天孚通信(光芯片/光通信) 8.60%; 新易盛(光芯片/光通信) 8.27%
024454,景顺长城成长同行混合,混合型-偏股,0.00%,0.00%,26.79%,0.00%,26.79%,3,新易盛(光芯片/光通信) 9.51%; 中际旭创(光芯片/光通信) 9.27%; 源杰科技(光芯片/光通信) 8.01%
017738,融通慧心混合C,混合型-偏股,0.00%,0.00%,26.77%,0.00%,26.77%,4,长飞光纤光缆(光芯片/光通信) 8.30%; 中际旭创(光芯片/光通信) 7.84%; 源杰科技(光芯片/光通信) 6.73%; 新易盛(光芯片/光通信) 3.90%
017737,融通慧心混合A,混合型-偏股,0.00%,0.00%,26.77%,0.00%,26.77%,4,长飞光纤光缆(光芯片/光通信) 8.30%; 中际旭创(光芯片/光通信) 7.84%; 源杰科技(光芯片/光通信) 6.73%; 新易盛(光芯片/光通信) 3.90%
010379,广发均衡优选混合A,混合型-平衡,0.00%,5.38%,11.11%,10.24%,26.73%,5,中际旭创(光芯片/光通信) 5.62%; 德科立(光芯片/光通信) 5.49%; 兆易创新(存储) 5.38%; 中微公司(电芯片/核心半导体) 5.13%; 北方华创(电芯片/核心半导体) 5.11%
010380,广发均衡优选混合C,混合型-平衡,0.00%,5.38%,11.11%,10.24%,26.73%,5,中际旭创(光芯片/光通信) 5.62%; 德科立(光芯片/光通信) 5.49%; 兆易创新(存储) 5.38%; 中微公司(电芯片/核心半导体) 5.13%; 北方华创(电芯片/核心半导体) 5.11%
009380,富安达科技领航混合A,混合型-偏股,0.00%,0.00%,12.68%,14.04%,26.72%,5,新易盛(光芯片/光通信) 6.67%; 复旦微电(电芯片/核心半导体) 6.07%; 中际旭创(光芯片/光通信) 6.01%; 中微公司(电芯片/核心半导体) 4.86%; 北方华创(电芯片/核心半导体) 3.11%
018987,富安达科技领航混合C,混合型-偏股,0.00%,0.00%,12.68%,14.04%,26.72%,5,新易盛(光芯片/光通信) 6.67%; 复旦微电(电芯片/核心半导体) 6.07%; 中际旭创(光芯片/光通信) 6.01%; 中微公司(电芯片/核心半导体) 4.86%; 北方华创(电芯片/核心半导体) 3.11%
009896,广发港股通成长精选股票A,股票型,0.00%,0.00%,11.84%,14.85%,26.69%,4,长飞光纤光缆(光芯片/光通信) 11.84%; 中芯国际(电芯片/核心半导体) 6.12%; 华虹半导体(电芯片/核心半导体) 5.30%; 海光信息(电芯片/核心半导体) 3.43%
009897,广发港股通成长精选股票C,股票型,0.00%,0.00%,11.84%,14.85%,26.69%,4,长飞光纤光缆(光芯片/光通信) 11.84%; 中芯国际(电芯片/核心半导体) 6.12%; 华虹半导体(电芯片/核心半导体) 5.30%; 海光信息(电芯片/核心半导体) 3.43%
025687,国泰半导体制造精选混合发起C,混合型-偏股,0.00%,0.00%,0.00%,26.65%,26.65%,4,北方华创(电芯片/核心半导体) 9.35%; 中微公司(电芯片/核心半导体) 9.00%; 华海清科(电芯片/核心半导体) 6.29%; 华虹半导体(电芯片/核心半导体) 2.01%
025686,国泰半导体制造精选混合发起A,混合型-偏股,0.00%,0.00%,0.00%,26.65%,26.65%,4,北方华创(电芯片/核心半导体) 9.35%; 中微公司(电芯片/核心半导体) 9.00%; 华海清科(电芯片/核心半导体) 6.29%; 华虹半导体(电芯片/核心半导体) 2.01%
160324,华夏磐晟混合(LOF),混合型-灵活,0.00%,7.50%,0.00%,19.13%,26.63%,3,圣邦股份(电芯片/核心半导体) 9.65%; 思瑞浦(电芯片/核心半导体) 9.48%; 兆易创新(存储) 7.50%
009009,平安科技创新混合C,混合型-偏股,0.00%,0.00%,26.63%,0.00%,26.63%,4,中际旭创(光芯片/光通信) 9.19%; 新易盛(光芯片/光通信) 6.77%; 长飞光纤光缆(光芯片/光通信) 5.95%; 天孚通信(光芯片/光通信) 4.72%
009008,平安科技创新混合A,混合型-偏股,0.00%,0.00%,26.63%,0.00%,26.63%,4,中际旭创(光芯片/光通信) 9.19%; 新易盛(光芯片/光通信) 6.77%; 长飞光纤光缆(光芯片/光通信) 5.95%; 天孚通信(光芯片/光通信) 4.72%
240009,华宝先进成长混合,混合型-偏股,0.00%,0.00%,23.20%,3.31%,26.51%,4,新易盛(光芯片/光通信) 9.50%; 中际旭创(光芯片/光通信) 9.28%; 天孚通信(光芯片/光通信) 4.42%; 海光信息(电芯片/核心半导体) 3.31%
011488,申万菱信乐享混合A,混合型-偏股,0.00%,0.00%,0.00%,26.45%,26.45%,5,北方华创(电芯片/核心半导体) 5.70%; 华海清科(电芯片/核心半导体) 5.54%; 中微公司(电芯片/核心半导体) 5.38%; 思瑞浦(电芯片/核心半导体) 5.11%; 圣邦股份(电芯片/核心半导体) 4.72%
022740,申万菱信乐享混合C,混合型-偏股,0.00%,0.00%,0.00%,26.45%,26.45%,5,北方华创(电芯片/核心半导体) 5.70%; 华海清科(电芯片/核心半导体) 5.54%; 中微公司(电芯片/核心半导体) 5.38%; 思瑞浦(电芯片/核心半导体) 5.11%; 圣邦股份(电芯片/核心半导体) 4.72%
006522,财通新兴蓝筹混合A,混合型-偏股,0.00%,0.00%,26.40%,0.00%,26.40%,3,新易盛(光芯片/光通信) 9.42%; 源杰科技(光芯片/光通信) 8.99%; 中际旭创(光芯片/光通信) 7.99%
006523,财通新兴蓝筹混合C,混合型-偏股,0.00%,0.00%,26.40%,0.00%,26.40%,3,新易盛(光芯片/光通信) 9.42%; 源杰科技(光芯片/光通信) 8.99%; 中际旭创(光芯片/光通信) 7.99%
001479,中邮风格轮动灵活配置混合,混合型-灵活,0.00%,8.07%,0.00%,18.31%,26.38%,5,兆易创新(存储) 8.07%; 中微公司(电芯片/核心半导体) 4.87%; 北方华创(电芯片/核心半导体) 4.73%; 华海清科(电芯片/核心半导体) 4.42%; 芯原股份(电芯片/核心半导体) 4.29%
002407,前海开源恒远灵活配置混合,混合型-灵活,0.00%,0.00%,9.26%,17.10%,26.36%,3,中际旭创(光芯片/光通信) 9.26%; 中微公司(电芯片/核心半导体) 8.98%; 寒武纪(电芯片/核心半导体) 8.12%
022735,申万菱信新经济混合C,混合型-灵活,0.00%,0.00%,0.00%,26.33%,26.33%,3,华海清科(电芯片/核心半导体) 9.09%; 中微公司(电芯片/核心半导体) 8.78%; 北方华创(电芯片/核心半导体) 8.46%
310358,申万菱信新经济混合A,混合型-灵活,0.00%,0.00%,0.00%,26.33%,26.33%,3,华海清科(电芯片/核心半导体) 9.09%; 中微公司(电芯片/核心半导体) 8.78%; 北方华创(电芯片/核心半导体) 8.46%
014483,华夏融盛可持续一年持有混合C,混合型-偏股,0.00%,6.21%,14.26%,5.84%,26.31%,4,中际旭创(光芯片/光通信) 7.84%; 新易盛(光芯片/光通信) 6.42%; 兆易创新(存储) 6.21%; 中芯国际(电芯片/核心半导体) 5.84%
014482,华夏融盛可持续一年持有混合A,混合型-偏股,0.00%,6.21%,14.26%,5.84%,26.31%,4,中际旭创(光芯片/光通信) 7.84%; 新易盛(光芯片/光通信) 6.42%; 兆易创新(存储) 6.21%; 中芯国际(电芯片/核心半导体) 5.84%
007277,恒生前海消费升级混合,混合型-偏股,0.00%,0.00%,21.94%,4.29%,26.23%,5,中际旭创(光芯片/光通信) 8.49%; 新易盛(光芯片/光通信) 6.60%; 芯原股份(电芯片/核心半导体) 4.29%; 源杰科技(光芯片/光通信) 3.94%; 长光华芯(光芯片/光通信) 2.91%
011550,湘财创新成长一年持有期混合A,混合型-偏股,0.00%,0.00%,16.20%,9.98%,26.18%,5,源杰科技(光芯片/光通信) 6.76%; 天孚通信(光芯片/光通信) 5.56%; 海光信息(电芯片/核心半导体) 5.17%; 北方华创(电芯片/核心半导体) 4.81%; 新易盛(光芯片/光通信) 3.88%
011551,湘财创新成长一年持有期混合C,混合型-偏股,0.00%,0.00%,16.20%,9.98%,26.18%,5,源杰科技(光芯片/光通信) 6.76%; 天孚通信(光芯片/光通信) 5.56%; 海光信息(电芯片/核心半导体) 5.17%; 北方华创(电芯片/核心半导体) 4.81%; 新易盛(光芯片/光通信) 3.88%
519005,海富通股票混合,混合型-偏股,0.00%,0.00%,22.78%,3.39%,26.17%,4,新易盛(光芯片/光通信) 9.77%; 中际旭创(光芯片/光通信) 9.69%; 芯原股份(电芯片/核心半导体) 3.39%; 天孚通信(光芯片/光通信) 3.32%
007346,易方达科技创新混合A,混合型-偏股,0.00%,0.00%,22.27%,3.80%,26.07%,4,新易盛(光芯片/光通信) 9.56%; 中际旭创(光芯片/光通信) 8.70%; 长飞光纤光缆(光芯片/光通信) 4.01%; 芯原股份(电芯片/核心半导体) 3.80%
025701,易方达科技创新混合C,混合型-偏股,0.00%,0.00%,22.27%,3.80%,26.07%,4,新易盛(光芯片/光通信) 9.56%; 中际旭创(光芯片/光通信) 8.70%; 长飞光纤光缆(光芯片/光通信) 4.01%; 芯原股份(电芯片/核心半导体) 3.80%
159507,通信ETF广发,指数型-股票,0.00%,0.00%,25.99%,0.00%,25.99%,3,新易盛(光芯片/光通信) 9.87%; 中际旭创(光芯片/光通信) 8.98%; 天孚通信(光芯片/光通信) 7.14%
016623,银华卓信成长精选混合A,混合型-偏股,0.00%,0.00%,22.32%,3.65%,25.97%,4,中际旭创(光芯片/光通信) 9.59%; 新易盛(光芯片/光通信) 9.28%; 北方华创(电芯片/核心半导体) 3.65%; 天孚通信(光芯片/光通信) 3.45%
016624,银华卓信成长精选混合C,混合型-偏股,0.00%,0.00%,22.32%,3.65%,25.97%,4,中际旭创(光芯片/光通信) 9.59%; 新易盛(光芯片/光通信) 9.28%; 北方华创(电芯片/核心半导体) 3.65%; 天孚通信(光芯片/光通信) 3.45%
018910,中欧科技成长混合A,混合型-偏股,0.00%,0.00%,25.96%,0.00%,25.96%,4,中际旭创(光芯片/光通信) 8.87%; 新易盛(光芯片/光通信) 8.66%; 长飞光纤光缆(光芯片/光通信) 5.01%; 高伟电子(光芯片/光通信) 3.42%
018911,中欧科技成长混合C,混合型-偏股,0.00%,0.00%,25.96%,0.00%,25.96%,4,中际旭创(光芯片/光通信) 8.87%; 新易盛(光芯片/光通信) 8.66%; 长飞光纤光缆(光芯片/光通信) 5.01%; 高伟电子(光芯片/光通信) 3.42%
019281,华西优选成长一年持有混合A,混合型-偏股,0.00%,0.00%,13.49%,12.46%,25.95%,4,芯原股份(电芯片/核心半导体) 6.91%; 新易盛(光芯片/光通信) 6.88%; 中际旭创(光芯片/光通信) 6.61%; 圣邦股份(电芯片/核心半导体) 5.55%
025472,华西优选成长一年持有混合C,混合型-偏股,0.00%,0.00%,13.49%,12.46%,25.95%,4,芯原股份(电芯片/核心半导体) 6.91%; 新易盛(光芯片/光通信) 6.88%; 中际旭创(光芯片/光通信) 6.61%; 圣邦股份(电芯片/核心半导体) 5.55%
159695,通信ETF嘉实,指数型-股票,0.00%,0.00%,25.94%,0.00%,25.94%,3,新易盛(光芯片/光通信) 9.85%; 中际旭创(光芯片/光通信) 8.98%; 天孚通信(光芯片/光通信) 7.11%
009025,海富通科技创新混合A,混合型-偏股,0.00%,3.01%,18.54%,4.33%,25.88%,4,新易盛(光芯片/光通信) 9.64%; 中际旭创(光芯片/光通信) 8.90%; 芯原股份(电芯片/核心半导体) 4.33%; 佰维存储(存储) 3.01%
009024,海富通科技创新混合C,混合型-偏股,0.00%,3.01%,18.54%,4.33%,25.88%,4,新易盛(光芯片/光通信) 9.64%; 中际旭创(光芯片/光通信) 8.90%; 芯原股份(电芯片/核心半导体) 4.33%; 佰维存储(存储) 3.01%
019389,中欧时代共赢混合发起A3,混合型-偏股,0.00%,0.00%,25.85%,0.00%,25.85%,3,新易盛(光芯片/光通信) 9.89%; 中际旭创(光芯片/光通信) 9.23%; 长飞光纤光缆(光芯片/光通信) 6.73%
019388,中欧时代共赢混合发起A2,混合型-偏股,0.00%,0.00%,25.85%,0.00%,25.85%,3,新易盛(光芯片/光通信) 9.89%; 中际旭创(光芯片/光通信) 9.23%; 长飞光纤光缆(光芯片/光通信) 6.73%
019387,中欧时代共赢混合发起A1,混合型-偏股,0.00%,0.00%,25.85%,0.00%,25.85%,3,新易盛(光芯片/光通信) 9.89%; 中际旭创(光芯片/光通信) 9.23%; 长飞光纤光缆(光芯片/光通信) 6.73%
005094,万家臻选混合A,混合型-偏股,0.00%,8.55%,17.27%,0.00%,25.82%,3,新易盛(光芯片/光通信) 9.18%; 兆易创新(存储) 8.55%; 中际旭创(光芯片/光通信) 8.09%
012793,长城科创两年定开混合C,混合型-偏股,0.00%,0.00%,0.00%,25.82%,25.82%,5,中微公司(电芯片/核心半导体) 7.00%; 海光信息(电芯片/核心半导体) 5.70%; 中芯国际(电芯片/核心半导体) 5.22%; 寒武纪(电芯片/核心半导体) 4.38%; 芯原股份(电芯片/核心半导体) 3.52%
022709,万家臻选混合C,混合型-偏股,0.00%,8.55%,17.27%,0.00%,25.82%,3,新易盛(光芯片/光通信) 9.18%; 兆易创新(存储) 8.55%; 中际旭创(光芯片/光通信) 8.09%
506008,长城科创两年定开混合A,混合型-偏股,0.00%,0.00%,0.00%,25.82%,25.82%,5,中微公司(电芯片/核心半导体) 7.00%; 海光信息(电芯片/核心半导体) 5.70%; 中芯国际(电芯片/核心半导体) 5.22%; 寒武纪(电芯片/核心半导体) 4.38%; 芯原股份(电芯片/核心半导体) 3.52%
017484,财通资管数字经济混合发起式C,混合型-偏股,0.00%,0.00%,10.50%,15.29%,25.79%,5,中际旭创(光芯片/光通信) 6.51%; 海光信息(电芯片/核心半导体) 5.66%; 寒武纪(电芯片/核心半导体) 5.28%; 中微公司(电芯片/核心半导体) 4.35%; 长芯博创(光芯片/光通信) 3.99%
017483,财通资管数字经济混合发起式A,混合型-偏股,0.00%,0.00%,10.50%,15.29%,25.79%,5,中际旭创(光芯片/光通信) 6.51%; 海光信息(电芯片/核心半导体) 5.66%; 寒武纪(电芯片/核心半导体) 5.28%; 中微公司(电芯片/核心半导体) 4.35%; 长芯博创(光芯片/光通信) 3.99%
013950,交银先锋混合C,混合型-偏股,0.00%,0.00%,20.67%,5.08%,25.75%,4,中际旭创(光芯片/光通信) 8.90%; 新易盛(光芯片/光通信) 8.61%; 寒武纪(电芯片/核心半导体) 5.08%; 天孚通信(光芯片/光通信) 3.16%
519698,交银先锋混合A,混合型-偏股,0.00%,0.00%,20.67%,5.08%,25.75%,4,中际旭创(光芯片/光通信) 8.90%; 新易盛(光芯片/光通信) 8.61%; 寒武纪(电芯片/核心半导体) 5.08%; 天孚通信(光芯片/光通信) 3.16%
008185,诺安研究优选混合A,混合型-偏股,0.00%,0.00%,3.70%,22.04%,25.74%,4,芯原股份(电芯片/核心半导体) 8.05%; 寒武纪(电芯片/核心半导体) 7.00%; 海光信息(电芯片/核心半导体) 6.99%; 德科立(光芯片/光通信) 3.70%
014497,诺安研究优选混合C,混合型-偏股,0.00%,0.00%,3.70%,22.04%,25.74%,4,芯原股份(电芯片/核心半导体) 8.05%; 寒武纪(电芯片/核心半导体) 7.00%; 海光信息(电芯片/核心半导体) 6.99%; 德科立(光芯片/光通信) 3.70%
010372,大成成长进取混合C,混合型-偏股,0.00%,0.00%,20.01%,5.73%,25.74%,5,中际旭创(光芯片/光通信) 8.53%; 芯原股份(电芯片/核心半导体) 5.73%; 长飞光纤光缆(光芯片/光通信) 5.11%; 长芯博创(光芯片/光通信) 3.38%; 德科立(光芯片/光通信) 2.99%
010371,大成成长进取混合A,混合型-偏股,0.00%,0.00%,20.01%,5.73%,25.74%,5,中际旭创(光芯片/光通信) 8.53%; 芯原股份(电芯片/核心半导体) 5.73%; 长飞光纤光缆(光芯片/光通信) 5.11%; 长芯博创(光芯片/光通信) 3.38%; 德科立(光芯片/光通信) 2.99%
005777,广发科技动力股票,股票型,0.00%,0.00%,16.43%,9.31%,25.74%,4,新易盛(光芯片/光通信) 8.93%; 中际旭创(光芯片/光通信) 7.50%; 北方华创(电芯片/核心半导体) 5.05%; 圣邦股份(电芯片/核心半导体) 4.26%
002482,宝盈互联网沪港深混合,混合型-灵活,0.00%,0.00%,25.62%,0.00%,25.62%,3,新易盛(光芯片/光通信) 9.49%; 中际旭创(光芯片/光通信) 9.12%; 天孚通信(光芯片/光通信) 7.01%
015849,富国创新企业灵活配置混合(LOF)C,混合型-灵活,0.00%,0.00%,18.95%,6.65%,25.60%,4,中际旭创(光芯片/光通信) 9.13%; 新易盛(光芯片/光通信) 8.69%; 寒武纪(电芯片/核心半导体) 6.65%; 长飞光纤光缆(光芯片/光通信) 1.13%
501077,富国创新企业灵活配置混合(LOF)A,混合型-灵活,0.00%,0.00%,18.95%,6.65%,25.60%,4,中际旭创(光芯片/光通信) 9.13%; 新易盛(光芯片/光通信) 8.69%; 寒武纪(电芯片/核心半导体) 6.65%; 长飞光纤光缆(光芯片/光通信) 1.13%
001036,嘉实企业变革股票,股票型,0.00%,6.75%,14.05%,4.77%,25.57%,5,兆易创新(存储) 6.75%; 中际旭创(光芯片/光通信) 5.82%; 中微公司(电芯片/核心半导体) 4.77%; 新易盛(光芯片/光通信) 4.38%; 天孚通信(光芯片/光通信) 3.85%
011277,上银科技驱动双周定期可赎回混合A,混合型-偏股,0.00%,0.00%,18.41%,7.13%,25.54%,5,中际旭创(光芯片/光通信) 8.77%; 新易盛(光芯片/光通信) 5.93%; 海光信息(电芯片/核心半导体) 3.93%; 天孚通信(光芯片/光通信) 3.71%; 寒武纪(电芯片/核心半导体) 3.20%
013892,上银科技驱动双周定期可赎回混合C,混合型-偏股,0.00%,0.00%,18.41%,7.13%,25.54%,5,中际旭创(光芯片/光通信) 8.77%; 新易盛(光芯片/光通信) 5.93%; 海光信息(电芯片/核心半导体) 3.93%; 天孚通信(光芯片/光通信) 3.71%; 寒武纪(电芯片/核心半导体) 3.20%
025544,汇添富港股通科技精选混合发起式A,混合型-偏股,0.00%,0.00%,12.71%,12.80%,25.51%,3,长飞光纤光缆(光芯片/光通信) 12.71%; 中芯国际(电芯片/核心半导体) 6.55%; 华虹半导体(电芯片/核心半导体) 6.25%
025545,汇添富港股通科技精选混合发起式C,混合型-偏股,0.00%,0.00%,12.71%,12.80%,25.51%,3,长飞光纤光缆(光芯片/光通信) 12.71%; 中芯国际(电芯片/核心半导体) 6.55%; 华虹半导体(电芯片/核心半导体) 6.25%
001144,大成互联网思维混合A,混合型-灵活,0.00%,0.00%,25.49%,0.00%,25.49%,3,新易盛(光芯片/光通信) 9.64%; 中际旭创(光芯片/光通信) 9.57%; 天孚通信(光芯片/光通信) 6.28%
018454,大成互联网思维混合C,混合型-灵活,0.00%,0.00%,25.49%,0.00%,25.49%,3,新易盛(光芯片/光通信) 9.64%; 中际旭创(光芯片/光通信) 9.57%; 天孚通信(光芯片/光通信) 6.28%
001215,博时沪港深优质企业基金A,混合型-灵活,0.00%,0.00%,11.31%,14.17%,25.48%,4,中芯国际(电芯片/核心半导体) 8.04%; 中际旭创(光芯片/光通信) 7.28%; 寒武纪(电芯片/核心半导体) 6.13%; 天孚通信(光芯片/光通信) 4.03%
002555,博时沪港深优质企业基金C,混合型-灵活,0.00%,0.00%,11.31%,14.17%,25.48%,4,中芯国际(电芯片/核心半导体) 8.04%; 中际旭创(光芯片/光通信) 7.28%; 寒武纪(电芯片/核心半导体) 6.13%; 天孚通信(光芯片/光通信) 4.03%
016701,银华海外数字经济量化选股混合发起式(QDII)A,QDII-混合偏股,0.00%,3.92%,0.00%,21.56%,25.48%,5,英伟达(电芯片/核心半导体) 9.26%; 博通(电芯片/核心半导体) 4.69%; 美光科技(存储) 3.92%; 台积电(电芯片/核心半导体) 3.90%; 超威半导体(电芯片/核心半导体) 3.71%
016702,银华海外数字经济量化选股混合发起式(QDII)C,QDII-混合偏股,0.00%,3.92%,0.00%,21.56%,25.48%,5,英伟达(电芯片/核心半导体) 9.26%; 博通(电芯片/核心半导体) 4.69%; 美光科技(存储) 3.92%; 台积电(电芯片/核心半导体) 3.90%; 超威半导体(电芯片/核心半导体) 3.71%
001877,宝盈国家安全沪港深股票A,股票型,0.00%,0.00%,21.13%,4.31%,25.44%,4,新易盛(光芯片/光通信) 8.39%; 天孚通信(光芯片/光通信) 7.72%; 中际旭创(光芯片/光通信) 5.02%; 华虹半导体(电芯片/核心半导体) 4.31%
013613,宝盈国家安全沪港深股票C,股票型,0.00%,0.00%,21.13%,4.31%,25.44%,4,新易盛(光芯片/光通信) 8.39%; 天孚通信(光芯片/光通信) 7.72%; 中际旭创(光芯片/光通信) 5.02%; 华虹半导体(电芯片/核心半导体) 4.31%
014647,融通先进制造混合A,混合型-偏股,0.00%,0.00%,25.42%,0.00%,25.42%,3,中际旭创(光芯片/光通信) 9.62%; 新易盛(光芯片/光通信) 8.42%; 长飞光纤光缆(光芯片/光通信) 7.38%
014648,融通先进制造混合C,混合型-偏股,0.00%,0.00%,25.42%,0.00%,25.42%,3,中际旭创(光芯片/光通信) 9.62%; 新易盛(光芯片/光通信) 8.42%; 长飞光纤光缆(光芯片/光通信) 7.38%
159597,创业板成长ETF易方达,指数型-股票,0.00%,0.00%,25.42%,0.00%,25.42%,3,中际旭创(光芯片/光通信) 10.99%; 新易盛(光芯片/光通信) 9.82%; 天孚通信(光芯片/光通信) 4.61%
012477,富国匠心精选12个月持有混合A,混合型-偏股,0.00%,0.00%,25.26%,0.00%,25.26%,4,新易盛(光芯片/光通信) 9.65%; 中际旭创(光芯片/光通信) 9.18%; 长飞光纤光缆(光芯片/光通信) 3.39%; 德科立(光芯片/光通信) 3.04%
012478,富国匠心精选12个月持有混合C,混合型-偏股,0.00%,0.00%,25.26%,0.00%,25.26%,4,新易盛(光芯片/光通信) 9.65%; 中际旭创(光芯片/光通信) 9.18%; 长飞光纤光缆(光芯片/光通信) 3.39%; 德科立(光芯片/光通信) 3.04%
512770,战略新兴ETF华夏,指数型-股票,0.00%,0.00%,18.45%,6.80%,25.25%,4,中际旭创(光芯片/光通信) 10.20%; 新易盛(光芯片/光通信) 8.25%; 寒武纪(电芯片/核心半导体) 3.86%; 海光信息(电芯片/核心半导体) 2.94%
005091,嘉合睿金混合发起式C,混合型-偏股,0.00%,0.00%,25.24%,0.00%,25.24%,3,新易盛(光芯片/光通信) 9.19%; 中际旭创(光芯片/光通信) 9.16%; 天孚通信(光芯片/光通信) 6.89%
005090,嘉合睿金混合发起式A,混合型-偏股,0.00%,0.00%,25.24%,0.00%,25.24%,3,新易盛(光芯片/光通信) 9.19%; 中际旭创(光芯片/光通信) 9.16%; 天孚通信(光芯片/光通信) 6.89%
001184,易方达新常态灵活配置混合,混合型-灵活,0.00%,0.00%,25.21%,0.00%,25.21%,4,新易盛(光芯片/光通信) 9.55%; 中际旭创(光芯片/光通信) 8.43%; 长芯博创(光芯片/光通信) 3.68%; 仕佳光子(光芯片/光通信) 3.55%
004320,前海开源沪港深乐享生活,混合型-灵活,0.00%,0.00%,25.18%,0.00%,25.18%,3,新易盛(光芯片/光通信) 8.80%; 中际旭创(光芯片/光通信) 8.63%; 剑桥科技(光芯片/光通信) 7.75%
006430,凯石澜龙头经济一年持有混合,混合型-偏股,0.00%,0.00%,22.31%,2.87%,25.18%,5,长芯博创(光芯片/光通信) 6.39%; 新易盛(光芯片/光通信) 5.85%; 源杰科技(光芯片/光通信) 5.23%; 中际旭创(光芯片/光通信) 4.84%; 芯原股份(电芯片/核心半导体) 2.87%
010181,兴业优势产业混合A,混合型-偏股,0.00%,0.00%,6.74%,18.43%,25.17%,4,长芯博创(光芯片/光通信) 6.74%; 寒武纪(电芯片/核心半导体) 6.52%; 海光信息(电芯片/核心半导体) 6.50%; 中芯国际(电芯片/核心半导体) 5.41%
010182,兴业优势产业混合C,混合型-偏股,0.00%,0.00%,6.74%,18.43%,25.17%,4,长芯博创(光芯片/光通信) 6.74%; 寒武纪(电芯片/核心半导体) 6.52%; 海光信息(电芯片/核心半导体) 6.50%; 中芯国际(电芯片/核心半导体) 5.41%
006081,海富通电子传媒股票A,股票型,0.00%,0.00%,25.16%,0.00%,25.16%,4,新易盛(光芯片/光通信) 9.57%; 中际旭创(光芯片/光通信) 9.48%; 源杰科技(光芯片/光通信) 3.39%; 天孚通信(光芯片/光通信) 2.72%
006080,海富通电子传媒股票C,股票型,0.00%,0.00%,25.16%,0.00%,25.16%,4,新易盛(光芯片/光通信) 9.57%; 中际旭创(光芯片/光通信) 9.48%; 源杰科技(光芯片/光通信) 3.39%; 天孚通信(光芯片/光通信) 2.72%
005875,易方达中盘成长混合,混合型-偏股,0.00%,3.14%,18.76%,3.25%,25.15%,5,新易盛(光芯片/光通信) 9.24%; 中际旭创(光芯片/光通信) 5.59%; 长飞光纤光缆(光芯片/光通信) 3.93%; 华海清科(电芯片/核心半导体) 3.25%; 北京君正(存储) 3.14%
020441,东兴数字经济混合发起C,混合型-偏股,0.00%,0.00%,25.11%,0.00%,25.11%,4,源杰科技(光芯片/光通信) 6.55%; 中际旭创(光芯片/光通信) 6.24%; 天孚通信(光芯片/光通信) 6.17%; 新易盛(光芯片/光通信) 6.15%
020440,东兴数字经济混合发起A,混合型-偏股,0.00%,0.00%,25.11%,0.00%,25.11%,4,源杰科技(光芯片/光通信) 6.55%; 中际旭创(光芯片/光通信) 6.24%; 天孚通信(光芯片/光通信) 6.17%; 新易盛(光芯片/光通信) 6.15%
001715,工银新焦点混合A,混合型-灵活,0.00%,7.41%,17.69%,0.00%,25.10%,4,新易盛(光芯片/光通信) 9.17%; 中际旭创(光芯片/光通信) 8.52%; 兆易创新(存储) 4.42%; 北京君正(存储) 2.99%
001998,工银新焦点混合C,混合型-灵活,0.00%,7.41%,17.69%,0.00%,25.10%,4,新易盛(光芯片/光通信) 9.17%; 中际旭创(光芯片/光通信) 8.52%; 兆易创新(存储) 4.42%; 北京君正(存储) 2.99%
005638,农银汇理量化智慧动力混合,混合型-偏股,0.00%,0.00%,13.38%,11.71%,25.09%,8,天孚通信(光芯片/光通信) 3.99%; 源杰科技(光芯片/光通信) 3.90%; 寒武纪(电芯片/核心半导体) 3.74%; 新易盛(光芯片/光通信) 2.89%; 海光信息(电芯片/核心半导体) 2.85%; 中际旭创(光芯片/光通信) 2.60%; 北方华创(电芯片/核心半导体) 2.59%; 中芯国际(电芯片/核心半导体) 2.53%
015030,博时远见回报混合A,混合型-偏股,0.00%,0.00%,13.21%,11.88%,25.09%,4,中际旭创(光芯片/光通信) 8.93%; 中芯国际(电芯片/核心半导体) 7.31%; 华虹半导体(电芯片/核心半导体) 4.57%; 新易盛(光芯片/光通信) 4.28%
015031,博时远见回报混合C,混合型-偏股,0.00%,0.00%,13.21%,11.88%,25.09%,4,中际旭创(光芯片/光通信) 8.93%; 中芯国际(电芯片/核心半导体) 7.31%; 华虹半导体(电芯片/核心半导体) 4.57%; 新易盛(光芯片/光通信) 4.28%
025332,诺安平衡混合C,混合型-偏股,0.00%,0.00%,11.50%,13.55%,25.05%,5,德科立(光芯片/光通信) 8.07%; 芯原股份(电芯片/核心半导体) 6.69%; 寒武纪(电芯片/核心半导体) 4.26%; 长芯博创(光芯片/光通信) 3.43%; 海光信息(电芯片/核心半导体) 2.60%
320001,诺安平衡混合A,混合型-偏股,0.00%,0.00%,11.50%,13.55%,25.05%,5,德科立(光芯片/光通信) 8.07%; 芯原股份(电芯片/核心半导体) 6.69%; 寒武纪(电芯片/核心半导体) 4.26%; 长芯博创(光芯片/光通信) 3.43%; 海光信息(电芯片/核心半导体) 2.60%
000828,宏利转型机遇股票A,股票型,0.00%,0.00%,12.04%,13.00%,25.04%,4,新易盛(光芯片/光通信) 9.27%; 北方华创(电芯片/核心半导体) 8.51%; 寒武纪(电芯片/核心半导体) 4.49%; 中际旭创(光芯片/光通信) 2.77%
012800,宏利转型机遇股票C,股票型,0.00%,0.00%,12.04%,13.00%,25.04%,4,新易盛(光芯片/光通信) 9.27%; 北方华创(电芯片/核心半导体) 8.51%; 寒武纪(电芯片/核心半导体) 4.49%; 中际旭创(光芯片/光通信) 2.77%
012526,广发盛锦混合A,混合型-偏股,0.00%,0.00%,18.13%,6.86%,24.99%,4,德科立(光芯片/光通信) 7.78%; 中微公司(电芯片/核心半导体) 6.86%; 新易盛(光芯片/光通信) 5.35%; 中际旭创(光芯片/光通信) 5.00%
012527,广发盛锦混合C,混合型-偏股,0.00%,0.00%,18.13%,6.86%,24.99%,4,德科立(光芯片/光通信) 7.78%; 中微公司(电芯片/核心半导体) 6.86%; 新易盛(光芯片/光通信) 5.35%; 中际旭创(光芯片/光通信) 5.00%
009914,富国成长动力混合A,混合型-偏股,0.00%,0.00%,24.97%,0.00%,24.97%,4,新易盛(光芯片/光通信) 9.59%; 中际旭创(光芯片/光通信) 9.24%; 长飞光纤光缆(光芯片/光通信) 3.42%; 德科立(光芯片/光通信) 2.72%
015715,富国成长动力混合C,混合型-偏股,0.00%,0.00%,24.97%,0.00%,24.97%,4,新易盛(光芯片/光通信) 9.59%; 中际旭创(光芯片/光通信) 9.24%; 长飞光纤光缆(光芯片/光通信) 3.42%; 德科立(光芯片/光通信) 2.72%
019003,易方达科技智选混合A,混合型-偏股,0.00%,0.00%,22.05%,2.91%,24.96%,4,新易盛(光芯片/光通信) 9.85%; 中际旭创(光芯片/光通信) 8.01%; 长飞光纤光缆(光芯片/光通信) 4.19%; 芯原股份(电芯片/核心半导体) 2.91%
019004,易方达科技智选混合C,混合型-偏股,0.00%,0.00%,22.05%,2.91%,24.96%,4,新易盛(光芯片/光通信) 9.85%; 中际旭创(光芯片/光通信) 8.01%; 长飞光纤光缆(光芯片/光通信) 4.19%; 芯原股份(电芯片/核心半导体) 2.91%
007067,浦银安盛先进制造混合C,混合型-偏股,0.00%,0.00%,4.56%,20.39%,24.95%,5,海光信息(电芯片/核心半导体) 8.74%; 中芯国际(电芯片/核心半导体) 5.12%; 高伟电子(光芯片/光通信) 4.56%; 圣邦股份(电芯片/核心半导体) 3.43%; 中芯国际(电芯片/核心半导体) 3.10%
007066,浦银安盛先进制造混合A,混合型-偏股,0.00%,0.00%,4.56%,20.39%,24.95%,5,海光信息(电芯片/核心半导体) 8.74%; 中芯国际(电芯片/核心半导体) 5.12%; 高伟电子(光芯片/光通信) 4.56%; 圣邦股份(电芯片/核心半导体) 3.43%; 中芯国际(电芯片/核心半导体) 3.10%
001986,前海开源人工智能主题混合A,混合型-灵活,0.00%,0.00%,24.94%,0.00%,24.94%,3,新易盛(光芯片/光通信) 9.30%; 中际旭创(光芯片/光通信) 8.63%; 剑桥科技(光芯片/光通信) 7.01%
023286,前海开源人工智能主题混合C,混合型-灵活,0.00%,0.00%,24.94%,0.00%,24.94%,3,新易盛(光芯片/光通信) 9.30%; 中际旭创(光芯片/光通信) 8.63%; 剑桥科技(光芯片/光通信) 7.01%
519025,海富通领先成长混合,混合型-偏股,0.00%,4.57%,12.06%,8.27%,24.90%,5,新易盛(光芯片/光通信) 6.68%; 中际旭创(光芯片/光通信) 5.38%; 佰维存储(存储) 4.57%; 海光信息(电芯片/核心半导体) 4.49%; 芯原股份(电芯片/核心半导体) 3.78%
015903,博时优质精选混合C,混合型-偏股,0.00%,0.00%,24.81%,0.00%,24.81%,3,新易盛(光芯片/光通信) 9.48%; 中际旭创(光芯片/光通信) 9.02%; 源杰科技(光芯片/光通信) 6.31%
015902,博时优质精选混合A,混合型-偏股,0.00%,0.00%,24.81%,0.00%,24.81%,3,新易盛(光芯片/光通信) 9.48%; 中际旭创(光芯片/光通信) 9.02%; 源杰科技(光芯片/光通信) 6.31%
010892,中银证券精选行业股票A,股票型,0.00%,0.00%,24.76%,0.00%,24.76%,4,新易盛(光芯片/光通信) 8.62%; 中际旭创(光芯片/光通信) 5.92%; 源杰科技(光芯片/光通信) 5.81%; 天孚通信(光芯片/光通信) 4.41%
010893,中银证券精选行业股票C,股票型,0.00%,0.00%,24.76%,0.00%,24.76%,4,新易盛(光芯片/光通信) 8.62%; 中际旭创(光芯片/光通信) 5.92%; 源杰科技(光芯片/光通信) 5.81%; 天孚通信(光芯片/光通信) 4.41%
007854,光大景气先锋混合A,混合型-偏股,0.00%,0.00%,0.00%,24.76%,24.76%,4,寒武纪(电芯片/核心半导体) 6.63%; 思瑞浦(电芯片/核心半导体) 6.43%; 海光信息(电芯片/核心半导体) 6.13%; 中微公司(电芯片/核心半导体) 5.57%
018236,光大景气先锋混合C,混合型-偏股,0.00%,0.00%,0.00%,24.76%,24.76%,4,寒武纪(电芯片/核心半导体) 6.63%; 思瑞浦(电芯片/核心半导体) 6.43%; 海光信息(电芯片/核心半导体) 6.13%; 中微公司(电芯片/核心半导体) 5.57%
240017,华宝新兴产业混合,混合型-偏股,0.00%,0.00%,21.81%,2.95%,24.76%,4,新易盛(光芯片/光通信) 9.52%; 中际旭创(光芯片/光通信) 9.25%; 天孚通信(光芯片/光通信) 3.04%; 海光信息(电芯片/核心半导体) 2.95%
009863,富国创新趋势股票A,股票型,0.00%,0.00%,24.73%,0.00%,24.73%,4,新易盛(光芯片/光通信) 9.51%; 中际旭创(光芯片/光通信) 9.13%; 德科立(光芯片/光通信) 3.05%; 长飞光纤光缆(光芯片/光通信) 3.04%
013418,博时核心资产精选混合C,混合型-偏股,0.00%,0.00%,24.73%,0.00%,24.73%,3,新易盛(光芯片/光通信) 9.50%; 中际旭创(光芯片/光通信) 9.09%; 源杰科技(光芯片/光通信) 6.14%
013417,博时核心资产精选混合A,混合型-偏股,0.00%,0.00%,24.73%,0.00%,24.73%,3,新易盛(光芯片/光通信) 9.50%; 中际旭创(光芯片/光通信) 9.09%; 源杰科技(光芯片/光通信) 6.14%
025468,富国创新趋势股票C,股票型,0.00%,0.00%,24.73%,0.00%,24.73%,4,新易盛(光芯片/光通信) 9.51%; 中际旭创(光芯片/光通信) 9.13%; 德科立(光芯片/光通信) 3.05%; 长飞光纤光缆(光芯片/光通信) 3.04%
512220,TMTETF景顺,指数型-股票,0.00%,2.42%,10.39%,11.91%,24.72%,7,新易盛(光芯片/光通信) 5.44%; 中际旭创(光芯片/光通信) 4.95%; 寒武纪(电芯片/核心半导体) 3.13%; 海光信息(电芯片/核心半导体) 2.97%; 北方华创(电芯片/核心半导体) 2.95%; 中芯国际(电芯片/核心半导体) 2.86%; 兆易创新(存储) 2.42%
017794,交银启盛混合A,混合型-偏股,0.00%,0.00%,21.15%,3.55%,24.70%,4,中际旭创(光芯片/光通信) 9.13%; 新易盛(光芯片/光通信) 8.95%; 寒武纪(电芯片/核心半导体) 3.55%; 天孚通信(光芯片/光通信) 3.07%
017795,交银启盛混合C,混合型-偏股,0.00%,0.00%,21.15%,3.55%,24.70%,4,中际旭创(光芯片/光通信) 9.13%; 新易盛(光芯片/光通信) 8.95%; 寒武纪(电芯片/核心半导体) 3.55%; 天孚通信(光芯片/光通信) 3.07%
010114,华宝新兴成长混合A,混合型-偏股,0.00%,0.00%,21.81%,2.89%,24.70%,4,新易盛(光芯片/光通信) 9.53%; 中际旭创(光芯片/光通信) 9.34%; 天孚通信(光芯片/光通信) 2.94%; 海光信息(电芯片/核心半导体) 2.89%
017197,华宝新兴成长混合C,混合型-偏股,0.00%,0.00%,21.81%,2.89%,24.70%,4,新易盛(光芯片/光通信) 9.53%; 中际旭创(光芯片/光通信) 9.34%; 天孚通信(光芯片/光通信) 2.94%; 海光信息(电芯片/核心半导体) 2.89%
006025,诺安优化配置混合A,混合型-偏股,0.00%,0.00%,0.00%,24.69%,24.69%,4,北方华创(电芯片/核心半导体) 8.27%; 中微公司(电芯片/核心半导体) 7.46%; 中芯国际(电芯片/核心半导体) 6.89%; 盛美上海(电芯片/核心半导体) 2.07%
019571,诺安优化配置混合C,混合型-偏股,0.00%,0.00%,0.00%,24.69%,24.69%,4,北方华创(电芯片/核心半导体) 8.27%; 中微公司(电芯片/核心半导体) 7.46%; 中芯国际(电芯片/核心半导体) 6.89%; 盛美上海(电芯片/核心半导体) 2.07%
005729,南方人工智能混合,混合型-偏股,0.00%,0.00%,16.78%,7.89%,24.67%,3,中际旭创(光芯片/光通信) 8.95%; 海光信息(电芯片/核心半导体) 7.89%; 新易盛(光芯片/光通信) 7.83%
013250,红土创新智能制造混合型发起式A,混合型-偏股,0.00%,0.00%,24.67%,0.00%,24.67%,3,中际旭创(光芯片/光通信) 9.58%; 新易盛(光芯片/光通信) 9.42%; 源杰科技(光芯片/光通信) 5.67%
021957,红土创新智能制造混合型发起式C,混合型-偏股,0.00%,0.00%,24.67%,0.00%,24.67%,3,中际旭创(光芯片/光通信) 9.58%; 新易盛(光芯片/光通信) 9.42%; 源杰科技(光芯片/光通信) 5.67%
001753,红土创新新兴产业混合A,混合型-灵活,0.00%,0.00%,21.62%,2.98%,24.60%,4,中际旭创(光芯片/光通信) 7.88%; 新易盛(光芯片/光通信) 7.76%; 源杰科技(光芯片/光通信) 5.98%; 芯原股份(电芯片/核心半导体) 2.98%
026245,红土创新新兴产业混合C,混合型-灵活,0.00%,0.00%,21.62%,2.98%,24.60%,4,中际旭创(光芯片/光通信) 7.88%; 新易盛(光芯片/光通信) 7.76%; 源杰科技(光芯片/光通信) 5.98%; 芯原股份(电芯片/核心半导体) 2.98%
008228,宝盈研究精选混合C,混合型-偏股,0.00%,0.00%,24.58%,0.00%,24.58%,3,新易盛(光芯片/光通信) 9.33%; 中际旭创(光芯片/光通信) 8.34%; 天孚通信(光芯片/光通信) 6.91%
008227,宝盈研究精选混合A,混合型-偏股,0.00%,0.00%,24.58%,0.00%,24.58%,3,新易盛(光芯片/光通信) 9.33%; 中际旭创(光芯片/光通信) 8.34%; 天孚通信(光芯片/光通信) 6.91%
010676,光大新机遇混合A,混合型-偏股,0.00%,0.00%,0.00%,24.52%,24.52%,4,思瑞浦(电芯片/核心半导体) 6.19%; 寒武纪(电芯片/核心半导体) 6.17%; 海光信息(电芯片/核心半导体) 6.16%; 中微公司(电芯片/核心半导体) 6.00%
018235,光大新机遇混合C,混合型-偏股,0.00%,0.00%,0.00%,24.52%,24.52%,4,思瑞浦(电芯片/核心半导体) 6.19%; 寒武纪(电芯片/核心半导体) 6.17%; 海光信息(电芯片/核心半导体) 6.16%; 中微公司(电芯片/核心半导体) 6.00%
015657,富荣研究优选混合A,混合型-偏股,0.00%,6.22%,0.00%,18.29%,24.51%,3,晶晨股份(电芯片/核心半导体) 9.41%; 恒玄科技(电芯片/核心半导体) 8.88%; 泰凌微(存储) 6.22%
015658,富荣研究优选混合C,混合型-偏股,0.00%,6.22%,0.00%,18.29%,24.51%,3,晶晨股份(电芯片/核心半导体) 9.41%; 恒玄科技(电芯片/核心半导体) 8.88%; 泰凌微(存储) 6.22%
018218,博时厚泽匠选一年持有期混合C,混合型-偏股,0.00%,0.00%,24.51%,0.00%,24.51%,3,新易盛(光芯片/光通信) 9.52%; 中际旭创(光芯片/光通信) 9.06%; 源杰科技(光芯片/光通信) 5.93%
018217,博时厚泽匠选一年持有期混合A,混合型-偏股,0.00%,0.00%,24.51%,0.00%,24.51%,3,新易盛(光芯片/光通信) 9.52%; 中际旭创(光芯片/光通信) 9.06%; 源杰科技(光芯片/光通信) 5.93%
002420,汇添富盈鑫混合A,混合型-灵活,0.00%,0.00%,24.46%,0.00%,24.46%,3,天孚通信(光芯片/光通信) 9.80%; 中际旭创(光芯片/光通信) 9.20%; 新易盛(光芯片/光通信) 5.46%
014833,汇添富盈鑫混合C,混合型-灵活,0.00%,0.00%,24.46%,0.00%,24.46%,3,天孚通信(光芯片/光通信) 9.80%; 中际旭创(光芯片/光通信) 9.20%; 新易盛(光芯片/光通信) 5.46%
014834,汇添富盈鑫混合D,混合型-灵活,0.00%,0.00%,24.46%,0.00%,24.46%,3,天孚通信(光芯片/光通信) 9.80%; 中际旭创(光芯片/光通信) 9.20%; 新易盛(光芯片/光通信) 5.46%
016751,博时精选混合C,混合型-偏股,0.00%,0.00%,24.40%,0.00%,24.40%,3,新易盛(光芯片/光通信) 9.45%; 中际旭创(光芯片/光通信) 9.03%; 源杰科技(光芯片/光通信) 5.92%
050004,博时精选混合A,混合型-偏股,0.00%,0.00%,24.40%,0.00%,24.40%,3,新易盛(光芯片/光通信) 9.45%; 中际旭创(光芯片/光通信) 9.03%; 源杰科技(光芯片/光通信) 5.92%
011170,宝盈智慧生活混合A,混合型-偏股,0.00%,0.00%,24.36%,0.00%,24.36%,3,中际旭创(光芯片/光通信) 9.22%; 新易盛(光芯片/光通信) 9.20%; 天孚通信(光芯片/光通信) 5.94%
011171,宝盈智慧生活混合C,混合型-偏股,0.00%,0.00%,24.36%,0.00%,24.36%,3,中际旭创(光芯片/光通信) 9.22%; 新易盛(光芯片/光通信) 9.20%; 天孚通信(光芯片/光通信) 5.94%
019007,蜂巢先进制造混合发起式C,混合型-偏股,0.00%,0.00%,20.12%,4.22%,24.34%,5,新易盛(光芯片/光通信) 6.15%; 中际旭创(光芯片/光通信) 5.57%; 仕佳光子(光芯片/光通信) 5.17%; 海光信息(电芯片/核心半导体) 4.22%; 长芯博创(光芯片/光通信) 3.23%
019006,蜂巢先进制造混合发起式A,混合型-偏股,0.00%,0.00%,20.12%,4.22%,24.34%,5,新易盛(光芯片/光通信) 6.15%; 中际旭创(光芯片/光通信) 5.57%; 仕佳光子(光芯片/光通信) 5.17%; 海光信息(电芯片/核心半导体) 4.22%; 长芯博创(光芯片/光通信) 3.23%
013843,银华新锐成长混合C,混合型-偏股,0.00%,0.00%,0.00%,24.32%,24.32%,5,华海清科(电芯片/核心半导体) 5.44%; 中微公司(电芯片/核心半导体) 5.32%; 北方华创(电芯片/核心半导体) 4.90%; 华虹半导体(电芯片/核心半导体) 4.43%; 海光信息(电芯片/核心半导体) 4.23%
013842,银华新锐成长混合A,混合型-偏股,0.00%,0.00%,0.00%,24.32%,24.32%,5,华海清科(电芯片/核心半导体) 5.44%; 中微公司(电芯片/核心半导体) 5.32%; 北方华创(电芯片/核心半导体) 4.90%; 华虹半导体(电芯片/核心半导体) 4.43%; 海光信息(电芯片/核心半导体) 4.23%
001188,鹏华改革红利股票,股票型,0.00%,7.98%,0.00%,16.34%,24.32%,4,北方华创(电芯片/核心半导体) 8.58%; 澜起科技(存储) 7.98%; 圣邦股份(电芯片/核心半导体) 5.04%; 思瑞浦(电芯片/核心半导体) 2.72%
019180,光大动态优选灵活配置混合C,混合型-灵活,0.00%,0.00%,0.00%,24.30%,24.30%,4,寒武纪(电芯片/核心半导体) 6.39%; 思瑞浦(电芯片/核心半导体) 6.14%; 海光信息(电芯片/核心半导体) 6.05%; 中微公司(电芯片/核心半导体) 5.72%
360011,光大动态优选灵活配置混合A,混合型-灵活,0.00%,0.00%,0.00%,24.30%,24.30%,4,寒武纪(电芯片/核心半导体) 6.39%; 思瑞浦(电芯片/核心半导体) 6.14%; 海光信息(电芯片/核心半导体) 6.05%; 中微公司(电芯片/核心半导体) 5.72%
024469,大成至臻回报混合A,混合型-偏股,0.00%,0.00%,18.02%,6.25%,24.27%,5,芯原股份(电芯片/核心半导体) 6.25%; 中际旭创(光芯片/光通信) 6.02%; 长芯博创(光芯片/光通信) 4.24%; 德科立(光芯片/光通信) 4.22%; 长飞光纤光缆(光芯片/光通信) 3.54%
024470,大成至臻回报混合C,混合型-偏股,0.00%,0.00%,18.02%,6.25%,24.27%,5,芯原股份(电芯片/核心半导体) 6.25%; 中际旭创(光芯片/光通信) 6.02%; 长芯博创(光芯片/光通信) 4.24%; 德科立(光芯片/光通信) 4.22%; 长飞光纤光缆(光芯片/光通信) 3.54%
014050,中银远见成长混合C,混合型-偏股,0.00%,0.00%,18.32%,5.93%,24.25%,3,中际旭创(光芯片/光通信) 9.29%; 新易盛(光芯片/光通信) 9.03%; 北方华创(电芯片/核心半导体) 5.93%
014049,中银远见成长混合A,混合型-偏股,0.00%,0.00%,18.32%,5.93%,24.25%,3,中际旭创(光芯片/光通信) 9.29%; 新易盛(光芯片/光通信) 9.03%; 北方华创(电芯片/核心半导体) 5.93%
001487,宝盈优势产业混合A,混合型-灵活,0.00%,0.00%,24.24%,0.00%,24.24%,3,新易盛(光芯片/光通信) 8.76%; 中际旭创(光芯片/光通信) 8.63%; 天孚通信(光芯片/光通信) 6.85%
012771,宝盈优势产业混合C,混合型-灵活,0.00%,0.00%,24.24%,0.00%,24.24%,3,新易盛(光芯片/光通信) 8.76%; 中际旭创(光芯片/光通信) 8.63%; 天孚通信(光芯片/光通信) 6.85%
018533,南方中证互联网指数(LOF)C,指数型-股票,0.00%,0.00%,24.23%,0.00%,24.23%,3,新易盛(光芯片/光通信) 10.04%; 中际旭创(光芯片/光通信) 9.13%; 天孚通信(光芯片/光通信) 5.06%
160137,南方中证互联网指数(LOF)A,指数型-股票,0.00%,0.00%,24.23%,0.00%,24.23%,3,新易盛(光芯片/光通信) 10.04%; 中际旭创(光芯片/光通信) 9.13%; 天孚通信(光芯片/光通信) 5.06%
161913,万家社会责任18个月定开C,混合型-偏股,0.00%,7.55%,16.67%,0.00%,24.22%,3,中际旭创(光芯片/光通信) 8.42%; 新易盛(光芯片/光通信) 8.25%; 兆易创新(存储) 7.55%
161912,万家社会责任18个月定开A,混合型-偏股,0.00%,7.55%,16.67%,0.00%,24.22%,3,中际旭创(光芯片/光通信) 8.42%; 新易盛(光芯片/光通信) 8.25%; 兆易创新(存储) 7.55%
018358,华富数字经济混合A,混合型-偏股,0.00%,0.00%,21.16%,3.05%,24.21%,5,中际旭创(光芯片/光通信) 7.35%; 新易盛(光芯片/光通信) 7.30%; 德科立(光芯片/光通信) 3.56%; 芯原股份(电芯片/核心半导体) 3.05%; 长光华芯(光芯片/光通信) 2.95%
018359,华富数字经济混合C,混合型-偏股,0.00%,0.00%,21.16%,3.05%,24.21%,5,中际旭创(光芯片/光通信) 7.35%; 新易盛(光芯片/光通信) 7.30%; 德科立(光芯片/光通信) 3.56%; 芯原股份(电芯片/核心半导体) 3.05%; 长光华芯(光芯片/光通信) 2.95%
000755,富安达新兴成长混合A,混合型-灵活,0.00%,0.00%,11.73%,12.42%,24.15%,5,新易盛(光芯片/光通信) 7.14%; 复旦微电(电芯片/核心半导体) 5.69%; 中际旭创(光芯片/光通信) 4.59%; 中微公司(电芯片/核心半导体) 3.73%; 北方华创(电芯片/核心半导体) 3.00%
014471,富安达新兴成长混合C,混合型-灵活,0.00%,0.00%,11.73%,12.42%,24.15%,5,新易盛(光芯片/光通信) 7.14%; 复旦微电(电芯片/核心半导体) 5.69%; 中际旭创(光芯片/光通信) 4.59%; 中微公司(电芯片/核心半导体) 3.73%; 北方华创(电芯片/核心半导体) 3.00%
009777,中欧阿尔法混合C,混合型-偏股,0.00%,0.00%,24.12%,0.00%,24.12%,3,中际旭创(光芯片/光通信) 8.92%; 新易盛(光芯片/光通信) 8.85%; 长飞光纤光缆(光芯片/光通信) 6.35%
009776,中欧阿尔法混合A,混合型-偏股,0.00%,0.00%,24.12%,0.00%,24.12%,3,中际旭创(光芯片/光通信) 8.92%; 新易盛(光芯片/光通信) 8.85%; 长飞光纤光缆(光芯片/光通信) 6.35%
013312,工银主题策略混合C,混合型-偏股,0.00%,0.00%,5.22%,18.89%,24.11%,4,中微公司(电芯片/核心半导体) 8.11%; 北方华创(电芯片/核心半导体) 5.95%; 源杰科技(光芯片/光通信) 5.22%; 华海清科(电芯片/核心半导体) 4.83%
019160,中欧产业领航混合C,混合型-偏股,0.00%,0.00%,24.11%,0.00%,24.11%,3,中际旭创(光芯片/光通信) 8.92%; 新易盛(光芯片/光通信) 8.86%; 长飞光纤光缆(光芯片/光通信) 6.33%
019159,中欧产业领航混合A,混合型-偏股,0.00%,0.00%,24.11%,0.00%,24.11%,3,中际旭创(光芯片/光通信) 8.92%; 新易盛(光芯片/光通信) 8.86%; 长飞光纤光缆(光芯片/光通信) 6.33%
481015,工银主题策略混合A,混合型-偏股,0.00%,0.00%,5.22%,18.89%,24.11%,4,中微公司(电芯片/核心半导体) 8.11%; 北方华创(电芯片/核心半导体) 5.95%; 源杰科技(光芯片/光通信) 5.22%; 华海清科(电芯片/核心半导体) 4.83%
010456,博时产业精选混合C,混合型-灵活,0.00%,0.00%,12.78%,11.30%,24.08%,4,中际旭创(光芯片/光通信) 8.54%; 中芯国际(电芯片/核心半导体) 7.38%; 新易盛(光芯片/光通信) 4.24%; 华虹半导体(电芯片/核心半导体) 3.92%
010455,博时产业精选混合A,混合型-灵活,0.00%,0.00%,12.78%,11.30%,24.08%,4,中际旭创(光芯片/光通信) 8.54%; 中芯国际(电芯片/核心半导体) 7.38%; 新易盛(光芯片/光通信) 4.24%; 华虹半导体(电芯片/核心半导体) 3.92%
002560,诺安和鑫混合A,混合型-灵活,0.00%,4.65%,0.00%,19.40%,24.05%,6,兆易创新(存储) 4.65%; 北方华创(电芯片/核心半导体) 4.37%; 海光信息(电芯片/核心半导体) 4.11%; 芯原股份(电芯片/核心半导体) 3.95%; 中芯国际(电芯片/核心半导体) 3.77%; 寒武纪(电芯片/核心半导体) 3.20%
025246,诺安和鑫混合C,混合型-灵活,0.00%,4.65%,0.00%,19.40%,24.05%,6,兆易创新(存储) 4.65%; 北方华创(电芯片/核心半导体) 4.37%; 海光信息(电芯片/核心半导体) 4.11%; 芯原股份(电芯片/核心半导体) 3.95%; 中芯国际(电芯片/核心半导体) 3.77%; 寒武纪(电芯片/核心半导体) 3.20%
040001,华安创新混合,混合型-平衡,0.00%,0.00%,19.04%,4.97%,24.01%,4,中际旭创(光芯片/光通信) 8.81%; 天孚通信(光芯片/光通信) 6.48%; 寒武纪(电芯片/核心半导体) 4.97%; 长芯博创(光芯片/光通信) 3.75%
588170,科创半导体ETF华夏,指数型-股票,0.00%,0.00%,0.00%,23.96%,23.96%,3,华海清科(电芯片/核心半导体) 10.64%; 中微公司(电芯片/核心半导体) 9.97%; 盛美上海(电芯片/核心半导体) 3.35%
012467,嘉实策略精选混合C,混合型-偏股,0.00%,5.77%,14.30%,3.87%,23.94%,5,兆易创新(存储) 5.77%; 中际旭创(光芯片/光通信) 5.33%; 天孚通信(光芯片/光通信) 4.67%; 新易盛(光芯片/光通信) 4.30%; 中微公司(电芯片/核心半导体) 3.87%
012466,嘉实策略精选混合A,混合型-偏股,0.00%,5.77%,14.30%,3.87%,23.94%,5,兆易创新(存储) 5.77%; 中际旭创(光芯片/光通信) 5.33%; 天孚通信(光芯片/光通信) 4.67%; 新易盛(光芯片/光通信) 4.30%; 中微公司(电芯片/核心半导体) 3.87%
017144,华宝海外新能源汽车股票发起式(QDII)A,QDII-普通股票,0.00%,0.00%,0.00%,23.91%,23.91%,3,博通(电芯片/核心半导体) 9.64%; 英伟达(电芯片/核心半导体) 9.46%; 迈威尔科技(电芯片/核心半导体) 4.81%
017145,华宝海外新能源汽车股票发起式(QDII)C,QDII-普通股票,0.00%,0.00%,0.00%,23.91%,23.91%,3,博通(电芯片/核心半导体) 9.64%; 英伟达(电芯片/核心半导体) 9.46%; 迈威尔科技(电芯片/核心半导体) 4.81%
011120,富国创新科技混合C,混合型-偏股,0.00%,0.00%,23.88%,0.00%,23.88%,3,中际旭创(光芯片/光通信) 9.42%; 新易盛(光芯片/光通信) 9.30%; 长芯博创(光芯片/光通信) 5.16%
012448,华夏互联网龙头混合C,混合型-偏股,0.00%,0.00%,10.00%,13.88%,23.88%,4,芯原股份(电芯片/核心半导体) 8.23%; 寒武纪(电芯片/核心半导体) 5.65%; 新易盛(光芯片/光通信) 5.03%; 中际旭创(光芯片/光通信) 4.97%
012447,华夏互联网龙头混合A,混合型-偏股,0.00%,0.00%,10.00%,13.88%,23.88%,4,芯原股份(电芯片/核心半导体) 8.23%; 寒武纪(电芯片/核心半导体) 5.65%; 新易盛(光芯片/光通信) 5.03%; 中际旭创(光芯片/光通信) 4.97%
005266,博时厚泽回报混合C,混合型-灵活,0.00%,0.00%,23.87%,0.00%,23.87%,3,新易盛(光芯片/光通信) 9.44%; 中际旭创(光芯片/光通信) 9.02%; 源杰科技(光芯片/光通信) 5.41%
005265,博时厚泽回报混合A,混合型-灵活,0.00%,0.00%,23.87%,0.00%,23.87%,3,新易盛(光芯片/光通信) 9.44%; 中际旭创(光芯片/光通信) 9.02%; 源杰科技(光芯片/光通信) 5.41%
011369,华商均衡成长混合A,混合型-偏股,0.00%,0.00%,23.86%,0.00%,23.86%,4,新易盛(光芯片/光通信) 7.66%; 中际旭创(光芯片/光通信) 6.69%; 源杰科技(光芯片/光通信) 5.15%; 长光华芯(光芯片/光通信) 4.36%
011370,华商均衡成长混合C,混合型-偏股,0.00%,0.00%,23.86%,0.00%,23.86%,4,新易盛(光芯片/光通信) 7.66%; 中际旭创(光芯片/光通信) 6.69%; 源杰科技(光芯片/光通信) 5.15%; 长光华芯(光芯片/光通信) 4.36%
001239,长盛国企改革混合,混合型-灵活,0.00%,0.00%,19.31%,4.55%,23.86%,4,中际旭创(光芯片/光通信) 9.86%; 光迅科技(光芯片/光通信) 4.86%; 华工科技(光芯片/光通信) 4.59%; 北方华创(电芯片/核心半导体) 4.55%
501207,华夏创新未来混合(LOF),混合型-偏股,0.00%,0.00%,3.09%,20.69%,23.78%,4,北方华创(电芯片/核心半导体) 7.35%; 海光信息(电芯片/核心半导体) 7.20%; 寒武纪(电芯片/核心半导体) 6.14%; 长飞光纤光缆(光芯片/光通信) 3.09%
000906,广发全球精选股票(QDII)美元A,QDII-普通股票,0.00%,6.80%,0.00%,16.96%,23.76%,6,阿斯麦(电芯片/核心半导体) 5.21%; 英伟达(电芯片/核心半导体) 4.47%; 拉姆研究(电芯片/核心半导体) 4.01%; 闪迪(存储) 3.54%; 博通(电芯片/核心半导体) 3.27%; 美光科技(存储) 3.26%
020720,国寿安保高端装备股票发起式A,股票型,0.00%,0.00%,18.50%,5.26%,23.76%,4,新易盛(光芯片/光通信) 6.83%; 中际旭创(光芯片/光通信) 6.20%; 源杰科技(光芯片/光通信) 5.47%; 芯原股份(电芯片/核心半导体) 5.26%
020721,国寿安保高端装备股票发起式C,股票型,0.00%,0.00%,18.50%,5.26%,23.76%,4,新易盛(光芯片/光通信) 6.83%; 中际旭创(光芯片/光通信) 6.20%; 源杰科技(光芯片/光通信) 5.47%; 芯原股份(电芯片/核心半导体) 5.26%
021277,广发全球精选股票(QDII)人民币C,QDII-普通股票,0.00%,6.80%,0.00%,16.96%,23.76%,6,阿斯麦(电芯片/核心半导体) 5.21%; 英伟达(电芯片/核心半导体) 4.47%; 拉姆研究(电芯片/核心半导体) 4.01%; 闪迪(存储) 3.54%; 博通(电芯片/核心半导体) 3.27%; 美光科技(存储) 3.26%
023402,广发全球精选股票(QDII)人民币F,QDII-普通股票,0.00%,6.80%,0.00%,16.96%,23.76%,6,阿斯麦(电芯片/核心半导体) 5.21%; 英伟达(电芯片/核心半导体) 4.47%; 拉姆研究(电芯片/核心半导体) 4.01%; 闪迪(存储) 3.54%; 博通(电芯片/核心半导体) 3.27%; 美光科技(存储) 3.26%
270023,广发全球精选股票(QDII)人民币A,QDII-普通股票,0.00%,6.80%,0.00%,16.96%,23.76%,6,阿斯麦(电芯片/核心半导体) 5.21%; 英伟达(电芯片/核心半导体) 4.47%; 拉姆研究(电芯片/核心半导体) 4.01%; 闪迪(存储) 3.54%; 博通(电芯片/核心半导体) 3.27%; 美光科技(存储) 3.26%
010460,兴业研究精选混合A,混合型-偏股,0.00%,0.00%,21.54%,2.21%,23.75%,4,长芯博创(光芯片/光通信) 7.84%; 中际旭创(光芯片/光通信) 7.54%; 新易盛(光芯片/光通信) 6.16%; 海光信息(电芯片/核心半导体) 2.21%
015947,兴业研究精选混合C,混合型-偏股,0.00%,0.00%,21.54%,2.21%,23.75%,4,长芯博创(光芯片/光通信) 7.84%; 中际旭创(光芯片/光通信) 7.54%; 新易盛(光芯片/光通信) 6.16%; 海光信息(电芯片/核心半导体) 2.21%
007114,永赢高端制造混合C,混合型-偏股,0.00%,0.00%,23.74%,0.00%,23.74%,3,新易盛(光芯片/光通信) 9.39%; 中际旭创(光芯片/光通信) 9.21%; 源杰科技(光芯片/光通信) 5.14%
007113,永赢高端制造混合A,混合型-偏股,0.00%,0.00%,23.74%,0.00%,23.74%,3,新易盛(光芯片/光通信) 9.39%; 中际旭创(光芯片/光通信) 9.21%; 源杰科技(光芯片/光通信) 5.14%
050022,博时回报混合,混合型-灵活,0.00%,3.35%,20.35%,0.00%,23.70%,5,新易盛(光芯片/光通信) 6.93%; 中际旭创(光芯片/光通信) 6.43%; 源杰科技(光芯片/光通信) 4.79%; 兆易创新(存储) 3.35%; 长芯博创(光芯片/光通信) 2.20%
506001,万家科创板2年定开混合,混合型-偏股,0.00%,9.57%,0.00%,13.99%,23.56%,5,澜起科技(存储) 6.12%; 海光信息(电芯片/核心半导体) 5.10%; 中芯国际(电芯片/核心半导体) 5.04%; 中微公司(电芯片/核心半导体) 3.85%; 普冉股份(存储) 3.45%
001075,宝盈转型动力混合A,混合型-灵活,0.00%,0.00%,23.55%,0.00%,23.55%,3,新易盛(光芯片/光通信) 8.51%; 中际旭创(光芯片/光通信) 7.81%; 天孚通信(光芯片/光通信) 7.23%
015389,宝盈转型动力混合C,混合型-灵活,0.00%,0.00%,23.55%,0.00%,23.55%,3,新易盛(光芯片/光通信) 8.51%; 中际旭创(光芯片/光通信) 7.81%; 天孚通信(光芯片/光通信) 7.23%
000717,融通转型三动力灵活配置混合A,混合型-灵活,0.00%,0.00%,23.50%,0.00%,23.50%,3,中际旭创(光芯片/光通信) 9.34%; 新易盛(光芯片/光通信) 8.01%; 剑桥科技(光芯片/光通信) 6.15%
009828,融通转型三动力灵活配置混合C,混合型-灵活,0.00%,0.00%,23.50%,0.00%,23.50%,3,中际旭创(光芯片/光通信) 9.34%; 新易盛(光芯片/光通信) 8.01%; 剑桥科技(光芯片/光通信) 6.15%
159896,物联网ETF南方,指数型-股票,0.00%,5.83%,14.51%,3.13%,23.47%,4,中际旭创(光芯片/光通信) 10.45%; 兆易创新(存储) 5.83%; 华工科技(光芯片/光通信) 4.06%; 豪威集团(电芯片/核心半导体) 3.13%
018229,易方达全球优质企业混合(QDII)A(人民币份额),QDII-混合偏股,0.00%,0.00%,18.04%,5.42%,23.46%,6,长飞光纤光缆(光芯片/光通信) 6.31%; 康宁(光芯片/光通信) 4.46%; 新易盛(光芯片/光通信) 3.69%; Lumentum Holdings Inc(光芯片/光通信) 3.58%; 台积电(电芯片/核心半导体) 3.18%; 英伟达(电芯片/核心半导体) 2.24%
018231,易方达全球优质企业混合(QDII)A(美元现汇份额),QDII-混合偏股,0.00%,0.00%,18.04%,5.42%,23.46%,6,长飞光纤光缆(光芯片/光通信) 6.31%; 康宁(光芯片/光通信) 4.46%; 新易盛(光芯片/光通信) 3.69%; Lumentum Holdings Inc(光芯片/光通信) 3.58%; 台积电(电芯片/核心半导体) 3.18%; 英伟达(电芯片/核心半导体) 2.24%
018232,易方达全球优质企业混合(QDII)C(美元现汇份额),QDII-混合偏股,0.00%,0.00%,18.04%,5.42%,23.46%,6,长飞光纤光缆(光芯片/光通信) 6.31%; 康宁(光芯片/光通信) 4.46%; 新易盛(光芯片/光通信) 3.69%; Lumentum Holdings Inc(光芯片/光通信) 3.58%; 台积电(电芯片/核心半导体) 3.18%; 英伟达(电芯片/核心半导体) 2.24%
018230,易方达全球优质企业混合(QDII)C(人民币份额),QDII-混合偏股,0.00%,0.00%,18.04%,5.42%,23.46%,6,长飞光纤光缆(光芯片/光通信) 6.31%; 康宁(光芯片/光通信) 4.46%; 新易盛(光芯片/光通信) 3.69%; Lumentum Holdings Inc(光芯片/光通信) 3.58%; 台积电(电芯片/核心半导体) 3.18%; 英伟达(电芯片/核心半导体) 2.24%
159369,创业板50ETF易方达,指数型-股票,0.00%,0.00%,23.44%,0.00%,23.44%,3,中际旭创(光芯片/光通信) 11.25%; 新易盛(光芯片/光通信) 9.11%; 天孚通信(光芯片/光通信) 3.08%
159370,创50ETF工银,指数型-股票,0.00%,0.00%,23.42%,0.00%,23.42%,3,中际旭创(光芯片/光通信) 11.26%; 新易盛(光芯片/光通信) 9.14%; 天孚通信(光芯片/光通信) 3.02%
240011,华宝大盘精选混合,混合型-偏股,0.00%,0.00%,23.41%,0.00%,23.41%,3,新易盛(光芯片/光通信) 9.83%; 中际旭创(光芯片/光通信) 9.33%; 剑桥科技(光芯片/光通信) 4.25%
000404,易方达新兴成长灵活配置,混合型-灵活,0.00%,0.00%,19.59%,3.81%,23.40%,3,新易盛(光芯片/光通信) 9.84%; 中际旭创(光芯片/光通信) 9.75%; 芯原股份(电芯片/核心半导体) 3.81%
001759,嘉实成长增强混合,混合型-灵活,0.00%,5.29%,14.13%,3.98%,23.40%,5,兆易创新(存储) 5.29%; 天孚通信(光芯片/光通信) 4.93%; 中际旭创(光芯片/光通信) 4.89%; 新易盛(光芯片/光通信) 4.31%; 中微公司(电芯片/核心半导体) 3.98%
159371,创业板50ETF富国,指数型-股票,0.00%,0.00%,23.39%,0.00%,23.39%,3,中际旭创(光芯片/光通信) 11.24%; 新易盛(光芯片/光通信) 9.09%; 天孚通信(光芯片/光通信) 3.06%
516260,物联网ETF华夏,指数型-股票,0.00%,5.80%,14.47%,3.11%,23.38%,4,中际旭创(光芯片/光通信) 10.44%; 兆易创新(存储) 5.80%; 华工科技(光芯片/光通信) 4.03%; 豪威集团(电芯片/核心半导体) 3.11%
159373,创业板50ETF嘉实,指数型-股票,0.00%,0.00%,23.37%,0.00%,23.37%,3,中际旭创(光芯片/光通信) 11.22%; 新易盛(光芯片/光通信) 9.08%; 天孚通信(光芯片/光通信) 3.07%
159367,创业板50ETF华夏,指数型-股票,0.00%,0.00%,23.37%,0.00%,23.37%,3,中际旭创(光芯片/光通信) 11.22%; 新易盛(光芯片/光通信) 9.08%; 天孚通信(光芯片/光通信) 3.07%
159949,创业板50ETF华安,指数型-股票,0.00%,0.00%,23.37%,0.00%,23.37%,3,中际旭创(光芯片/光通信) 11.22%; 新易盛(光芯片/光通信) 9.09%; 天孚通信(光芯片/光通信) 3.06%
025925,景顺长城成长优选混合,混合型-偏股,0.00%,0.00%,23.35%,0.00%,23.35%,3,源杰科技(光芯片/光通信) 7.94%; 新易盛(光芯片/光通信) 7.72%; 中际旭创(光芯片/光通信) 7.69%
159375,创业板50ETF国泰,指数型-股票,0.00%,0.00%,23.34%,0.00%,23.34%,3,中际旭创(光芯片/光通信) 11.20%; 新易盛(光芯片/光通信) 9.08%; 天孚通信(光芯片/光通信) 3.06%
015293,金鹰时代领航一年持有混合A,混合型-偏股,0.00%,0.00%,20.35%,2.98%,23.33%,4,新易盛(光芯片/光通信) 9.46%; 中际旭创(光芯片/光通信) 8.93%; 中微公司(电芯片/核心半导体) 2.98%; 源杰科技(光芯片/光通信) 1.96%
015294,金鹰时代领航一年持有混合C,混合型-偏股,0.00%,0.00%,20.35%,2.98%,23.33%,4,新易盛(光芯片/光通信) 9.46%; 中际旭创(光芯片/光通信) 8.93%; 中微公司(电芯片/核心半导体) 2.98%; 源杰科技(光芯片/光通信) 1.96%
016558,安信洞见成长混合A,混合型-偏股,0.00%,0.00%,23.29%,0.00%,23.29%,3,新易盛(光芯片/光通信) 9.87%; 中际旭创(光芯片/光通信) 9.82%; 长飞光纤光缆(光芯片/光通信) 3.60%
016559,安信洞见成长混合C,混合型-偏股,0.00%,0.00%,23.29%,0.00%,23.29%,3,新易盛(光芯片/光通信) 9.87%; 中际旭创(光芯片/光通信) 9.82%; 长飞光纤光缆(光芯片/光通信) 3.60%
159682,创业板50ETF景顺,指数型-股票,0.00%,0.00%,23.29%,0.00%,23.29%,3,中际旭创(光芯片/光通信) 11.19%; 新易盛(光芯片/光通信) 9.05%; 天孚通信(光芯片/光通信) 3.05%
005698,华夏全球科技先锋混合(QDII)A(人民币),QDII-混合偏股,0.00%,4.96%,13.46%,4.87%,23.29%,6,台积电(电芯片/核心半导体) 4.87%; Lumentum Holdings Inc(光芯片/光通信) 4.72%; Coherent Corp(光芯片/光通信) 4.59%; 康宁(光芯片/光通信) 4.15%; 闪迪(存储) 2.66%; 美光科技(存储) 2.30%
019447,华夏全球科技先锋混合(QDII)A(美元现汇),QDII-混合偏股,0.00%,4.96%,13.46%,4.87%,23.29%,6,台积电(电芯片/核心半导体) 4.87%; Lumentum Holdings Inc(光芯片/光通信) 4.72%; Coherent Corp(光芯片/光通信) 4.59%; 康宁(光芯片/光通信) 4.15%; 闪迪(存储) 2.66%; 美光科技(存储) 2.30%
019448,华夏全球科技先锋混合(QDII)A(美元现钞),QDII-混合偏股,0.00%,4.96%,13.46%,4.87%,23.29%,6,台积电(电芯片/核心半导体) 4.87%; Lumentum Holdings Inc(光芯片/光通信) 4.72%; Coherent Corp(光芯片/光通信) 4.59%; 康宁(光芯片/光通信) 4.15%; 闪迪(存储) 2.66%; 美光科技(存储) 2.30%
024239,华夏全球科技先锋混合(QDII)C,QDII-混合偏股,0.00%,4.96%,13.46%,4.87%,23.29%,6,台积电(电芯片/核心半导体) 4.87%; Lumentum Holdings Inc(光芯片/光通信) 4.72%; Coherent Corp(光芯片/光通信) 4.59%; 康宁(光芯片/光通信) 4.15%; 闪迪(存储) 2.66%; 美光科技(存储) 2.30%
159895,物联网ETF易方达,指数型-股票,0.00%,5.77%,14.40%,3.10%,23.27%,4,中际旭创(光芯片/光通信) 10.40%; 兆易创新(存储) 5.77%; 华工科技(光芯片/光通信) 4.00%; 豪威集团(电芯片/核心半导体) 3.10%
021792,华泰保兴产业升级混合发起A,混合型-偏股,0.00%,0.00%,11.91%,11.35%,23.26%,4,中际旭创(光芯片/光通信) 6.70%; 海光信息(电芯片/核心半导体) 6.24%; 新易盛(光芯片/光通信) 5.21%; 芯原股份(电芯片/核心半导体) 5.11%
021793,华泰保兴产业升级混合发起C,混合型-偏股,0.00%,0.00%,11.91%,11.35%,23.26%,4,中际旭创(光芯片/光通信) 6.70%; 海光信息(电芯片/核心半导体) 6.24%; 新易盛(光芯片/光通信) 5.21%; 芯原股份(电芯片/核心半导体) 5.11%
015548,华商核心成长一年持有混合C,混合型-偏股,0.00%,0.00%,20.11%,3.13%,23.24%,4,中际旭创(光芯片/光通信) 8.38%; 新易盛(光芯片/光通信) 6.95%; 长飞光纤光缆(光芯片/光通信) 4.78%; 寒武纪(电芯片/核心半导体) 3.13%
015547,华商核心成长一年持有混合A,混合型-偏股,0.00%,0.00%,20.11%,3.13%,23.24%,4,中际旭创(光芯片/光通信) 8.38%; 新易盛(光芯片/光通信) 6.95%; 长飞光纤光缆(光芯片/光通信) 4.78%; 寒武纪(电芯片/核心半导体) 3.13%
159298,创业板50ETF大成,指数型-股票,0.00%,0.00%,23.24%,0.00%,23.24%,3,中际旭创(光芯片/光通信) 11.16%; 新易盛(光芯片/光通信) 9.03%; 天孚通信(光芯片/光通信) 3.05%
013910,兴业兴睿两年持有混合A,混合型-偏股,0.00%,0.00%,23.22%,0.00%,23.22%,3,长芯博创(光芯片/光通信) 8.89%; 中际旭创(光芯片/光通信) 7.61%; 新易盛(光芯片/光通信) 6.72%
013911,兴业兴睿两年持有混合C,混合型-偏股,0.00%,0.00%,23.22%,0.00%,23.22%,3,长芯博创(光芯片/光通信) 8.89%; 中际旭创(光芯片/光通信) 7.61%; 新易盛(光芯片/光通信) 6.72%
159372,创业板50ETF万家,指数型-股票,0.00%,0.00%,23.22%,0.00%,23.22%,3,中际旭创(光芯片/光通信) 11.16%; 新易盛(光芯片/光通信) 9.02%; 天孚通信(光芯片/光通信) 3.04%
001606,农银工业4.0混合,混合型-灵活,0.00%,0.00%,8.75%,14.47%,23.22%,7,寒武纪(电芯片/核心半导体) 4.86%; 海光信息(电芯片/核心半导体) 3.97%; 北方华创(电芯片/核心半导体) 3.36%; 新易盛(光芯片/光通信) 3.27%; 中际旭创(光芯片/光通信) 3.07%; 天孚通信(光芯片/光通信) 2.41%; 圣邦股份(电芯片/核心半导体) 2.28%
002229,华夏经济转型股票,股票型,0.00%,3.77%,3.97%,15.40%,23.14%,5,北方华创(电芯片/核心半导体) 5.41%; 海光信息(电芯片/核心半导体) 5.21%; 寒武纪(电芯片/核心半导体) 4.78%; 新易盛(光芯片/光通信) 3.97%; 北京君正(存储) 3.77%
000577,安信价值精选股票A,股票型,0.00%,0.00%,9.44%,13.67%,23.11%,3,新易盛(光芯片/光通信) 9.44%; 北方华创(电芯片/核心半导体) 8.19%; 中微公司(电芯片/核心半导体) 5.48%
023178,安信价值精选股票C,股票型,0.00%,0.00%,9.44%,13.67%,23.11%,3,新易盛(光芯片/光通信) 9.44%; 北方华创(电芯片/核心半导体) 8.19%; 中微公司(电芯片/核心半导体) 5.48%
159681,创业板50ETF鹏华,指数型-股票,0.00%,0.00%,23.11%,0.00%,23.11%,3,中际旭创(光芯片/光通信) 11.11%; 新易盛(光芯片/光通信) 8.97%; 天孚通信(光芯片/光通信) 3.03%
159701,物联网ETF招商,指数型-股票,0.00%,5.79%,14.26%,3.05%,23.10%,4,中际旭创(光芯片/光通信) 10.24%; 兆易创新(存储) 5.79%; 华工科技(光芯片/光通信) 4.02%; 豪威集团(电芯片/核心半导体) 3.05%
013514,长安先进制造混合C,混合型-偏股,0.00%,0.00%,23.09%,0.00%,23.09%,3,中际旭创(光芯片/光通信) 9.20%; 新易盛(光芯片/光通信) 8.58%; 源杰科技(光芯片/光通信) 5.31%
013513,长安先进制造混合A,混合型-偏股,0.00%,0.00%,23.09%,0.00%,23.09%,3,中际旭创(光芯片/光通信) 9.20%; 新易盛(光芯片/光通信) 8.58%; 源杰科技(光芯片/光通信) 5.31%
159383,创业板50ETF华泰柏瑞,指数型-股票,0.00%,0.00%,23.09%,0.00%,23.09%,3,中际旭创(光芯片/光通信) 11.33%; 新易盛(光芯片/光通信) 9.10%; 天孚通信(光芯片/光通信) 2.66%
024473,信澳优势行业混合A,混合型-偏股,0.00%,3.97%,19.11%,0.00%,23.08%,3,新易盛(光芯片/光通信) 9.58%; 中际旭创(光芯片/光通信) 9.53%; 普冉股份(存储) 3.97%
024889,信澳优势行业混合C,混合型-偏股,0.00%,3.97%,19.11%,0.00%,23.08%,3,新易盛(光芯片/光通信) 9.58%; 中际旭创(光芯片/光通信) 9.53%; 普冉股份(存储) 3.97%
217020,招商安达灵活配置混合,混合型-灵活,0.00%,0.00%,23.08%,0.00%,23.08%,4,新易盛(光芯片/光通信) 6.16%; 源杰科技(光芯片/光通信) 5.83%; 天孚通信(光芯片/光通信) 5.77%; 中际旭创(光芯片/光通信) 5.32%
110015,易方达行业领先混合,混合型-偏股,0.00%,0.00%,23.05%,0.00%,23.05%,4,新易盛(光芯片/光通信) 9.19%; 中际旭创(光芯片/光通信) 6.31%; 天孚通信(光芯片/光通信) 4.85%; 源杰科技(光芯片/光通信) 2.70%
007639,汇添富竞争优势灵活配置混合,混合型-灵活,0.00%,0.00%,0.00%,23.03%,23.03%,3,北方华创(电芯片/核心半导体) 8.93%; 中微公司(电芯片/核心半导体) 8.43%; 华海清科(电芯片/核心半导体) 5.67%
023398,尚正研究睿选混合发起C,混合型-偏股,0.00%,6.54%,0.00%,16.48%,23.02%,3,晶晨股份(电芯片/核心半导体) 8.48%; 圣邦股份(电芯片/核心半导体) 8.00%; 兆易创新(存储) 6.54%
023397,尚正研究睿选混合发起A,混合型-偏股,0.00%,6.54%,0.00%,16.48%,23.02%,3,晶晨股份(电芯片/核心半导体) 8.48%; 圣邦股份(电芯片/核心半导体) 8.00%; 兆易创新(存储) 6.54%
018288,信澳优势产业混合C,混合型-偏股,0.00%,3.97%,18.99%,0.00%,22.96%,3,中际旭创(光芯片/光通信) 9.50%; 新易盛(光芯片/光通信) 9.49%; 普冉股份(存储) 3.97%
018287,信澳优势产业混合A,混合型-偏股,0.00%,3.97%,18.99%,0.00%,22.96%,3,中际旭创(光芯片/光通信) 9.50%; 新易盛(光芯片/光通信) 9.49%; 普冉股份(存储) 3.97%
026448,大摩沪港深科技混合A,混合型-偏股,0.00%,0.00%,15.23%,7.71%,22.94%,4,新易盛(光芯片/光通信) 8.20%; 中际旭创(光芯片/光通信) 7.03%; 圣邦股份(电芯片/核心半导体) 3.89%; 海光信息(电芯片/核心半导体) 3.82%
026449,大摩沪港深科技混合C,混合型-偏股,0.00%,0.00%,15.23%,7.71%,22.94%,4,新易盛(光芯片/光通信) 8.20%; 中际旭创(光芯片/光通信) 7.03%; 圣邦股份(电芯片/核心半导体) 3.89%; 海光信息(电芯片/核心半导体) 3.82%
013722,信澳景气优选混合C,混合型-偏股,0.00%,3.97%,18.96%,0.00%,22.93%,3,中际旭创(光芯片/光通信) 9.48%; 新易盛(光芯片/光通信) 9.48%; 普冉股份(存储) 3.97%
013721,信澳景气优选混合A,混合型-偏股,0.00%,3.97%,18.96%,0.00%,22.93%,3,中际旭创(光芯片/光通信) 9.48%; 新易盛(光芯片/光通信) 9.48%; 普冉股份(存储) 3.97%
019308,光大中小盘混合C,混合型-偏股,0.00%,0.00%,11.19%,11.74%,22.93%,6,中际旭创(光芯片/光通信) 5.65%; 中微公司(电芯片/核心半导体) 5.01%; 北方华创(电芯片/核心半导体) 3.74%; 圣邦股份(电芯片/核心半导体) 2.99%; 天孚通信(光芯片/光通信) 2.78%; 新易盛(光芯片/光通信) 2.76%
360012,光大中小盘混合A,混合型-偏股,0.00%,0.00%,11.19%,11.74%,22.93%,6,中际旭创(光芯片/光通信) 5.65%; 中微公司(电芯片/核心半导体) 5.01%; 北方华创(电芯片/核心半导体) 3.74%; 圣邦股份(电芯片/核心半导体) 2.99%; 天孚通信(光芯片/光通信) 2.78%; 新易盛(光芯片/光通信) 2.76%
516330,物联网ETF华泰柏瑞,指数型-股票,0.00%,5.75%,14.05%,3.13%,22.93%,4,中际旭创(光芯片/光通信) 9.99%; 兆易创新(存储) 5.75%; 华工科技(光芯片/光通信) 4.06%; 豪威集团(电芯片/核心半导体) 3.13%
021662,国富亚洲机会股票(QDII)C,QDII-普通股票,0.00%,9.60%,0.00%,13.31%,22.91%,5,台积电(电芯片/核心半导体) 5.48%; 三星电子(存储) 5.28%; 台积电(电芯片/核心半导体) 4.89%; SK海力士(存储) 4.32%; 联发科(电芯片/核心半导体) 2.94%
457001,国富亚洲机会股票(QDII)A,QDII-普通股票,0.00%,9.60%,0.00%,13.31%,22.91%,5,台积电(电芯片/核心半导体) 5.48%; 三星电子(存储) 5.28%; 台积电(电芯片/核心半导体) 4.89%; SK海力士(存储) 4.32%; 联发科(电芯片/核心半导体) 2.94%
015636,汇安价值先锋混合C,混合型-偏股,0.00%,0.00%,4.93%,17.94%,22.87%,4,华海清科(电芯片/核心半导体) 8.47%; 中微公司(电芯片/核心半导体) 5.97%; 中际旭创(光芯片/光通信) 4.93%; 芯原股份(电芯片/核心半导体) 3.50%
015635,汇安价值先锋混合A,混合型-偏股,0.00%,0.00%,4.93%,17.94%,22.87%,4,华海清科(电芯片/核心半导体) 8.47%; 中微公司(电芯片/核心半导体) 5.97%; 中际旭创(光芯片/光通信) 4.93%; 芯原股份(电芯片/核心半导体) 3.50%
021700,汇添富远见成长混合发起式C,混合型-偏股,0.00%,0.00%,0.00%,22.84%,22.84%,3,中芯国际(电芯片/核心半导体) 9.12%; 华虹半导体(电芯片/核心半导体) 8.38%; 寒武纪(电芯片/核心半导体) 5.34%
021699,汇添富远见成长混合发起式A,混合型-偏股,0.00%,0.00%,0.00%,22.84%,22.84%,3,中芯国际(电芯片/核心半导体) 9.12%; 华虹半导体(电芯片/核心半导体) 8.38%; 寒武纪(电芯片/核心半导体) 5.34%
180031,银华中小盘混合,混合型-偏股,0.00%,5.46%,5.44%,11.93%,22.83%,4,海光信息(电芯片/核心半导体) 6.77%; 兆易创新(存储) 5.46%; 天孚通信(光芯片/光通信) 5.44%; 芯原股份(电芯片/核心半导体) 5.16%
001811,中欧明睿新常态混合A,混合型-偏股,0.00%,0.00%,22.81%,0.00%,22.81%,3,新易盛(光芯片/光通信) 9.78%; 中际旭创(光芯片/光通信) 9.26%; 长飞光纤光缆(光芯片/光通信) 3.77%
005765,中欧明睿新常态混合C,混合型-偏股,0.00%,0.00%,22.81%,0.00%,22.81%,3,新易盛(光芯片/光通信) 9.78%; 中际旭创(光芯片/光通信) 9.26%; 长飞光纤光缆(光芯片/光通信) 3.77%
016372,信澳匠心严选一年持有混合A,混合型-偏股,0.00%,3.91%,18.89%,0.00%,22.80%,3,中际旭创(光芯片/光通信) 9.48%; 新易盛(光芯片/光通信) 9.41%; 普冉股份(存储) 3.91%
016373,信澳匠心严选一年持有混合C,混合型-偏股,0.00%,3.91%,18.89%,0.00%,22.80%,3,中际旭创(光芯片/光通信) 9.48%; 新易盛(光芯片/光通信) 9.41%; 普冉股份(存储) 3.91%
000823,银华高端制造业混合A,混合型-灵活,0.00%,6.93%,15.84%,0.00%,22.77%,4,新易盛(光芯片/光通信) 8.68%; 中际旭创(光芯片/光通信) 7.16%; 澜起科技(存储) 3.52%; 兆易创新(存储) 3.41%
008009,华商高端装备制造股票A,股票型,0.00%,7.42%,15.35%,0.00%,22.77%,5,长飞光纤光缆(光芯片/光通信) 6.35%; 新易盛(光芯片/光通信) 5.31%; 兆易创新(存储) 4.42%; 源杰科技(光芯片/光通信) 3.69%; 普冉股份(存储) 3.00%
016050,华商高端装备制造股票C,股票型,0.00%,7.42%,15.35%,0.00%,22.77%,5,长飞光纤光缆(光芯片/光通信) 6.35%; 新易盛(光芯片/光通信) 5.31%; 兆易创新(存储) 4.42%; 源杰科技(光芯片/光通信) 3.69%; 普冉股份(存储) 3.00%
016263,银华高端制造业混合C,混合型-灵活,0.00%,6.93%,15.84%,0.00%,22.77%,4,新易盛(光芯片/光通信) 8.68%; 中际旭创(光芯片/光通信) 7.16%; 澜起科技(存储) 3.52%; 兆易创新(存储) 3.41%
010937,交银均衡成长一年混合C,混合型-偏股,0.00%,3.81%,15.35%,3.60%,22.76%,5,中际旭创(光芯片/光通信) 8.44%; 兆易创新(存储) 3.81%; 海光信息(电芯片/核心半导体) 3.60%; 长飞光纤光缆(光芯片/光通信) 3.52%; 天孚通信(光芯片/光通信) 3.39%
010936,交银均衡成长一年混合A,混合型-偏股,0.00%,3.81%,15.35%,3.60%,22.76%,5,中际旭创(光芯片/光通信) 8.44%; 兆易创新(存储) 3.81%; 海光信息(电芯片/核心半导体) 3.60%; 长飞光纤光缆(光芯片/光通信) 3.52%; 天孚通信(光芯片/光通信) 3.39%
501099,平安新兴产业混合(LOF),混合型-偏股,0.00%,0.00%,22.70%,0.00%,22.70%,4,中际旭创(光芯片/光通信) 8.59%; 新易盛(光芯片/光通信) 6.73%; 天孚通信(光芯片/光通信) 4.55%; 长飞光纤光缆(光芯片/光通信) 2.83%
017848,东方红先进制造混合A,混合型-偏股,0.00%,0.00%,0.00%,22.69%,22.69%,4,北方华创(电芯片/核心半导体) 6.90%; 中微公司(电芯片/核心半导体) 5.89%; 中芯国际(电芯片/核心半导体) 5.43%; 晶晨股份(电芯片/核心半导体) 4.47%
017849,东方红先进制造混合C,混合型-偏股,0.00%,0.00%,0.00%,22.69%,22.69%,4,北方华创(电芯片/核心半导体) 6.90%; 中微公司(电芯片/核心半导体) 5.89%; 中芯国际(电芯片/核心半导体) 5.43%; 晶晨股份(电芯片/核心半导体) 4.47%
013756,中银证券内需增长混合C,混合型-偏股,0.00%,5.08%,14.10%,3.48%,22.66%,4,中际旭创(光芯片/光通信) 8.49%; 新易盛(光芯片/光通信) 5.61%; 佰维存储(存储) 5.08%; 复旦微电(电芯片/核心半导体) 3.48%
013755,中银证券内需增长混合A,混合型-偏股,0.00%,5.08%,14.10%,3.48%,22.66%,4,中际旭创(光芯片/光通信) 8.49%; 新易盛(光芯片/光通信) 5.61%; 佰维存储(存储) 5.08%; 复旦微电(电芯片/核心半导体) 3.48%
013269,交银瑞和三年持有期混合,混合型-偏股,0.00%,4.77%,17.87%,0.00%,22.64%,3,中际旭创(光芯片/光通信) 9.04%; 新易盛(光芯片/光通信) 8.83%; 普冉股份(存储) 4.77%
005744,长安裕隆混合C,混合型-灵活,0.00%,0.00%,22.55%,0.00%,22.55%,3,中际旭创(光芯片/光通信) 9.03%; 新易盛(光芯片/光通信) 8.43%; 源杰科技(光芯片/光通信) 5.09%
005743,长安裕隆混合A,混合型-灵活,0.00%,0.00%,22.55%,0.00%,22.55%,3,中际旭创(光芯片/光通信) 9.03%; 新易盛(光芯片/光通信) 8.43%; 源杰科技(光芯片/光通信) 5.09%
026286,华宝优势产业混合A,混合型-偏股,0.00%,0.00%,22.54%,0.00%,22.54%,3,新易盛(光芯片/光通信) 9.68%; 中际旭创(光芯片/光通信) 9.31%; 剑桥科技(光芯片/光通信) 3.55%
026287,华宝优势产业混合C,混合型-偏股,0.00%,0.00%,22.54%,0.00%,22.54%,3,新易盛(光芯片/光通信) 9.68%; 中际旭创(光芯片/光通信) 9.31%; 剑桥科技(光芯片/光通信) 3.55%
161040,富国创业板两年定开混合,混合型-偏股,0.00%,0.00%,22.53%,0.00%,22.53%,3,新易盛(光芯片/光通信) 9.45%; 中际旭创(光芯片/光通信) 9.15%; 天孚通信(光芯片/光通信) 3.93%
010156,长盛核心成长混合C,混合型-偏股,0.00%,0.00%,13.74%,8.73%,22.47%,4,中际旭创(光芯片/光通信) 7.85%; 新易盛(光芯片/光通信) 5.89%; 寒武纪(电芯片/核心半导体) 4.41%; 北方华创(电芯片/核心半导体) 4.32%
010155,长盛核心成长混合A,混合型-偏股,0.00%,0.00%,13.74%,8.73%,22.47%,4,中际旭创(光芯片/光通信) 7.85%; 新易盛(光芯片/光通信) 5.89%; 寒武纪(电芯片/核心半导体) 4.41%; 北方华创(电芯片/核心半导体) 4.32%
519935,长信创新驱动股票,股票型,0.00%,0.00%,10.94%,11.53%,22.47%,5,新易盛(光芯片/光通信) 5.68%; 中际旭创(光芯片/光通信) 5.26%; 北方华创(电芯片/核心半导体) 4.00%; 中微公司(电芯片/核心半导体) 3.97%; 芯原股份(电芯片/核心半导体) 3.56%
506006,汇添富科创板2年定开混合,混合型-偏股,0.00%,3.75%,9.54%,9.09%,22.38%,7,源杰科技(光芯片/光通信) 5.59%; 中微公司(电芯片/核心半导体) 3.98%; 澜起科技(存储) 3.75%; 海光信息(电芯片/核心半导体) 2.76%; 芯原股份(电芯片/核心半导体) 2.35%; 长光华芯(光芯片/光通信) 1.99%; 仕佳光子(光芯片/光通信) 1.96%
013324,国寿安保盛泽三年持有混合C,混合型-偏股,0.00%,0.00%,18.39%,3.98%,22.37%,4,中际旭创(光芯片/光通信) 7.63%; 新易盛(光芯片/光通信) 7.53%; 中微公司(电芯片/核心半导体) 3.98%; 长飞光纤光缆(光芯片/光通信) 3.23%
013323,国寿安保盛泽三年持有混合A,混合型-偏股,0.00%,0.00%,18.39%,3.98%,22.37%,4,中际旭创(光芯片/光通信) 7.63%; 新易盛(光芯片/光通信) 7.53%; 中微公司(电芯片/核心半导体) 3.98%; 长飞光纤光缆(光芯片/光通信) 3.23%
159906,深成长ETF大成,指数型-股票,0.00%,0.00%,22.34%,0.00%,22.34%,2,新易盛(光芯片/光通信) 11.51%; 中际旭创(光芯片/光通信) 10.83%
006372,长安鑫盈混合C,混合型-灵活,0.00%,0.00%,22.33%,0.00%,22.33%,3,中际旭创(光芯片/光通信) 8.79%; 新易盛(光芯片/光通信) 8.28%; 源杰科技(光芯片/光通信) 5.26%
006371,长安鑫盈混合A,混合型-灵活,0.00%,0.00%,22.33%,0.00%,22.33%,3,中际旭创(光芯片/光通信) 8.79%; 新易盛(光芯片/光通信) 8.28%; 源杰科技(光芯片/光通信) 5.26%
005001,交银持续成长主题混合A,混合型-偏股,0.00%,4.77%,17.51%,0.00%,22.28%,3,中际旭创(光芯片/光通信) 9.12%; 新易盛(光芯片/光通信) 8.39%; 兆易创新(存储) 4.77%
017859,交银持续成长主题混合C,混合型-偏股,0.00%,4.77%,17.51%,0.00%,22.28%,3,中际旭创(光芯片/光通信) 9.12%; 新易盛(光芯片/光通信) 8.39%; 兆易创新(存储) 4.77%
159273,云计算ETF汇添富,指数型-股票,0.00%,0.00%,22.26%,0.00%,22.26%,2,新易盛(光芯片/光通信) 11.64%; 中际旭创(光芯片/光通信) 10.62%
010807,融通稳信增益6个月持有期混合A,混合型-偏债,0.00%,0.00%,22.25%,0.00%,22.25%,7,长飞光纤光缆(光芯片/光通信) 5.02%; 中际旭创(光芯片/光通信) 4.05%; 新易盛(光芯片/光通信) 3.90%; 天孚通信(光芯片/光通信) 2.73%; 德科立(光芯片/光通信) 2.64%; 源杰科技(光芯片/光通信) 2.55%; 长芯博创(光芯片/光通信) 1.36%
012525,融通稳信增益6个月持有期混合C,混合型-偏债,0.00%,0.00%,22.25%,0.00%,22.25%,7,长飞光纤光缆(光芯片/光通信) 5.02%; 中际旭创(光芯片/光通信) 4.05%; 新易盛(光芯片/光通信) 3.90%; 天孚通信(光芯片/光通信) 2.73%; 德科立(光芯片/光通信) 2.64%; 源杰科技(光芯片/光通信) 2.55%; 长芯博创(光芯片/光通信) 1.36%
023969,博时创业板50指数C,指数型-股票,0.00%,0.00%,22.25%,0.00%,22.25%,3,中际旭创(光芯片/光通信) 10.68%; 新易盛(光芯片/光通信) 8.65%; 天孚通信(光芯片/光通信) 2.92%
023968,博时创业板50指数A,指数型-股票,0.00%,0.00%,22.25%,0.00%,22.25%,3,中际旭创(光芯片/光通信) 10.68%; 新易盛(光芯片/光通信) 8.65%; 天孚通信(光芯片/光通信) 2.92%
378006,摩根全球新兴市场混合(QDII),QDII-混合偏股,0.00%,11.95%,0.00%,10.30%,22.25%,3,台积电(电芯片/核心半导体) 10.30%; 三星电子(存储) 7.55%; SK海力士(存储) 4.40%
001267,宏利蓝筹混合,混合型-偏股,0.00%,0.00%,19.30%,2.92%,22.22%,5,天孚通信(光芯片/光通信) 5.99%; 中际旭创(光芯片/光通信) 4.77%; 新易盛(光芯片/光通信) 4.33%; 源杰科技(光芯片/光通信) 4.21%; 北方华创(电芯片/核心半导体) 2.92%
024837,中欧港股通科技混合发起C,混合型-偏股,0.00%,0.00%,22.22%,0.00%,22.22%,3,长飞光纤光缆(光芯片/光通信) 9.19%; 新易盛(光芯片/光通信) 6.76%; 中际旭创(光芯片/光通信) 6.27%
024836,中欧港股通科技混合发起A,混合型-偏股,0.00%,0.00%,22.22%,0.00%,22.22%,3,长飞光纤光缆(光芯片/光通信) 9.19%; 新易盛(光芯片/光通信) 6.76%; 中际旭创(光芯片/光通信) 6.27%
010180,华夏科技龙头两年持有混合,混合型-偏股,0.00%,12.25%,0.00%,9.93%,22.18%,4,北京君正(存储) 6.17%; 澜起科技(存储) 6.08%; 华虹半导体(电芯片/核心半导体) 5.19%; 北方华创(电芯片/核心半导体) 4.74%
014985,华安创业板50指数C,指数型-股票,0.00%,0.00%,22.18%,0.00%,22.18%,3,中际旭创(光芯片/光通信) 10.65%; 新易盛(光芯片/光通信) 8.62%; 天孚通信(光芯片/光通信) 2.91%
022929,华安创业板50指数Y,指数型-股票,0.00%,0.00%,22.18%,0.00%,22.18%,3,中际旭创(光芯片/光通信) 10.65%; 新易盛(光芯片/光通信) 8.62%; 天孚通信(光芯片/光通信) 2.91%
160420,华安创业板50指数A,指数型-股票,0.00%,0.00%,22.18%,0.00%,22.18%,3,中际旭创(光芯片/光通信) 10.65%; 新易盛(光芯片/光通信) 8.62%; 天孚通信(光芯片/光通信) 2.91%
014350,华商卓越成长一年持有混合A,混合型-偏股,0.00%,0.00%,19.05%,3.12%,22.17%,4,中际旭创(光芯片/光通信) 8.19%; 新易盛(光芯片/光通信) 5.79%; 长飞光纤光缆(光芯片/光通信) 5.07%; 寒武纪(电芯片/核心半导体) 3.12%
014351,华商卓越成长一年持有混合C,混合型-偏股,0.00%,0.00%,19.05%,3.12%,22.17%,4,中际旭创(光芯片/光通信) 8.19%; 新易盛(光芯片/光通信) 5.79%; 长飞光纤光缆(光芯片/光通信) 5.07%; 寒武纪(电芯片/核心半导体) 3.12%
517390,云计算ETF天弘,指数型-股票,0.00%,0.00%,22.16%,0.00%,22.16%,2,新易盛(光芯片/光通信) 11.63%; 中际旭创(光芯片/光通信) 10.53%
018816,方正富邦核心优势混合C,混合型-偏股,0.00%,22.13%,0.00%,0.00%,22.13%,3,兆易创新(存储) 8.10%; 佰维存储(存储) 7.21%; 普冉股份(存储) 6.82%
018815,方正富邦核心优势混合A,混合型-偏股,0.00%,22.13%,0.00%,0.00%,22.13%,3,兆易创新(存储) 8.10%; 佰维存储(存储) 7.21%; 普冉股份(存储) 6.82%
159909,TMT50ETF招商,指数型-股票,0.00%,0.00%,16.76%,5.37%,22.13%,4,新易盛(光芯片/光通信) 6.62%; 中际旭创(光芯片/光通信) 6.02%; 北方华创(电芯片/核心半导体) 5.37%; 天孚通信(光芯片/光通信) 4.12%
159738,云计算ETF华泰柏瑞,指数型-股票,0.00%,0.00%,22.12%,0.00%,22.12%,2,新易盛(光芯片/光通信) 11.57%; 中际旭创(光芯片/光通信) 10.55%
002244,景顺长城低碳科技主题混合,混合型-灵活,0.00%,5.37%,16.72%,0.00%,22.09%,4,中际旭创(光芯片/光通信) 6.34%; 天孚通信(光芯片/光通信) 5.45%; 兆易创新(存储) 5.37%; 新易盛(光芯片/光通信) 4.93%
010424,国投瑞银价值成长一年持有混合C,混合型-偏股,0.00%,0.00%,14.38%,7.67%,22.05%,4,寒武纪(电芯片/核心半导体) 7.67%; 中际旭创(光芯片/光通信) 7.11%; 新易盛(光芯片/光通信) 3.92%; 德科立(光芯片/光通信) 3.35%
010423,国投瑞银价值成长一年持有混合A,混合型-偏股,0.00%,0.00%,14.38%,7.67%,22.05%,4,寒武纪(电芯片/核心半导体) 7.67%; 中际旭创(光芯片/光通信) 7.11%; 新易盛(光芯片/光通信) 3.92%; 德科立(光芯片/光通信) 3.35%
011241,东吴双动力混合C,混合型-偏股,0.00%,22.04%,0.00%,0.00%,22.04%,3,兆易创新(存储) 8.82%; 普冉股份(存储) 7.69%; 北京君正(存储) 5.53%
580002,东吴双动力混合A,混合型-偏股,0.00%,22.04%,0.00%,0.00%,22.04%,3,兆易创新(存储) 8.82%; 普冉股份(存储) 7.69%; 北京君正(存储) 5.53%
008633,万家科技创新混合A,混合型-偏股,0.00%,12.20%,9.84%,0.00%,22.04%,4,兆易创新(存储) 6.63%; 澜起科技(存储) 5.57%; 中际旭创(光芯片/光通信) 5.35%; 新易盛(光芯片/光通信) 4.49%
008634,万家科技创新混合C,混合型-偏股,0.00%,12.20%,9.84%,0.00%,22.04%,4,兆易创新(存储) 6.63%; 澜起科技(存储) 5.57%; 中际旭创(光芯片/光通信) 5.35%; 新易盛(光芯片/光通信) 4.49%
003069,光大创业板量化优选A,股票型,0.00%,0.00%,22.02%,0.00%,22.02%,3,中际旭创(光芯片/光通信) 9.65%; 新易盛(光芯片/光通信) 8.37%; 天孚通信(光芯片/光通信) 4.00%
003070,光大创业板量化优选C,股票型,0.00%,0.00%,22.02%,0.00%,22.02%,3,中际旭创(光芯片/光通信) 9.65%; 新易盛(光芯片/光通信) 8.37%; 天孚通信(光芯片/光通信) 4.00%
024071,上银创业板50指数发起式A,指数型-股票,0.00%,0.00%,22.02%,0.00%,22.02%,3,中际旭创(光芯片/光通信) 10.58%; 新易盛(光芯片/光通信) 8.56%; 天孚通信(光芯片/光通信) 2.88%
024072,上银创业板50指数发起式C,指数型-股票,0.00%,0.00%,22.02%,0.00%,22.02%,3,中际旭创(光芯片/光通信) 10.58%; 新易盛(光芯片/光通信) 8.56%; 天孚通信(光芯片/光通信) 2.88%
005312,万家经济新动能混合C,混合型-偏股,0.00%,0.00%,0.00%,22.00%,22.00%,3,思瑞浦(电芯片/核心半导体) 7.74%; 寒武纪(电芯片/核心半导体) 7.37%; 中微公司(电芯片/核心半导体) 6.89%
005311,万家经济新动能混合A,混合型-偏股,0.00%,0.00%,0.00%,22.00%,22.00%,3,思瑞浦(电芯片/核心半导体) 7.74%; 寒武纪(电芯片/核心半导体) 7.37%; 中微公司(电芯片/核心半导体) 6.89%
018442,汇添富成长领航混合A,混合型-偏股,0.00%,4.62%,0.00%,17.38%,22.00%,5,华虹半导体(电芯片/核心半导体) 6.06%; 兆易创新(存储) 4.62%; 北方华创(电芯片/核心半导体) 4.04%; 芯原股份(电芯片/核心半导体) 3.90%; 海光信息(电芯片/核心半导体) 3.38%
018443,汇添富成长领航混合C,混合型-偏股,0.00%,4.62%,0.00%,17.38%,22.00%,5,华虹半导体(电芯片/核心半导体) 6.06%; 兆易创新(存储) 4.62%; 北方华创(电芯片/核心半导体) 4.04%; 芯原股份(电芯片/核心半导体) 3.90%; 海光信息(电芯片/核心半导体) 3.38%
002152,华宝核心优势混合A,混合型-灵活,0.00%,0.00%,21.97%,0.00%,21.97%,3,新易盛(光芯片/光通信) 9.16%; 中际旭创(光芯片/光通信) 8.99%; 剑桥科技(光芯片/光通信) 3.82%
016461,华宝核心优势混合C,混合型-灵活,0.00%,0.00%,21.97%,0.00%,21.97%,3,新易盛(光芯片/光通信) 9.16%; 中际旭创(光芯片/光通信) 8.99%; 剑桥科技(光芯片/光通信) 3.82%
026290,红土创新科技创新股票(LOF)C,股票型,0.00%,0.00%,21.94%,0.00%,21.94%,3,中际旭创(光芯片/光通信) 8.64%; 新易盛(光芯片/光通信) 8.47%; 源杰科技(光芯片/光通信) 4.83%
501201,红土创新科技创新股票(LOF)A,股票型,0.00%,0.00%,21.94%,0.00%,21.94%,3,中际旭创(光芯片/光通信) 8.64%; 新易盛(光芯片/光通信) 8.47%; 源杰科技(光芯片/光通信) 4.83%
007465,交银创业板50指数C,指数型-股票,0.00%,0.00%,21.94%,0.00%,21.94%,3,中际旭创(光芯片/光通信) 10.53%; 新易盛(光芯片/光通信) 8.53%; 天孚通信(光芯片/光通信) 2.88%
007464,交银创业板50指数A,指数型-股票,0.00%,0.00%,21.94%,0.00%,21.94%,3,中际旭创(光芯片/光通信) 10.53%; 新易盛(光芯片/光通信) 8.53%; 天孚通信(光芯片/光通信) 2.88%
022934,交银创业板50指数Y,指数型-股票,0.00%,0.00%,21.94%,0.00%,21.94%,3,中际旭创(光芯片/光通信) 10.53%; 新易盛(光芯片/光通信) 8.53%; 天孚通信(光芯片/光通信) 2.88%
010809,达诚策略先锋混合C,混合型-偏股,0.00%,0.00%,18.75%,3.18%,21.93%,4,中际旭创(光芯片/光通信) 6.95%; 新易盛(光芯片/光通信) 6.04%; 源杰科技(光芯片/光通信) 5.76%; 寒武纪(电芯片/核心半导体) 3.18%
010808,达诚策略先锋混合A,混合型-偏股,0.00%,0.00%,18.75%,3.18%,21.93%,4,中际旭创(光芯片/光通信) 6.95%; 新易盛(光芯片/光通信) 6.04%; 源杰科技(光芯片/光通信) 5.76%; 寒武纪(电芯片/核心半导体) 3.18%
015227,华夏创新研选混合A,混合型-偏股,0.00%,0.00%,5.23%,16.59%,21.82%,4,海光信息(电芯片/核心半导体) 5.92%; 芯原股份(电芯片/核心半导体) 5.44%; 寒武纪(电芯片/核心半导体) 5.23%; 中际旭创(光芯片/光通信) 5.23%
015228,华夏创新研选混合C,混合型-偏股,0.00%,0.00%,5.23%,16.59%,21.82%,4,海光信息(电芯片/核心半导体) 5.92%; 芯原股份(电芯片/核心半导体) 5.44%; 寒武纪(电芯片/核心半导体) 5.23%; 中际旭创(光芯片/光通信) 5.23%
002179,华安事件驱动量化混合A,混合型-灵活,0.00%,0.00%,11.40%,10.39%,21.79%,5,新易盛(光芯片/光通信) 6.55%; 寒武纪(电芯片/核心半导体) 4.92%; 中际旭创(光芯片/光通信) 4.85%; 北方华创(电芯片/核心半导体) 3.37%; 芯原股份(电芯片/核心半导体) 2.10%
016491,华安事件驱动量化混合C,混合型-灵活,0.00%,0.00%,11.40%,10.39%,21.79%,5,新易盛(光芯片/光通信) 6.55%; 寒武纪(电芯片/核心半导体) 4.92%; 中际旭创(光芯片/光通信) 4.85%; 北方华创(电芯片/核心半导体) 3.37%; 芯原股份(电芯片/核心半导体) 2.10%
161132,易方达科顺定开混合,混合型-灵活,0.00%,0.00%,21.78%,0.00%,21.78%,3,源杰科技(光芯片/光通信) 8.57%; 天孚通信(光芯片/光通信) 7.12%; 长飞光纤光缆(光芯片/光通信) 6.09%
014585,银华心兴三年持有混合A,混合型-偏股,0.00%,0.00%,0.00%,21.76%,21.76%,3,海光信息(电芯片/核心半导体) 8.05%; 中芯国际(电芯片/核心半导体) 7.77%; 华虹半导体(电芯片/核心半导体) 5.94%
014586,银华心兴三年持有混合C,混合型-偏股,0.00%,0.00%,0.00%,21.76%,21.76%,3,海光信息(电芯片/核心半导体) 8.05%; 中芯国际(电芯片/核心半导体) 7.77%; 华虹半导体(电芯片/核心半导体) 5.94%
000601,华宝创新优选混合,混合型-偏股,0.00%,0.00%,21.75%,0.00%,21.75%,4,新易盛(光芯片/光通信) 7.90%; 中际旭创(光芯片/光通信) 7.65%; 源杰科技(光芯片/光通信) 3.31%; 天孚通信(光芯片/光通信) 2.89%
010755,博道睿见一年持有期混合,混合型-偏股,0.00%,0.00%,11.09%,10.62%,21.71%,4,中际旭创(光芯片/光通信) 6.12%; 北方华创(电芯片/核心半导体) 5.87%; 新易盛(光芯片/光通信) 4.97%; 中微公司(电芯片/核心半导体) 4.75%
020059,博时卓越品牌混合(LOF)C,混合型-偏股,0.00%,0.00%,21.71%,0.00%,21.71%,3,新易盛(光芯片/光通信) 9.80%; 中际旭创(光芯片/光通信) 9.35%; 源杰科技(光芯片/光通信) 2.56%
160512,博时卓越品牌混合(LOF)A,混合型-偏股,0.00%,0.00%,21.71%,0.00%,21.71%,3,新易盛(光芯片/光通信) 9.80%; 中际旭创(光芯片/光通信) 9.35%; 源杰科技(光芯片/光通信) 2.56%
001608,英大策略优选C,混合型-灵活,0.00%,0.00%,21.70%,0.00%,21.70%,4,中际旭创(光芯片/光通信) 6.39%; 天孚通信(光芯片/光通信) 5.38%; 新易盛(光芯片/光通信) 5.38%; 德科立(光芯片/光通信) 4.55%
001607,英大策略优选A,混合型-灵活,0.00%,0.00%,21.70%,0.00%,21.70%,4,中际旭创(光芯片/光通信) 6.39%; 天孚通信(光芯片/光通信) 5.38%; 新易盛(光芯片/光通信) 5.38%; 德科立(光芯片/光通信) 4.55%
003961,易方达瑞程灵活配置混合A,混合型-灵活,0.00%,0.00%,12.45%,9.24%,21.69%,3,天孚通信(光芯片/光通信) 9.26%; 芯原股份(电芯片/核心半导体) 9.24%; 中际旭创(光芯片/光通信) 3.19%
003962,易方达瑞程灵活配置混合C,混合型-灵活,0.00%,0.00%,12.45%,9.24%,21.69%,3,天孚通信(光芯片/光通信) 9.26%; 芯原股份(电芯片/核心半导体) 9.24%; 中际旭创(光芯片/光通信) 3.19%
017437,华宝纳斯达克精选股票发起式(QDII)C,QDII-普通股票,0.00%,0.00%,0.00%,21.67%,21.67%,3,英伟达(电芯片/核心半导体) 9.28%; 博通(电芯片/核心半导体) 7.43%; 迈威尔科技(电芯片/核心半导体) 4.96%
017436,华宝纳斯达克精选股票发起式(QDII)A,QDII-普通股票,0.00%,0.00%,0.00%,21.67%,21.67%,3,英伟达(电芯片/核心半导体) 9.28%; 博通(电芯片/核心半导体) 7.43%; 迈威尔科技(电芯片/核心半导体) 4.96%
161903,万家行业优选混合(LOF),混合型-偏股,0.00%,0.00%,0.00%,21.60%,21.60%,3,寒武纪(电芯片/核心半导体) 8.43%; 思瑞浦(电芯片/核心半导体) 7.37%; 圣邦股份(电芯片/核心半导体) 5.80%
007353,工银科技创新混合,混合型-偏股,0.00%,0.00%,4.66%,16.93%,21.59%,4,海光信息(电芯片/核心半导体) 6.86%; 中微公司(电芯片/核心半导体) 6.07%; 新易盛(光芯片/光通信) 4.66%; 中芯国际(电芯片/核心半导体) 4.00%
008671,银华科技创新混合A,混合型-偏股,0.00%,0.00%,18.44%,3.14%,21.58%,3,新易盛(光芯片/光通信) 9.49%; 中际旭创(光芯片/光通信) 8.95%; 寒武纪(电芯片/核心半导体) 3.14%
025572,银华科技创新混合C,混合型-偏股,0.00%,0.00%,18.44%,3.14%,21.58%,3,新易盛(光芯片/光通信) 9.49%; 中际旭创(光芯片/光通信) 8.95%; 寒武纪(电芯片/核心半导体) 3.14%
019258,恒越智选科技混合C,混合型-偏股,0.00%,4.62%,16.96%,0.00%,21.58%,3,中际旭创(光芯片/光通信) 8.60%; 新易盛(光芯片/光通信) 8.36%; 兆易创新(存储) 4.62%
019257,恒越智选科技混合A,混合型-偏股,0.00%,4.62%,16.96%,0.00%,21.58%,3,中际旭创(光芯片/光通信) 8.60%; 新易盛(光芯片/光通信) 8.36%; 兆易创新(存储) 4.62%
010730,银华心佳两年持有期混合,混合型-偏股,0.00%,3.98%,0.00%,17.55%,21.53%,4,海光信息(电芯片/核心半导体) 7.25%; 中芯国际(电芯片/核心半导体) 5.55%; 北方华创(电芯片/核心半导体) 4.75%; 兆易创新(存储) 3.98%
014808,宏利景气智选18个月持有混合C,混合型-偏股,0.00%,0.00%,21.53%,0.00%,21.53%,4,新易盛(光芯片/光通信) 7.16%; 中际旭创(光芯片/光通信) 5.58%; 天孚通信(光芯片/光通信) 4.55%; 源杰科技(光芯片/光通信) 4.24%
014807,宏利景气智选18个月持有混合A,混合型-偏股,0.00%,0.00%,21.53%,0.00%,21.53%,4,新易盛(光芯片/光通信) 7.16%; 中际旭创(光芯片/光通信) 5.58%; 天孚通信(光芯片/光通信) 4.55%; 源杰科技(光芯片/光通信) 4.24%
019293,长江长扬混合发起A,混合型-偏股,0.00%,3.91%,17.57%,0.00%,21.48%,3,中际旭创(光芯片/光通信) 9.63%; 新易盛(光芯片/光通信) 7.94%; 佰维存储(存储) 3.91%
019294,长江长扬混合发起C,混合型-偏股,0.00%,3.91%,17.57%,0.00%,21.48%,3,中际旭创(光芯片/光通信) 9.63%; 新易盛(光芯片/光通信) 7.94%; 佰维存储(存储) 3.91%
011949,东吴多策略混合C,混合型-灵活,0.00%,21.43%,0.00%,0.00%,21.43%,3,兆易创新(存储) 8.68%; 普冉股份(存储) 7.18%; 北京君正(存储) 5.57%
580009,东吴多策略混合A,混合型-灵活,0.00%,21.43%,0.00%,0.00%,21.43%,3,兆易创新(存储) 8.68%; 普冉股份(存储) 7.18%; 北京君正(存储) 5.57%
011487,博时创新精选混合C,混合型-偏股,0.00%,0.00%,21.40%,0.00%,21.40%,3,中际旭创(光芯片/光通信) 9.50%; 新易盛(光芯片/光通信) 7.36%; 源杰科技(光芯片/光通信) 4.54%
011486,博时创新精选混合A,混合型-偏股,0.00%,0.00%,21.40%,0.00%,21.40%,3,中际旭创(光芯片/光通信) 9.50%; 新易盛(光芯片/光通信) 7.36%; 源杰科技(光芯片/光通信) 4.54%
015976,光大数字经济主题混合A,混合型-偏股,0.00%,0.00%,7.91%,13.49%,21.40%,5,海光信息(电芯片/核心半导体) 4.86%; 中芯国际(电芯片/核心半导体) 4.85%; 新易盛(光芯片/光通信) 4.29%; 北方华创(电芯片/核心半导体) 3.78%; 中际旭创(光芯片/光通信) 3.62%
015977,光大数字经济主题混合C,混合型-偏股,0.00%,0.00%,7.91%,13.49%,21.40%,5,海光信息(电芯片/核心半导体) 4.86%; 中芯国际(电芯片/核心半导体) 4.85%; 新易盛(光芯片/光通信) 4.29%; 北方华创(电芯片/核心半导体) 3.78%; 中际旭创(光芯片/光通信) 3.62%
005774,华夏产业升级混合A,混合型-偏股,0.00%,4.14%,10.30%,6.93%,21.37%,4,海光信息(电芯片/核心半导体) 6.93%; 中际旭创(光芯片/光通信) 5.54%; 新易盛(光芯片/光通信) 4.76%; 兆易创新(存储) 4.14%
015059,华夏产业升级混合C,混合型-偏股,0.00%,4.14%,10.30%,6.93%,21.37%,4,海光信息(电芯片/核心半导体) 6.93%; 中际旭创(光芯片/光通信) 5.54%; 新易盛(光芯片/光通信) 4.76%; 兆易创新(存储) 4.14%
012688,长安成长优选混合A,混合型-偏股,0.00%,0.00%,21.36%,0.00%,21.36%,3,新易盛(光芯片/光通信) 8.33%; 中际旭创(光芯片/光通信) 8.20%; 源杰科技(光芯片/光通信) 4.83%
012689,长安成长优选混合C,混合型-偏股,0.00%,0.00%,21.36%,0.00%,21.36%,3,新易盛(光芯片/光通信) 8.33%; 中际旭创(光芯片/光通信) 8.20%; 源杰科技(光芯片/光通信) 4.83%
009887,广发稳健优选六个月持有期混合A,混合型-平衡,0.00%,5.29%,10.94%,5.10%,21.33%,4,中际旭创(光芯片/光通信) 5.56%; 德科立(光芯片/光通信) 5.38%; 兆易创新(存储) 5.29%; 中微公司(电芯片/核心半导体) 5.10%
009888,广发稳健优选六个月持有期混合C,混合型-平衡,0.00%,5.29%,10.94%,5.10%,21.33%,4,中际旭创(光芯片/光通信) 5.56%; 德科立(光芯片/光通信) 5.38%; 兆易创新(存储) 5.29%; 中微公司(电芯片/核心半导体) 5.10%
005794,银华心怡灵活配置混合A,混合型-灵活,0.00%,0.00%,0.00%,21.32%,21.32%,3,海光信息(电芯片/核心半导体) 8.06%; 中芯国际(电芯片/核心半导体) 8.03%; 华虹半导体(电芯片/核心半导体) 5.23%
014043,银华心怡灵活配置混合C,混合型-灵活,0.00%,0.00%,0.00%,21.32%,21.32%,3,海光信息(电芯片/核心半导体) 8.06%; 中芯国际(电芯片/核心半导体) 8.03%; 华虹半导体(电芯片/核心半导体) 5.23%
025957,新华科技优选混合发起C,混合型-偏股,0.00%,0.00%,0.00%,21.31%,21.31%,3,恒玄科技(电芯片/核心半导体) 9.39%; 思特威(电芯片/核心半导体) 6.43%; 芯原股份(电芯片/核心半导体) 5.49%
025956,新华科技优选混合发起A,混合型-偏股,0.00%,0.00%,0.00%,21.31%,21.31%,3,恒玄科技(电芯片/核心半导体) 9.39%; 思特威(电芯片/核心半导体) 6.43%; 芯原股份(电芯片/核心半导体) 5.49%
023875,兴全合润混合C,混合型-偏股,0.00%,3.81%,6.24%,11.20%,21.25%,4,晶晨股份(电芯片/核心半导体) 7.09%; 中际旭创(光芯片/光通信) 6.24%; 华海清科(电芯片/核心半导体) 4.11%; 澜起科技(存储) 3.81%
163406,兴全合润混合A,混合型-偏股,0.00%,3.81%,6.24%,11.20%,21.25%,4,晶晨股份(电芯片/核心半导体) 7.09%; 中际旭创(光芯片/光通信) 6.24%; 华海清科(电芯片/核心半导体) 4.11%; 澜起科技(存储) 3.81%
011817,银华阿尔法混合,混合型-偏股,0.00%,0.00%,21.23%,0.00%,21.23%,3,新易盛(光芯片/光通信) 8.77%; 中际旭创(光芯片/光通信) 8.65%; 天孚通信(光芯片/光通信) 3.81%
050009,博时新兴成长混合,混合型-偏股,0.00%,0.00%,16.90%,4.31%,21.21%,4,新易盛(光芯片/光通信) 6.48%; 中际旭创(光芯片/光通信) 6.14%; 寒武纪(电芯片/核心半导体) 4.31%; 太辰光(光芯片/光通信) 4.28%
013346,富荣信息技术混合C,混合型-偏股,0.00%,0.00%,0.00%,21.20%,21.20%,3,芯原股份(电芯片/核心半导体) 7.36%; 海光信息(电芯片/核心半导体) 6.93%; 寒武纪(电芯片/核心半导体) 6.91%
013345,富荣信息技术混合A,混合型-偏股,0.00%,0.00%,0.00%,21.20%,21.20%,3,芯原股份(电芯片/核心半导体) 7.36%; 海光信息(电芯片/核心半导体) 6.93%; 寒武纪(电芯片/核心半导体) 6.91%
012697,同泰数字经济股票C,股票型,0.00%,3.50%,17.67%,0.00%,21.17%,4,新易盛(光芯片/光通信) 8.80%; 中际旭创(光芯片/光通信) 5.93%; 普冉股份(存储) 3.50%; 长飞光纤光缆(光芯片/光通信) 2.94%
012696,同泰数字经济股票A,股票型,0.00%,3.50%,17.67%,0.00%,21.17%,4,新易盛(光芯片/光通信) 8.80%; 中际旭创(光芯片/光通信) 5.93%; 普冉股份(存储) 3.50%; 长飞光纤光缆(光芯片/光通信) 2.94%
000061,华夏盛世混合,混合型-偏股,0.00%,0.00%,12.20%,8.95%,21.15%,4,中际旭创(光芯片/光通信) 6.15%; 新易盛(光芯片/光通信) 6.05%; 北方华创(电芯片/核心半导体) 5.00%; 海光信息(电芯片/核心半导体) 3.95%
001742,广发百发大数据精选混合E,混合型-灵活,0.00%,0.00%,6.26%,14.83%,21.09%,3,圣邦股份(电芯片/核心半导体) 7.49%; 北方华创(电芯片/核心半导体) 7.34%; 中际旭创(光芯片/光通信) 6.26%
001741,广发百发大数据精选混合A,混合型-灵活,0.00%,0.00%,6.26%,14.83%,21.09%,3,圣邦股份(电芯片/核心半导体) 7.49%; 北方华创(电芯片/核心半导体) 7.34%; 中际旭创(光芯片/光通信) 6.26%
009882,华润元大核心动力混合A,混合型-偏股,0.00%,0.00%,8.11%,12.93%,21.04%,4,中微公司(电芯片/核心半导体) 7.05%; 北方华创(电芯片/核心半导体) 5.88%; 新易盛(光芯片/光通信) 4.37%; 中际旭创(光芯片/光通信) 3.74%
009883,华润元大核心动力混合C,混合型-偏股,0.00%,0.00%,8.11%,12.93%,21.04%,4,中微公司(电芯片/核心半导体) 7.05%; 北方华创(电芯片/核心半导体) 5.88%; 新易盛(光芯片/光通信) 4.37%; 中际旭创(光芯片/光通信) 3.74%
002214,中海沪港深价值优选混合A,混合型-灵活,0.00%,0.00%,10.08%,10.94%,21.02%,5,中芯国际(电芯片/核心半导体) 5.87%; 华虹半导体(电芯片/核心半导体) 5.07%; 中际旭创(光芯片/光通信) 3.82%; 长飞光纤光缆(光芯片/光通信) 3.32%; 天孚通信(光芯片/光通信) 2.94%
020362,中海沪港深价值优选混合C,混合型-灵活,0.00%,0.00%,10.08%,10.94%,21.02%,5,中芯国际(电芯片/核心半导体) 5.87%; 华虹半导体(电芯片/核心半导体) 5.07%; 中际旭创(光芯片/光通信) 3.82%; 长飞光纤光缆(光芯片/光通信) 3.32%; 天孚通信(光芯片/光通信) 2.94%
024509,泓德上证科创板综合指数增强A,指数型-股票,0.00%,3.75%,0.00%,17.26%,21.01%,7,海光信息(电芯片/核心半导体) 5.67%; 寒武纪(电芯片/核心半导体) 4.77%; 中芯国际(电芯片/核心半导体) 3.08%; 澜起科技(存储) 2.39%; 中微公司(电芯片/核心半导体) 2.31%; 芯原股份(电芯片/核心半导体) 1.43%; 佰维存储(存储) 1.36%
024510,泓德上证科创板综合指数增强C,指数型-股票,0.00%,3.75%,0.00%,17.26%,21.01%,7,海光信息(电芯片/核心半导体) 5.67%; 寒武纪(电芯片/核心半导体) 4.77%; 中芯国际(电芯片/核心半导体) 3.08%; 澜起科技(存储) 2.39%; 中微公司(电芯片/核心半导体) 2.31%; 芯原股份(电芯片/核心半导体) 1.43%; 佰维存储(存储) 1.36%
000603,易方达创新驱动灵活配置混合,混合型-灵活,0.00%,0.00%,12.20%,8.80%,21.00%,3,天孚通信(光芯片/光通信) 9.00%; 芯原股份(电芯片/核心半导体) 8.80%; 中际旭创(光芯片/光通信) 3.20%
159997,电子ETF天弘,指数型-股票,0.00%,5.84%,0.00%,15.16%,21.00%,6,寒武纪(电芯片/核心半导体) 4.04%; 海光信息(电芯片/核心半导体) 3.75%; 北方华创(电芯片/核心半导体) 3.74%; 中芯国际(电芯片/核心半导体) 3.63%; 兆易创新(存储) 3.07%; 澜起科技(存储) 2.77%
015850,农银行业轮动混合C,混合型-偏股,0.00%,0.00%,11.18%,9.81%,20.99%,6,新易盛(光芯片/光通信) 4.26%; 寒武纪(电芯片/核心半导体) 4.09%; 中际旭创(光芯片/光通信) 3.65%; 海光信息(电芯片/核心半导体) 3.34%; 天孚通信(光芯片/光通信) 3.27%; 北方华创(电芯片/核心半导体) 2.38%
660015,农银行业轮动混合A,混合型-偏股,0.00%,0.00%,11.18%,9.81%,20.99%,6,新易盛(光芯片/光通信) 4.26%; 寒武纪(电芯片/核心半导体) 4.09%; 中际旭创(光芯片/光通信) 3.65%; 海光信息(电芯片/核心半导体) 3.34%; 天孚通信(光芯片/光通信) 3.27%; 北方华创(电芯片/核心半导体) 2.38%
009189,华宝成长策略混合A,混合型-偏股,0.00%,0.00%,18.55%,2.44%,20.99%,3,新易盛(光芯片/光通信) 9.47%; 中际旭创(光芯片/光通信) 9.08%; 海光信息(电芯片/核心半导体) 2.44%
021448,华宝成长策略混合C,混合型-偏股,0.00%,0.00%,18.55%,2.44%,20.99%,3,新易盛(光芯片/光通信) 9.47%; 中际旭创(光芯片/光通信) 9.08%; 海光信息(电芯片/核心半导体) 2.44%
005738,长城智能产业混合A,混合型-灵活,0.00%,0.00%,0.00%,20.95%,20.95%,3,海光信息(电芯片/核心半导体) 7.49%; 北方华创(电芯片/核心半导体) 7.29%; 中芯国际(电芯片/核心半导体) 6.17%
019276,长城智能产业混合C,混合型-灵活,0.00%,0.00%,0.00%,20.95%,20.95%,3,海光信息(电芯片/核心半导体) 7.49%; 北方华创(电芯片/核心半导体) 7.29%; 中芯国际(电芯片/核心半导体) 6.17%
009432,德邦科技创新一年定开混合A,混合型-偏股,0.00%,0.00%,13.43%,7.52%,20.95%,4,中际旭创(光芯片/光通信) 8.41%; 新易盛(光芯片/光通信) 5.02%; 北方华创(电芯片/核心半导体) 3.96%; 寒武纪(电芯片/核心半导体) 3.56%
009433,德邦科技创新一年定开混合C,混合型-偏股,0.00%,0.00%,13.43%,7.52%,20.95%,4,中际旭创(光芯片/光通信) 8.41%; 新易盛(光芯片/光通信) 5.02%; 北方华创(电芯片/核心半导体) 3.96%; 寒武纪(电芯片/核心半导体) 3.56%
630010,华商价值精选混合,混合型-偏股,0.00%,0.00%,12.62%,8.31%,20.93%,5,源杰科技(光芯片/光通信) 4.72%; 寒武纪(电芯片/核心半导体) 4.50%; 长芯博创(光芯片/光通信) 4.18%; 海光信息(电芯片/核心半导体) 3.81%; 光迅科技(光芯片/光通信) 3.72%
014175,工银价值成长混合A,混合型-偏股,0.00%,0.00%,14.20%,6.72%,20.92%,5,源杰科技(光芯片/光通信) 5.63%; 中际旭创(光芯片/光通信) 4.42%; 新易盛(光芯片/光通信) 4.15%; 北方华创(电芯片/核心半导体) 3.80%; 华虹半导体(电芯片/核心半导体) 2.92%
014176,工银价值成长混合C,混合型-偏股,0.00%,0.00%,14.20%,6.72%,20.92%,5,源杰科技(光芯片/光通信) 5.63%; 中际旭创(光芯片/光通信) 4.42%; 新易盛(光芯片/光通信) 4.15%; 北方华创(电芯片/核心半导体) 3.80%; 华虹半导体(电芯片/核心半导体) 2.92%
013414,太平智远三个月定开股票发起式,股票型,0.00%,2.35%,12.34%,6.14%,20.83%,4,中际旭创(光芯片/光通信) 8.14%; 华虹半导体(电芯片/核心半导体) 6.14%; 新易盛(光芯片/光通信) 4.20%; 佰维存储(存储) 2.35%
588550,科创综指增强ETF易方达,指数型-股票,0.00%,2.53%,1.89%,16.40%,20.82%,8,海光信息(电芯片/核心半导体) 5.78%; 寒武纪(电芯片/核心半导体) 4.76%; 中芯国际(电芯片/核心半导体) 2.38%; 中微公司(电芯片/核心半导体) 2.12%; 源杰科技(光芯片/光通信) 1.89%; 澜起科技(存储) 1.42%; 芯原股份(电芯片/核心半导体) 1.36%; 佰维存储(存储) 1.11%
007345,富国科技创新灵活配置混合,混合型-灵活,0.00%,0.00%,20.77%,0.00%,20.77%,3,新易盛(光芯片/光通信) 9.11%; 中际旭创(光芯片/光通信) 8.80%; 德科立(光芯片/光通信) 2.86%
017842,农银汇理景气优选混合A,混合型-偏股,0.00%,0.00%,7.31%,13.44%,20.75%,5,海光信息(电芯片/核心半导体) 5.96%; 寒武纪(电芯片/核心半导体) 4.26%; 中际旭创(光芯片/光通信) 4.06%; 新易盛(光芯片/光通信) 3.25%; 北方华创(电芯片/核心半导体) 3.22%
017843,农银汇理景气优选混合C,混合型-偏股,0.00%,0.00%,7.31%,13.44%,20.75%,5,海光信息(电芯片/核心半导体) 5.96%; 寒武纪(电芯片/核心半导体) 4.26%; 中际旭创(光芯片/光通信) 4.06%; 新易盛(光芯片/光通信) 3.25%; 北方华创(电芯片/核心半导体) 3.22%
001728,银华战略新兴定开混合,混合型-灵活,0.00%,0.00%,17.00%,3.73%,20.73%,3,新易盛(光芯片/光通信) 8.70%; 中际旭创(光芯片/光通信) 8.30%; 海光信息(电芯片/核心半导体) 3.73%
009913,中信保诚成长动力混合A,混合型-偏股,0.00%,0.00%,9.74%,10.93%,20.67%,4,中微公司(电芯片/核心半导体) 5.75%; 北方华创(电芯片/核心半导体) 5.18%; 中际旭创(光芯片/光通信) 4.99%; 新易盛(光芯片/光通信) 4.75%
014282,中信保诚成长动力混合C,混合型-偏股,0.00%,0.00%,9.74%,10.93%,20.67%,4,中微公司(电芯片/核心半导体) 5.75%; 北方华创(电芯片/核心半导体) 5.18%; 中际旭创(光芯片/光通信) 4.99%; 新易盛(光芯片/光通信) 4.75%
018000,鹏华芯片产业混合发起式A,混合型-偏股,0.00%,5.29%,0.00%,15.26%,20.55%,6,北方华创(电芯片/核心半导体) 5.97%; 澜起科技(存储) 5.29%; 海光信息(电芯片/核心半导体) 4.20%; 寒武纪(电芯片/核心半导体) 2.60%; 中芯国际(电芯片/核心半导体) 2.13%; 中芯国际(电芯片/核心半导体) 0.36%
018001,鹏华芯片产业混合发起式C,混合型-偏股,0.00%,5.29%,0.00%,15.26%,20.55%,6,北方华创(电芯片/核心半导体) 5.97%; 澜起科技(存储) 5.29%; 海光信息(电芯片/核心半导体) 4.20%; 寒武纪(电芯片/核心半导体) 2.60%; 中芯国际(电芯片/核心半导体) 2.13%; 中芯国际(电芯片/核心半导体) 0.36%
588710,科创半导体设备ETF华泰柏瑞,指数型-股票,0.00%,0.00%,0.00%,20.55%,20.55%,2,华海清科(电芯片/核心半导体) 10.61%; 中微公司(电芯片/核心半导体) 9.94%
589020,科创半导体设备ETF鹏华,指数型-股票,0.00%,0.00%,0.00%,20.50%,20.50%,2,华海清科(电芯片/核心半导体) 10.60%; 中微公司(电芯片/核心半导体) 9.90%
018887,东海数字经济混合发起式C,混合型-偏股,0.00%,7.07%,0.00%,13.42%,20.49%,5,中芯国际(电芯片/核心半导体) 5.21%; 北方华创(电芯片/核心半导体) 5.04%; 通富微电(存储) 3.54%; 兆易创新(存储) 3.53%; 寒武纪(电芯片/核心半导体) 3.17%
018886,东海数字经济混合发起式A,混合型-偏股,0.00%,7.07%,0.00%,13.42%,20.49%,5,中芯国际(电芯片/核心半导体) 5.21%; 北方华创(电芯片/核心半导体) 5.04%; 通富微电(存储) 3.54%; 兆易创新(存储) 3.53%; 寒武纪(电芯片/核心半导体) 3.17%
009576,东方红智远三年持有混合,混合型-偏股,0.00%,0.00%,0.00%,20.46%,20.46%,4,北方华创(电芯片/核心半导体) 7.13%; 中芯国际(电芯片/核心半导体) 5.31%; 中微公司(电芯片/核心半导体) 4.28%; 晶晨股份(电芯片/核心半导体) 3.74%
024182,兴银上证科创板综合指数增强发起A,指数型-股票,0.00%,2.27%,2.65%,15.53%,20.45%,7,寒武纪(电芯片/核心半导体) 5.71%; 海光信息(电芯片/核心半导体) 5.16%; 源杰科技(光芯片/光通信) 2.65%; 佰维存储(存储) 2.27%; 中芯国际(电芯片/核心半导体) 2.06%; 芯原股份(电芯片/核心半导体) 1.52%; 中微公司(电芯片/核心半导体) 1.08%
024183,兴银上证科创板综合指数增强发起C,指数型-股票,0.00%,2.27%,2.65%,15.53%,20.45%,7,寒武纪(电芯片/核心半导体) 5.71%; 海光信息(电芯片/核心半导体) 5.16%; 源杰科技(光芯片/光通信) 2.65%; 佰维存储(存储) 2.27%; 中芯国际(电芯片/核心半导体) 2.06%; 芯原股份(电芯片/核心半导体) 1.52%; 中微公司(电芯片/核心半导体) 1.08%
012502,银华安盛混合,混合型-偏股,0.00%,0.00%,6.41%,14.01%,20.42%,4,新易盛(光芯片/光通信) 6.41%; 中芯国际(电芯片/核心半导体) 6.10%; 海光信息(电芯片/核心半导体) 4.08%; 寒武纪(电芯片/核心半导体) 3.83%
560660,云计算50ETF新华,指数型-股票,0.00%,0.00%,20.40%,0.00%,20.40%,2,新易盛(光芯片/光通信) 10.66%; 中际旭创(光芯片/光通信) 9.74%
005543,银华心诚灵活配置混合A,混合型-灵活,0.00%,0.00%,0.00%,20.36%,20.36%,3,海光信息(电芯片/核心半导体) 7.81%; 中芯国际(电芯片/核心半导体) 7.79%; 华虹半导体(电芯片/核心半导体) 4.76%
014042,银华心诚灵活配置混合C,混合型-灵活,0.00%,0.00%,0.00%,20.36%,20.36%,3,海光信息(电芯片/核心半导体) 7.81%; 中芯国际(电芯片/核心半导体) 7.79%; 华虹半导体(电芯片/核心半导体) 4.76%
017300,安信数字经济股票发起A,股票型,0.00%,4.77%,0.00%,15.50%,20.27%,8,北方华创(电芯片/核心半导体) 3.23%; 寒武纪(电芯片/核心半导体) 3.13%; 中芯国际(电芯片/核心半导体) 2.89%; 海光信息(电芯片/核心半导体) 2.86%; 中微公司(电芯片/核心半导体) 2.45%; 兆易创新(存储) 2.43%; 澜起科技(存储) 2.34%; 中芯国际(电芯片/核心半导体) 0.94%
017301,安信数字经济股票发起C,股票型,0.00%,4.77%,0.00%,15.50%,20.27%,8,北方华创(电芯片/核心半导体) 3.23%; 寒武纪(电芯片/核心半导体) 3.13%; 中芯国际(电芯片/核心半导体) 2.89%; 海光信息(电芯片/核心半导体) 2.86%; 中微公司(电芯片/核心半导体) 2.45%; 兆易创新(存储) 2.43%; 澜起科技(存储) 2.34%; 中芯国际(电芯片/核心半导体) 0.94%
026293,红土精选混合C,混合型-灵活,0.00%,0.00%,20.25%,0.00%,20.25%,3,中际旭创(光芯片/光通信) 8.94%; 新易盛(光芯片/光通信) 8.39%; 源杰科技(光芯片/光通信) 2.92%
168401,红土精选混合(LOF)A,混合型-灵活,0.00%,0.00%,20.25%,0.00%,20.25%,3,中际旭创(光芯片/光通信) 8.94%; 新易盛(光芯片/光通信) 8.39%; 源杰科技(光芯片/光通信) 2.92%
005136,华安幸福生活混合A,混合型-偏股,0.00%,3.92%,16.32%,0.00%,20.24%,3,新易盛(光芯片/光通信) 8.90%; 中际旭创(光芯片/光通信) 7.42%; 兆易创新(存储) 3.92%
014990,华安幸福生活混合C,混合型-偏股,0.00%,3.92%,16.32%,0.00%,20.24%,3,新易盛(光芯片/光通信) 8.90%; 中际旭创(光芯片/光通信) 7.42%; 兆易创新(存储) 3.92%
001764,广发沪港深新机遇股票,股票型,0.00%,0.00%,10.79%,9.45%,20.24%,3,长飞光纤光缆(光芯片/光通信) 10.79%; 北方华创(电芯片/核心半导体) 4.95%; 中微公司(电芯片/核心半导体) 4.50%
008085,海富通先进制造股票A,股票型,0.00%,4.70%,12.27%,3.25%,20.22%,5,澜起科技(存储) 4.70%; 长飞光纤光缆(光芯片/光通信) 4.55%; 中际旭创(光芯片/光通信) 4.33%; 天孚通信(光芯片/光通信) 3.39%; 芯原股份(电芯片/核心半导体) 3.25%
008084,海富通先进制造股票C,股票型,0.00%,4.70%,12.27%,3.25%,20.22%,5,澜起科技(存储) 4.70%; 长飞光纤光缆(光芯片/光通信) 4.55%; 中际旭创(光芯片/光通信) 4.33%; 天孚通信(光芯片/光通信) 3.39%; 芯原股份(电芯片/核心半导体) 3.25%
180001,银华优势企业混合,混合型-灵活,0.00%,0.00%,13.21%,6.97%,20.18%,5,中际旭创(光芯片/光通信) 5.61%; 新易盛(光芯片/光通信) 4.71%; 海光信息(电芯片/核心半导体) 3.74%; 中芯国际(电芯片/核心半导体) 3.23%; 天孚通信(光芯片/光通信) 2.89%
016311,中欧优质企业混合A,混合型-偏股,0.00%,0.00%,20.18%,0.00%,20.18%,3,中际旭创(光芯片/光通信) 7.99%; 新易盛(光芯片/光通信) 6.64%; 高伟电子(光芯片/光通信) 5.55%
016312,中欧优质企业混合C,混合型-偏股,0.00%,0.00%,20.18%,0.00%,20.18%,3,中际旭创(光芯片/光通信) 7.99%; 新易盛(光芯片/光通信) 6.64%; 高伟电子(光芯片/光通信) 5.55%
519688,交银精选混合,混合型-偏股,0.00%,0.00%,17.18%,2.97%,20.15%,3,中际旭创(光芯片/光通信) 8.99%; 新易盛(光芯片/光通信) 8.19%; 北方华创(电芯片/核心半导体) 2.97%
007501,万家科创主题灵活配置混合(LOF)C,混合型-灵活,0.00%,10.77%,9.29%,0.00%,20.06%,4,兆易创新(存储) 6.16%; 中际旭创(光芯片/光通信) 5.14%; 澜起科技(存储) 4.61%; 新易盛(光芯片/光通信) 4.15%
501075,万家科创主题灵活配置混合(LOF)A,混合型-灵活,0.00%,10.77%,9.29%,0.00%,20.06%,4,兆易创新(存储) 6.16%; 中际旭创(光芯片/光通信) 5.14%; 澜起科技(存储) 4.61%; 新易盛(光芯片/光通信) 4.15%
018210,红土创新景气回报混合A,混合型-偏股,0.00%,0.00%,20.05%,0.00%,20.05%,3,中际旭创(光芯片/光通信) 8.17%; 新易盛(光芯片/光通信) 7.40%; 源杰科技(光芯片/光通信) 4.48%
018211,红土创新景气回报混合C,混合型-偏股,0.00%,0.00%,20.05%,0.00%,20.05%,3,中际旭创(光芯片/光通信) 8.17%; 新易盛(光芯片/光通信) 7.40%; 源杰科技(光芯片/光通信) 4.48%
001749,招商中国机遇股票A,股票型,0.00%,3.45%,8.14%,8.43%,20.02%,5,寒武纪(电芯片/核心半导体) 4.68%; 新易盛(光芯片/光通信) 4.63%; 海光信息(电芯片/核心半导体) 3.75%; 源杰科技(光芯片/光通信) 3.51%; 兆易创新(存储) 3.45%
011186,信澳至诚精选混合A,混合型-偏股,0.00%,16.85%,0.00%,3.17%,20.02%,4,北京君正(存储) 6.49%; 普冉股份(存储) 6.32%; 兆易创新(存储) 4.04%; 中微公司(电芯片/核心半导体) 3.17%
014953,信澳至诚精选混合C,混合型-偏股,0.00%,16.85%,0.00%,3.17%,20.02%,4,北京君正(存储) 6.49%; 普冉股份(存储) 6.32%; 兆易创新(存储) 4.04%; 中微公司(电芯片/核心半导体) 3.17%
025660,招商中国机遇股票C,股票型,0.00%,3.45%,8.14%,8.43%,20.02%,5,寒武纪(电芯片/核心半导体) 4.68%; 新易盛(光芯片/光通信) 4.63%; 海光信息(电芯片/核心半导体) 3.75%; 源杰科技(光芯片/光通信) 3.51%; 兆易创新(存储) 3.45%
159675,创业板增强ETF嘉实,指数型-股票,0.00%,0.00%,20.00%,0.00%,20.00%,3,中际旭创(光芯片/光通信) 9.42%; 新易盛(光芯片/光通信) 7.74%; 天孚通信(光芯片/光通信) 2.84%
019157,易方达全球配置混合(QDII)A(美元现汇),QDII-混合灵活,3.51%,3.08%,13.40%,0.00%,19.99%,5,Lumentum Holdings Inc(光芯片/光通信) 5.67%; 长飞光纤光缆(光芯片/光通信) 4.57%; AXT Inc(AXTI) 3.51%; 康宁(光芯片/光通信) 3.16%; 美光科技(存储) 3.08%
019156,易方达全球配置混合(QDII)C(人民币),QDII-混合灵活,3.51%,3.08%,13.40%,0.00%,19.99%,5,Lumentum Holdings Inc(光芯片/光通信) 5.67%; 长飞光纤光缆(光芯片/光通信) 4.57%; AXT Inc(AXTI) 3.51%; 康宁(光芯片/光通信) 3.16%; 美光科技(存储) 3.08%
019158,易方达全球配置混合(QDII)C(美元现汇),QDII-混合灵活,3.51%,3.08%,13.40%,0.00%,19.99%,5,Lumentum Holdings Inc(光芯片/光通信) 5.67%; 长飞光纤光缆(光芯片/光通信) 4.57%; AXT Inc(AXTI) 3.51%; 康宁(光芯片/光通信) 3.16%; 美光科技(存储) 3.08%
019155,易方达全球配置混合(QDII)A(人民币),QDII-混合灵活,3.51%,3.08%,13.40%,0.00%,19.99%,5,Lumentum Holdings Inc(光芯片/光通信) 5.67%; 长飞光纤光缆(光芯片/光通信) 4.57%; AXT Inc(AXTI) 3.51%; 康宁(光芯片/光通信) 3.16%; 美光科技(存储) 3.08%
001825,建信中国制造2025股票A,股票型,0.00%,4.51%,15.48%,0.00%,19.99%,3,中际旭创(光芯片/光通信) 9.29%; 新易盛(光芯片/光通信) 6.19%; 兆易创新(存储) 4.51%
014380,建信中国制造2025股票C,股票型,0.00%,4.51%,15.48%,0.00%,19.99%,3,中际旭创(光芯片/光通信) 9.29%; 新易盛(光芯片/光通信) 6.19%; 兆易创新(存储) 4.51%
006265,红土创新新科技股票A,股票型,0.00%,0.00%,19.98%,0.00%,19.98%,3,中际旭创(光芯片/光通信) 8.54%; 新易盛(光芯片/光通信) 8.36%; 源杰科技(光芯片/光通信) 3.08%
026155,红土创新新科技股票C,股票型,0.00%,0.00%,19.98%,0.00%,19.98%,3,中际旭创(光芯片/光通信) 8.54%; 新易盛(光芯片/光通信) 8.36%; 源杰科技(光芯片/光通信) 3.08%
001879,长城创业板指数增强A,指数型-股票,0.00%,0.00%,19.93%,0.00%,19.93%,3,中际旭创(光芯片/光通信) 9.37%; 新易盛(光芯片/光通信) 8.53%; 天孚通信(光芯片/光通信) 2.03%
006928,长城创业板指数增强C,指数型-股票,0.00%,0.00%,19.93%,0.00%,19.93%,3,中际旭创(光芯片/光通信) 9.37%; 新易盛(光芯片/光通信) 8.53%; 天孚通信(光芯片/光通信) 2.03%
012647,中欧洞见一年持有混合,混合型-偏股,0.00%,0.00%,19.91%,0.00%,19.91%,3,中际旭创(光芯片/光通信) 7.97%; 新易盛(光芯片/光通信) 6.48%; 高伟电子(光芯片/光通信) 5.46%
159915,创业板ETF易方达,指数型-股票,0.00%,0.00%,19.38%,0.52%,19.90%,4,中际旭创(光芯片/光通信) 9.30%; 新易盛(光芯片/光通信) 7.53%; 天孚通信(光芯片/光通信) 2.55%; 圣邦股份(电芯片/核心半导体) 0.52%
159958,创业板ETF工银,指数型-股票,0.00%,0.00%,19.90%,0.00%,19.90%,3,中际旭创(光芯片/光通信) 9.51%; 新易盛(光芯片/光通信) 7.77%; 天孚通信(光芯片/光通信) 2.62%
012545,富荣福银混合A,混合型-偏股,0.00%,0.00%,19.89%,0.00%,19.89%,3,新易盛(光芯片/光通信) 7.19%; 天孚通信(光芯片/光通信) 6.53%; 中际旭创(光芯片/光通信) 6.17%
012546,富荣福银混合C,混合型-偏股,0.00%,0.00%,19.89%,0.00%,19.89%,3,新易盛(光芯片/光通信) 7.19%; 天孚通信(光芯片/光通信) 6.53%; 中际旭创(光芯片/光通信) 6.17%
018020,南方核心科技一年持有混合C,混合型-偏股,0.00%,0.00%,0.00%,19.87%,19.87%,3,海光信息(电芯片/核心半导体) 7.69%; 复旦微电(电芯片/核心半导体) 7.47%; 华海清科(电芯片/核心半导体) 4.71%
018019,南方核心科技一年持有混合A,混合型-偏股,0.00%,0.00%,0.00%,19.87%,19.87%,3,海光信息(电芯片/核心半导体) 7.69%; 复旦微电(电芯片/核心半导体) 7.47%; 华海清科(电芯片/核心半导体) 4.71%
009063,财通智慧成长混合C,混合型-偏股,0.00%,0.00%,19.85%,0.00%,19.85%,3,新易盛(光芯片/光通信) 7.97%; 中际旭创(光芯片/光通信) 7.01%; 源杰科技(光芯片/光通信) 4.87%
009062,财通智慧成长混合A,混合型-偏股,0.00%,0.00%,19.85%,0.00%,19.85%,3,新易盛(光芯片/光通信) 7.97%; 中际旭创(光芯片/光通信) 7.01%; 源杰科技(光芯片/光通信) 4.87%
000496,长安产业精选混合A,混合型-灵活,0.00%,0.00%,19.84%,0.00%,19.84%,3,新易盛(光芯片/光通信) 8.45%; 中际旭创(光芯片/光通信) 8.09%; 天孚通信(光芯片/光通信) 3.30%
002071,长安产业精选混合C,混合型-灵活,0.00%,0.00%,19.84%,0.00%,19.84%,3,新易盛(光芯片/光通信) 8.45%; 中际旭创(光芯片/光通信) 8.09%; 天孚通信(光芯片/光通信) 3.30%
007875,国融融兴混合A,混合型-灵活,0.00%,0.00%,0.00%,19.84%,19.84%,4,海光信息(电芯片/核心半导体) 5.55%; 北方华创(电芯片/核心半导体) 4.93%; 中芯国际(电芯片/核心半导体) 4.85%; 中微公司(电芯片/核心半导体) 4.51%
007876,国融融兴混合C,混合型-灵活,0.00%,0.00%,0.00%,19.84%,19.84%,4,海光信息(电芯片/核心半导体) 5.55%; 北方华创(电芯片/核心半导体) 4.93%; 中芯国际(电芯片/核心半导体) 4.85%; 中微公司(电芯片/核心半导体) 4.51%
009808,易方达创新成长混合,混合型-偏股,0.00%,0.00%,19.84%,0.00%,19.84%,3,新易盛(光芯片/光通信) 8.69%; 中际旭创(光芯片/光通信) 7.25%; 长飞光纤光缆(光芯片/光通信) 3.90%
024439,交银瑞安混合A,混合型-偏股,0.00%,0.00%,17.68%,2.15%,19.83%,4,新易盛(光芯片/光通信) 8.21%; 中际旭创(光芯片/光通信) 6.14%; 长飞光纤光缆(光芯片/光通信) 3.33%; 华虹半导体(电芯片/核心半导体) 2.15%
024440,交银瑞安混合C,混合型-偏股,0.00%,0.00%,17.68%,2.15%,19.83%,4,新易盛(光芯片/光通信) 8.21%; 中际旭创(光芯片/光通信) 6.14%; 长飞光纤光缆(光芯片/光通信) 3.33%; 华虹半导体(电芯片/核心半导体) 2.15%
001112,东方红中国优势混合,混合型-灵活,0.00%,0.00%,0.00%,19.83%,19.83%,4,北方华创(电芯片/核心半导体) 6.15%; 中微公司(电芯片/核心半导体) 5.43%; 中芯国际(电芯片/核心半导体) 4.18%; 晶晨股份(电芯片/核心半导体) 4.07%
016029,湘财成长优选一年持有混合A,混合型-偏股,0.00%,6.43%,0.00%,13.39%,19.82%,3,寒武纪(电芯片/核心半导体) 6.87%; 中微公司(电芯片/核心半导体) 6.52%; 兆易创新(存储) 6.43%
016030,湘财成长优选一年持有混合C,混合型-偏股,0.00%,6.43%,0.00%,13.39%,19.82%,3,寒武纪(电芯片/核心半导体) 6.87%; 中微公司(电芯片/核心半导体) 6.52%; 兆易创新(存储) 6.43%
019575,太平科创精选混合发起式A,混合型-偏股,0.00%,0.00%,0.00%,19.81%,19.81%,4,海光信息(电芯片/核心半导体) 6.99%; 中芯国际(电芯片/核心半导体) 5.80%; 中微公司(电芯片/核心半导体) 4.16%; 寒武纪(电芯片/核心半导体) 2.86%
019574,太平科创精选混合发起式C,混合型-偏股,0.00%,0.00%,0.00%,19.81%,19.81%,4,海光信息(电芯片/核心半导体) 6.99%; 中芯国际(电芯片/核心半导体) 5.80%; 中微公司(电芯片/核心半导体) 4.16%; 寒武纪(电芯片/核心半导体) 2.86%
501083,银华科创主题灵活配置混合(LOF),混合型-灵活,0.00%,0.00%,16.22%,3.58%,19.80%,3,新易盛(光芯片/光通信) 8.71%; 中际旭创(光芯片/光通信) 7.51%; 寒武纪(电芯片/核心半导体) 3.58%
020588,景顺长城成长机遇混合C,混合型-偏股,0.00%,4.30%,15.49%,0.00%,19.79%,3,中际旭创(光芯片/光通信) 8.71%; 新易盛(光芯片/光通信) 6.78%; 兆易创新(存储) 4.30%
020587,景顺长城成长机遇混合A,混合型-偏股,0.00%,4.30%,15.49%,0.00%,19.79%,3,中际旭创(光芯片/光通信) 8.71%; 新易盛(光芯片/光通信) 6.78%; 兆易创新(存储) 4.30%
006257,信澳先进智造股票型A,股票型,0.00%,0.00%,0.00%,19.79%,19.79%,3,思特威(电芯片/核心半导体) 8.06%; 华虹半导体(电芯片/核心半导体) 6.13%; 恒玄科技(电芯片/核心半导体) 5.60%
024169,信澳先进智造股票型C,股票型,0.00%,0.00%,0.00%,19.79%,19.79%,3,思特威(电芯片/核心半导体) 8.06%; 华虹半导体(电芯片/核心半导体) 6.13%; 恒玄科技(电芯片/核心半导体) 5.60%
001827,富国研究优选沪港深灵活配置混合A,混合型-灵活,0.00%,0.00%,14.48%,5.30%,19.78%,3,中际旭创(光芯片/光通信) 7.51%; 新易盛(光芯片/光通信) 6.97%; 寒武纪(电芯片/核心半导体) 5.30%
002771,安信新回报混合C,混合型-灵活,0.00%,0.00%,19.78%,0.00%,19.78%,2,新易盛(光芯片/光通信) 9.92%; 中际旭创(光芯片/光通信) 9.86%
002770,安信新回报混合A,混合型-灵活,0.00%,0.00%,19.78%,0.00%,19.78%,2,新易盛(光芯片/光通信) 9.92%; 中际旭创(光芯片/光通信) 9.86%
018246,富国研究优选沪港深灵活配置混合C,混合型-灵活,0.00%,0.00%,14.48%,5.30%,19.78%,3,中际旭创(光芯片/光通信) 7.51%; 新易盛(光芯片/光通信) 6.97%; 寒武纪(电芯片/核心半导体) 5.30%
005449,华夏行业龙头混合,混合型-偏股,0.00%,4.57%,4.81%,10.38%,19.76%,4,海光信息(电芯片/核心半导体) 5.99%; 中际旭创(光芯片/光通信) 4.81%; 兆易创新(存储) 4.57%; 寒武纪(电芯片/核心半导体) 4.39%
001279,中海积极增利混合,混合型-灵活,0.00%,9.80%,5.12%,4.83%,19.75%,4,源杰科技(光芯片/光通信) 5.12%; 北京君正(存储) 5.02%; 芯原股份(电芯片/核心半导体) 4.83%; 澜起科技(存储) 4.78%
015795,天弘创业板指数增强C,指数型-股票,0.00%,0.00%,19.24%,0.50%,19.74%,4,中际旭创(光芯片/光通信) 9.37%; 新易盛(光芯片/光通信) 7.93%; 天孚通信(光芯片/光通信) 1.94%; 中微公司(电芯片/核心半导体) 0.50%
015794,天弘创业板指数增强A,指数型-股票,0.00%,0.00%,19.24%,0.50%,19.74%,4,中际旭创(光芯片/光通信) 9.37%; 新易盛(光芯片/光通信) 7.93%; 天孚通信(光芯片/光通信) 1.94%; 中微公司(电芯片/核心半导体) 0.50%
025165,易方达创业板增强C,指数型-股票,0.00%,0.00%,19.41%,0.27%,19.68%,4,中际旭创(光芯片/光通信) 9.16%; 新易盛(光芯片/光通信) 8.02%; 天孚通信(光芯片/光通信) 2.23%; 寒武纪(电芯片/核心半导体) 0.27%
025164,易方达创业板增强A,指数型-股票,0.00%,0.00%,19.41%,0.27%,19.68%,4,中际旭创(光芯片/光通信) 9.16%; 新易盛(光芯片/光通信) 8.02%; 天孚通信(光芯片/光通信) 2.23%; 寒武纪(电芯片/核心半导体) 0.27%
025860,万家泓裕成长驱动混合发起式A,混合型-偏股,0.00%,0.00%,0.00%,19.68%,19.68%,6,中微公司(电芯片/核心半导体) 3.76%; 北方华创(电芯片/核心半导体) 3.66%; 华海清科(电芯片/核心半导体) 3.27%; 寒武纪(电芯片/核心半导体) 3.22%; 海光信息(电芯片/核心半导体) 2.92%; 中芯国际(电芯片/核心半导体) 2.85%
025861,万家泓裕成长驱动混合发起式C,混合型-偏股,0.00%,0.00%,0.00%,19.68%,19.68%,6,中微公司(电芯片/核心半导体) 3.76%; 北方华创(电芯片/核心半导体) 3.66%; 华海清科(电芯片/核心半导体) 3.27%; 寒武纪(电芯片/核心半导体) 3.22%; 海光信息(电芯片/核心半导体) 2.92%; 中芯国际(电芯片/核心半导体) 2.85%
003587,先锋精一混合C,混合型-灵活,0.00%,0.00%,6.37%,13.21%,19.58%,4,长光华芯(光芯片/光通信) 6.37%; 翱捷科技(电芯片/核心半导体) 5.03%; 海光信息(电芯片/核心半导体) 4.73%; 中微公司(电芯片/核心半导体) 3.45%
003586,先锋精一混合A,混合型-灵活,0.00%,0.00%,6.37%,13.21%,19.58%,4,长光华芯(光芯片/光通信) 6.37%; 翱捷科技(电芯片/核心半导体) 5.03%; 海光信息(电芯片/核心半导体) 4.73%; 中微公司(电芯片/核心半导体) 3.45%
022334,广发产业甄选混合A,混合型-偏股,0.00%,5.55%,0.00%,14.03%,19.58%,4,兆易创新(存储) 5.55%; 中微公司(电芯片/核心半导体) 5.25%; 海光信息(电芯片/核心半导体) 4.61%; 中芯国际(电芯片/核心半导体) 4.17%
022335,广发产业甄选混合C,混合型-偏股,0.00%,5.55%,0.00%,14.03%,19.58%,4,兆易创新(存储) 5.55%; 中微公司(电芯片/核心半导体) 5.25%; 海光信息(电芯片/核心半导体) 4.61%; 中芯国际(电芯片/核心半导体) 4.17%
022365,永赢科技智选混合发起C,混合型-偏股,0.00%,0.00%,19.58%,0.00%,19.58%,2,中际旭创(光芯片/光通信) 9.85%; 新易盛(光芯片/光通信) 9.73%
022364,永赢科技智选混合发起A,混合型-偏股,0.00%,0.00%,19.58%,0.00%,19.58%,2,中际旭创(光芯片/光通信) 9.85%; 新易盛(光芯片/光通信) 9.73%
213003,宝盈策略增长混合,混合型-偏股,0.00%,0.00%,19.53%,0.00%,19.53%,3,新易盛(光芯片/光通信) 9.06%; 中际旭创(光芯片/光通信) 5.27%; 天孚通信(光芯片/光通信) 5.20%
160325,华夏创业板两年定开混合,混合型-偏股,0.00%,0.00%,19.50%,0.00%,19.50%,3,中际旭创(光芯片/光通信) 8.82%; 新易盛(光芯片/光通信) 8.13%; 天孚通信(光芯片/光通信) 2.55%
159131,港股通信息技术ETF华宝,指数型-股票,0.00%,0.00%,0.00%,19.49%,19.49%,2,中芯国际(电芯片/核心半导体) 12.44%; 华虹半导体(电芯片/核心半导体) 7.05%
010442,东方红启盛三年持有混合B,混合型-偏股,0.00%,0.00%,0.00%,19.45%,19.45%,4,北方华创(电芯片/核心半导体) 6.82%; 中芯国际(电芯片/核心半导体) 4.90%; 中微公司(电芯片/核心半导体) 4.01%; 晶晨股份(电芯片/核心半导体) 3.72%
910006,东方红启盛三年持有混合A,混合型-偏股,0.00%,0.00%,0.00%,19.45%,19.45%,4,北方华创(电芯片/核心半导体) 6.82%; 中芯国际(电芯片/核心半导体) 4.90%; 中微公司(电芯片/核心半导体) 4.01%; 晶晨股份(电芯片/核心半导体) 3.72%
159810,创业板ETF浦银,指数型-股票,0.00%,0.00%,19.43%,0.00%,19.43%,3,中际旭创(光芯片/光通信) 9.30%; 新易盛(光芯片/光通信) 7.57%; 天孚通信(光芯片/光通信) 2.56%
169201,浙商鼎盈事件驱动混合,混合型-灵活,0.00%,4.79%,0.00%,14.63%,19.42%,4,中微公司(电芯片/核心半导体) 5.21%; 思瑞浦(电芯片/核心半导体) 5.12%; 普冉股份(存储) 4.79%; 芯原股份(电芯片/核心半导体) 4.30%
159948,创业板ETF南方,指数型-股票,0.00%,0.00%,19.39%,0.00%,19.39%,3,中际旭创(光芯片/光通信) 9.31%; 新易盛(光芯片/光通信) 7.54%; 天孚通信(光芯片/光通信) 2.54%
159977,创业板ETF天弘,指数型-股票,0.00%,0.00%,19.39%,0.00%,19.39%,3,中际旭创(光芯片/光通信) 9.31%; 新易盛(光芯片/光通信) 7.54%; 天孚通信(光芯片/光通信) 2.54%
000963,兴业多策略混合,混合型-灵活,0.00%,0.00%,6.35%,13.01%,19.36%,3,海光信息(电芯片/核心半导体) 6.58%; 寒武纪(电芯片/核心半导体) 6.43%; 长芯博创(光芯片/光通信) 6.35%
001323,东吴移动互联混合A,混合型-灵活,0.00%,0.00%,19.35%,0.00%,19.35%,2,新易盛(光芯片/光通信) 9.82%; 中际旭创(光芯片/光通信) 9.53%
002170,东吴移动互联混合C,混合型-灵活,0.00%,0.00%,19.35%,0.00%,19.35%,2,新易盛(光芯片/光通信) 9.82%; 中际旭创(光芯片/光通信) 9.53%
159964,创业板ETF平安,指数型-股票,0.00%,0.00%,19.35%,0.00%,19.35%,3,中际旭创(光芯片/光通信) 9.29%; 新易盛(光芯片/光通信) 7.52%; 天孚通信(光芯片/光通信) 2.54%
159952,创业板ETF广发,指数型-股票,0.00%,0.00%,19.34%,0.00%,19.34%,3,中际旭创(光芯片/光通信) 9.32%; 新易盛(光芯片/光通信) 7.50%; 天孚通信(光芯片/光通信) 2.52%
159971,创业板ETF富国,指数型-股票,0.00%,0.00%,19.34%,0.00%,19.34%,3,中际旭创(光芯片/光通信) 9.29%; 新易盛(光芯片/光通信) 7.51%; 天孚通信(光芯片/光通信) 2.54%
159957,创业板ETF华夏,指数型-股票,0.00%,0.00%,19.33%,0.00%,19.33%,3,中际旭创(光芯片/光通信) 9.27%; 新易盛(光芯片/光通信) 7.52%; 天孚通信(光芯片/光通信) 2.54%
015361,西部利得新盈混合C,混合型-灵活,0.00%,0.00%,19.30%,0.00%,19.30%,2,新易盛(光芯片/光通信) 9.77%; 中际旭创(光芯片/光通信) 9.53%
159205,创业板ETF东财,指数型-股票,0.00%,0.00%,19.30%,0.00%,19.30%,3,中际旭创(光芯片/光通信) 9.28%; 新易盛(光芯片/光通信) 7.50%; 天孚通信(光芯片/光通信) 2.52%
159821,创业板ETF中银证券,指数型-股票,0.00%,0.00%,19.30%,0.00%,19.30%,3,中际旭创(光芯片/光通信) 9.33%; 新易盛(光芯片/光通信) 7.53%; 天孚通信(光芯片/光通信) 2.44%
159808,创100ETF融通,指数型-股票,0.00%,0.00%,19.30%,0.00%,19.30%,3,中际旭创(光芯片/光通信) 9.26%; 新易盛(光芯片/光通信) 7.51%; 天孚通信(光芯片/光通信) 2.53%
673050,西部利得新盈混合A,混合型-灵活,0.00%,0.00%,19.30%,0.00%,19.30%,2,新易盛(光芯片/光通信) 9.77%; 中际旭创(光芯片/光通信) 9.53%
159956,创业板ETF建信,指数型-股票,0.00%,0.00%,19.27%,0.00%,19.27%,3,中际旭创(光芯片/光通信) 9.27%; 新易盛(光芯片/光通信) 7.48%; 天孚通信(光芯片/光通信) 2.52%
589550,科创价值ETF华夏,指数型-股票,0.00%,2.92%,0.00%,16.34%,19.26%,5,中芯国际(电芯片/核心半导体) 5.49%; 寒武纪(电芯片/核心半导体) 4.07%; 海光信息(电芯片/核心半导体) 3.98%; 澜起科技(存储) 2.92%; 中微公司(电芯片/核心半导体) 2.80%
013383,恒生前海高端制造混合A,混合型-偏股,0.00%,0.00%,19.25%,0.00%,19.25%,4,新易盛(光芯片/光通信) 7.12%; 中际旭创(光芯片/光通信) 6.87%; 德科立(光芯片/光通信) 2.66%; 太辰光(光芯片/光通信) 2.60%
013384,恒生前海高端制造混合C,混合型-偏股,0.00%,0.00%,19.25%,0.00%,19.25%,4,新易盛(光芯片/光通信) 7.12%; 中际旭创(光芯片/光通信) 6.87%; 德科立(光芯片/光通信) 2.66%; 太辰光(光芯片/光通信) 2.60%
159247,创业板ETF汇添富,指数型-股票,0.00%,0.00%,19.23%,0.00%,19.23%,3,中际旭创(光芯片/光通信) 9.22%; 新易盛(光芯片/光通信) 7.47%; 天孚通信(光芯片/光通信) 2.54%
010287,海富通成长价值混合C,混合型-偏股,0.00%,4.10%,0.00%,15.12%,19.22%,3,中微公司(电芯片/核心半导体) 9.55%; 北方华创(电芯片/核心半导体) 5.57%; 兆易创新(存储) 4.10%
010286,海富通成长价值混合A,混合型-偏股,0.00%,4.10%,0.00%,15.12%,19.22%,3,中微公司(电芯片/核心半导体) 9.55%; 北方华创(电芯片/核心半导体) 5.57%; 兆易创新(存储) 4.10%
017746,建信电子行业股票A,股票型,0.00%,0.00%,0.00%,19.21%,19.21%,3,芯原股份(电芯片/核心半导体) 7.63%; 华虹半导体(电芯片/核心半导体) 6.60%; 中微公司(电芯片/核心半导体) 4.98%
017747,建信电子行业股票C,股票型,0.00%,0.00%,0.00%,19.21%,19.21%,3,芯原股份(电芯片/核心半导体) 7.63%; 华虹半导体(电芯片/核心半导体) 6.60%; 中微公司(电芯片/核心半导体) 4.98%
159908,创业板ETF博时,指数型-股票,0.00%,0.00%,19.17%,0.00%,19.17%,3,中际旭创(光芯片/光通信) 9.20%; 新易盛(光芯片/光通信) 7.44%; 天孚通信(光芯片/光通信) 2.53%
910024,东方红启阳三年持有混合A,混合型-偏股,0.00%,0.00%,0.00%,19.17%,19.17%,4,北方华创(电芯片/核心半导体) 6.81%; 中芯国际(电芯片/核心半导体) 4.74%; 中微公司(电芯片/核心半导体) 4.01%; 晶晨股份(电芯片/核心半导体) 3.61%
025919,易方达科技先锋混合C,混合型-偏股,0.00%,0.00%,16.39%,2.76%,19.15%,4,中际旭创(光芯片/光通信) 6.66%; 新易盛(光芯片/光通信) 6.57%; 长飞光纤光缆(光芯片/光通信) 3.16%; 芯原股份(电芯片/核心半导体) 2.76%
025918,易方达科技先锋混合A,混合型-偏股,0.00%,0.00%,16.39%,2.76%,19.15%,4,中际旭创(光芯片/光通信) 6.66%; 新易盛(光芯片/光通信) 6.57%; 长飞光纤光缆(光芯片/光通信) 3.16%; 芯原股份(电芯片/核心半导体) 2.76%
006010,国融融银灵活配置混合C,混合型-灵活,0.00%,0.00%,19.13%,0.00%,19.13%,4,光库科技(光芯片/光通信) 5.09%; 仕佳光子(光芯片/光通信) 4.83%; 天孚通信(光芯片/光通信) 4.70%; 新易盛(光芯片/光通信) 4.51%
006009,国融融银灵活配置混合A,混合型-灵活,0.00%,0.00%,19.13%,0.00%,19.13%,4,光库科技(光芯片/光通信) 5.09%; 仕佳光子(光芯片/光通信) 4.83%; 天孚通信(光芯片/光通信) 4.70%; 新易盛(光芯片/光通信) 4.51%
016664,天弘全球高端制造混合(QDII)A,QDII-混合偏股,0.00%,0.00%,9.64%,9.49%,19.13%,7,英伟达(电芯片/核心半导体) 3.65%; 博通(电芯片/核心半导体) 3.07%; 台积电(电芯片/核心半导体) 2.77%; Lumentum Holdings Inc(光芯片/光通信) 2.69%; 中际旭创(光芯片/光通信) 2.44%; Coherent Corp(光芯片/光通信) 2.28%; 新易盛(光芯片/光通信) 2.23%
016665,天弘全球高端制造混合(QDII)C,QDII-混合偏股,0.00%,0.00%,9.64%,9.49%,19.13%,7,英伟达(电芯片/核心半导体) 3.65%; 博通(电芯片/核心半导体) 3.07%; 台积电(电芯片/核心半导体) 2.77%; Lumentum Holdings Inc(光芯片/光通信) 2.69%; 中际旭创(光芯片/光通信) 2.44%; Coherent Corp(光芯片/光通信) 2.28%; 新易盛(光芯片/光通信) 2.23%
004870,融通创业板指数C,指数型-股票,0.00%,0.00%,19.08%,0.00%,19.08%,3,中际旭创(光芯片/光通信) 8.52%; 新易盛(光芯片/光通信) 8.00%; 天孚通信(光芯片/光通信) 2.56%
161613,融通创业板指数A,指数型-股票,0.00%,0.00%,19.08%,0.00%,19.08%,3,中际旭创(光芯片/光通信) 8.52%; 新易盛(光芯片/光通信) 8.00%; 天孚通信(光芯片/光通信) 2.56%
517950,沪深港科技50ETF交银,指数型-股票,0.00%,0.00%,4.76%,14.32%,19.08%,4,北方华创(电芯片/核心半导体) 5.78%; 中际旭创(光芯片/光通信) 4.76%; 海光信息(电芯片/核心半导体) 4.65%; 寒武纪(电芯片/核心半导体) 3.89%
009908,湘财长泽灵活配置混合C,混合型-灵活,0.00%,0.00%,10.40%,8.67%,19.07%,4,天孚通信(光芯片/光通信) 6.33%; 中芯国际(电芯片/核心半导体) 5.06%; 新易盛(光芯片/光通信) 4.07%; 寒武纪(电芯片/核心半导体) 3.61%
009907,湘财长泽灵活配置混合A,混合型-灵活,0.00%,0.00%,10.40%,8.67%,19.07%,4,天孚通信(光芯片/光通信) 6.33%; 中芯国际(电芯片/核心半导体) 5.06%; 新易盛(光芯片/光通信) 4.07%; 寒武纪(电芯片/核心半导体) 3.61%
014335,中信保诚周期轮动混合(LOF)C,混合型-偏股,0.00%,2.88%,8.62%,7.57%,19.07%,5,中际旭创(光芯片/光通信) 5.46%; 思特威(电芯片/核心半导体) 4.37%; 芯原股份(电芯片/核心半导体) 3.20%; 新易盛(光芯片/光通信) 3.16%; 澜起科技(存储) 2.88%
165516,中信保诚周期轮动混合(LOF)A,混合型-偏股,0.00%,2.88%,8.62%,7.57%,19.07%,5,中际旭创(光芯片/光通信) 5.46%; 思特威(电芯片/核心半导体) 4.37%; 芯原股份(电芯片/核心半导体) 3.20%; 新易盛(光芯片/光通信) 3.16%; 澜起科技(存储) 2.88%
015986,中海新兴成长六个月持有期混合,混合型-偏股,0.00%,19.00%,0.00%,0.00%,19.00%,3,兆易创新(存储) 6.75%; 澜起科技(存储) 6.39%; 北京君正(存储) 5.86%
018554,交银启嘉混合A,混合型-偏股,0.00%,0.00%,16.88%,2.09%,18.97%,4,新易盛(光芯片/光通信) 8.40%; 中际旭创(光芯片/光通信) 6.04%; 长飞光纤光缆(光芯片/光通信) 2.44%; 华虹半导体(电芯片/核心半导体) 2.09%
018555,交银启嘉混合C,混合型-偏股,0.00%,0.00%,16.88%,2.09%,18.97%,4,新易盛(光芯片/光通信) 8.40%; 中际旭创(光芯片/光通信) 6.04%; 长飞光纤光缆(光芯片/光通信) 2.44%; 华虹半导体(电芯片/核心半导体) 2.09%
010033,安信成长精选混合A,混合型-偏股,0.00%,0.00%,18.94%,0.00%,18.94%,2,新易盛(光芯片/光通信) 9.72%; 中际旭创(光芯片/光通信) 9.22%
010034,安信成长精选混合C,混合型-偏股,0.00%,0.00%,18.94%,0.00%,18.94%,2,新易盛(光芯片/光通信) 9.72%; 中际旭创(光芯片/光通信) 9.22%
015080,永赢成长远航一年持有混合C,混合型-偏股,0.00%,8.65%,10.29%,0.00%,18.94%,4,中际旭创(光芯片/光通信) 5.50%; 新易盛(光芯片/光通信) 4.79%; 兆易创新(存储) 4.54%; 佰维存储(存储) 4.11%
015079,永赢成长远航一年持有混合A,混合型-偏股,0.00%,8.65%,10.29%,0.00%,18.94%,4,中际旭创(光芯片/光通信) 5.50%; 新易盛(光芯片/光通信) 4.79%; 兆易创新(存储) 4.54%; 佰维存储(存储) 4.11%
501085,财通科创主题灵活配置混合(LOF),混合型-灵活,0.00%,0.00%,18.93%,0.00%,18.93%,3,新易盛(光芯片/光通信) 9.23%; 中际旭创(光芯片/光通信) 6.31%; 天孚通信(光芯片/光通信) 3.39%
009651,海富通成长甄选混合A,混合型-偏股,0.00%,0.00%,18.91%,0.00%,18.91%,2,新易盛(光芯片/光通信) 9.55%; 中际旭创(光芯片/光通信) 9.36%
009652,海富通成长甄选混合C,混合型-偏股,0.00%,0.00%,18.91%,0.00%,18.91%,2,新易盛(光芯片/光通信) 9.55%; 中际旭创(光芯片/光通信) 9.36%
000940,富国中小盘精选混合A,混合型-偏股,0.00%,0.00%,18.88%,0.00%,18.88%,3,新易盛(光芯片/光通信) 8.69%; 中际旭创(光芯片/光通信) 7.11%; 德科立(光芯片/光通信) 3.08%
015690,富国中小盘精选混合C,混合型-偏股,0.00%,0.00%,18.88%,0.00%,18.88%,3,新易盛(光芯片/光通信) 8.69%; 中际旭创(光芯片/光通信) 7.11%; 德科立(光芯片/光通信) 3.08%
025170,博时创业板指数增强A,指数型-股票,0.00%,0.00%,18.87%,0.00%,18.87%,3,中际旭创(光芯片/光通信) 8.97%; 新易盛(光芯片/光通信) 7.46%; 天孚通信(光芯片/光通信) 2.44%
025171,博时创业板指数增强C,指数型-股票,0.00%,0.00%,18.87%,0.00%,18.87%,3,中际旭创(光芯片/光通信) 8.97%; 新易盛(光芯片/光通信) 7.46%; 天孚通信(光芯片/光通信) 2.44%
023902,博道上证科创板综合指数增强C,指数型-股票,0.00%,3.41%,0.00%,15.45%,18.86%,6,海光信息(电芯片/核心半导体) 5.49%; 寒武纪(电芯片/核心半导体) 5.32%; 中微公司(电芯片/核心半导体) 2.61%; 中芯国际(电芯片/核心半导体) 2.03%; 澜起科技(存储) 1.90%; 佰维存储(存储) 1.51%
023901,博道上证科创板综合指数增强A,指数型-股票,0.00%,3.41%,0.00%,15.45%,18.86%,6,海光信息(电芯片/核心半导体) 5.49%; 寒武纪(电芯片/核心半导体) 5.32%; 中微公司(电芯片/核心半导体) 2.61%; 中芯国际(电芯片/核心半导体) 2.03%; 澜起科技(存储) 1.90%; 佰维存储(存储) 1.51%
014818,国金新兴价值混合A,混合型-偏股,0.00%,0.00%,6.30%,12.55%,18.85%,3,寒武纪(电芯片/核心半导体) 7.02%; 长飞光纤光缆(光芯片/光通信) 6.30%; 华虹半导体(电芯片/核心半导体) 5.53%
014819,国金新兴价值混合C,混合型-偏股,0.00%,0.00%,6.30%,12.55%,18.85%,3,寒武纪(电芯片/核心半导体) 7.02%; 长飞光纤光缆(光芯片/光通信) 6.30%; 华虹半导体(电芯片/核心半导体) 5.53%
000039,农银高增长混合,混合型-偏股,0.00%,0.00%,6.48%,12.34%,18.82%,5,海光信息(电芯片/核心半导体) 4.70%; 寒武纪(电芯片/核心半导体) 4.50%; 中际旭创(光芯片/光通信) 3.25%; 新易盛(光芯片/光通信) 3.23%; 北方华创(电芯片/核心半导体) 3.14%
019220,中信保诚先进制造混合C,混合型-偏股,0.00%,4.23%,9.92%,4.67%,18.82%,4,新易盛(光芯片/光通信) 5.30%; 寒武纪(电芯片/核心半导体) 4.67%; 中际旭创(光芯片/光通信) 4.62%; 澜起科技(存储) 4.23%
019219,中信保诚先进制造混合A,混合型-偏股,0.00%,4.23%,9.92%,4.67%,18.82%,4,新易盛(光芯片/光通信) 5.30%; 寒武纪(电芯片/核心半导体) 4.67%; 中际旭创(光芯片/光通信) 4.62%; 澜起科技(存储) 4.23%
024858,天弘创业板指数量化增强C,指数型-股票,0.00%,0.00%,18.82%,0.00%,18.82%,3,中际旭创(光芯片/光通信) 9.32%; 新易盛(光芯片/光通信) 7.62%; 天孚通信(光芯片/光通信) 1.88%
024857,天弘创业板指数量化增强A,指数型-股票,0.00%,0.00%,18.82%,0.00%,18.82%,3,中际旭创(光芯片/光通信) 9.32%; 新易盛(光芯片/光通信) 7.62%; 天孚通信(光芯片/光通信) 1.88%
016256,中信保诚中小盘混合C,混合型-偏股,0.00%,3.53%,8.59%,6.65%,18.77%,5,中际旭创(光芯片/光通信) 4.78%; 新易盛(光芯片/光通信) 3.81%; 澜起科技(存储) 3.53%; 思特威(电芯片/核心半导体) 3.41%; 芯原股份(电芯片/核心半导体) 3.24%
550009,中信保诚中小盘混合A,混合型-偏股,0.00%,3.53%,8.59%,6.65%,18.77%,5,中际旭创(光芯片/光通信) 4.78%; 新易盛(光芯片/光通信) 3.81%; 澜起科技(存储) 3.53%; 思特威(电芯片/核心半导体) 3.41%; 芯原股份(电芯片/核心半导体) 3.24%
016097,东吴兴弘一年持有混合A,混合型-偏股,0.00%,0.00%,18.72%,0.00%,18.72%,2,中际旭创(光芯片/光通信) 9.38%; 新易盛(光芯片/光通信) 9.34%
016098,东吴兴弘一年持有混合C,混合型-偏股,0.00%,0.00%,18.72%,0.00%,18.72%,2,中际旭创(光芯片/光通信) 9.38%; 新易盛(光芯片/光通信) 9.34%
001216,易方达新收益混合A,混合型-灵活,0.00%,0.00%,4.74%,13.96%,18.70%,3,芯原股份(电芯片/核心半导体) 9.74%; 新易盛(光芯片/光通信) 4.74%; 寒武纪(电芯片/核心半导体) 4.22%
001217,易方达新收益混合C,混合型-灵活,0.00%,0.00%,4.74%,13.96%,18.70%,3,芯原股份(电芯片/核心半导体) 9.74%; 新易盛(光芯片/光通信) 4.74%; 寒武纪(电芯片/核心半导体) 4.22%
002768,华安安进灵活配置混合发起式A,混合型-灵活,0.00%,0.00%,18.69%,0.00%,18.69%,3,天孚通信(光芯片/光通信) 8.41%; 中际旭创(光芯片/光通信) 7.30%; 德科立(光芯片/光通信) 2.98%
016182,华安安进灵活配置混合发起式C,混合型-灵活,0.00%,0.00%,18.69%,0.00%,18.69%,3,天孚通信(光芯片/光通信) 8.41%; 中际旭创(光芯片/光通信) 7.30%; 德科立(光芯片/光通信) 2.98%
169101,东方红睿丰混合,混合型-灵活,0.00%,0.00%,18.68%,0.00%,18.68%,2,新易盛(光芯片/光通信) 9.43%; 中际旭创(光芯片/光通信) 9.25%
006868,华夏科技成长股票,股票型,0.00%,0.00%,0.00%,18.66%,18.66%,4,北方华创(电芯片/核心半导体) 5.35%; 寒武纪(电芯片/核心半导体) 4.68%; 思瑞浦(电芯片/核心半导体) 4.32%; 海光信息(电芯片/核心半导体) 4.31%
000259,农银区间收益混合,混合型-灵活,0.00%,0.00%,10.58%,8.08%,18.66%,8,源杰科技(光芯片/光通信) 3.94%; 寒武纪(电芯片/核心半导体) 3.13%; 新易盛(光芯片/光通信) 2.72%; 中际旭创(光芯片/光通信) 2.41%; 中芯国际(电芯片/核心半导体) 1.70%; 海光信息(电芯片/核心半导体) 1.64%; 北方华创(电芯片/核心半导体) 1.61%; 天孚通信(光芯片/光通信) 1.51%
003857,前海开源周期优选混合A,混合型-灵活,0.00%,0.00%,18.66%,0.00%,18.66%,3,源杰科技(光芯片/光通信) 7.48%; 中际旭创(光芯片/光通信) 5.98%; 新易盛(光芯片/光通信) 5.20%
003858,前海开源周期优选混合C,混合型-灵活,0.00%,0.00%,18.66%,0.00%,18.66%,3,源杰科技(光芯片/光通信) 7.48%; 中际旭创(光芯片/光通信) 5.98%; 新易盛(光芯片/光通信) 5.20%
011377,创金合信积极成长股票A,股票型,0.00%,0.00%,0.00%,18.65%,18.65%,3,中微公司(电芯片/核心半导体) 9.28%; 北方华创(电芯片/核心半导体) 4.99%; 思瑞浦(电芯片/核心半导体) 4.38%
011378,创金合信积极成长股票C,股票型,0.00%,0.00%,0.00%,18.65%,18.65%,3,中微公司(电芯片/核心半导体) 9.28%; 北方华创(电芯片/核心半导体) 4.99%; 思瑞浦(电芯片/核心半导体) 4.38%
213008,宝盈资源优选混合,混合型-偏股,0.00%,0.00%,18.65%,0.00%,18.65%,2,新易盛(光芯片/光通信) 9.50%; 中际旭创(光芯片/光通信) 9.15%
563010,电信ETF易方达,指数型-股票,0.00%,0.00%,18.64%,0.00%,18.64%,3,中际旭创(光芯片/光通信) 7.69%; 新易盛(光芯片/光通信) 7.40%; 天孚通信(光芯片/光通信) 3.55%
009981,万家创业板指数增强A,指数型-股票,0.00%,0.00%,18.63%,0.00%,18.63%,3,中际旭创(光芯片/光通信) 8.20%; 新易盛(光芯片/光通信) 7.41%; 天孚通信(光芯片/光通信) 3.02%
009982,万家创业板指数增强C,指数型-股票,0.00%,0.00%,18.63%,0.00%,18.63%,3,中际旭创(光芯片/光通信) 8.20%; 新易盛(光芯片/光通信) 7.41%; 天孚通信(光芯片/光通信) 3.02%
020966,东吴科技创新混合A,混合型-偏股,0.00%,0.00%,18.62%,0.00%,18.62%,2,新易盛(光芯片/光通信) 9.50%; 中际旭创(光芯片/光通信) 9.12%
020967,东吴科技创新混合C,混合型-偏股,0.00%,0.00%,18.62%,0.00%,18.62%,2,新易盛(光芯片/光通信) 9.50%; 中际旭创(光芯片/光通信) 9.12%
007120,睿远成长价值混合C,混合型-偏股,0.00%,0.00%,18.57%,0.00%,18.57%,2,新易盛(光芯片/光通信) 9.45%; 中际旭创(光芯片/光通信) 9.12%
007119,睿远成长价值混合A,混合型-偏股,0.00%,0.00%,18.57%,0.00%,18.57%,2,新易盛(光芯片/光通信) 9.45%; 中际旭创(光芯片/光通信) 9.12%
560300,电信ETF汇添富,指数型-股票,0.00%,0.00%,18.56%,0.00%,18.56%,3,中际旭创(光芯片/光通信) 7.64%; 新易盛(光芯片/光通信) 7.39%; 天孚通信(光芯片/光通信) 3.53%
000209,中信保诚新兴产业混合A,混合型-偏股,0.00%,2.41%,7.59%,8.54%,18.54%,6,中际旭创(光芯片/光通信) 4.73%; 思特威(电芯片/核心半导体) 3.59%; 新易盛(光芯片/光通信) 2.86%; 海光信息(电芯片/核心半导体) 2.60%; 澜起科技(存储) 2.41%; 芯原股份(电芯片/核心半导体) 2.35%
013526,中信保诚新兴产业混合C,混合型-偏股,0.00%,2.41%,7.59%,8.54%,18.54%,6,中际旭创(光芯片/光通信) 4.73%; 思特威(电芯片/核心半导体) 3.59%; 新易盛(光芯片/光通信) 2.86%; 海光信息(电芯片/核心半导体) 2.60%; 澜起科技(存储) 2.41%; 芯原股份(电芯片/核心半导体) 2.35%
015152,东吴嘉禾优势精选混合C,混合型-灵活,0.00%,0.00%,18.53%,0.00%,18.53%,2,新易盛(光芯片/光通信) 9.28%; 中际旭创(光芯片/光通信) 9.25%
580001,东吴嘉禾优势精选混合A,混合型-灵活,0.00%,0.00%,18.53%,0.00%,18.53%,2,新易盛(光芯片/光通信) 9.28%; 中际旭创(光芯片/光通信) 9.25%
013239,财通均衡优选一年持有混合C,混合型-偏股,0.00%,0.00%,18.52%,0.00%,18.52%,3,中际旭创(光芯片/光通信) 6.96%; 新易盛(光芯片/光通信) 6.77%; 源杰科技(光芯片/光通信) 4.79%
013238,财通均衡优选一年持有混合A,混合型-偏股,0.00%,0.00%,18.52%,0.00%,18.52%,3,中际旭创(光芯片/光通信) 6.96%; 新易盛(光芯片/光通信) 6.77%; 源杰科技(光芯片/光通信) 4.79%
023421,永赢锐见先锋混合C,混合型-偏股,0.00%,15.61%,2.91%,0.00%,18.52%,4,佰维存储(存储) 5.84%; 北京君正(存储) 4.95%; 兆易创新(存储) 4.82%; 中际旭创(光芯片/光通信) 2.91%
023420,永赢锐见先锋混合A,混合型-偏股,0.00%,15.61%,2.91%,0.00%,18.52%,4,佰维存储(存储) 5.84%; 北京君正(存储) 4.95%; 兆易创新(存储) 4.82%; 中际旭创(光芯片/光通信) 2.91%
004677,博时战略新兴产业混合,混合型-灵活,0.00%,0.00%,18.47%,0.00%,18.47%,3,中际旭创(光芯片/光通信) 7.24%; 新易盛(光芯片/光通信) 7.10%; 天孚通信(光芯片/光通信) 4.13%
009812,易方达悦兴一年持有期混合A,混合型-偏债,0.00%,0.00%,8.24%,10.23%,18.47%,5,新易盛(光芯片/光通信) 6.81%; 芯原股份(电芯片/核心半导体) 5.08%; 寒武纪(电芯片/核心半导体) 3.99%; 中际旭创(光芯片/光通信) 1.43%; 海光信息(电芯片/核心半导体) 1.16%
009813,易方达悦兴一年持有期混合C,混合型-偏债,0.00%,0.00%,8.24%,10.23%,18.47%,5,新易盛(光芯片/光通信) 6.81%; 芯原股份(电芯片/核心半导体) 5.08%; 寒武纪(电芯片/核心半导体) 3.99%; 中际旭创(光芯片/光通信) 1.43%; 海光信息(电芯片/核心半导体) 1.16%
011885,工银景气优选混合C,混合型-偏股,0.00%,0.00%,14.56%,3.89%,18.45%,3,中际旭创(光芯片/光通信) 9.36%; 源杰科技(光芯片/光通信) 5.20%; 寒武纪(电芯片/核心半导体) 3.89%
011884,工银景气优选混合A,混合型-偏股,0.00%,0.00%,14.56%,3.89%,18.45%,3,中际旭创(光芯片/光通信) 9.36%; 源杰科技(光芯片/光通信) 5.20%; 寒武纪(电芯片/核心半导体) 3.89%
010330,东吴兴享成长混合A,混合型-偏股,0.00%,0.00%,18.44%,0.00%,18.44%,2,新易盛(光芯片/光通信) 9.30%; 中际旭创(光芯片/光通信) 9.14%
011462,东吴兴享成长混合C,混合型-偏股,0.00%,0.00%,18.44%,0.00%,18.44%,2,新易盛(光芯片/光通信) 9.30%; 中际旭创(光芯片/光通信) 9.14%
020870,华夏创业板指数发起式A,指数型-股票,0.00%,0.00%,18.44%,0.00%,18.44%,3,中际旭创(光芯片/光通信) 8.86%; 新易盛(光芯片/光通信) 7.17%; 天孚通信(光芯片/光通信) 2.41%
020871,华夏创业板指数发起式C,指数型-股票,0.00%,0.00%,18.44%,0.00%,18.44%,3,中际旭创(光芯片/光通信) 8.86%; 新易盛(光芯片/光通信) 7.17%; 天孚通信(光芯片/光通信) 2.41%
020872,华夏创业板指数发起式E,指数型-股票,0.00%,0.00%,18.44%,0.00%,18.44%,3,中际旭创(光芯片/光通信) 8.86%; 新易盛(光芯片/光通信) 7.17%; 天孚通信(光芯片/光通信) 2.41%
000063,长盛电子信息主题混合A,混合型-灵活,0.00%,4.21%,0.00%,14.23%,18.44%,4,海光信息(电芯片/核心半导体) 5.62%; 芯原股份(电芯片/核心半导体) 4.52%; 兆易创新(存储) 4.21%; 北方华创(电芯片/核心半导体) 4.09%
026822,长盛电子信息主题混合C,混合型-灵活,0.00%,4.21%,0.00%,14.23%,18.44%,4,海光信息(电芯片/核心半导体) 5.62%; 芯原股份(电芯片/核心半导体) 4.52%; 兆易创新(存储) 4.21%; 北方华创(电芯片/核心半导体) 4.09%
011470,东吴新产业精选股票C,股票型,0.00%,0.00%,18.43%,0.00%,18.43%,2,新易盛(光芯片/光通信) 9.30%; 中际旭创(光芯片/光通信) 9.13%
580008,东吴新产业精选股票A,股票型,0.00%,0.00%,18.43%,0.00%,18.43%,2,新易盛(光芯片/光通信) 9.30%; 中际旭创(光芯片/光通信) 9.13%
001322,东吴新趋势价值线混合,混合型-灵活,0.00%,0.00%,18.42%,0.00%,18.42%,2,新易盛(光芯片/光通信) 9.26%; 中际旭创(光芯片/光通信) 9.16%
560690,电信ETF鹏华,指数型-股票,0.00%,0.00%,18.41%,0.00%,18.41%,3,中际旭创(光芯片/光通信) 7.60%; 新易盛(光芯片/光通信) 7.30%; 天孚通信(光芯片/光通信) 3.51%
001668,汇添富全球移动互联混合(QDII)人民币A,QDII-混合灵活,0.00%,2.21%,0.00%,16.19%,18.40%,4,英伟达(电芯片/核心半导体) 8.96%; 博通(电芯片/核心半导体) 3.89%; 台积电(电芯片/核心半导体) 3.34%; 美光科技(存储) 2.21%
006426,汇添富全球移动互联混合(QDII)美元现汇,QDII-混合灵活,0.00%,2.21%,0.00%,16.19%,18.40%,4,英伟达(电芯片/核心半导体) 8.96%; 博通(电芯片/核心半导体) 3.89%; 台积电(电芯片/核心半导体) 3.34%; 美光科技(存储) 2.21%
007665,永赢创业板指数发起式C,指数型-股票,0.00%,0.00%,18.40%,0.00%,18.40%,3,中际旭创(光芯片/光通信) 8.84%; 新易盛(光芯片/光通信) 7.15%; 天孚通信(光芯片/光通信) 2.41%
007664,永赢创业板指数发起式A,指数型-股票,0.00%,0.00%,18.40%,0.00%,18.40%,3,中际旭创(光芯片/光通信) 8.84%; 新易盛(光芯片/光通信) 7.15%; 天孚通信(光芯片/光通信) 2.41%
015202,汇添富全球移动互联混合(QDII)人民币C,QDII-混合灵活,0.00%,2.21%,0.00%,16.19%,18.40%,4,英伟达(电芯片/核心半导体) 8.96%; 博通(电芯片/核心半导体) 3.89%; 台积电(电芯片/核心半导体) 3.34%; 美光科技(存储) 2.21%
015203,汇添富全球移动互联混合(QDII)人民币D,QDII-混合灵活,0.00%,2.21%,0.00%,16.19%,18.40%,4,英伟达(电芯片/核心半导体) 8.96%; 博通(电芯片/核心半导体) 3.89%; 台积电(电芯片/核心半导体) 3.34%; 美光科技(存储) 2.21%
160143,南方创业板2年定期开放混合,混合型-偏股,0.00%,0.00%,18.39%,0.00%,18.39%,3,中际旭创(光芯片/光通信) 7.45%; 新易盛(光芯片/光通信) 6.01%; 天孚通信(光芯片/光通信) 4.93%
010785,博时创业板指数A,指数型-股票,0.00%,0.00%,18.38%,0.00%,18.38%,3,中际旭创(光芯片/光通信) 8.85%; 新易盛(光芯片/光通信) 7.13%; 天孚通信(光芯片/光通信) 2.40%
010786,博时创业板指数C,指数型-股票,0.00%,0.00%,18.38%,0.00%,18.38%,3,中际旭创(光芯片/光通信) 8.85%; 新易盛(光芯片/光通信) 7.13%; 天孚通信(光芯片/光通信) 2.40%
026151,农银创业板指数A,指数型-股票,0.00%,0.00%,18.37%,0.00%,18.37%,3,中际旭创(光芯片/光通信) 8.83%; 新易盛(光芯片/光通信) 7.13%; 天孚通信(光芯片/光通信) 2.41%
026152,农银创业板指数C,指数型-股票,0.00%,0.00%,18.37%,0.00%,18.37%,3,中际旭创(光芯片/光通信) 8.83%; 新易盛(光芯片/光通信) 7.13%; 天孚通信(光芯片/光通信) 2.41%
000619,东方红产业升级混合,混合型-灵活,0.00%,0.00%,18.36%,0.00%,18.36%,2,新易盛(光芯片/光通信) 9.51%; 中际旭创(光芯片/光通信) 8.85%
013775,易方达趋势优选混合C,混合型-偏股,0.00%,0.00%,18.33%,0.00%,18.33%,3,中际旭创(光芯片/光通信) 9.15%; 新易盛(光芯片/光通信) 5.89%; 光迅科技(光芯片/光通信) 3.29%
013774,易方达趋势优选混合A,混合型-偏股,0.00%,0.00%,18.33%,0.00%,18.33%,3,中际旭创(光芯片/光通信) 9.15%; 新易盛(光芯片/光通信) 5.89%; 光迅科技(光芯片/光通信) 3.29%
560170,央企科技ETF南方,指数型-股票,0.00%,5.40%,4.61%,8.31%,18.32%,4,长电科技(存储) 5.40%; 光迅科技(光芯片/光通信) 4.61%; 海光信息(电芯片/核心半导体) 4.50%; 中芯国际(电芯片/核心半导体) 3.81%
001933,华商新兴活力混合,混合型-灵活,0.00%,0.00%,15.32%,3.00%,18.32%,3,中际旭创(光芯片/光通信) 8.17%; 新易盛(光芯片/光通信) 7.15%; 寒武纪(电芯片/核心半导体) 3.00%
011031,达诚价值先锋灵活配置C,混合型-灵活,0.00%,0.00%,16.08%,2.23%,18.31%,5,中际旭创(光芯片/光通信) 4.43%; 新易盛(光芯片/光通信) 4.33%; 天孚通信(光芯片/光通信) 3.73%; 源杰科技(光芯片/光通信) 3.59%; 寒武纪(电芯片/核心半导体) 2.23%
011030,达诚价值先锋灵活配置A,混合型-灵活,0.00%,0.00%,16.08%,2.23%,18.31%,5,中际旭创(光芯片/光通信) 4.43%; 新易盛(光芯片/光通信) 4.33%; 天孚通信(光芯片/光通信) 3.73%; 源杰科技(光芯片/光通信) 3.59%; 寒武纪(电芯片/核心半导体) 2.23%
015673,鹏华创业板指数(LOF)C,指数型-股票,0.00%,0.00%,18.29%,0.00%,18.29%,3,中际旭创(光芯片/光通信) 8.77%; 新易盛(光芯片/光通信) 7.12%; 天孚通信(光芯片/光通信) 2.40%
023381,鹏华创业板指数(LOF)I,指数型-股票,0.00%,0.00%,18.29%,0.00%,18.29%,3,中际旭创(光芯片/光通信) 8.77%; 新易盛(光芯片/光通信) 7.12%; 天孚通信(光芯片/光通信) 2.40%
160637,鹏华创业板指数(LOF)A,指数型-股票,0.00%,0.00%,18.29%,0.00%,18.29%,3,中际旭创(光芯片/光通信) 8.77%; 新易盛(光芯片/光通信) 7.12%; 天孚通信(光芯片/光通信) 2.40%
562380,央企科技ETF银华,指数型-股票,0.00%,5.38%,4.60%,8.30%,18.28%,4,长电科技(存储) 5.38%; 光迅科技(光芯片/光通信) 4.60%; 海光信息(电芯片/核心半导体) 4.51%; 中芯国际(电芯片/核心半导体) 3.79%
010356,诺安创业板指数增强(LOF)C,指数型-股票,0.00%,0.00%,18.28%,0.00%,18.28%,3,中际旭创(光芯片/光通信) 8.75%; 新易盛(光芯片/光通信) 7.25%; 天孚通信(光芯片/光通信) 2.28%
163209,诺安创业板指数增强(LOF)A,指数型-股票,0.00%,0.00%,18.28%,0.00%,18.28%,3,中际旭创(光芯片/光通信) 8.75%; 新易盛(光芯片/光通信) 7.25%; 天孚通信(光芯片/光通信) 2.28%
001822,华商智能生活灵活配置混合A,混合型-灵活,0.00%,0.00%,15.34%,2.93%,18.27%,3,中际旭创(光芯片/光通信) 8.33%; 新易盛(光芯片/光通信) 7.01%; 寒武纪(电芯片/核心半导体) 2.93%
015385,华商智能生活灵活配置混合C,混合型-灵活,0.00%,0.00%,15.34%,2.93%,18.27%,3,中际旭创(光芯片/光通信) 8.33%; 新易盛(光芯片/光通信) 7.01%; 寒武纪(电芯片/核心半导体) 2.93%
009489,中邮价值精选混合C,混合型-偏股,0.00%,0.00%,18.24%,0.00%,18.24%,3,新易盛(光芯片/光通信) 7.35%; 中际旭创(光芯片/光通信) 7.32%; 仕佳光子(光芯片/光通信) 3.57%
009488,中邮价值精选混合A,混合型-偏股,0.00%,0.00%,18.24%,0.00%,18.24%,3,新易盛(光芯片/光通信) 7.35%; 中际旭创(光芯片/光通信) 7.32%; 仕佳光子(光芯片/光通信) 3.57%
015600,国泰创业板指数(LOF)C,指数型-股票,0.00%,0.00%,18.22%,0.00%,18.22%,3,中际旭创(光芯片/光通信) 8.75%; 新易盛(光芯片/光通信) 7.06%; 天孚通信(光芯片/光通信) 2.41%
160223,国泰创业板指数(LOF)A,指数型-股票,0.00%,0.00%,18.22%,0.00%,18.22%,3,中际旭创(光芯片/光通信) 8.75%; 新易盛(光芯片/光通信) 7.06%; 天孚通信(光芯片/光通信) 2.41%
110029,易方达科讯混合,混合型-偏股,0.00%,0.00%,18.21%,0.00%,18.21%,2,新易盛(光芯片/光通信) 9.55%; 中际旭创(光芯片/光通信) 8.66%
025648,易方达港股通科技混合A,混合型-偏股,0.00%,0.00%,9.55%,8.65%,18.20%,3,长飞光纤光缆(光芯片/光通信) 9.55%; 中芯国际(电芯片/核心半导体) 5.48%; 华虹半导体(电芯片/核心半导体) 3.17%
025649,易方达港股通科技混合C,混合型-偏股,0.00%,0.00%,9.55%,8.65%,18.20%,3,长飞光纤光缆(光芯片/光通信) 9.55%; 中芯国际(电芯片/核心半导体) 5.48%; 华虹半导体(电芯片/核心半导体) 3.17%
012617,东吴新经济混合C,混合型-偏股,0.00%,0.00%,18.19%,0.00%,18.19%,2,中际旭创(光芯片/光通信) 9.15%; 新易盛(光芯片/光通信) 9.04%
580006,东吴新经济混合A,混合型-偏股,0.00%,0.00%,18.19%,0.00%,18.19%,2,中际旭创(光芯片/光通信) 9.15%; 新易盛(光芯片/光通信) 9.04%
050012,博时策略混合,混合型-灵活,0.00%,0.00%,18.18%,0.00%,18.18%,3,中际旭创(光芯片/光通信) 7.04%; 新易盛(光芯片/光通信) 6.98%; 天孚通信(光芯片/光通信) 4.16%
563050,央企科技ETF易方达,指数型-股票,0.00%,5.36%,4.58%,8.23%,18.17%,4,长电科技(存储) 5.36%; 光迅科技(光芯片/光通信) 4.58%; 海光信息(电芯片/核心半导体) 4.46%; 中芯国际(电芯片/核心半导体) 3.77%
007732,民生加银持续成长混合C,混合型-偏股,0.00%,0.00%,7.65%,10.52%,18.17%,3,中际旭创(光芯片/光通信) 7.65%; 海光信息(电芯片/核心半导体) 5.64%; 芯原股份(电芯片/核心半导体) 4.88%
007731,民生加银持续成长混合A,混合型-偏股,0.00%,0.00%,7.65%,10.52%,18.17%,3,中际旭创(光芯片/光通信) 7.65%; 海光信息(电芯片/核心半导体) 5.64%; 芯原股份(电芯片/核心半导体) 4.88%
515910,质量ETF中金,指数型-股票,0.00%,0.00%,14.64%,3.52%,18.16%,4,中际旭创(光芯片/光通信) 5.68%; 新易盛(光芯片/光通信) 5.63%; 北方华创(电芯片/核心半导体) 3.52%; 天孚通信(光芯片/光通信) 3.33%
000531,东吴阿尔法灵活配置混合A,混合型-灵活,0.00%,0.00%,18.16%,0.00%,18.16%,2,中际旭创(光芯片/光通信) 9.10%; 新易盛(光芯片/光通信) 9.06%
014581,东吴阿尔法灵活配置混合C,混合型-灵活,0.00%,0.00%,18.16%,0.00%,18.16%,2,中际旭创(光芯片/光通信) 9.10%; 新易盛(光芯片/光通信) 9.06%
008919,永赢科技驱动A,混合型-偏股,0.00%,15.12%,3.01%,0.00%,18.13%,4,佰维存储(存储) 5.53%; 兆易创新(存储) 4.89%; 北京君正(存储) 4.70%; 中际旭创(光芯片/光通信) 3.01%
008920,永赢科技驱动C,混合型-偏股,0.00%,15.12%,3.01%,0.00%,18.13%,4,佰维存储(存储) 5.53%; 兆易创新(存储) 4.89%; 北京君正(存储) 4.70%; 中际旭创(光芯片/光通信) 3.01%
001071,华安媒体互联网混合A,混合型-灵活,0.00%,0.00%,15.22%,2.89%,18.11%,4,中际旭创(光芯片/光通信) 6.41%; 新易盛(光芯片/光通信) 6.14%; 中微公司(电芯片/核心半导体) 2.89%; 源杰科技(光芯片/光通信) 2.67%
013620,华安媒体互联网混合C,混合型-灵活,0.00%,0.00%,15.22%,2.89%,18.11%,4,中际旭创(光芯片/光通信) 6.41%; 新易盛(光芯片/光通信) 6.14%; 中微公司(电芯片/核心半导体) 2.89%; 源杰科技(光芯片/光通信) 2.67%
014663,富国创新发展两年定开混合A,混合型-偏股,0.00%,0.00%,18.10%,0.00%,18.10%,2,新易盛(光芯片/光通信) 9.30%; 中际旭创(光芯片/光通信) 8.80%
014664,富国创新发展两年定开混合C,混合型-偏股,0.00%,0.00%,18.10%,0.00%,18.10%,2,新易盛(光芯片/光通信) 9.30%; 中际旭创(光芯片/光通信) 8.80%
001088,华宝国策导向混合A,混合型-偏股,0.00%,0.00%,18.04%,0.00%,18.04%,2,新易盛(光芯片/光通信) 9.24%; 中际旭创(光芯片/光通信) 8.80%
015613,华宝多策略增长C,混合型-偏股,0.00%,0.00%,18.04%,0.00%,18.04%,2,新易盛(光芯片/光通信) 9.24%; 中际旭创(光芯片/光通信) 8.80%
019108,华宝国策导向混合C,混合型-偏股,0.00%,0.00%,18.04%,0.00%,18.04%,2,新易盛(光芯片/光通信) 9.24%; 中际旭创(光芯片/光通信) 8.80%
024359,中欧上证科创板综合指数增强A,指数型-股票,0.00%,2.48%,0.85%,14.71%,18.04%,8,海光信息(电芯片/核心半导体) 5.11%; 寒武纪(电芯片/核心半导体) 4.50%; 中微公司(电芯片/核心半导体) 2.06%; 中芯国际(电芯片/核心半导体) 1.89%; 澜起科技(存储) 1.58%; 芯原股份(电芯片/核心半导体) 1.15%; 佰维存储(存储) 0.90%; 源杰科技(光芯片/光通信) 0.85%
024360,中欧上证科创板综合指数增强C,指数型-股票,0.00%,2.48%,0.85%,14.71%,18.04%,8,海光信息(电芯片/核心半导体) 5.11%; 寒武纪(电芯片/核心半导体) 4.50%; 中微公司(电芯片/核心半导体) 2.06%; 中芯国际(电芯片/核心半导体) 1.89%; 澜起科技(存储) 1.58%; 芯原股份(电芯片/核心半导体) 1.15%; 佰维存储(存储) 0.90%; 源杰科技(光芯片/光通信) 0.85%
240005,华宝多策略增长A,混合型-偏股,0.00%,0.00%,18.04%,0.00%,18.04%,2,新易盛(光芯片/光通信) 9.24%; 中际旭创(光芯片/光通信) 8.80%
015692,富国通胀通缩主题轮动混合C,混合型-偏股,0.00%,0.00%,18.02%,0.00%,18.02%,2,中际旭创(光芯片/光通信) 9.05%; 新易盛(光芯片/光通信) 8.97%
100039,富国通胀通缩主题轮动混合A,混合型-偏股,0.00%,0.00%,18.02%,0.00%,18.02%,2,中际旭创(光芯片/光通信) 9.05%; 新易盛(光芯片/光通信) 8.97%
016117,贝莱德先进制造一年持有混合A,混合型-偏股,0.00%,0.00%,10.58%,7.44%,18.02%,4,中际旭创(光芯片/光通信) 7.34%; 中微公司(电芯片/核心半导体) 4.70%; 新易盛(光芯片/光通信) 3.24%; 寒武纪(电芯片/核心半导体) 2.74%
016118,贝莱德先进制造一年持有混合C,混合型-偏股,0.00%,0.00%,10.58%,7.44%,18.02%,4,中际旭创(光芯片/光通信) 7.34%; 中微公司(电芯片/核心半导体) 4.70%; 新易盛(光芯片/光通信) 3.24%; 寒武纪(电芯片/核心半导体) 2.74%
519056,海富通内需热点混合,混合型-偏股,0.00%,0.00%,0.00%,18.01%,18.01%,2,中微公司(电芯片/核心半导体) 9.75%; 北方华创(电芯片/核心半导体) 8.26%
021476,银河ESG主题混合发起式A,混合型-偏股,0.00%,0.00%,7.39%,10.58%,17.97%,5,源杰科技(光芯片/光通信) 3.74%; 天孚通信(光芯片/光通信) 3.65%; 华虹半导体(电芯片/核心半导体) 3.56%; 海光信息(电芯片/核心半导体) 3.53%; 中芯国际(电芯片/核心半导体) 3.49%
021477,银河ESG主题混合发起式C,混合型-偏股,0.00%,0.00%,7.39%,10.58%,17.97%,5,源杰科技(光芯片/光通信) 3.74%; 天孚通信(光芯片/光通信) 3.65%; 华虹半导体(电芯片/核心半导体) 3.56%; 海光信息(电芯片/核心半导体) 3.53%; 中芯国际(电芯片/核心半导体) 3.49%
019136,交银启合混合A,混合型-偏股,0.00%,3.71%,5.97%,8.24%,17.92%,3,北方华创(电芯片/核心半导体) 8.24%; 中际旭创(光芯片/光通信) 5.97%; 兆易创新(存储) 3.71%
019137,交银启合混合C,混合型-偏股,0.00%,3.71%,5.97%,8.24%,17.92%,3,北方华创(电芯片/核心半导体) 8.24%; 中际旭创(光芯片/光通信) 5.97%; 兆易创新(存储) 3.71%
024064,汇添富创业板ETF联接C,指数型-股票,0.00%,0.00%,17.88%,0.00%,17.88%,3,中际旭创(光芯片/光通信) 9.55%; 新易盛(光芯片/光通信) 6.44%; 天孚通信(光芯片/光通信) 1.89%
024063,汇添富创业板ETF联接A,指数型-股票,0.00%,0.00%,17.88%,0.00%,17.88%,3,中际旭创(光芯片/光通信) 9.55%; 新易盛(光芯片/光通信) 6.44%; 天孚通信(光芯片/光通信) 1.89%
024084,浦银安盛科创板综合指数增强C,指数型-股票,0.00%,0.00%,3.14%,14.73%,17.87%,7,寒武纪(电芯片/核心半导体) 4.52%; 海光信息(电芯片/核心半导体) 3.80%; 中芯国际(电芯片/核心半导体) 2.28%; 源杰科技(光芯片/光通信) 2.18%; 复旦微电(电芯片/核心半导体) 2.12%; 芯原股份(电芯片/核心半导体) 2.01%; 天孚通信(光芯片/光通信) 0.96%
024083,浦银安盛科创板综合指数增强A,指数型-股票,0.00%,0.00%,3.14%,14.73%,17.87%,7,寒武纪(电芯片/核心半导体) 4.52%; 海光信息(电芯片/核心半导体) 3.80%; 中芯国际(电芯片/核心半导体) 2.28%; 源杰科技(光芯片/光通信) 2.18%; 复旦微电(电芯片/核心半导体) 2.12%; 芯原股份(电芯片/核心半导体) 2.01%; 天孚通信(光芯片/光通信) 0.96%
506005,博时科创板三年定开混合,混合型-偏股,0.00%,2.88%,2.57%,12.41%,17.86%,5,海光信息(电芯片/核心半导体) 5.77%; 寒武纪(电芯片/核心半导体) 3.51%; 中芯国际(电芯片/核心半导体) 3.13%; 澜起科技(存储) 2.88%; 源杰科技(光芯片/光通信) 2.57%
012456,鹏扬数字经济先锋混合A,混合型-偏股,0.00%,0.00%,14.00%,3.85%,17.85%,4,中际旭创(光芯片/光通信) 4.78%; 新易盛(光芯片/光通信) 4.68%; 长飞光纤光缆(光芯片/光通信) 4.54%; 芯原股份(电芯片/核心半导体) 3.85%
012457,鹏扬数字经济先锋混合C,混合型-偏股,0.00%,0.00%,14.00%,3.85%,17.85%,4,中际旭创(光芯片/光通信) 4.78%; 新易盛(光芯片/光通信) 4.68%; 长飞光纤光缆(光芯片/光通信) 4.54%; 芯原股份(电芯片/核心半导体) 3.85%
023998,易方达上证科创板综合增强A,指数型-股票,0.00%,1.58%,1.07%,15.18%,17.83%,7,海光信息(电芯片/核心半导体) 5.06%; 寒武纪(电芯片/核心半导体) 4.74%; 中芯国际(电芯片/核心半导体) 2.19%; 中微公司(电芯片/核心半导体) 1.98%; 澜起科技(存储) 1.58%; 芯原股份(电芯片/核心半导体) 1.21%; 源杰科技(光芯片/光通信) 1.07%
023999,易方达上证科创板综合增强C,指数型-股票,0.00%,1.58%,1.07%,15.18%,17.83%,7,海光信息(电芯片/核心半导体) 5.06%; 寒武纪(电芯片/核心半导体) 4.74%; 中芯国际(电芯片/核心半导体) 2.19%; 中微公司(电芯片/核心半导体) 1.98%; 澜起科技(存储) 1.58%; 芯原股份(电芯片/核心半导体) 1.21%; 源杰科技(光芯片/光通信) 1.07%
019431,永赢睿信混合A,混合型-偏股,0.00%,5.18%,12.57%,0.00%,17.75%,4,新易盛(光芯片/光通信) 6.51%; 中际旭创(光芯片/光通信) 6.06%; 兆易创新(存储) 2.76%; 普冉股份(存储) 2.42%
159350,深证50ETF富国,指数型-股票,0.00%,0.00%,14.83%,2.90%,17.73%,3,中际旭创(光芯片/光通信) 8.22%; 新易盛(光芯片/光通信) 6.61%; 北方华创(电芯片/核心半导体) 2.90%
001411,诺安创新驱动混合A,混合型-灵活,0.00%,10.11%,0.00%,7.60%,17.71%,3,中芯国际(电芯片/核心半导体) 7.60%; 兆易创新(存储) 5.85%; 晶合集成(存储) 4.26%
002051,诺安创新驱动混合C,混合型-灵活,0.00%,10.11%,0.00%,7.60%,17.71%,3,中芯国际(电芯片/核心半导体) 7.60%; 兆易创新(存储) 5.85%; 晶合集成(存储) 4.26%
015703,易米开泰混合A,混合型-偏股,0.00%,17.71%,0.00%,0.00%,17.71%,2,普冉股份(存储) 9.11%; 兆易创新(存储) 8.60%
015704,易米开泰混合C,混合型-偏股,0.00%,17.71%,0.00%,0.00%,17.71%,2,普冉股份(存储) 9.11%; 兆易创新(存储) 8.60%
001103,前海开源工业革命4.0混合,混合型-灵活,0.00%,0.00%,9.31%,8.39%,17.70%,2,中际旭创(光芯片/光通信) 9.31%; 寒武纪(电芯片/核心半导体) 8.39%
006341,中金MSCI质量A,指数型-股票,0.00%,0.00%,14.12%,3.58%,17.70%,4,中际旭创(光芯片/光通信) 5.55%; 新易盛(光芯片/光通信) 5.35%; 北方华创(电芯片/核心半导体) 3.58%; 天孚通信(光芯片/光通信) 3.22%
006342,中金MSCI质量C,指数型-股票,0.00%,0.00%,14.12%,3.58%,17.70%,4,中际旭创(光芯片/光通信) 5.55%; 新易盛(光芯片/光通信) 5.35%; 北方华创(电芯片/核心半导体) 3.58%; 天孚通信(光芯片/光通信) 3.22%
024666,上银上证科创板综合指数增强发起式C,指数型-股票,0.00%,0.00%,0.00%,17.69%,17.69%,5,海光信息(电芯片/核心半导体) 5.81%; 寒武纪(电芯片/核心半导体) 4.75%; 中微公司(电芯片/核心半导体) 2.89%; 中芯国际(电芯片/核心半导体) 2.73%; 华海清科(电芯片/核心半导体) 1.51%
024665,上银上证科创板综合指数增强发起式A,指数型-股票,0.00%,0.00%,0.00%,17.69%,17.69%,5,海光信息(电芯片/核心半导体) 5.81%; 寒武纪(电芯片/核心半导体) 4.75%; 中微公司(电芯片/核心半导体) 2.89%; 中芯国际(电芯片/核心半导体) 2.73%; 华海清科(电芯片/核心半导体) 1.51%
159150,深证50ETF易方达,指数型-股票,0.00%,0.00%,14.81%,2.87%,17.68%,3,中际旭创(光芯片/光通信) 8.18%; 新易盛(光芯片/光通信) 6.63%; 北方华创(电芯片/核心半导体) 2.87%
023892,博时上证科创板综合价格指数增强C,指数型-股票,0.00%,1.29%,0.00%,16.39%,17.68%,6,海光信息(电芯片/核心半导体) 5.55%; 寒武纪(电芯片/核心半导体) 4.27%; 中微公司(电芯片/核心半导体) 2.69%; 中芯国际(电芯片/核心半导体) 2.40%; 芯原股份(电芯片/核心半导体) 1.48%; 澜起科技(存储) 1.29%
023891,博时上证科创板综合价格指数增强A,指数型-股票,0.00%,1.29%,0.00%,16.39%,17.68%,6,海光信息(电芯片/核心半导体) 5.55%; 寒武纪(电芯片/核心半导体) 4.27%; 中微公司(电芯片/核心半导体) 2.69%; 中芯国际(电芯片/核心半导体) 2.40%; 芯原股份(电芯片/核心半导体) 1.48%; 澜起科技(存储) 1.29%
008286,易方达研究精选股票,股票型,0.00%,0.00%,17.66%,0.00%,17.66%,3,新易盛(光芯片/光通信) 9.18%; 中际旭创(光芯片/光通信) 5.60%; 长飞光纤光缆(光芯片/光通信) 2.88%
008372,富国阿尔法两年持有期混合,混合型-偏股,0.00%,0.00%,17.65%,0.00%,17.65%,2,新易盛(光芯片/光通信) 9.35%; 中际旭创(光芯片/光通信) 8.30%
017234,永赢睿恒混合A,混合型-偏股,0.00%,4.67%,12.97%,0.00%,17.64%,3,新易盛(光芯片/光通信) 7.23%; 中际旭创(光芯片/光通信) 5.74%; 兆易创新(存储) 4.67%
022368,永赢睿恒混合C,混合型-偏股,0.00%,4.67%,12.97%,0.00%,17.64%,3,新易盛(光芯片/光通信) 7.23%; 中际旭创(光芯片/光通信) 5.74%; 兆易创新(存储) 4.67%
006533,易方达科融混合,混合型-偏股,0.00%,0.00%,17.61%,0.00%,17.61%,2,新易盛(光芯片/光通信) 9.52%; 中际旭创(光芯片/光通信) 8.09%
002161,银华万物互联灵活配置混合,混合型-灵活,0.00%,0.00%,4.36%,13.24%,17.60%,5,中际旭创(光芯片/光通信) 4.36%; 北方华创(电芯片/核心半导体) 3.90%; 寒武纪(电芯片/核心半导体) 3.53%; 海光信息(电芯片/核心半导体) 3.27%; 中芯国际(电芯片/核心半导体) 2.54%
023903,国投瑞银上证科创板综合价格指数增强A,指数型-股票,0.00%,1.94%,0.00%,15.66%,17.60%,6,海光信息(电芯片/核心半导体) 4.81%; 寒武纪(电芯片/核心半导体) 3.84%; 中芯国际(电芯片/核心半导体) 3.17%; 中微公司(电芯片/核心半导体) 2.32%; 澜起科技(存储) 1.94%; 华润微(电芯片/核心半导体) 1.52%
023904,国投瑞银上证科创板综合价格指数增强C,指数型-股票,0.00%,1.94%,0.00%,15.66%,17.60%,6,海光信息(电芯片/核心半导体) 4.81%; 寒武纪(电芯片/核心半导体) 3.84%; 中芯国际(电芯片/核心半导体) 3.17%; 中微公司(电芯片/核心半导体) 2.32%; 澜起科技(存储) 1.94%; 华润微(电芯片/核心半导体) 1.52%
018370,华夏创业板指数增强A,指数型-股票,0.00%,0.00%,17.58%,0.00%,17.58%,3,中际旭创(光芯片/光通信) 8.74%; 新易盛(光芯片/光通信) 6.62%; 天孚通信(光芯片/光通信) 2.22%
018371,华夏创业板指数增强C,指数型-股票,0.00%,0.00%,17.58%,0.00%,17.58%,3,中际旭创(光芯片/光通信) 8.74%; 新易盛(光芯片/光通信) 6.62%; 天孚通信(光芯片/光通信) 2.22%
005268,鹏华优势企业,股票型,0.00%,0.00%,17.56%,0.00%,17.56%,2,新易盛(光芯片/光通信) 9.14%; 中际旭创(光芯片/光通信) 8.42%
016306,农银专精特新混合C,混合型-偏股,0.00%,0.00%,7.83%,9.73%,17.56%,4,海光信息(电芯片/核心半导体) 7.20%; 天孚通信(光芯片/光通信) 5.34%; 圣邦股份(电芯片/核心半导体) 2.53%; 源杰科技(光芯片/光通信) 2.49%
016305,农银专精特新混合A,混合型-偏股,0.00%,0.00%,7.83%,9.73%,17.56%,4,海光信息(电芯片/核心半导体) 7.20%; 天孚通信(光芯片/光通信) 5.34%; 圣邦股份(电芯片/核心半导体) 2.53%; 源杰科技(光芯片/光通信) 2.49%
002064,华富产业升级灵活配置混合A,混合型-灵活,0.00%,0.00%,17.56%,0.00%,17.56%,4,中际旭创(光芯片/光通信) 6.44%; 新易盛(光芯片/光通信) 5.18%; 德科立(光芯片/光通信) 3.23%; 天孚通信(光芯片/光通信) 2.71%
017969,华富产业升级灵活配置混合C,混合型-灵活,0.00%,0.00%,17.56%,0.00%,17.56%,4,中际旭创(光芯片/光通信) 6.44%; 新易盛(光芯片/光通信) 5.18%; 德科立(光芯片/光通信) 3.23%; 天孚通信(光芯片/光通信) 2.71%
003853,金鹰信息产业股票A,股票型,0.00%,0.00%,17.55%,0.00%,17.55%,3,中际旭创(光芯片/光通信) 7.31%; 华工科技(光芯片/光通信) 5.58%; 德科立(光芯片/光通信) 4.66%
005885,金鹰信息产业股票C,股票型,0.00%,0.00%,17.55%,0.00%,17.55%,3,中际旭创(光芯片/光通信) 7.31%; 华工科技(光芯片/光通信) 5.58%; 德科立(光芯片/光通信) 4.66%
024742,人保上证科创板综合指数增强C,指数型-股票,0.00%,3.05%,1.43%,13.05%,17.53%,9,寒武纪(电芯片/核心半导体) 3.92%; 海光信息(电芯片/核心半导体) 3.78%; 中芯国际(电芯片/核心半导体) 1.97%; 中微公司(电芯片/核心半导体) 1.97%; 佰维存储(存储) 1.62%; 澜起科技(存储) 1.43%; 芯原股份(电芯片/核心半导体) 1.41%; 源杰科技(光芯片/光通信) 1.12%; 中际旭创(光芯片/光通信) 0.31%
024741,人保上证科创板综合指数增强A,指数型-股票,0.00%,3.05%,1.43%,13.05%,17.53%,9,寒武纪(电芯片/核心半导体) 3.92%; 海光信息(电芯片/核心半导体) 3.78%; 中芯国际(电芯片/核心半导体) 1.97%; 中微公司(电芯片/核心半导体) 1.97%; 佰维存储(存储) 1.62%; 澜起科技(存储) 1.43%; 芯原股份(电芯片/核心半导体) 1.41%; 源杰科技(光芯片/光通信) 1.12%; 中际旭创(光芯片/光通信) 0.31%
001892,长盛新兴成长混合,混合型-灵活,0.00%,0.00%,13.50%,4.00%,17.50%,3,中际旭创(光芯片/光通信) 7.62%; 新易盛(光芯片/光通信) 5.88%; 寒武纪(电芯片/核心半导体) 4.00%
024451,易方达成长进取混合C,混合型-偏股,0.00%,0.00%,17.50%,0.00%,17.50%,2,新易盛(光芯片/光通信) 9.51%; 中际旭创(光芯片/光通信) 7.99%
024450,易方达成长进取混合A,混合型-偏股,0.00%,0.00%,17.50%,0.00%,17.50%,2,新易盛(光芯片/光通信) 9.51%; 中际旭创(光芯片/光通信) 7.99%
011270,中银证券优势制造股票C,股票型,0.00%,0.00%,17.49%,0.00%,17.49%,3,天孚通信(光芯片/光通信) 7.32%; 源杰科技(光芯片/光通信) 6.71%; 新易盛(光芯片/光通信) 3.46%
011269,中银证券优势制造股票A,股票型,0.00%,0.00%,17.49%,0.00%,17.49%,3,天孚通信(光芯片/光通信) 7.32%; 源杰科技(光芯片/光通信) 6.71%; 新易盛(光芯片/光通信) 3.46%
006802,前海联合科技先锋混合C,混合型-偏股,0.00%,0.00%,6.42%,11.06%,17.48%,4,中际旭创(光芯片/光通信) 6.42%; 北方华创(电芯片/核心半导体) 4.07%; 中芯国际(电芯片/核心半导体) 3.67%; 中微公司(电芯片/核心半导体) 3.32%
006801,前海联合科技先锋混合A,混合型-偏股,0.00%,0.00%,6.42%,11.06%,17.48%,4,中际旭创(光芯片/光通信) 6.42%; 北方华创(电芯片/核心半导体) 4.07%; 中芯国际(电芯片/核心半导体) 3.67%; 中微公司(电芯片/核心半导体) 3.32%
161915,万家创业板2年定期开放混合C,混合型-偏股,0.00%,8.40%,0.00%,9.08%,17.48%,2,圣邦股份(电芯片/核心半导体) 9.08%; 北京君正(存储) 8.40%
161914,万家创业板2年定期开放混合A,混合型-偏股,0.00%,8.40%,0.00%,9.08%,17.48%,2,圣邦股份(电芯片/核心半导体) 9.08%; 北京君正(存储) 8.40%
001245,工银生态环境股票A,股票型,0.00%,0.00%,14.01%,3.45%,17.46%,3,中际旭创(光芯片/光通信) 7.49%; 新易盛(光芯片/光通信) 6.52%; 北方华创(电芯片/核心半导体) 3.45%
015002,工银生态环境股票C,股票型,0.00%,0.00%,14.01%,3.45%,17.46%,3,中际旭创(光芯片/光通信) 7.49%; 新易盛(光芯片/光通信) 6.52%; 北方华创(电芯片/核心半导体) 3.45%
001060,前海开源高端装备制造混合A,混合型-灵活,0.00%,0.00%,0.00%,17.46%,17.46%,2,中微公司(电芯片/核心半导体) 9.02%; 华海清科(电芯片/核心半导体) 8.44%
016721,前海开源高端装备制造混合C,混合型-灵活,0.00%,0.00%,0.00%,17.46%,17.46%,2,中微公司(电芯片/核心半导体) 9.02%; 华海清科(电芯片/核心半导体) 8.44%
024892,中欧上证科创板综合指数量化增强C,指数型-股票,0.00%,2.00%,1.62%,13.83%,17.45%,7,海光信息(电芯片/核心半导体) 4.67%; 寒武纪(电芯片/核心半导体) 4.41%; 澜起科技(存储) 2.00%; 中芯国际(电芯片/核心半导体) 1.91%; 源杰科技(光芯片/光通信) 1.62%; 中微公司(电芯片/核心半导体) 1.60%; 芯原股份(电芯片/核心半导体) 1.24%
024891,中欧上证科创板综合指数量化增强A,指数型-股票,0.00%,2.00%,1.62%,13.83%,17.45%,7,海光信息(电芯片/核心半导体) 4.67%; 寒武纪(电芯片/核心半导体) 4.41%; 澜起科技(存储) 2.00%; 中芯国际(电芯片/核心半导体) 1.91%; 源杰科技(光芯片/光通信) 1.62%; 中微公司(电芯片/核心半导体) 1.60%; 芯原股份(电芯片/核心半导体) 1.24%
018207,申万菱信中证沪港深数字经济主题指数型发起式A,指数型-股票,0.00%,2.80%,0.00%,14.63%,17.43%,6,寒武纪(电芯片/核心半导体) 3.75%; 海光信息(电芯片/核心半导体) 3.50%; 北方华创(电芯片/核心半导体) 3.48%; 中芯国际(电芯片/核心半导体) 3.36%; 兆易创新(存储) 2.80%; 华润微(电芯片/核心半导体) 0.54%
018208,申万菱信中证沪港深数字经济主题指数型发起式C,指数型-股票,0.00%,2.80%,0.00%,14.63%,17.43%,6,寒武纪(电芯片/核心半导体) 3.75%; 海光信息(电芯片/核心半导体) 3.50%; 北方华创(电芯片/核心半导体) 3.48%; 中芯国际(电芯片/核心半导体) 3.36%; 兆易创新(存储) 2.80%; 华润微(电芯片/核心半导体) 0.54%
012040,鹏华中证信息技术指数(LOF)C,指数型-股票,0.00%,4.85%,0.00%,12.53%,17.38%,6,寒武纪(电芯片/核心半导体) 3.29%; 海光信息(电芯片/核心半导体) 3.13%; 北方华创(电芯片/核心半导体) 3.10%; 中芯国际(电芯片/核心半导体) 3.01%; 兆易创新(存储) 2.55%; 澜起科技(存储) 2.30%
025136,鹏华中证信息技术指数(LOF)I,指数型-股票,0.00%,4.85%,0.00%,12.53%,17.38%,6,寒武纪(电芯片/核心半导体) 3.29%; 海光信息(电芯片/核心半导体) 3.13%; 北方华创(电芯片/核心半导体) 3.10%; 中芯国际(电芯片/核心半导体) 3.01%; 兆易创新(存储) 2.55%; 澜起科技(存储) 2.30%
160626,鹏华中证信息技术指数(LOF)A,指数型-股票,0.00%,4.85%,0.00%,12.53%,17.38%,6,寒武纪(电芯片/核心半导体) 3.29%; 海光信息(电芯片/核心半导体) 3.13%; 北方华创(电芯片/核心半导体) 3.10%; 中芯国际(电芯片/核心半导体) 3.01%; 兆易创新(存储) 2.55%; 澜起科技(存储) 2.30%
000001,华夏成长混合,混合型-灵活,0.00%,0.00%,4.31%,13.05%,17.36%,6,中际旭创(光芯片/光通信) 4.31%; 中微公司(电芯片/核心半导体) 3.07%; 北方华创(电芯片/核心半导体) 2.78%; 海光信息(电芯片/核心半导体) 2.48%; 华海清科(电芯片/核心半导体) 2.38%; 寒武纪(电芯片/核心半导体) 2.34%
023954,富国天瑞强势混合C,混合型-灵活,0.00%,0.00%,17.33%,0.00%,17.33%,2,中际旭创(光芯片/光通信) 8.70%; 新易盛(光芯片/光通信) 8.63%
100022,富国天瑞强势混合A,混合型-灵活,0.00%,0.00%,17.33%,0.00%,17.33%,2,中际旭创(光芯片/光通信) 8.70%; 新易盛(光芯片/光通信) 8.63%
012120,工银核心优势混合C,混合型-偏股,0.00%,0.00%,12.87%,4.46%,17.33%,3,新易盛(光芯片/光通信) 7.90%; 中际旭创(光芯片/光通信) 4.97%; 海光信息(电芯片/核心半导体) 4.46%
012119,工银核心优势混合A,混合型-偏股,0.00%,0.00%,12.87%,4.46%,17.33%,3,新易盛(光芯片/光通信) 7.90%; 中际旭创(光芯片/光通信) 4.97%; 海光信息(电芯片/核心半导体) 4.46%
560990,科技先锋ETF中金,指数型-股票,0.00%,0.00%,0.00%,17.29%,17.29%,4,寒武纪(电芯片/核心半导体) 6.19%; 海光信息(电芯片/核心半导体) 4.28%; 北方华创(电芯片/核心半导体) 3.63%; 中芯国际(电芯片/核心半导体) 3.19%
026163,英大上证科创板综合指数增强发起A,指数型-股票,0.00%,3.10%,0.00%,14.16%,17.26%,7,海光信息(电芯片/核心半导体) 5.13%; 寒武纪(电芯片/核心半导体) 4.27%; 中芯国际(电芯片/核心半导体) 2.33%; 澜起科技(存储) 1.82%; 佰维存储(存储) 1.28%; 华海清科(电芯片/核心半导体) 1.25%; 华润微(电芯片/核心半导体) 1.18%
026164,英大上证科创板综合指数增强发起C,指数型-股票,0.00%,3.10%,0.00%,14.16%,17.26%,7,海光信息(电芯片/核心半导体) 5.13%; 寒武纪(电芯片/核心半导体) 4.27%; 中芯国际(电芯片/核心半导体) 2.33%; 澜起科技(存储) 1.82%; 佰维存储(存储) 1.28%; 华海清科(电芯片/核心半导体) 1.25%; 华润微(电芯片/核心半导体) 1.18%
025377,安信创业板指数增强C,指数型-股票,0.00%,0.00%,17.23%,0.00%,17.23%,3,中际旭创(光芯片/光通信) 9.14%; 新易盛(光芯片/光通信) 6.62%; 天孚通信(光芯片/光通信) 1.47%
025376,安信创业板指数增强A,指数型-股票,0.00%,0.00%,17.23%,0.00%,17.23%,3,中际旭创(光芯片/光通信) 9.14%; 新易盛(光芯片/光通信) 6.62%; 天孚通信(光芯片/光通信) 1.47%
001255,长城改革红利混合A,混合型-灵活,0.00%,3.52%,0.00%,13.66%,17.18%,3,北方华创(电芯片/核心半导体) 7.20%; 海光信息(电芯片/核心半导体) 6.46%; 兆易创新(存储) 3.52%
019273,长城改革红利混合C,混合型-灵活,0.00%,3.52%,0.00%,13.66%,17.18%,3,北方华创(电芯片/核心半导体) 7.20%; 海光信息(电芯片/核心半导体) 6.46%; 兆易创新(存储) 3.52%
023937,苏新上证科创综指增强A,指数型-股票,0.00%,1.74%,0.00%,15.42%,17.16%,6,海光信息(电芯片/核心半导体) 5.21%; 寒武纪(电芯片/核心半导体) 4.45%; 中微公司(电芯片/核心半导体) 2.20%; 中芯国际(电芯片/核心半导体) 2.18%; 澜起科技(存储) 1.74%; 芯原股份(电芯片/核心半导体) 1.38%
023938,苏新上证科创综指增强C,指数型-股票,0.00%,1.74%,0.00%,15.42%,17.16%,6,海光信息(电芯片/核心半导体) 5.21%; 寒武纪(电芯片/核心半导体) 4.45%; 中微公司(电芯片/核心半导体) 2.20%; 中芯国际(电芯片/核心半导体) 2.18%; 澜起科技(存储) 1.74%; 芯原股份(电芯片/核心半导体) 1.38%
022847,富国景气优选混合C,混合型-偏股,0.00%,0.00%,17.16%,0.00%,17.16%,2,新易盛(光芯片/光通信) 9.13%; 中际旭创(光芯片/光通信) 8.03%
022846,富国景气优选混合A,混合型-偏股,0.00%,0.00%,17.16%,0.00%,17.16%,2,新易盛(光芯片/光通信) 9.13%; 中际旭创(光芯片/光通信) 8.03%
001039,嘉实先进制造股票,股票型,0.00%,9.71%,0.00%,7.42%,17.13%,4,兆易创新(存储) 5.23%; 普冉股份(存储) 4.48%; 中微公司(电芯片/核心半导体) 3.91%; 豪威集团(电芯片/核心半导体) 3.51%
159667,工业母机ETF国泰,指数型-股票,0.00%,0.00%,17.10%,0.00%,17.10%,1,华工科技(光芯片/光通信) 17.10%
012223,信澳成长精选混合A,混合型-偏股,0.00%,0.00%,17.09%,0.00%,17.09%,3,中际旭创(光芯片/光通信) 6.48%; 新易盛(光芯片/光通信) 6.05%; 德科立(光芯片/光通信) 4.56%
012224,信澳成长精选混合C,混合型-偏股,0.00%,0.00%,17.09%,0.00%,17.09%,3,中际旭创(光芯片/光通信) 6.48%; 新易盛(光芯片/光通信) 6.05%; 德科立(光芯片/光通信) 4.56%
009697,华夏成长精选6个月定开混合A,混合型-偏股,0.00%,0.00%,13.22%,3.86%,17.08%,3,中际旭创(光芯片/光通信) 9.31%; 新易盛(光芯片/光通信) 3.91%; 中微公司(电芯片/核心半导体) 3.86%
009698,华夏成长精选6个月定开混合C,混合型-偏股,0.00%,0.00%,13.22%,3.86%,17.08%,3,中际旭创(光芯片/光通信) 9.31%; 新易盛(光芯片/光通信) 3.91%; 中微公司(电芯片/核心半导体) 3.86%
008641,方正富邦科技创新C,混合型-偏股,0.00%,0.00%,17.07%,0.00%,17.07%,3,长芯博创(光芯片/光通信) 7.60%; 新易盛(光芯片/光通信) 4.74%; 天孚通信(光芯片/光通信) 4.73%
008640,方正富邦科技创新A,混合型-偏股,0.00%,0.00%,17.07%,0.00%,17.07%,3,长芯博创(光芯片/光通信) 7.60%; 新易盛(光芯片/光通信) 4.74%; 天孚通信(光芯片/光通信) 4.73%
159663,机床ETF华夏,指数型-股票,0.00%,0.00%,17.03%,0.00%,17.03%,1,华工科技(光芯片/光通信) 17.03%
015475,天弘文化新兴产业股票C,股票型,0.00%,3.09%,11.50%,2.43%,17.02%,4,中际旭创(光芯片/光通信) 6.15%; 新易盛(光芯片/光通信) 5.35%; 兆易创新(存储) 3.09%; 北方华创(电芯片/核心半导体) 2.43%
164205,天弘文化新兴产业股票A,股票型,0.00%,3.09%,11.50%,2.43%,17.02%,4,中际旭创(光芯片/光通信) 6.15%; 新易盛(光芯片/光通信) 5.35%; 兆易创新(存储) 3.09%; 北方华创(电芯片/核心半导体) 2.43%
159732,消费电子ETF华夏,指数型-股票,0.00%,13.22%,0.00%,3.79%,17.01%,4,兆易创新(存储) 7.22%; 豪威集团(电芯片/核心半导体) 3.79%; 佰维存储(存储) 3.33%; 长电科技(存储) 2.67%
005711,永赢惠添利灵活配置混合,混合型-灵活,0.00%,3.08%,13.92%,0.00%,17.00%,3,新易盛(光芯片/光通信) 6.97%; 中际旭创(光芯片/光通信) 6.95%; 兆易创新(存储) 3.08%
025196,广发创业板指数增强C,指数型-股票,0.00%,0.00%,16.98%,0.00%,16.98%,3,中际旭创(光芯片/光通信) 8.20%; 新易盛(光芯片/光通信) 6.86%; 天孚通信(光芯片/光通信) 1.92%
025195,广发创业板指数增强A,指数型-股票,0.00%,0.00%,16.98%,0.00%,16.98%,3,中际旭创(光芯片/光通信) 8.20%; 新易盛(光芯片/光通信) 6.86%; 天孚通信(光芯片/光通信) 1.92%
004674,富国新机遇灵活配置混合A,混合型-灵活,0.00%,0.00%,16.96%,0.00%,16.96%,2,新易盛(光芯片/光通信) 8.77%; 中际旭创(光芯片/光通信) 8.19%
004675,富国新机遇灵活配置混合C,混合型-灵活,0.00%,0.00%,16.96%,0.00%,16.96%,2,新易盛(光芯片/光通信) 8.77%; 中际旭创(光芯片/光通信) 8.19%
017635,银华动力领航混合A,混合型-偏股,0.00%,0.00%,14.02%,2.94%,16.96%,3,中际旭创(光芯片/光通信) 7.63%; 新易盛(光芯片/光通信) 6.39%; 海光信息(电芯片/核心半导体) 2.94%
017636,银华动力领航混合C,混合型-偏股,0.00%,0.00%,14.02%,2.94%,16.96%,3,中际旭创(光芯片/光通信) 7.63%; 新易盛(光芯片/光通信) 6.39%; 海光信息(电芯片/核心半导体) 2.94%
159153,消费电子ETF鹏华,指数型-股票,0.00%,13.17%,0.00%,3.77%,16.94%,4,兆易创新(存储) 7.20%; 豪威集团(电芯片/核心半导体) 3.77%; 佰维存储(存储) 3.31%; 长电科技(存储) 2.66%
005593,摩根创新商业模式混合A,混合型-灵活,0.00%,0.00%,16.93%,0.00%,16.93%,2,新易盛(光芯片/光通信) 8.69%; 中际旭创(光芯片/光通信) 8.24%
016418,摩根创新商业模式混合C,混合型-灵活,0.00%,0.00%,16.93%,0.00%,16.93%,2,新易盛(光芯片/光通信) 8.69%; 中际旭创(光芯片/光通信) 8.24%
010791,海富通均衡甄选混合C,混合型-偏股,0.00%,0.00%,16.92%,0.00%,16.92%,2,新易盛(光芯片/光通信) 9.77%; 中际旭创(光芯片/光通信) 7.15%
010790,海富通均衡甄选混合A,混合型-偏股,0.00%,0.00%,16.92%,0.00%,16.92%,2,新易盛(光芯片/光通信) 9.77%; 中际旭创(光芯片/光通信) 7.15%
015724,英大碳中和混合A,混合型-偏股,0.00%,0.00%,16.91%,0.00%,16.91%,5,天孚通信(光芯片/光通信) 4.53%; 中际旭创(光芯片/光通信) 4.28%; 源杰科技(光芯片/光通信) 2.95%; 德科立(光芯片/光通信) 2.59%; 新易盛(光芯片/光通信) 2.56%
015725,英大碳中和混合C,混合型-偏股,0.00%,0.00%,16.91%,0.00%,16.91%,5,天孚通信(光芯片/光通信) 4.53%; 中际旭创(光芯片/光通信) 4.28%; 源杰科技(光芯片/光通信) 2.95%; 德科立(光芯片/光通信) 2.59%; 新易盛(光芯片/光通信) 2.56%
008954,安信价值回报三年持有混合A,混合型-偏股,0.00%,0.00%,9.52%,7.36%,16.88%,2,新易盛(光芯片/光通信) 9.52%; 中微公司(电芯片/核心半导体) 7.36%
010667,安信价值回报三年持有混合C,混合型-偏股,0.00%,0.00%,9.52%,7.36%,16.88%,2,新易盛(光芯片/光通信) 9.52%; 中微公司(电芯片/核心半导体) 7.36%
516800,智能制造ETF华宝,指数型-股票,0.00%,4.67%,0.00%,12.20%,16.87%,4,北方华创(电芯片/核心半导体) 4.86%; 兆易创新(存储) 4.67%; 中芯国际(电芯片/核心半导体) 4.02%; 寒武纪(电芯片/核心半导体) 3.32%
018797,海富通远见回报混合C,混合型-偏股,0.00%,0.00%,16.85%,0.00%,16.85%,2,新易盛(光芯片/光通信) 9.28%; 中际旭创(光芯片/光通信) 7.57%
018796,海富通远见回报混合A,混合型-偏股,0.00%,0.00%,16.85%,0.00%,16.85%,2,新易盛(光芯片/光通信) 9.28%; 中际旭创(光芯片/光通信) 7.57%
589580,科创综指ETF兴银,指数型-股票,0.00%,1.47%,1.51%,13.87%,16.85%,7,海光信息(电芯片/核心半导体) 4.91%; 寒武纪(电芯片/核心半导体) 3.86%; 中微公司(电芯片/核心半导体) 2.08%; 中芯国际(电芯片/核心半导体) 1.95%; 源杰科技(光芯片/光通信) 1.51%; 澜起科技(存储) 1.47%; 芯原股份(电芯片/核心半导体) 1.07%
005496,创金合信科技成长股票C,股票型,0.00%,0.00%,0.00%,16.82%,16.82%,3,中芯国际(电芯片/核心半导体) 8.18%; 海光信息(电芯片/核心半导体) 4.41%; 北方华创(电芯片/核心半导体) 4.23%
005495,创金合信科技成长股票A,股票型,0.00%,0.00%,0.00%,16.82%,16.82%,3,中芯国际(电芯片/核心半导体) 8.18%; 海光信息(电芯片/核心半导体) 4.41%; 北方华创(电芯片/核心半导体) 4.23%
008635,华安科技创新混合A,混合型-偏股,0.00%,4.51%,0.00%,12.31%,16.82%,3,海光信息(电芯片/核心半导体) 6.49%; 寒武纪(电芯片/核心半导体) 5.82%; 澜起科技(存储) 4.51%
016523,华安科技创新混合C,混合型-偏股,0.00%,4.51%,0.00%,12.31%,16.82%,3,海光信息(电芯片/核心半导体) 6.49%; 寒武纪(电芯片/核心半导体) 5.82%; 澜起科技(存储) 4.51%
011814,融通创新动力混合C,混合型-偏股,0.00%,3.95%,12.87%,0.00%,16.82%,3,天孚通信(光芯片/光通信) 8.27%; 源杰科技(光芯片/光通信) 4.60%; 兆易创新(存储) 3.95%
011813,融通创新动力混合A,混合型-偏股,0.00%,3.95%,12.87%,0.00%,16.82%,3,天孚通信(光芯片/光通信) 8.27%; 源杰科技(光芯片/光通信) 4.60%; 兆易创新(存储) 3.95%
024250,景顺长城上证科创板综合指数增强C,指数型-股票,0.00%,1.90%,0.00%,14.92%,16.82%,7,海光信息(电芯片/核心半导体) 4.49%; 寒武纪(电芯片/核心半导体) 3.82%; 中微公司(电芯片/核心半导体) 2.53%; 澜起科技(存储) 1.90%; 中芯国际(电芯片/核心半导体) 1.81%; 芯原股份(电芯片/核心半导体) 1.17%; 华海清科(电芯片/核心半导体) 1.10%
024249,景顺长城上证科创板综合指数增强A,指数型-股票,0.00%,1.90%,0.00%,14.92%,16.82%,7,海光信息(电芯片/核心半导体) 4.49%; 寒武纪(电芯片/核心半导体) 3.82%; 中微公司(电芯片/核心半导体) 2.53%; 澜起科技(存储) 1.90%; 中芯国际(电芯片/核心半导体) 1.81%; 芯原股份(电芯片/核心半导体) 1.17%; 华海清科(电芯片/核心半导体) 1.10%
012428,华夏核心制造混合A,混合型-偏股,0.00%,0.00%,13.26%,3.54%,16.80%,3,中际旭创(光芯片/光通信) 9.31%; 新易盛(光芯片/光通信) 3.95%; 思瑞浦(电芯片/核心半导体) 3.54%
012429,华夏核心制造混合C,混合型-偏股,0.00%,0.00%,13.26%,3.54%,16.80%,3,中际旭创(光芯片/光通信) 9.31%; 新易盛(光芯片/光通信) 3.95%; 思瑞浦(电芯片/核心半导体) 3.54%
021967,西部利得均衡优选混合A,混合型-偏股,0.00%,0.00%,13.73%,3.06%,16.79%,4,新易盛(光芯片/光通信) 5.51%; 中际旭创(光芯片/光通信) 4.20%; 长飞光纤光缆(光芯片/光通信) 4.02%; 寒武纪(电芯片/核心半导体) 3.06%
021968,西部利得均衡优选混合C,混合型-偏股,0.00%,0.00%,13.73%,3.06%,16.79%,4,新易盛(光芯片/光通信) 5.51%; 中际旭创(光芯片/光通信) 4.20%; 长飞光纤光缆(光芯片/光通信) 4.02%; 寒武纪(电芯片/核心半导体) 3.06%
000073,摩根成长动力混合A,混合型-灵活,0.00%,0.00%,16.77%,0.00%,16.77%,2,新易盛(光芯片/光通信) 8.57%; 中际旭创(光芯片/光通信) 8.20%
015638,摩根成长动力混合C,混合型-灵活,0.00%,0.00%,16.77%,0.00%,16.77%,2,新易盛(光芯片/光通信) 8.57%; 中际旭创(光芯片/光通信) 8.20%
009438,信澳科技创新一年定开混合C,混合型-偏股,0.00%,0.00%,16.76%,0.00%,16.76%,3,新易盛(光芯片/光通信) 6.37%; 中际旭创(光芯片/光通信) 5.91%; 德科立(光芯片/光通信) 4.48%
009437,信澳科技创新一年定开混合A,混合型-偏股,0.00%,0.00%,16.76%,0.00%,16.76%,3,新易盛(光芯片/光通信) 6.37%; 中际旭创(光芯片/光通信) 5.91%; 德科立(光芯片/光通信) 4.48%
023911,国联上证科创板综合指数增强A,指数型-股票,0.00%,1.53%,0.00%,15.18%,16.71%,6,海光信息(电芯片/核心半导体) 5.09%; 寒武纪(电芯片/核心半导体) 4.50%; 中芯国际(电芯片/核心半导体) 2.29%; 中微公司(电芯片/核心半导体) 1.87%; 澜起科技(存储) 1.53%; 芯原股份(电芯片/核心半导体) 1.43%
023912,国联上证科创板综合指数增强C,指数型-股票,0.00%,1.53%,0.00%,15.18%,16.71%,6,海光信息(电芯片/核心半导体) 5.09%; 寒武纪(电芯片/核心半导体) 4.50%; 中芯国际(电芯片/核心半导体) 2.29%; 中微公司(电芯片/核心半导体) 1.87%; 澜起科技(存储) 1.53%; 芯原股份(电芯片/核心半导体) 1.43%
398011,中海分红增利混合,混合型-灵活,0.00%,6.41%,7.36%,2.93%,16.70%,5,源杰科技(光芯片/光通信) 4.25%; 佰维存储(存储) 3.41%; 中际旭创(光芯片/光通信) 3.11%; 兆易创新(存储) 3.00%; 芯原股份(电芯片/核心半导体) 2.93%
004394,华泰柏瑞量化创优混合,混合型-灵活,0.00%,0.00%,16.67%,0.00%,16.67%,2,中际旭创(光芯片/光通信) 9.15%; 新易盛(光芯片/光通信) 7.52%
000044,嘉实美国成长股票美元现汇,QDII-普通股票,0.00%,0.00%,0.00%,16.65%,16.65%,3,英伟达(电芯片/核心半导体) 9.97%; 博通(电芯片/核心半导体) 4.86%; 台积电(电芯片/核心半导体) 1.82%
000043,嘉实美国成长股票人民币,QDII-普通股票,0.00%,0.00%,0.00%,16.65%,16.65%,3,英伟达(电芯片/核心半导体) 9.97%; 博通(电芯片/核心半导体) 4.86%; 台积电(电芯片/核心半导体) 1.82%
024390,中信建投上证科创板综合指数增强A,指数型-股票,0.00%,1.76%,0.00%,14.86%,16.62%,6,海光信息(电芯片/核心半导体) 4.09%; 中微公司(电芯片/核心半导体) 3.76%; 中芯国际(电芯片/核心半导体) 3.49%; 寒武纪(电芯片/核心半导体) 1.83%; 澜起科技(存储) 1.76%; 华润微(电芯片/核心半导体) 1.69%
024391,中信建投上证科创板综合指数增强C,指数型-股票,0.00%,1.76%,0.00%,14.86%,16.62%,6,海光信息(电芯片/核心半导体) 4.09%; 中微公司(电芯片/核心半导体) 3.76%; 中芯国际(电芯片/核心半导体) 3.49%; 寒武纪(电芯片/核心半导体) 1.83%; 澜起科技(存储) 1.76%; 华润微(电芯片/核心半导体) 1.69%
019367,长城均衡成长混合A,混合型-偏股,0.00%,0.00%,16.61%,0.00%,16.61%,2,新易盛(光芯片/光通信) 8.34%; 中际旭创(光芯片/光通信) 8.27%
019368,长城均衡成长混合C,混合型-偏股,0.00%,0.00%,16.61%,0.00%,16.61%,2,新易盛(光芯片/光通信) 8.34%; 中际旭创(光芯片/光通信) 8.27%
012779,博时移动互联主题混合A,混合型-偏股,0.00%,0.00%,5.77%,10.80%,16.57%,4,新易盛(光芯片/光通信) 5.77%; 华虹半导体(电芯片/核心半导体) 4.03%; 中芯国际(电芯片/核心半导体) 3.89%; 北方华创(电芯片/核心半导体) 2.88%
012780,博时移动互联主题混合C,混合型-偏股,0.00%,0.00%,5.77%,10.80%,16.57%,4,新易盛(光芯片/光通信) 5.77%; 华虹半导体(电芯片/核心半导体) 4.03%; 中芯国际(电芯片/核心半导体) 3.89%; 北方华创(电芯片/核心半导体) 2.88%
022718,永赢锐见进取混合C,混合型-偏股,0.00%,13.66%,2.90%,0.00%,16.56%,4,兆易创新(存储) 4.82%; 北京君正(存储) 4.45%; 佰维存储(存储) 4.39%; 中际旭创(光芯片/光通信) 2.90%
022717,永赢锐见进取混合A,混合型-偏股,0.00%,13.66%,2.90%,0.00%,16.56%,4,兆易创新(存储) 4.82%; 北京君正(存储) 4.45%; 佰维存储(存储) 4.39%; 中际旭创(光芯片/光通信) 2.90%
009899,上银内需增长股票A,股票型,0.00%,0.00%,16.56%,0.00%,16.56%,2,新易盛(光芯片/光通信) 8.29%; 中际旭创(光芯片/光通信) 8.27%
015754,上银内需增长股票C,股票型,0.00%,0.00%,16.56%,0.00%,16.56%,2,新易盛(光芯片/光通信) 8.29%; 中际旭创(光芯片/光通信) 8.27%
562560,信息技术ETF华夏,指数型-股票,0.00%,4.62%,0.00%,11.93%,16.55%,6,寒武纪(电芯片/核心半导体) 3.26%; 海光信息(电芯片/核心半导体) 2.92%; 北方华创(电芯片/核心半导体) 2.91%; 中芯国际(电芯片/核心半导体) 2.84%; 兆易创新(存储) 2.41%; 澜起科技(存储) 2.21%
012319,东财消费电子指数增强A,指数型-股票,0.00%,13.37%,0.00%,3.17%,16.54%,6,兆易创新(存储) 6.78%; 长电科技(存储) 3.12%; 佰维存储(存储) 3.06%; 豪威集团(电芯片/核心半导体) 2.71%; 思瑞浦(电芯片/核心半导体) 0.46%; 通富微电(存储) 0.41%
012320,东财消费电子指数增强C,指数型-股票,0.00%,13.37%,0.00%,3.17%,16.54%,6,兆易创新(存储) 6.78%; 长电科技(存储) 3.12%; 佰维存储(存储) 3.06%; 豪威集团(电芯片/核心半导体) 2.71%; 思瑞浦(电芯片/核心半导体) 0.46%; 通富微电(存储) 0.41%
022177,东财消费电子指数增强E,指数型-股票,0.00%,13.37%,0.00%,3.17%,16.54%,6,兆易创新(存储) 6.78%; 长电科技(存储) 3.12%; 佰维存储(存储) 3.06%; 豪威集团(电芯片/核心半导体) 2.71%; 思瑞浦(电芯片/核心半导体) 0.46%; 通富微电(存储) 0.41%
001682,新华鑫回报混合,混合型-灵活,0.00%,3.34%,0.00%,13.15%,16.49%,5,北方华创(电芯片/核心半导体) 5.53%; 澜起科技(存储) 3.34%; 海光信息(电芯片/核心半导体) 3.13%; 寒武纪(电芯片/核心半导体) 2.31%; 中微公司(电芯片/核心半导体) 2.18%
009076,工银圆兴混合,混合型-偏股,0.00%,0.00%,9.99%,6.50%,16.49%,3,海光信息(电芯片/核心半导体) 6.50%; 新易盛(光芯片/光通信) 5.52%; 中际旭创(光芯片/光通信) 4.47%
013389,华夏成长先锋一年持有混合A,混合型-偏股,0.00%,0.00%,6.48%,10.01%,16.49%,3,新易盛(光芯片/光通信) 6.48%; 海光信息(电芯片/核心半导体) 5.04%; 华虹半导体(电芯片/核心半导体) 4.97%
013390,华夏成长先锋一年持有混合C,混合型-偏股,0.00%,0.00%,6.48%,10.01%,16.49%,3,新易盛(光芯片/光通信) 6.48%; 海光信息(电芯片/核心半导体) 5.04%; 华虹半导体(电芯片/核心半导体) 4.97%
012892,安信优质企业三年持有混合A,混合型-偏股,0.00%,0.00%,9.53%,6.92%,16.45%,2,新易盛(光芯片/光通信) 9.53%; 中微公司(电芯片/核心半导体) 6.92%
012893,安信优质企业三年持有混合C,混合型-偏股,0.00%,0.00%,9.53%,6.92%,16.45%,2,新易盛(光芯片/光通信) 9.53%; 中微公司(电芯片/核心半导体) 6.92%
007887,东方红启元三年持有混合B,混合型-灵活,0.00%,0.00%,16.42%,0.00%,16.42%,2,中际旭创(光芯片/光通信) 8.51%; 新易盛(光芯片/光通信) 7.91%
014727,易方达成长动力混合A,混合型-偏股,0.00%,0.00%,16.42%,0.00%,16.42%,2,新易盛(光芯片/光通信) 8.93%; 中际旭创(光芯片/光通信) 7.49%
014728,易方达成长动力混合C,混合型-偏股,0.00%,0.00%,16.42%,0.00%,16.42%,2,新易盛(光芯片/光通信) 8.93%; 中际旭创(光芯片/光通信) 7.49%
910007,东方红启元三年持有混合A,混合型-灵活,0.00%,0.00%,16.42%,0.00%,16.42%,2,中际旭创(光芯片/光通信) 8.51%; 新易盛(光芯片/光通信) 7.91%
014640,兴全合衡三年持有混合C,混合型-偏股,0.00%,0.00%,16.36%,0.00%,16.36%,2,中际旭创(光芯片/光通信) 9.62%; 新易盛(光芯片/光通信) 6.74%
014639,兴全合衡三年持有混合A,混合型-偏股,0.00%,0.00%,16.36%,0.00%,16.36%,2,中际旭创(光芯片/光通信) 9.62%; 新易盛(光芯片/光通信) 6.74%
011304,工银创新成长混合A,混合型-偏股,0.00%,0.00%,16.34%,0.00%,16.34%,3,新易盛(光芯片/光通信) 5.81%; 中际旭创(光芯片/光通信) 5.61%; 长飞光纤光缆(光芯片/光通信) 4.92%
011305,工银创新成长混合C,混合型-偏股,0.00%,0.00%,16.34%,0.00%,16.34%,3,新易盛(光芯片/光通信) 5.81%; 中际旭创(光芯片/光通信) 5.61%; 长飞光纤光缆(光芯片/光通信) 4.92%
588690,科创增强ETF银华,指数型-股票,0.00%,1.65%,0.00%,14.68%,16.33%,5,海光信息(电芯片/核心半导体) 5.34%; 寒武纪(电芯片/核心半导体) 4.53%; 中微公司(电芯片/核心半导体) 2.63%; 中芯国际(电芯片/核心半导体) 2.18%; 澜起科技(存储) 1.65%
110002,易方达策略成长混合,混合型-偏股,0.00%,0.00%,16.32%,0.00%,16.32%,2,新易盛(光芯片/光通信) 8.32%; 中际旭创(光芯片/光通信) 8.00%
023970,泰康上证科创板综合指数增强A,指数型-股票,0.00%,1.88%,0.00%,14.44%,16.32%,6,海光信息(电芯片/核心半导体) 4.09%; 寒武纪(电芯片/核心半导体) 4.01%; 中芯国际(电芯片/核心半导体) 2.46%; 中微公司(电芯片/核心半导体) 2.03%; 晶合集成(存储) 1.88%; 芯原股份(电芯片/核心半导体) 1.85%
023971,泰康上证科创板综合指数增强C,指数型-股票,0.00%,1.88%,0.00%,14.44%,16.32%,6,海光信息(电芯片/核心半导体) 4.09%; 寒武纪(电芯片/核心半导体) 4.01%; 中芯国际(电芯片/核心半导体) 2.46%; 中微公司(电芯片/核心半导体) 2.03%; 晶合集成(存储) 1.88%; 芯原股份(电芯片/核心半导体) 1.85%
501078,广发科创主题灵活配置混合(LOF),混合型-灵活,0.00%,0.00%,16.31%,0.00%,16.31%,2,中际旭创(光芯片/光通信) 9.04%; 新易盛(光芯片/光通信) 7.27%
012064,圆信永丰兴诺一年持有期混合,混合型-灵活,0.00%,0.00%,0.00%,16.30%,16.30%,3,中芯国际(电芯片/核心半导体) 8.03%; 中微公司(电芯片/核心半导体) 5.70%; 华虹半导体(电芯片/核心半导体) 2.57%
010127,平安价值成长混合C,混合型-偏股,0.00%,0.00%,11.22%,5.08%,16.30%,3,长飞光纤光缆(光芯片/光通信) 5.91%; 中际旭创(光芯片/光通信) 5.31%; 思瑞浦(电芯片/核心半导体) 5.08%
010126,平安价值成长混合A,混合型-偏股,0.00%,0.00%,11.22%,5.08%,16.30%,3,长飞光纤光缆(光芯片/光通信) 5.91%; 中际旭创(光芯片/光通信) 5.31%; 思瑞浦(电芯片/核心半导体) 5.08%
025866,长信上证科创板综合指数增强A,指数型-股票,0.00%,2.08%,0.00%,14.20%,16.28%,5,海光信息(电芯片/核心半导体) 5.73%; 寒武纪(电芯片/核心半导体) 3.33%; 中微公司(电芯片/核心半导体) 2.63%; 中芯国际(电芯片/核心半导体) 2.51%; 澜起科技(存储) 2.08%
025867,长信上证科创板综合指数增强C,指数型-股票,0.00%,2.08%,0.00%,14.20%,16.28%,5,海光信息(电芯片/核心半导体) 5.73%; 寒武纪(电芯片/核心半导体) 3.33%; 中微公司(电芯片/核心半导体) 2.63%; 中芯国际(电芯片/核心半导体) 2.51%; 澜起科技(存储) 2.08%
001313,摩根智慧互联股票A,股票型,0.00%,0.00%,13.18%,3.09%,16.27%,3,新易盛(光芯片/光通信) 7.71%; 中际旭创(光芯片/光通信) 5.47%; 寒武纪(电芯片/核心半导体) 3.09%
016919,摩根智慧互联股票C,股票型,0.00%,0.00%,13.18%,3.09%,16.27%,3,新易盛(光芯片/光通信) 7.71%; 中际旭创(光芯片/光通信) 5.47%; 寒武纪(电芯片/核心半导体) 3.09%
007356,汇添富科技创新混合C,混合型-灵活,0.00%,0.00%,11.67%,4.58%,16.25%,5,新易盛(光芯片/光通信) 4.60%; 中际旭创(光芯片/光通信) 3.63%; 源杰科技(光芯片/光通信) 3.44%; 北方华创(电芯片/核心半导体) 2.45%; 中微公司(电芯片/核心半导体) 2.13%
007355,汇添富科技创新混合A,混合型-灵活,0.00%,0.00%,11.67%,4.58%,16.25%,5,新易盛(光芯片/光通信) 4.60%; 中际旭创(光芯片/光通信) 3.63%; 源杰科技(光芯片/光通信) 3.44%; 北方华创(电芯片/核心半导体) 2.45%; 中微公司(电芯片/核心半导体) 2.13%
012082,博时数字经济混合A,混合型-偏股,0.00%,3.56%,9.82%,2.86%,16.24%,4,源杰科技(光芯片/光通信) 4.99%; 新易盛(光芯片/光通信) 4.83%; 澜起科技(存储) 3.56%; 芯原股份(电芯片/核心半导体) 2.86%
012083,博时数字经济混合C,混合型-偏股,0.00%,3.56%,9.82%,2.86%,16.24%,4,源杰科技(光芯片/光通信) 4.99%; 新易盛(光芯片/光通信) 4.83%; 澜起科技(存储) 3.56%; 芯原股份(电芯片/核心半导体) 2.86%
112002,易方达策略成长二号混合,混合型-偏股,0.00%,0.00%,16.24%,0.00%,16.24%,2,新易盛(光芯片/光通信) 8.28%; 中际旭创(光芯片/光通信) 7.96%
009659,民生加银新动能一年定开混合A,混合型-偏股,0.00%,0.00%,7.28%,8.94%,16.22%,3,中际旭创(光芯片/光通信) 7.28%; 海光信息(电芯片/核心半导体) 4.97%; 芯原股份(电芯片/核心半导体) 3.97%
009660,民生加银新动能一年定开混合C,混合型-偏股,0.00%,0.00%,7.28%,8.94%,16.22%,3,中际旭创(光芯片/光通信) 7.28%; 海光信息(电芯片/核心半导体) 4.97%; 芯原股份(电芯片/核心半导体) 3.97%
020983,博时国证消费电子主题指数发起式A,指数型-股票,0.00%,12.60%,0.00%,3.61%,16.21%,4,兆易创新(存储) 6.85%; 豪威集团(电芯片/核心半导体) 3.61%; 佰维存储(存储) 3.21%; 长电科技(存储) 2.54%
020984,博时国证消费电子主题指数发起式C,指数型-股票,0.00%,12.60%,0.00%,3.61%,16.21%,4,兆易创新(存储) 6.85%; 豪威集团(电芯片/核心半导体) 3.61%; 佰维存储(存储) 3.21%; 长电科技(存储) 2.54%
025876,富安达上证科创板综合指数增强C,指数型-股票,0.00%,2.79%,0.00%,13.41%,16.20%,6,海光信息(电芯片/核心半导体) 5.15%; 寒武纪(电芯片/核心半导体) 3.96%; 中微公司(电芯片/核心半导体) 2.35%; 中芯国际(电芯片/核心半导体) 1.95%; 澜起科技(存储) 1.85%; 晶合集成(存储) 0.94%
025875,富安达上证科创板综合指数增强A,指数型-股票,0.00%,2.79%,0.00%,13.41%,16.20%,6,海光信息(电芯片/核心半导体) 5.15%; 寒武纪(电芯片/核心半导体) 3.96%; 中微公司(电芯片/核心半导体) 2.35%; 中芯国际(电芯片/核心半导体) 1.95%; 澜起科技(存储) 1.85%; 晶合集成(存储) 0.94%
012719,华夏新兴经济一年持有混合A,混合型-偏股,0.00%,0.00%,11.89%,4.30%,16.19%,3,中际旭创(光芯片/光通信) 7.93%; 中微公司(电芯片/核心半导体) 4.30%; 新易盛(光芯片/光通信) 3.96%
012720,华夏新兴经济一年持有混合C,混合型-偏股,0.00%,0.00%,11.89%,4.30%,16.19%,3,中际旭创(光芯片/光通信) 7.93%; 中微公司(电芯片/核心半导体) 4.30%; 新易盛(光芯片/光通信) 3.96%
159939,信息技术ETF广发,指数型-股票,0.00%,4.63%,0.00%,11.54%,16.17%,6,北方华创(电芯片/核心半导体) 2.96%; 海光信息(电芯片/核心半导体) 2.95%; 中芯国际(电芯片/核心半导体) 2.87%; 寒武纪(电芯片/核心半导体) 2.76%; 兆易创新(存储) 2.46%; 澜起科技(存储) 2.17%
673141,西部利得景程混合A,混合型-灵活,0.00%,0.00%,8.80%,7.37%,16.17%,4,新易盛(光芯片/光通信) 4.74%; 中际旭创(光芯片/光通信) 4.06%; 寒武纪(电芯片/核心半导体) 3.90%; 圣邦股份(电芯片/核心半导体) 3.47%
673143,西部利得景程混合C,混合型-灵活,0.00%,0.00%,8.80%,7.37%,16.17%,4,新易盛(光芯片/光通信) 4.74%; 中际旭创(光芯片/光通信) 4.06%; 寒武纪(电芯片/核心半导体) 3.90%; 圣邦股份(电芯片/核心半导体) 3.47%
080006,长盛环球行业混合(QDII),QDII-混合偏股,0.00%,0.00%,2.00%,14.16%,16.16%,5,英伟达(电芯片/核心半导体) 4.92%; 台积电(电芯片/核心半导体) 3.89%; 博通(电芯片/核心半导体) 2.97%; 迈威尔科技(电芯片/核心半导体) 2.38%; Coherent Corp(光芯片/光通信) 2.00%
009411,中银科技创新一年定开混合,混合型-偏股,0.00%,0.00%,12.45%,3.70%,16.15%,3,新易盛(光芯片/光通信) 6.79%; 中际旭创(光芯片/光通信) 5.66%; 中芯国际(电芯片/核心半导体) 3.70%
519015,海富通精选贰号混合,混合型-偏股,0.00%,0.00%,0.00%,16.10%,16.10%,2,中微公司(电芯片/核心半导体) 8.95%; 北方华创(电芯片/核心半导体) 7.15%
519011,海富通精选混合,混合型-偏股,0.00%,0.00%,0.00%,16.10%,16.10%,2,中微公司(电芯片/核心半导体) 8.93%; 北方华创(电芯片/核心半导体) 7.17%
000592,建信改革红利股票A,股票型,0.00%,0.00%,8.80%,7.29%,16.09%,4,中际旭创(光芯片/光通信) 5.76%; 海光信息(电芯片/核心半导体) 3.80%; 芯原股份(电芯片/核心半导体) 3.49%; 新易盛(光芯片/光通信) 3.04%
016269,建信改革红利股票C,股票型,0.00%,0.00%,8.80%,7.29%,16.09%,4,中际旭创(光芯片/光通信) 5.76%; 海光信息(电芯片/核心半导体) 3.80%; 芯原股份(电芯片/核心半导体) 3.49%; 新易盛(光芯片/光通信) 3.04%
159777,创科技ETF国联安,指数型-股票,0.00%,0.00%,16.05%,0.00%,16.05%,2,中际旭创(光芯片/光通信) 10.07%; 天孚通信(光芯片/光通信) 5.98%
022643,中欧国证消费电子主题指数发起A,指数型-股票,0.00%,12.41%,0.00%,3.62%,16.03%,4,兆易创新(存储) 6.83%; 豪威集团(电芯片/核心半导体) 3.62%; 佰维存储(存储) 3.04%; 长电科技(存储) 2.54%
022644,中欧国证消费电子主题指数发起C,指数型-股票,0.00%,12.41%,0.00%,3.62%,16.03%,4,兆易创新(存储) 6.83%; 豪威集团(电芯片/核心半导体) 3.62%; 佰维存储(存储) 3.04%; 长电科技(存储) 2.54%
159773,创业板科技ETF华泰柏瑞,指数型-股票,0.00%,0.00%,16.01%,0.00%,16.01%,2,中际旭创(光芯片/光通信) 10.05%; 天孚通信(光芯片/光通信) 5.96%
012986,平安优势回报1年持有混合C,混合型-偏股,0.00%,0.00%,9.78%,6.23%,16.01%,3,思瑞浦(电芯片/核心半导体) 6.23%; 长飞光纤光缆(光芯片/光通信) 5.32%; 中际旭创(光芯片/光通信) 4.46%
012985,平安优势回报1年持有混合A,混合型-偏股,0.00%,0.00%,9.78%,6.23%,16.01%,3,思瑞浦(电芯片/核心半导体) 6.23%; 长飞光纤光缆(光芯片/光通信) 5.32%; 中际旭创(光芯片/光通信) 4.46%
519133,海富通改革驱动混合,混合型-灵活,0.00%,0.00%,15.99%,0.00%,15.99%,2,新易盛(光芯片/光通信) 9.30%; 中际旭创(光芯片/光通信) 6.69%
009319,南方成长先锋混合C,混合型-偏股,0.00%,0.00%,8.45%,7.53%,15.98%,3,中际旭创(光芯片/光通信) 8.45%; 寒武纪(电芯片/核心半导体) 5.25%; 华虹半导体(电芯片/核心半导体) 2.28%
009318,南方成长先锋混合A,混合型-偏股,0.00%,0.00%,8.45%,7.53%,15.98%,3,中际旭创(光芯片/光通信) 8.45%; 寒武纪(电芯片/核心半导体) 5.25%; 华虹半导体(电芯片/核心半导体) 2.28%
015436,建信优化配置混合C,混合型-灵活,0.00%,0.00%,5.74%,10.24%,15.98%,3,北方华创(电芯片/核心半导体) 6.25%; 中际旭创(光芯片/光通信) 5.74%; 海光信息(电芯片/核心半导体) 3.99%
530005,建信优化配置混合A,混合型-灵活,0.00%,0.00%,5.74%,10.24%,15.98%,3,北方华创(电芯片/核心半导体) 6.25%; 中际旭创(光芯片/光通信) 5.74%; 海光信息(电芯片/核心半导体) 3.99%
004616,中欧电子信息产业沪港深股票A,股票型,0.00%,0.00%,7.63%,8.31%,15.94%,4,中微公司(电芯片/核心半导体) 4.20%; 中芯国际(电芯片/核心半导体) 4.11%; 长飞光纤光缆(光芯片/光通信) 4.03%; 源杰科技(光芯片/光通信) 3.60%
005763,中欧电子信息产业沪港深股票C,股票型,0.00%,0.00%,7.63%,8.31%,15.94%,4,中微公司(电芯片/核心半导体) 4.20%; 中芯国际(电芯片/核心半导体) 4.11%; 长飞光纤光缆(光芯片/光通信) 4.03%; 源杰科技(光芯片/光通信) 3.60%
000646,华润元大量化优选混合A,混合型-偏股,0.00%,8.51%,7.37%,0.00%,15.88%,4,佰维存储(存储) 4.33%; 剑桥科技(光芯片/光通信) 4.22%; 普冉股份(存储) 4.18%; 新易盛(光芯片/光通信) 3.15%
007827,华润元大量化优选混合C,混合型-偏股,0.00%,8.51%,7.37%,0.00%,15.88%,4,佰维存储(存储) 4.33%; 剑桥科技(光芯片/光通信) 4.22%; 普冉股份(存储) 4.18%; 新易盛(光芯片/光通信) 3.15%
001532,华安文体健康混合A,混合型-灵活,0.00%,0.00%,15.87%,0.00%,15.87%,2,天孚通信(光芯片/光通信) 8.61%; 新易盛(光芯片/光通信) 7.26%
010340,易方达高质量严选三年持有,混合型-偏股,0.00%,3.25%,12.62%,0.00%,15.87%,4,长飞光纤光缆(光芯片/光通信) 5.47%; 新易盛(光芯片/光通信) 4.00%; 兆易创新(存储) 3.25%; 中际旭创(光芯片/光通信) 3.15%
013116,华安文体健康混合C,混合型-灵活,0.00%,0.00%,15.87%,0.00%,15.87%,2,天孚通信(光芯片/光通信) 8.61%; 新易盛(光芯片/光通信) 7.26%
019120,财通资管产业优选混合发起式C,混合型-偏股,0.00%,0.00%,15.85%,0.00%,15.85%,3,中际旭创(光芯片/光通信) 7.40%; 新易盛(光芯片/光通信) 5.25%; 天孚通信(光芯片/光通信) 3.20%
019119,财通资管产业优选混合发起式A,混合型-偏股,0.00%,0.00%,15.85%,0.00%,15.85%,3,中际旭创(光芯片/光通信) 7.40%; 新易盛(光芯片/光通信) 5.25%; 天孚通信(光芯片/光通信) 3.20%
026504,兴银国证消费电子主题指数A,指数型-股票,0.00%,12.32%,0.00%,3.53%,15.85%,4,兆易创新(存储) 6.76%; 豪威集团(电芯片/核心半导体) 3.53%; 佰维存储(存储) 3.08%; 长电科技(存储) 2.48%
026505,兴银国证消费电子主题指数C,指数型-股票,0.00%,12.32%,0.00%,3.53%,15.85%,4,兆易创新(存储) 6.76%; 豪威集团(电芯片/核心半导体) 3.53%; 佰维存储(存储) 3.08%; 长电科技(存储) 2.48%
024476,南华科技创新混合发起A,混合型-偏股,0.00%,2.30%,10.62%,2.89%,15.81%,5,中际旭创(光芯片/光通信) 4.30%; 新易盛(光芯片/光通信) 3.76%; 芯原股份(电芯片/核心半导体) 2.89%; 天孚通信(光芯片/光通信) 2.56%; 澜起科技(存储) 2.30%
024477,南华科技创新混合发起C,混合型-偏股,0.00%,2.30%,10.62%,2.89%,15.81%,5,中际旭创(光芯片/光通信) 4.30%; 新易盛(光芯片/光通信) 3.76%; 芯原股份(电芯片/核心半导体) 2.89%; 天孚通信(光芯片/光通信) 2.56%; 澜起科技(存储) 2.30%
589860,科创综指ETF天弘,指数型-股票,0.00%,1.44%,0.00%,14.37%,15.81%,6,海光信息(电芯片/核心半导体) 5.11%; 寒武纪(电芯片/核心半导体) 4.37%; 中微公司(电芯片/核心半导体) 1.93%; 中芯国际(电芯片/核心半导体) 1.89%; 澜起科技(存储) 1.44%; 芯原股份(电芯片/核心半导体) 1.07%
017751,长城创新成长混合A,混合型-偏股,0.00%,0.00%,13.70%,2.06%,15.76%,4,中际旭创(光芯片/光通信) 7.21%; 新易盛(光芯片/光通信) 4.45%; 芯原股份(电芯片/核心半导体) 2.06%; 源杰科技(光芯片/光通信) 2.04%
017752,长城创新成长混合C,混合型-偏股,0.00%,0.00%,13.70%,2.06%,15.76%,4,中际旭创(光芯片/光通信) 7.21%; 新易盛(光芯片/光通信) 4.45%; 芯原股份(电芯片/核心半导体) 2.06%; 源杰科技(光芯片/光通信) 2.04%
005628,汇安趋势动力股票A,股票型,0.00%,0.00%,0.00%,15.74%,15.74%,2,华海清科(电芯片/核心半导体) 8.64%; 中微公司(电芯片/核心半导体) 7.10%
005629,汇安趋势动力股票C,股票型,0.00%,0.00%,0.00%,15.74%,15.74%,2,华海清科(电芯片/核心半导体) 8.64%; 中微公司(电芯片/核心半导体) 7.10%
006976,鹏华核心优势混合A,混合型-偏股,0.00%,7.01%,8.67%,0.00%,15.68%,2,中际旭创(光芯片/光通信) 8.67%; 澜起科技(存储) 7.01%
017732,鹏华核心优势混合C,混合型-偏股,0.00%,7.01%,8.67%,0.00%,15.68%,2,中际旭创(光芯片/光通信) 8.67%; 澜起科技(存储) 7.01%
000698,宝盈科技30混合,混合型-灵活,0.00%,0.00%,15.65%,0.00%,15.65%,2,新易盛(光芯片/光通信) 9.22%; 天孚通信(光芯片/光通信) 6.43%
013021,建信兴润一年持有混合,混合型-偏股,0.00%,0.00%,8.95%,6.70%,15.65%,4,中际旭创(光芯片/光通信) 5.61%; 芯原股份(电芯片/核心半导体) 3.57%; 新易盛(光芯片/光通信) 3.34%; 海光信息(电芯片/核心半导体) 3.13%
021648,东方红动力领航混合C,混合型-偏股,0.00%,0.00%,15.64%,0.00%,15.64%,2,新易盛(光芯片/光通信) 8.35%; 中际旭创(光芯片/光通信) 7.29%
021647,东方红动力领航混合A,混合型-偏股,0.00%,0.00%,15.64%,0.00%,15.64%,2,新易盛(光芯片/光通信) 8.35%; 中际旭创(光芯片/光通信) 7.29%
501062,南方瑞合定开混合(LOF),混合型-灵活,0.00%,3.99%,8.38%,3.26%,15.63%,3,长飞光纤光缆(光芯片/光通信) 8.38%; 北京君正(存储) 3.99%; 华虹半导体(电芯片/核心半导体) 3.26%
589660,科创综指ETF南方,指数型-股票,0.00%,1.46%,0.00%,14.17%,15.63%,6,海光信息(电芯片/核心半导体) 4.98%; 寒武纪(电芯片/核心半导体) 4.23%; 中微公司(电芯片/核心半导体) 1.96%; 中芯国际(电芯片/核心半导体) 1.92%; 澜起科技(存储) 1.46%; 芯原股份(电芯片/核心半导体) 1.08%
007341,南方科技创新混合C,混合型-偏股,0.00%,0.00%,8.34%,7.29%,15.63%,3,中际旭创(光芯片/光通信) 8.34%; 寒武纪(电芯片/核心半导体) 5.08%; 华虹半导体(电芯片/核心半导体) 2.21%
007340,南方科技创新混合A,混合型-偏股,0.00%,0.00%,8.34%,7.29%,15.63%,3,中际旭创(光芯片/光通信) 8.34%; 寒武纪(电芯片/核心半导体) 5.08%; 华虹半导体(电芯片/核心半导体) 2.21%
026001,融通上证科创板综合指数增强A,指数型-股票,0.00%,1.37%,0.00%,14.26%,15.63%,6,海光信息(电芯片/核心半导体) 5.02%; 寒武纪(电芯片/核心半导体) 4.28%; 中微公司(电芯片/核心半导体) 2.05%; 中芯国际(电芯片/核心半导体) 1.91%; 澜起科技(存储) 1.37%; 芯原股份(电芯片/核心半导体) 1.00%
026002,融通上证科创板综合指数增强C,指数型-股票,0.00%,1.37%,0.00%,14.26%,15.63%,6,海光信息(电芯片/核心半导体) 5.02%; 寒武纪(电芯片/核心半导体) 4.28%; 中微公司(电芯片/核心半导体) 2.05%; 中芯国际(电芯片/核心半导体) 1.91%; 澜起科技(存储) 1.37%; 芯原股份(电芯片/核心半导体) 1.00%
018948,东方红睿满沪港深混合(LOF)C,混合型-灵活,0.00%,0.00%,15.62%,0.00%,15.62%,2,新易盛(光芯片/光通信) 8.04%; 中际旭创(光芯片/光通信) 7.58%
169104,东方红睿满沪港深混合(LOF)A,混合型-灵活,0.00%,0.00%,15.62%,0.00%,15.62%,2,新易盛(光芯片/光通信) 8.04%; 中际旭创(光芯片/光通信) 7.58%
014008,华安制造升级一年持有混合C,混合型-偏股,0.00%,0.00%,15.61%,0.00%,15.61%,2,新易盛(光芯片/光通信) 8.72%; 中际旭创(光芯片/光通信) 6.89%
014007,华安制造升级一年持有混合A,混合型-偏股,0.00%,0.00%,15.61%,0.00%,15.61%,2,新易盛(光芯片/光通信) 8.72%; 中际旭创(光芯片/光通信) 6.89%
589000,科创综指ETF华夏,指数型-股票,0.00%,1.47%,0.00%,14.14%,15.61%,6,海光信息(电芯片/核心半导体) 4.96%; 寒武纪(电芯片/核心半导体) 4.22%; 中微公司(电芯片/核心半导体) 1.95%; 中芯国际(电芯片/核心半导体) 1.92%; 澜起科技(存储) 1.47%; 芯原股份(电芯片/核心半导体) 1.09%
012096,鑫元鑫动力混合A,混合型-偏股,0.00%,0.00%,0.00%,15.59%,15.59%,2,寒武纪(电芯片/核心半导体) 8.87%; 中芯国际(电芯片/核心半导体) 6.72%
012097,鑫元鑫动力混合C,混合型-偏股,0.00%,0.00%,0.00%,15.59%,15.59%,2,寒武纪(电芯片/核心半导体) 8.87%; 中芯国际(电芯片/核心半导体) 6.72%
589800,科创综指ETF易方达,指数型-股票,0.00%,1.46%,0.00%,14.13%,15.59%,6,海光信息(电芯片/核心半导体) 4.97%; 寒武纪(电芯片/核心半导体) 4.22%; 中微公司(电芯片/核心半导体) 1.95%; 中芯国际(电芯片/核心半导体) 1.91%; 澜起科技(存储) 1.46%; 芯原股份(电芯片/核心半导体) 1.08%
014975,华安科技动力混合C,混合型-偏股,0.00%,0.00%,6.69%,8.86%,15.55%,3,中际旭创(光芯片/光通信) 6.69%; 寒武纪(电芯片/核心半导体) 5.73%; 北方华创(电芯片/核心半导体) 3.13%
040025,华安科技动力混合A,混合型-偏股,0.00%,0.00%,6.69%,8.86%,15.55%,3,中际旭创(光芯片/光通信) 6.69%; 寒武纪(电芯片/核心半导体) 5.73%; 北方华创(电芯片/核心半导体) 3.13%
589880,科创综指ETF建信,指数型-股票,0.00%,1.45%,0.00%,14.10%,15.55%,6,海光信息(电芯片/核心半导体) 4.96%; 寒武纪(电芯片/核心半导体) 4.21%; 中微公司(电芯片/核心半导体) 1.94%; 中芯国际(电芯片/核心半导体) 1.91%; 澜起科技(存储) 1.45%; 芯原股份(电芯片/核心半导体) 1.08%
011032,东方红睿泽三年持有混合C,混合型-偏股,0.00%,0.00%,15.55%,0.00%,15.55%,2,新易盛(光芯片/光通信) 7.92%; 中际旭创(光芯片/光通信) 7.63%
501054,东方红睿泽三年持有混合A,混合型-偏股,0.00%,0.00%,15.55%,0.00%,15.55%,2,新易盛(光芯片/光通信) 7.92%; 中际旭创(光芯片/光通信) 7.63%
589770,科创综指ETF招商,指数型-股票,0.00%,1.45%,0.00%,14.09%,15.54%,6,海光信息(电芯片/核心半导体) 4.95%; 寒武纪(电芯片/核心半导体) 4.20%; 中微公司(电芯片/核心半导体) 1.95%; 中芯国际(电芯片/核心半导体) 1.91%; 澜起科技(存储) 1.45%; 芯原股份(电芯片/核心半导体) 1.08%
000021,华夏优势增长混合,混合型-偏股,0.00%,0.00%,3.41%,12.12%,15.53%,5,华海清科(电芯片/核心半导体) 4.04%; 北方华创(电芯片/核心半导体) 3.89%; 中际旭创(光芯片/光通信) 3.41%; 海光信息(电芯片/核心半导体) 2.12%; 寒武纪(电芯片/核心半导体) 2.07%
589080,科创综指ETF汇添富,指数型-股票,0.00%,1.45%,0.00%,14.07%,15.52%,6,海光信息(电芯片/核心半导体) 4.95%; 寒武纪(电芯片/核心半导体) 4.20%; 中微公司(电芯片/核心半导体) 1.94%; 中芯国际(电芯片/核心半导体) 1.90%; 澜起科技(存储) 1.45%; 芯原股份(电芯片/核心半导体) 1.08%
589060,科创综指ETF东财,指数型-股票,0.00%,1.46%,0.00%,14.04%,15.50%,6,海光信息(电芯片/核心半导体) 4.92%; 寒武纪(电芯片/核心半导体) 4.18%; 中微公司(电芯片/核心半导体) 1.95%; 中芯国际(电芯片/核心半导体) 1.91%; 澜起科技(存储) 1.46%; 芯原股份(电芯片/核心半导体) 1.08%
589890,科创综指ETF景顺,指数型-股票,0.00%,1.45%,0.00%,14.04%,15.49%,6,海光信息(电芯片/核心半导体) 4.94%; 寒武纪(电芯片/核心半导体) 4.19%; 中微公司(电芯片/核心半导体) 1.93%; 中芯国际(电芯片/核心半导体) 1.90%; 澜起科技(存储) 1.45%; 芯原股份(电芯片/核心半导体) 1.08%
010137,华泰柏瑞量化创享混合A,混合型-偏股,0.00%,0.00%,12.28%,3.19%,15.47%,5,中际旭创(光芯片/光通信) 5.31%; 新易盛(光芯片/光通信) 5.29%; 天孚通信(光芯片/光通信) 1.68%; 海光信息(电芯片/核心半导体) 1.63%; 寒武纪(电芯片/核心半导体) 1.56%
010138,华泰柏瑞量化创享混合C,混合型-偏股,0.00%,0.00%,12.28%,3.19%,15.47%,5,中际旭创(光芯片/光通信) 5.31%; 新易盛(光芯片/光通信) 5.29%; 天孚通信(光芯片/光通信) 1.68%; 海光信息(电芯片/核心半导体) 1.63%; 寒武纪(电芯片/核心半导体) 1.56%
001951,金鹰改革红利混合,混合型-灵活,0.00%,0.00%,12.10%,3.36%,15.46%,3,中际旭创(光芯片/光通信) 7.17%; 新易盛(光芯片/光通信) 4.93%; 中微公司(电芯片/核心半导体) 3.36%
589900,科创综指ETF博时,指数型-股票,0.00%,1.44%,0.00%,14.02%,15.46%,6,海光信息(电芯片/核心半导体) 4.93%; 寒武纪(电芯片/核心半导体) 4.19%; 中微公司(电芯片/核心半导体) 1.94%; 中芯国际(电芯片/核心半导体) 1.89%; 澜起科技(存储) 1.44%; 芯原股份(电芯片/核心半导体) 1.07%
017245,南方前瞻动力混合C,混合型-偏股,0.00%,0.00%,10.31%,5.13%,15.44%,3,中际旭创(光芯片/光通信) 5.53%; 寒武纪(电芯片/核心半导体) 5.13%; 新易盛(光芯片/光通信) 4.78%
017244,南方前瞻动力混合A,混合型-偏股,0.00%,0.00%,10.31%,5.13%,15.44%,3,中际旭创(光芯片/光通信) 5.53%; 寒武纪(电芯片/核心半导体) 5.13%; 新易盛(光芯片/光通信) 4.78%
019348,富国匠心成长混合C,混合型-偏股,0.00%,0.00%,15.44%,0.00%,15.44%,2,中际旭创(光芯片/光通信) 8.76%; 新易盛(光芯片/光通信) 6.68%
019347,富国匠心成长混合A,混合型-偏股,0.00%,0.00%,15.44%,0.00%,15.44%,2,中际旭创(光芯片/光通信) 8.76%; 新易盛(光芯片/光通信) 6.68%
159577,美国50ETF汇添富,指数型-海外股票,0.00%,0.00%,0.00%,15.44%,15.44%,2,英伟达(电芯片/核心半导体) 11.62%; 博通(电芯片/核心半导体) 3.82%
589600,科创综指ETF富国,指数型-股票,0.00%,1.45%,0.00%,13.98%,15.43%,6,海光信息(电芯片/核心半导体) 4.94%; 寒武纪(电芯片/核心半导体) 4.14%; 中微公司(电芯片/核心半导体) 1.92%; 中芯国际(电芯片/核心半导体) 1.90%; 澜起科技(存储) 1.45%; 芯原股份(电芯片/核心半导体) 1.08%
589050,科创综指ETF兴业,指数型-股票,0.00%,1.47%,0.00%,13.94%,15.41%,6,海光信息(电芯片/核心半导体) 4.89%; 寒武纪(电芯片/核心半导体) 4.17%; 中芯国际(电芯片/核心半导体) 1.92%; 中微公司(电芯片/核心半导体) 1.88%; 澜起科技(存储) 1.47%; 芯原股份(电芯片/核心半导体) 1.08%
011707,东吴配置优化混合C,混合型-灵活,0.00%,0.00%,15.39%,0.00%,15.39%,2,中际旭创(光芯片/光通信) 9.13%; 新易盛(光芯片/光通信) 6.26%
582003,东吴配置优化混合A,混合型-灵活,0.00%,0.00%,15.39%,0.00%,15.39%,2,中际旭创(光芯片/光通信) 9.13%; 新易盛(光芯片/光通信) 6.26%
012900,招商创业板指数增强A,指数型-股票,0.00%,0.00%,15.38%,0.00%,15.38%,2,中际旭创(光芯片/光通信) 9.36%; 新易盛(光芯片/光通信) 6.02%
012901,招商创业板指数增强C,指数型-股票,0.00%,0.00%,15.38%,0.00%,15.38%,2,中际旭创(光芯片/光通信) 9.36%; 新易盛(光芯片/光通信) 6.02%
110005,易方达积极成长混合,混合型-偏股,0.00%,0.00%,0.00%,15.38%,15.38%,2,华海清科(电芯片/核心半导体) 9.86%; 芯原股份(电芯片/核心半导体) 5.52%
517660,物联网ETF天弘,指数型-股票,0.00%,4.32%,11.06%,0.00%,15.38%,2,中际旭创(光芯片/光通信) 11.06%; 兆易创新(存储) 4.32%
513850,美国50ETF易方达,指数型-海外股票,0.00%,0.00%,0.00%,15.35%,15.35%,2,英伟达(电芯片/核心半导体) 11.55%; 博通(电芯片/核心半导体) 3.80%
589500,科创综指ETF工银,指数型-股票,0.00%,1.43%,0.00%,13.91%,15.34%,6,海光信息(电芯片/核心半导体) 4.87%; 寒武纪(电芯片/核心半导体) 4.20%; 中微公司(电芯片/核心半导体) 1.91%; 中芯国际(电芯片/核心半导体) 1.87%; 澜起科技(存储) 1.43%; 芯原股份(电芯片/核心半导体) 1.06%
011815,恒越优势精选混合A,混合型-偏股,0.00%,0.00%,11.10%,4.23%,15.33%,3,中际旭创(光芯片/光通信) 6.53%; 新易盛(光芯片/光通信) 4.57%; 北方华创(电芯片/核心半导体) 4.23%
019432,永赢睿信混合C,混合型-偏股,0.00%,2.76%,12.57%,0.00%,15.33%,3,新易盛(光芯片/光通信) 6.51%; 中际旭创(光芯片/光通信) 6.06%; 兆易创新(存储) 2.76%
026227,恒越优势精选混合C,混合型-偏股,0.00%,0.00%,11.10%,4.23%,15.33%,3,中际旭创(光芯片/光通信) 6.53%; 新易盛(光芯片/光通信) 4.57%; 北方华创(电芯片/核心半导体) 4.23%
019641,摩根亚太优势混合(QDII)C,QDII-混合偏股,0.00%,5.67%,0.00%,9.65%,15.32%,2,台积电(电芯片/核心半导体) 9.65%; 三星电子(存储) 5.67%
377016,摩根亚太优势混合(QDII)A,QDII-混合偏股,0.00%,5.67%,0.00%,9.65%,15.32%,2,台积电(电芯片/核心半导体) 9.65%; 三星电子(存储) 5.67%
589630,科创综指ETF国泰,指数型-股票,0.00%,1.61%,0.00%,13.69%,15.30%,5,海光信息(电芯片/核心半导体) 5.01%; 寒武纪(电芯片/核心半导体) 4.26%; 中微公司(电芯片/核心半导体) 2.24%; 中芯国际(电芯片/核心半导体) 2.18%; 澜起科技(存储) 1.61%
010636,财通安盈混合A,混合型-偏债,0.00%,0.00%,11.53%,3.77%,15.30%,4,源杰科技(光芯片/光通信) 4.20%; 新易盛(光芯片/光通信) 4.04%; 中微公司(电芯片/核心半导体) 3.77%; 长芯博创(光芯片/光通信) 3.29%
010637,财通安盈混合C,混合型-偏债,0.00%,0.00%,11.53%,3.77%,15.30%,4,源杰科技(光芯片/光通信) 4.20%; 新易盛(光芯片/光通信) 4.04%; 中微公司(电芯片/核心半导体) 3.77%; 长芯博创(光芯片/光通信) 3.29%
010293,华商量化优质精选混合,混合型-偏股,0.00%,9.69%,0.00%,5.60%,15.29%,3,兆易创新(存储) 6.78%; 北方华创(电芯片/核心半导体) 5.60%; 北京君正(存储) 2.91%
014011,浦银安盛价值成长混合C,混合型-偏股,0.00%,0.00%,15.29%,0.00%,15.29%,2,中际旭创(光芯片/光通信) 7.72%; 新易盛(光芯片/光通信) 7.57%
519110,浦银安盛价值成长混合A,混合型-偏股,0.00%,0.00%,15.29%,0.00%,15.29%,2,中际旭创(光芯片/光通信) 7.72%; 新易盛(光芯片/光通信) 7.57%
585001,东吴中证新兴指数,指数型-股票,0.00%,0.00%,10.64%,4.59%,15.23%,4,中际旭创(光芯片/光通信) 6.17%; 新易盛(光芯片/光通信) 4.47%; 寒武纪(电芯片/核心半导体) 2.33%; 海光信息(电芯片/核心半导体) 2.26%
589680,科创综指ETF鹏华,指数型-股票,0.00%,1.42%,0.00%,13.80%,15.22%,6,海光信息(电芯片/核心半导体) 4.85%; 寒武纪(电芯片/核心半导体) 4.12%; 中微公司(电芯片/核心半导体) 1.90%; 中芯国际(电芯片/核心半导体) 1.87%; 澜起科技(存储) 1.42%; 芯原股份(电芯片/核心半导体) 1.06%
012411,海富通成长领航混合C,混合型-偏股,0.00%,0.00%,7.02%,8.17%,15.19%,3,新易盛(光芯片/光通信) 7.02%; 中芯国际(电芯片/核心半导体) 4.77%; 海光信息(电芯片/核心半导体) 3.40%
012410,海富通成长领航混合A,混合型-偏股,0.00%,0.00%,7.02%,8.17%,15.19%,3,新易盛(光芯片/光通信) 7.02%; 中芯国际(电芯片/核心半导体) 4.77%; 海光信息(电芯片/核心半导体) 3.40%
009223,宝盈现代服务业混合A,混合型-偏股,0.00%,0.00%,15.18%,0.00%,15.18%,2,新易盛(光芯片/光通信) 8.13%; 中际旭创(光芯片/光通信) 7.05%
009224,宝盈现代服务业混合C,混合型-偏股,0.00%,0.00%,15.18%,0.00%,15.18%,2,新易盛(光芯片/光通信) 8.13%; 中际旭创(光芯片/光通信) 7.05%
017026,鑫元鑫领航混合A,混合型-偏股,0.00%,0.00%,15.18%,0.00%,15.18%,2,中际旭创(光芯片/光通信) 8.65%; 新易盛(光芯片/光通信) 6.53%
017027,鑫元鑫领航混合C,混合型-偏股,0.00%,0.00%,15.18%,0.00%,15.18%,2,中际旭创(光芯片/光通信) 8.65%; 新易盛(光芯片/光通信) 6.53%
011829,平安睿享成长混合C,混合型-偏股,0.00%,0.00%,7.73%,7.44%,15.17%,2,长飞光纤光缆(光芯片/光通信) 7.73%; 思瑞浦(电芯片/核心半导体) 7.44%
011828,平安睿享成长混合A,混合型-偏股,0.00%,0.00%,7.73%,7.44%,15.17%,2,长飞光纤光缆(光芯片/光通信) 7.73%; 思瑞浦(电芯片/核心半导体) 7.44%
001275,中邮创新优势灵活配置混合,混合型-灵活,0.00%,0.00%,11.20%,3.96%,15.16%,3,中际旭创(光芯片/光通信) 5.86%; 新易盛(光芯片/光通信) 5.34%; 北方华创(电芯片/核心半导体) 3.96%
501208,中欧创新未来混合(LOF),混合型-偏股,0.00%,0.00%,0.00%,15.16%,15.16%,4,恒玄科技(电芯片/核心半导体) 6.82%; 中微公司(电芯片/核心半导体) 3.14%; 海光信息(电芯片/核心半导体) 2.71%; 中芯国际(电芯片/核心半导体) 2.49%
015604,华安动力领航混合A,混合型-偏股,0.00%,0.00%,15.15%,0.00%,15.15%,2,新易盛(光芯片/光通信) 8.57%; 中际旭创(光芯片/光通信) 6.58%
015605,华安动力领航混合C,混合型-偏股,0.00%,0.00%,15.15%,0.00%,15.15%,2,新易盛(光芯片/光通信) 8.57%; 中际旭创(光芯片/光通信) 6.58%
012199,国金核心资产一年持有C,混合型-偏股,0.00%,0.00%,0.00%,15.14%,15.14%,3,华虹半导体(电芯片/核心半导体) 6.31%; 寒武纪(电芯片/核心半导体) 4.79%; 中芯国际(电芯片/核心半导体) 4.04%
012198,国金核心资产一年持有A,混合型-偏股,0.00%,0.00%,0.00%,15.14%,15.14%,3,华虹半导体(电芯片/核心半导体) 6.31%; 寒武纪(电芯片/核心半导体) 4.79%; 中芯国际(电芯片/核心半导体) 4.04%
025364,路博迈上证科创板综合价格指数增强A,指数型-股票,0.00%,2.43%,0.00%,12.70%,15.13%,6,海光信息(电芯片/核心半导体) 5.17%; 寒武纪(电芯片/核心半导体) 3.82%; 中微公司(电芯片/核心半导体) 2.24%; 中芯国际(电芯片/核心半导体) 1.47%; 佰维存储(存储) 1.39%; 澜起科技(存储) 1.04%
025365,路博迈上证科创板综合价格指数增强C,指数型-股票,0.00%,2.43%,0.00%,12.70%,15.13%,6,海光信息(电芯片/核心半导体) 5.17%; 寒武纪(电芯片/核心半导体) 3.82%; 中微公司(电芯片/核心半导体) 2.24%; 中芯国际(电芯片/核心半导体) 1.47%; 佰维存储(存储) 1.39%; 澜起科技(存储) 1.04%
008716,鹏华优质回报两年定开混合,混合型-偏股,0.00%,6.67%,0.00%,8.45%,15.12%,3,澜起科技(存储) 6.67%; 北方华创(电芯片/核心半导体) 4.99%; 圣邦股份(电芯片/核心半导体) 3.46%
015409,景顺长城成长趋势股票C,股票型,0.00%,0.00%,0.00%,15.11%,15.11%,2,寒武纪(电芯片/核心半导体) 8.56%; 中芯国际(电芯片/核心半导体) 6.55%
015408,景顺长城成长趋势股票A,股票型,0.00%,0.00%,0.00%,15.11%,15.11%,2,寒武纪(电芯片/核心半导体) 8.56%; 中芯国际(电芯片/核心半导体) 6.55%
159676,创业板增强ETF富国,指数型-股票,0.00%,0.00%,15.07%,0.00%,15.07%,2,中际旭创(光芯片/光通信) 8.53%; 新易盛(光芯片/光通信) 6.54%
589990,科创综指ETF华泰柏瑞,指数型-股票,0.00%,1.52%,0.00%,13.53%,15.05%,5,海光信息(电芯片/核心半导体) 5.19%; 寒武纪(电芯片/核心半导体) 3.92%; 中微公司(电芯片/核心半导体) 2.49%; 中芯国际(电芯片/核心半导体) 1.93%; 澜起科技(存储) 1.52%
023895,天弘上证科创板综合指数增强A,指数型-股票,0.00%,1.59%,0.25%,13.19%,15.03%,7,海光信息(电芯片/核心半导体) 5.06%; 寒武纪(电芯片/核心半导体) 4.26%; 中芯国际(电芯片/核心半导体) 1.95%; 中微公司(电芯片/核心半导体) 1.92%; 澜起科技(存储) 1.59%; 光库科技(光芯片/光通信) 0.13%; 长芯博创(光芯片/光通信) 0.12%
023896,天弘上证科创板综合指数增强C,指数型-股票,0.00%,1.59%,0.25%,13.19%,15.03%,7,海光信息(电芯片/核心半导体) 5.06%; 寒武纪(电芯片/核心半导体) 4.26%; 中芯国际(电芯片/核心半导体) 1.95%; 中微公司(电芯片/核心半导体) 1.92%; 澜起科技(存储) 1.59%; 光库科技(光芯片/光通信) 0.13%; 长芯博创(光芯片/光通信) 0.12%
011144,华安汇宏精选混合A,混合型-偏股,0.00%,0.00%,15.00%,0.00%,15.00%,3,中际旭创(光芯片/光通信) 7.24%; 天孚通信(光芯片/光通信) 4.19%; 德科立(光芯片/光通信) 3.57%
011145,华安汇宏精选混合C,混合型-偏股,0.00%,0.00%,15.00%,0.00%,15.00%,3,中际旭创(光芯片/光通信) 7.24%; 天孚通信(光芯片/光通信) 4.19%; 德科立(光芯片/光通信) 3.57%
006133,万家智造优势混合C,混合型-偏股,0.00%,7.66%,0.00%,7.31%,14.97%,3,兆易创新(存储) 7.66%; 中微公司(电芯片/核心半导体) 4.54%; 复旦微电(电芯片/核心半导体) 2.77%
006132,万家智造优势混合A,混合型-偏股,0.00%,7.66%,0.00%,7.31%,14.97%,3,兆易创新(存储) 7.66%; 中微公司(电芯片/核心半导体) 4.54%; 复旦微电(电芯片/核心半导体) 2.77%
024534,平安港股通科技精选混合A,混合型-偏股,0.00%,0.00%,0.00%,14.93%,14.93%,2,中芯国际(电芯片/核心半导体) 7.68%; 华虹半导体(电芯片/核心半导体) 7.25%
024535,平安港股通科技精选混合C,混合型-偏股,0.00%,0.00%,0.00%,14.93%,14.93%,2,中芯国际(电芯片/核心半导体) 7.68%; 华虹半导体(电芯片/核心半导体) 7.25%
024584,华泰保兴上证科创板综合指数增强发起A,指数型-股票,0.00%,1.54%,0.00%,13.36%,14.90%,6,海光信息(电芯片/核心半导体) 4.49%; 寒武纪(电芯片/核心半导体) 3.82%; 中微公司(电芯片/核心半导体) 1.98%; 中芯国际(电芯片/核心半导体) 1.89%; 澜起科技(存储) 1.54%; 芯原股份(电芯片/核心半导体) 1.18%
024585,华泰保兴上证科创板综合指数增强发起C,指数型-股票,0.00%,1.54%,0.00%,13.36%,14.90%,6,海光信息(电芯片/核心半导体) 4.49%; 寒武纪(电芯片/核心半导体) 3.82%; 中微公司(电芯片/核心半导体) 1.98%; 中芯国际(电芯片/核心半导体) 1.89%; 澜起科技(存储) 1.54%; 芯原股份(电芯片/核心半导体) 1.18%
001140,工银总回报灵活配置混合A,混合型-灵活,0.00%,0.00%,7.96%,6.91%,14.87%,3,海光信息(电芯片/核心半导体) 6.91%; 新易盛(光芯片/光通信) 4.35%; 中际旭创(光芯片/光通信) 3.61%
011477,工银总回报灵活配置混合C,混合型-灵活,0.00%,0.00%,7.96%,6.91%,14.87%,3,海光信息(电芯片/核心半导体) 6.91%; 新易盛(光芯片/光通信) 4.35%; 中际旭创(光芯片/光通信) 3.61%
001602,鑫元鑫新收益灵活配置混合C,混合型-灵活,0.00%,0.00%,14.86%,0.00%,14.86%,2,新易盛(光芯片/光通信) 8.02%; 中际旭创(光芯片/光通信) 6.84%
001601,鑫元鑫新收益灵活配置混合A,混合型-灵活,0.00%,0.00%,14.86%,0.00%,14.86%,2,新易盛(光芯片/光通信) 8.02%; 中际旭创(光芯片/光通信) 6.84%
004092,博时沪港深价值优选C,混合型-灵活,0.00%,3.38%,7.79%,3.68%,14.85%,3,长芯博创(光芯片/光通信) 7.79%; 中芯国际(电芯片/核心半导体) 3.68%; 兆易创新(存储) 3.38%
004091,博时沪港深价值优选A,混合型-灵活,0.00%,3.38%,7.79%,3.68%,14.85%,3,长芯博创(光芯片/光通信) 7.79%; 中芯国际(电芯片/核心半导体) 3.68%; 兆易创新(存储) 3.38%
015627,圆信永丰弘阳股票A,股票型,0.00%,0.00%,0.00%,14.85%,14.85%,3,中芯国际(电芯片/核心半导体) 7.76%; 华虹半导体(电芯片/核心半导体) 3.56%; 中微公司(电芯片/核心半导体) 3.53%
015628,圆信永丰弘阳股票C,股票型,0.00%,0.00%,0.00%,14.85%,14.85%,3,中芯国际(电芯片/核心半导体) 7.76%; 华虹半导体(电芯片/核心半导体) 3.56%; 中微公司(电芯片/核心半导体) 3.53%
010681,华夏新兴成长股票C,股票型,0.00%,0.00%,0.00%,14.80%,14.80%,3,北方华创(电芯片/核心半导体) 5.58%; 海光信息(电芯片/核心半导体) 4.82%; 寒武纪(电芯片/核心半导体) 4.40%
010680,华夏新兴成长股票A,股票型,0.00%,0.00%,0.00%,14.80%,14.80%,3,北方华创(电芯片/核心半导体) 5.58%; 海光信息(电芯片/核心半导体) 4.82%; 寒武纪(电芯片/核心半导体) 4.40%
005776,中加转型动力混合C,混合型-灵活,0.00%,0.00%,11.38%,3.41%,14.79%,4,新易盛(光芯片/光通信) 4.14%; 中际旭创(光芯片/光通信) 3.88%; 芯原股份(电芯片/核心半导体) 3.41%; 源杰科技(光芯片/光通信) 3.36%
005775,中加转型动力混合A,混合型-灵活,0.00%,0.00%,11.38%,3.41%,14.79%,4,新易盛(光芯片/光通信) 4.14%; 中际旭创(光芯片/光通信) 3.88%; 芯原股份(电芯片/核心半导体) 3.41%; 源杰科技(光芯片/光通信) 3.36%
004119,广发创新驱动灵活配置混合,混合型-灵活,0.00%,0.00%,0.00%,14.78%,14.78%,2,恒玄科技(电芯片/核心半导体) 7.79%; 晶晨股份(电芯片/核心半导体) 6.99%
020416,农银先进制造混合A,混合型-偏股,0.00%,1.89%,8.42%,4.47%,14.78%,6,中际旭创(光芯片/光通信) 2.91%; 新易盛(光芯片/光通信) 2.77%; 天孚通信(光芯片/光通信) 2.74%; 寒武纪(电芯片/核心半导体) 2.24%; 海光信息(电芯片/核心半导体) 2.23%; 晶合集成(存储) 1.89%
020417,农银先进制造混合C,混合型-偏股,0.00%,1.89%,8.42%,4.47%,14.78%,6,中际旭创(光芯片/光通信) 2.91%; 新易盛(光芯片/光通信) 2.77%; 天孚通信(光芯片/光通信) 2.74%; 寒武纪(电芯片/核心半导体) 2.24%; 海光信息(电芯片/核心半导体) 2.23%; 晶合集成(存储) 1.89%
002020,国都创新驱动,混合型-灵活,0.00%,0.00%,8.70%,6.06%,14.76%,3,中芯国际(电芯片/核心半导体) 6.06%; 中际旭创(光芯片/光通信) 4.35%; 新易盛(光芯片/光通信) 4.35%
501097,国寿安保科技创新混合(LOF),混合型-偏股,0.00%,0.00%,14.73%,0.00%,14.73%,2,中际旭创(光芯片/光通信) 7.48%; 新易盛(光芯片/光通信) 7.25%
588670,科创综指增强ETF嘉实,指数型-股票,0.00%,1.49%,0.00%,13.23%,14.72%,5,海光信息(电芯片/核心半导体) 4.95%; 寒武纪(电芯片/核心半导体) 4.14%; 中微公司(电芯片/核心半导体) 2.25%; 中芯国际(电芯片/核心半导体) 1.89%; 澜起科技(存储) 1.49%
024501,招商科技智选混合发起式A,混合型-偏股,0.00%,0.00%,14.71%,0.00%,14.71%,4,新易盛(光芯片/光通信) 4.80%; 中际旭创(光芯片/光通信) 3.86%; 长飞光纤光缆(光芯片/光通信) 3.83%; 源杰科技(光芯片/光通信) 2.22%
024502,招商科技智选混合发起式C,混合型-偏股,0.00%,0.00%,14.71%,0.00%,14.71%,4,新易盛(光芯片/光通信) 4.80%; 中际旭创(光芯片/光通信) 3.86%; 长飞光纤光缆(光芯片/光通信) 3.83%; 源杰科技(光芯片/光通信) 2.22%
070027,嘉实周期优选混合,混合型-偏股,0.00%,4.23%,0.00%,10.46%,14.69%,3,中微公司(电芯片/核心半导体) 5.57%; 晶晨股份(电芯片/核心半导体) 4.89%; 兆易创新(存储) 4.23%
007549,中泰开阳价值优选混合A,混合型-灵活,0.00%,0.00%,0.00%,14.67%,14.67%,2,思瑞浦(电芯片/核心半导体) 10.00%; 圣邦股份(电芯片/核心半导体) 4.67%
011437,中泰开阳价值优选混合C,混合型-灵活,0.00%,0.00%,0.00%,14.67%,14.67%,2,思瑞浦(电芯片/核心半导体) 10.00%; 圣邦股份(电芯片/核心半导体) 4.67%
506003,富国科创板两年定开混合,混合型-偏股,0.00%,5.06%,0.00%,9.58%,14.64%,3,寒武纪(电芯片/核心半导体) 5.98%; 佰维存储(存储) 5.06%; 海光信息(电芯片/核心半导体) 3.60%
009467,红土创新科技创新3个月定开混合A,混合型-偏股,0.00%,0.00%,14.63%,0.00%,14.63%,2,新易盛(光芯片/光通信) 7.88%; 中际旭创(光芯片/光通信) 6.75%
013173,红土创新科技创新3个月定开混合C,混合型-偏股,0.00%,0.00%,14.63%,0.00%,14.63%,2,新易盛(光芯片/光通信) 7.88%; 中际旭创(光芯片/光通信) 6.75%
010303,华泰柏瑞量化创盈混合A,混合型-偏股,0.00%,0.00%,4.98%,9.63%,14.61%,6,海光信息(电芯片/核心半导体) 4.08%; 中际旭创(光芯片/光通信) 2.73%; 新易盛(光芯片/光通信) 2.25%; 寒武纪(电芯片/核心半导体) 2.05%; 中芯国际(电芯片/核心半导体) 1.87%; 中微公司(电芯片/核心半导体) 1.63%
010304,华泰柏瑞量化创盈混合C,混合型-偏股,0.00%,0.00%,4.98%,9.63%,14.61%,6,海光信息(电芯片/核心半导体) 4.08%; 中际旭创(光芯片/光通信) 2.73%; 新易盛(光芯片/光通信) 2.25%; 寒武纪(电芯片/核心半导体) 2.05%; 中芯国际(电芯片/核心半导体) 1.87%; 中微公司(电芯片/核心半导体) 1.63%
023881,兴全商业模式混合(LOF)C,混合型-偏股,0.00%,0.00%,0.00%,14.60%,14.60%,3,华海清科(电芯片/核心半导体) 6.15%; 北方华创(电芯片/核心半导体) 4.26%; 晶晨股份(电芯片/核心半导体) 4.19%
163415,兴全商业模式混合(LOF)A,混合型-偏股,0.00%,0.00%,0.00%,14.60%,14.60%,3,华海清科(电芯片/核心半导体) 6.15%; 北方华创(电芯片/核心半导体) 4.26%; 晶晨股份(电芯片/核心半导体) 4.19%
006100,平安优势产业混合A,混合型-灵活,0.00%,4.26%,5.13%,5.21%,14.60%,3,思瑞浦(电芯片/核心半导体) 5.21%; 中际旭创(光芯片/光通信) 5.13%; 普冉股份(存储) 4.26%
006101,平安优势产业混合C,混合型-灵活,0.00%,4.26%,5.13%,5.21%,14.60%,3,思瑞浦(电芯片/核心半导体) 5.21%; 中际旭创(光芯片/光通信) 5.13%; 普冉股份(存储) 4.26%
023941,永赢上证科创板综合指数A,指数型-股票,0.00%,1.39%,0.00%,13.21%,14.60%,6,海光信息(电芯片/核心半导体) 4.67%; 寒武纪(电芯片/核心半导体) 3.94%; 中微公司(电芯片/核心半导体) 1.81%; 中芯国际(电芯片/核心半导体) 1.78%; 澜起科技(存储) 1.39%; 芯原股份(电芯片/核心半导体) 1.01%
023942,永赢上证科创板综合指数C,指数型-股票,0.00%,1.39%,0.00%,13.21%,14.60%,6,海光信息(电芯片/核心半导体) 4.67%; 寒武纪(电芯片/核心半导体) 3.94%; 中微公司(电芯片/核心半导体) 1.81%; 中芯国际(电芯片/核心半导体) 1.78%; 澜起科技(存储) 1.39%; 芯原股份(电芯片/核心半导体) 1.01%
012536,万家全球成长一年持有期混合(QDII)C,QDII-混合偏股,0.00%,0.00%,0.00%,14.59%,14.59%,2,寒武纪(电芯片/核心半导体) 8.34%; 思瑞浦(电芯片/核心半导体) 6.25%
012535,万家全球成长一年持有期混合(QDII)A,QDII-混合偏股,0.00%,0.00%,0.00%,14.59%,14.59%,2,寒武纪(电芯片/核心半导体) 8.34%; 思瑞浦(电芯片/核心半导体) 6.25%
017551,南方景气前瞻混合A,混合型-偏股,0.00%,0.00%,9.10%,5.47%,14.57%,3,寒武纪(电芯片/核心半导体) 5.47%; 新易盛(光芯片/光通信) 4.56%; 中际旭创(光芯片/光通信) 4.54%
017552,南方景气前瞻混合C,混合型-偏股,0.00%,0.00%,9.10%,5.47%,14.57%,3,寒武纪(电芯片/核心半导体) 5.47%; 新易盛(光芯片/光通信) 4.56%; 中际旭创(光芯片/光通信) 4.54%
023905,中欧上证科创板综合指数A,指数型-股票,0.00%,1.35%,0.00%,13.22%,14.57%,6,海光信息(电芯片/核心半导体) 4.56%; 寒武纪(电芯片/核心半导体) 4.00%; 中微公司(电芯片/核心半导体) 1.83%; 中芯国际(电芯片/核心半导体) 1.80%; 澜起科技(存储) 1.35%; 芯原股份(电芯片/核心半导体) 1.03%
023906,中欧上证科创板综合指数C,指数型-股票,0.00%,1.35%,0.00%,13.22%,14.57%,6,海光信息(电芯片/核心半导体) 4.56%; 寒武纪(电芯片/核心半导体) 4.00%; 中微公司(电芯片/核心半导体) 1.83%; 中芯国际(电芯片/核心半导体) 1.80%; 澜起科技(存储) 1.35%; 芯原股份(电芯片/核心半导体) 1.03%
025501,万家沪深300指数量化增强发起式A,指数型-股票,0.00%,5.50%,0.00%,9.03%,14.53%,6,北方华创(电芯片/核心半导体) 5.14%; 中微公司(电芯片/核心半导体) 2.84%; 兆易创新(存储) 2.50%; 澜起科技(存储) 2.17%; 华海清科(电芯片/核心半导体) 1.05%; 东芯股份(存储) 0.83%
025502,万家沪深300指数量化增强发起式C,指数型-股票,0.00%,5.50%,0.00%,9.03%,14.53%,6,北方华创(电芯片/核心半导体) 5.14%; 中微公司(电芯片/核心半导体) 2.84%; 兆易创新(存储) 2.50%; 澜起科技(存储) 2.17%; 华海清科(电芯片/核心半导体) 1.05%; 东芯股份(存储) 0.83%
011931,华夏时代前沿一年持有混合C,混合型-偏股,0.00%,0.00%,4.11%,10.40%,14.51%,3,海光信息(电芯片/核心半导体) 7.12%; 中际旭创(光芯片/光通信) 4.11%; 寒武纪(电芯片/核心半导体) 3.28%
011930,华夏时代前沿一年持有混合A,混合型-偏股,0.00%,0.00%,4.11%,10.40%,14.51%,3,海光信息(电芯片/核心半导体) 7.12%; 中际旭创(光芯片/光通信) 4.11%; 寒武纪(电芯片/核心半导体) 3.28%
009640,中银证券优选行业龙头混合A,混合型-偏股,0.00%,0.00%,14.48%,0.00%,14.48%,3,天孚通信(光芯片/光通信) 5.30%; 中际旭创(光芯片/光通信) 4.69%; 新易盛(光芯片/光通信) 4.49%
009641,中银证券优选行业龙头混合C,混合型-偏股,0.00%,0.00%,14.48%,0.00%,14.48%,3,天孚通信(光芯片/光通信) 5.30%; 中际旭创(光芯片/光通信) 4.69%; 新易盛(光芯片/光通信) 4.49%
005482,博时创新驱动混合A,混合型-灵活,0.00%,0.00%,14.47%,0.00%,14.47%,3,中际旭创(光芯片/光通信) 6.51%; 新易盛(光芯片/光通信) 5.06%; 德科立(光芯片/光通信) 2.90%
005483,博时创新驱动混合C,混合型-灵活,0.00%,0.00%,14.47%,0.00%,14.47%,3,中际旭创(光芯片/光通信) 6.51%; 新易盛(光芯片/光通信) 5.06%; 德科立(光芯片/光通信) 2.90%
010792,华安成长先锋混合A,混合型-偏股,0.00%,0.00%,14.44%,0.00%,14.44%,2,天孚通信(光芯片/光通信) 8.61%; 中际旭创(光芯片/光通信) 5.83%
010793,华安成长先锋混合C,混合型-偏股,0.00%,0.00%,14.44%,0.00%,14.44%,2,天孚通信(光芯片/光通信) 8.61%; 中际旭创(光芯片/光通信) 5.83%
020755,永赢融安混合A,混合型-偏股,0.00%,0.00%,14.43%,0.00%,14.43%,2,中际旭创(光芯片/光通信) 7.48%; 新易盛(光芯片/光通信) 6.95%
020758,永赢融安混合C,混合型-偏股,0.00%,0.00%,14.43%,0.00%,14.43%,2,中际旭创(光芯片/光通信) 7.48%; 新易盛(光芯片/光通信) 6.95%
660005,农银中小盘混合,混合型-偏股,0.00%,3.98%,8.13%,2.32%,14.43%,6,天孚通信(光芯片/光通信) 3.87%; 新易盛(光芯片/光通信) 2.37%; 北方华创(电芯片/核心半导体) 2.32%; 兆易创新(存储) 2.17%; 源杰科技(光芯片/光通信) 1.89%; 通富微电(存储) 1.81%
010550,华商双擎领航混合,混合型-偏股,0.00%,0.00%,5.58%,8.84%,14.42%,3,中际旭创(光芯片/光通信) 5.58%; 中微公司(电芯片/核心半导体) 5.43%; 北方华创(电芯片/核心半导体) 3.41%
024485,东吴裕盈平衡混合D,混合型-平衡,0.00%,0.00%,14.42%,0.00%,14.42%,2,新易盛(光芯片/光通信) 7.28%; 中际旭创(光芯片/光通信) 7.14%
024487,东吴裕盈平衡混合F,混合型-平衡,0.00%,0.00%,14.42%,0.00%,14.42%,2,新易盛(光芯片/光通信) 7.28%; 中际旭创(光芯片/光通信) 7.14%
024486,东吴裕盈平衡混合E,混合型-平衡,0.00%,0.00%,14.42%,0.00%,14.42%,2,新易盛(光芯片/光通信) 7.28%; 中际旭创(光芯片/光通信) 7.14%
024484,东吴裕盈平衡混合C,混合型-平衡,0.00%,0.00%,14.42%,0.00%,14.42%,2,新易盛(光芯片/光通信) 7.28%; 中际旭创(光芯片/光通信) 7.14%
024483,东吴裕盈平衡混合A,混合型-平衡,0.00%,0.00%,14.42%,0.00%,14.42%,2,新易盛(光芯片/光通信) 7.28%; 中际旭创(光芯片/光通信) 7.14%
001388,国联新经济混合C,混合型-灵活,0.00%,0.00%,10.03%,4.38%,14.41%,3,中际旭创(光芯片/光通信) 6.18%; 寒武纪(电芯片/核心半导体) 4.38%; 天孚通信(光芯片/光通信) 3.85%
001387,国联新经济混合A,混合型-灵活,0.00%,0.00%,10.03%,4.38%,14.41%,3,中际旭创(光芯片/光通信) 6.18%; 寒武纪(电芯片/核心半导体) 4.38%; 天孚通信(光芯片/光通信) 3.85%
008934,大成科技消费股票A,股票型,0.00%,0.00%,8.52%,5.89%,14.41%,2,中际旭创(光芯片/光通信) 8.52%; 芯原股份(电芯片/核心半导体) 5.89%
008935,大成科技消费股票C,股票型,0.00%,0.00%,8.52%,5.89%,14.41%,2,中际旭创(光芯片/光通信) 8.52%; 芯原股份(电芯片/核心半导体) 5.89%
159836,创业板300ETF天弘,指数型-股票,0.00%,0.00%,14.40%,0.00%,14.40%,3,中际旭创(光芯片/光通信) 6.91%; 新易盛(光芯片/光通信) 5.60%; 天孚通信(光芯片/光通信) 1.89%
012002,中泰星宇价值成长混合C,混合型-偏股,0.00%,0.00%,0.00%,14.39%,14.39%,2,思瑞浦(电芯片/核心半导体) 9.97%; 圣邦股份(电芯片/核心半导体) 4.42%
012001,中泰星宇价值成长混合A,混合型-偏股,0.00%,0.00%,0.00%,14.39%,14.39%,2,思瑞浦(电芯片/核心半导体) 9.97%; 圣邦股份(电芯片/核心半导体) 4.42%
589300,科创综指ETF嘉实,指数型-股票,0.00%,1.46%,0.00%,12.93%,14.39%,5,海光信息(电芯片/核心半导体) 4.94%; 寒武纪(电芯片/核心半导体) 4.14%; 中微公司(电芯片/核心半导体) 1.95%; 中芯国际(电芯片/核心半导体) 1.90%; 澜起科技(存储) 1.46%
506002,易方达科创板两年定开混合,混合型-偏股,0.00%,0.00%,10.24%,4.09%,14.33%,3,源杰科技(光芯片/光通信) 7.02%; 中微公司(电芯片/核心半导体) 4.09%; 新易盛(光芯片/光通信) 3.22%
350007,天治趋势精选混合,混合型-灵活,0.00%,0.00%,12.18%,2.12%,14.30%,5,新易盛(光芯片/光通信) 3.61%; 中际旭创(光芯片/光通信) 3.24%; 源杰科技(光芯片/光通信) 2.80%; 光库科技(光芯片/光通信) 2.53%; 芯原股份(电芯片/核心半导体) 2.12%
014262,摩根沃享远见一年持有期混合C,混合型-偏股,0.00%,0.00%,11.44%,2.86%,14.30%,3,新易盛(光芯片/光通信) 7.14%; 中际旭创(光芯片/光通信) 4.30%; 中芯国际(电芯片/核心半导体) 2.86%
014261,摩根沃享远见一年持有期混合A,混合型-偏股,0.00%,0.00%,11.44%,2.86%,14.30%,3,新易盛(光芯片/光通信) 7.14%; 中际旭创(光芯片/光通信) 4.30%; 中芯国际(电芯片/核心半导体) 2.86%
019514,交银荣鑫灵活配置混合C,混合型-灵活,0.00%,3.05%,7.52%,3.70%,14.27%,4,新易盛(光芯片/光通信) 3.91%; 海光信息(电芯片/核心半导体) 3.70%; 中际旭创(光芯片/光通信) 3.61%; 兆易创新(存储) 3.05%
519766,交银荣鑫灵活配置混合A,混合型-灵活,0.00%,3.05%,7.52%,3.70%,14.27%,4,新易盛(光芯片/光通信) 3.91%; 海光信息(电芯片/核心半导体) 3.70%; 中际旭创(光芯片/光通信) 3.61%; 兆易创新(存储) 3.05%
210008,金鹰策略配置混合,混合型-偏股,0.00%,0.00%,6.14%,8.12%,14.26%,2,中微公司(电芯片/核心半导体) 8.12%; 新易盛(光芯片/光通信) 6.14%
001856,易方达环保主题混合A,混合型-灵活,0.00%,0.00%,14.24%,0.00%,14.24%,3,中际旭创(光芯片/光通信) 5.91%; 新易盛(光芯片/光通信) 4.84%; 长光华芯(光芯片/光通信) 3.49%
013688,平安成长龙头1年持有混合C,混合型-偏股,0.00%,0.00%,7.31%,6.93%,14.24%,3,思瑞浦(电芯片/核心半导体) 6.93%; 长飞光纤光缆(光芯片/光通信) 3.68%; 中际旭创(光芯片/光通信) 3.63%
013687,平安成长龙头1年持有混合A,混合型-偏股,0.00%,0.00%,7.31%,6.93%,14.24%,3,思瑞浦(电芯片/核心半导体) 6.93%; 长飞光纤光缆(光芯片/光通信) 3.68%; 中际旭创(光芯片/光通信) 3.63%
019032,易方达环保主题混合C,混合型-灵活,0.00%,0.00%,14.24%,0.00%,14.24%,3,中际旭创(光芯片/光通信) 5.91%; 新易盛(光芯片/光通信) 4.84%; 长光华芯(光芯片/光通信) 3.49%
009126,嘉实基础产业优选股票A,股票型,0.00%,4.04%,0.00%,10.17%,14.21%,3,中微公司(电芯片/核心半导体) 5.61%; 晶晨股份(电芯片/核心半导体) 4.56%; 兆易创新(存储) 4.04%
009127,嘉实基础产业优选股票C,股票型,0.00%,4.04%,0.00%,10.17%,14.21%,3,中微公司(电芯片/核心半导体) 5.61%; 晶晨股份(电芯片/核心半导体) 4.56%; 兆易创新(存储) 4.04%
012149,国投瑞银产业趋势混合C,混合型-偏股,0.00%,0.00%,14.17%,0.00%,14.17%,2,新易盛(光芯片/光通信) 8.40%; 中际旭创(光芯片/光通信) 5.77%
012148,国投瑞银产业趋势混合A,混合型-偏股,0.00%,0.00%,14.17%,0.00%,14.17%,2,新易盛(光芯片/光通信) 8.40%; 中际旭创(光芯片/光通信) 5.77%
012587,南方港股创新视野一年持有混合C,混合型-灵活,0.00%,0.00%,9.71%,4.46%,14.17%,2,长飞光纤光缆(光芯片/光通信) 9.71%; 华虹半导体(电芯片/核心半导体) 4.46%
012586,南方港股创新视野一年持有混合A,混合型-灵活,0.00%,0.00%,9.71%,4.46%,14.17%,2,长飞光纤光缆(光芯片/光通信) 9.71%; 华虹半导体(电芯片/核心半导体) 4.46%
016593,长城远见成长混合C,混合型-偏股,0.00%,0.00%,14.16%,0.00%,14.16%,2,中际旭创(光芯片/光通信) 7.09%; 新易盛(光芯片/光通信) 7.07%
016592,长城远见成长混合A,混合型-偏股,0.00%,0.00%,14.16%,0.00%,14.16%,2,中际旭创(光芯片/光通信) 7.09%; 新易盛(光芯片/光通信) 7.07%
517350,沪港深科技ETF广发,指数型-股票,0.00%,0.00%,7.67%,6.49%,14.16%,3,中际旭创(光芯片/光通信) 7.67%; 中芯国际(电芯片/核心半导体) 3.41%; 北方华创(电芯片/核心半导体) 3.08%
004292,鹏华沪深港互联网股票,股票型,0.00%,0.00%,0.00%,14.14%,14.14%,2,华虹半导体(电芯片/核心半导体) 8.32%; 中芯国际(电芯片/核心半导体) 5.82%
012672,嘉实核心蓝筹混合C,混合型-偏股,0.00%,3.31%,0.00%,10.82%,14.13%,3,中微公司(电芯片/核心半导体) 5.96%; 晶晨股份(电芯片/核心半导体) 4.86%; 兆易创新(存储) 3.31%
012671,嘉实核心蓝筹混合A,混合型-偏股,0.00%,3.31%,0.00%,10.82%,14.13%,3,中微公司(电芯片/核心半导体) 5.96%; 晶晨股份(电芯片/核心半导体) 4.86%; 兆易创新(存储) 3.31%
001701,国联产业升级混合,混合型-灵活,0.00%,0.00%,9.88%,4.24%,14.12%,3,中际旭创(光芯片/光通信) 6.10%; 寒武纪(电芯片/核心半导体) 4.24%; 天孚通信(光芯片/光通信) 3.78%
010305,华夏创新驱动混合A,混合型-偏股,0.00%,0.00%,0.00%,14.12%,14.12%,3,北方华创(电芯片/核心半导体) 5.53%; 海光信息(电芯片/核心半导体) 4.36%; 寒武纪(电芯片/核心半导体) 4.23%
010306,华夏创新驱动混合C,混合型-偏股,0.00%,0.00%,0.00%,14.12%,14.12%,3,北方华创(电芯片/核心半导体) 5.53%; 海光信息(电芯片/核心半导体) 4.36%; 寒武纪(电芯片/核心半导体) 4.23%
563000,中国A50ETF易方达,指数型-股票,0.00%,0.00%,7.68%,6.44%,14.12%,4,中际旭创(光芯片/光通信) 4.53%; 海光信息(电芯片/核心半导体) 3.50%; 新易盛(光芯片/光通信) 3.15%; 寒武纪(电芯片/核心半导体) 2.94%
025373,东方红上证科创板综合指数增强A,指数型-股票,0.00%,1.68%,0.56%,11.85%,14.09%,6,海光信息(电芯片/核心半导体) 4.41%; 寒武纪(电芯片/核心半导体) 3.66%; 中芯国际(电芯片/核心半导体) 2.31%; 佰维存储(存储) 1.68%; 中微公司(电芯片/核心半导体) 1.47%; 中际旭创(光芯片/光通信) 0.56%
025374,东方红上证科创板综合指数增强C,指数型-股票,0.00%,1.68%,0.56%,11.85%,14.09%,6,海光信息(电芯片/核心半导体) 4.41%; 寒武纪(电芯片/核心半导体) 3.66%; 中芯国际(电芯片/核心半导体) 2.31%; 佰维存储(存储) 1.68%; 中微公司(电芯片/核心半导体) 1.47%; 中际旭创(光芯片/光通信) 0.56%
159602,中国A50ETF南方,指数型-股票,0.00%,0.00%,7.66%,6.43%,14.09%,4,中际旭创(光芯片/光通信) 4.52%; 海光信息(电芯片/核心半导体) 3.49%; 新易盛(光芯片/光通信) 3.14%; 寒武纪(电芯片/核心半导体) 2.94%
023889,国泰海通上证科创板综合价格指数增强A,指数型-股票,0.00%,1.34%,0.00%,12.73%,14.07%,5,海光信息(电芯片/核心半导体) 4.48%; 寒武纪(电芯片/核心半导体) 3.79%; 中微公司(电芯片/核心半导体) 2.50%; 中芯国际(电芯片/核心半导体) 1.96%; 澜起科技(存储) 1.34%
023890,国泰海通上证科创板综合价格指数增强C,指数型-股票,0.00%,1.34%,0.00%,12.73%,14.07%,5,海光信息(电芯片/核心半导体) 4.48%; 寒武纪(电芯片/核心半导体) 3.79%; 中微公司(电芯片/核心半导体) 2.50%; 中芯国际(电芯片/核心半导体) 1.96%; 澜起科技(存储) 1.34%
560050,中国A50ETF汇添富,指数型-股票,0.00%,0.00%,7.66%,6.41%,14.07%,4,中际旭创(光芯片/光通信) 4.52%; 海光信息(电芯片/核心半导体) 3.49%; 新易盛(光芯片/光通信) 3.14%; 寒武纪(电芯片/核心半导体) 2.92%
001704,国投瑞银进宝灵活配置混合,混合型-灵活,0.00%,0.00%,14.05%,0.00%,14.05%,2,新易盛(光芯片/光通信) 8.34%; 中际旭创(光芯片/光通信) 5.71%
010049,长城成长先锋混合A,混合型-偏股,0.00%,0.00%,14.05%,0.00%,14.05%,2,中际旭创(光芯片/光通信) 7.04%; 新易盛(光芯片/光通信) 7.01%
010050,长城成长先锋混合C,混合型-偏股,0.00%,0.00%,14.05%,0.00%,14.05%,2,中际旭创(光芯片/光通信) 7.04%; 新易盛(光芯片/光通信) 7.01%
024026,国联安上证科创板综合指数增强C,指数型-股票,0.00%,1.31%,0.00%,12.74%,14.05%,5,海光信息(电芯片/核心半导体) 4.90%; 寒武纪(电芯片/核心半导体) 3.75%; 中微公司(电芯片/核心半导体) 2.22%; 中芯国际(电芯片/核心半导体) 1.87%; 澜起科技(存储) 1.31%
024025,国联安上证科创板综合指数增强A,指数型-股票,0.00%,1.31%,0.00%,12.74%,14.05%,5,海光信息(电芯片/核心半导体) 4.90%; 寒武纪(电芯片/核心半导体) 3.75%; 中微公司(电芯片/核心半导体) 2.22%; 中芯国际(电芯片/核心半导体) 1.87%; 澜起科技(存储) 1.31%
006556,海富通研究精选混合C,混合型-偏股,0.00%,0.00%,9.44%,4.60%,14.04%,4,中际旭创(光芯片/光通信) 4.90%; 新易盛(光芯片/光通信) 4.54%; 芯原股份(电芯片/核心半导体) 2.49%; 北方华创(电芯片/核心半导体) 2.11%
006557,海富通研究精选混合A,混合型-偏股,0.00%,0.00%,9.44%,4.60%,14.04%,4,中际旭创(光芯片/光通信) 4.90%; 新易盛(光芯片/光通信) 4.54%; 芯原股份(电芯片/核心半导体) 2.49%; 北方华创(电芯片/核心半导体) 2.11%
015456,信澳领先增长混合C,混合型-偏股,0.00%,0.00%,0.00%,14.03%,14.03%,2,思特威(电芯片/核心半导体) 8.13%; 恒玄科技(电芯片/核心半导体) 5.90%
610001,信澳领先增长混合A,混合型-偏股,0.00%,0.00%,0.00%,14.03%,14.03%,2,思特威(电芯片/核心半导体) 8.13%; 恒玄科技(电芯片/核心半导体) 5.90%
023913,富国上证科创板综合价格指数增强A,指数型-股票,0.00%,2.42%,1.43%,10.17%,14.02%,7,海光信息(电芯片/核心半导体) 4.12%; 寒武纪(电芯片/核心半导体) 3.88%; 源杰科技(光芯片/光通信) 1.43%; 佰维存储(存储) 1.34%; 中微公司(电芯片/核心半导体) 1.15%; 澜起科技(存储) 1.08%; 中芯国际(电芯片/核心半导体) 1.02%
023914,富国上证科创板综合价格指数增强C,指数型-股票,0.00%,2.42%,1.43%,10.17%,14.02%,7,海光信息(电芯片/核心半导体) 4.12%; 寒武纪(电芯片/核心半导体) 3.88%; 源杰科技(光芯片/光通信) 1.43%; 佰维存储(存储) 1.34%; 中微公司(电芯片/核心半导体) 1.15%; 澜起科技(存储) 1.08%; 中芯国际(电芯片/核心半导体) 1.02%
588520,科创增强ETF永赢,指数型-股票,0.00%,0.00%,4.21%,9.81%,14.02%,4,芯原股份(电芯片/核心半导体) 4.27%; 源杰科技(光芯片/光通信) 4.21%; 复旦微电(电芯片/核心半导体) 3.28%; 思瑞浦(电芯片/核心半导体) 2.26%
159601,A50ETF华夏,指数型-股票,0.00%,0.00%,7.61%,6.39%,14.00%,4,中际旭创(光芯片/光通信) 4.49%; 海光信息(电芯片/核心半导体) 3.47%; 新易盛(光芯片/光通信) 3.12%; 寒武纪(电芯片/核心半导体) 2.92%
011909,广发沪港深价值精选混合C,混合型-偏股,0.00%,3.65%,0.00%,10.35%,14.00%,3,中微公司(电芯片/核心半导体) 5.88%; 中芯国际(电芯片/核心半导体) 4.47%; 兆易创新(存储) 3.65%
011908,广发沪港深价值精选混合A,混合型-偏股,0.00%,3.65%,0.00%,10.35%,14.00%,3,中微公司(电芯片/核心半导体) 5.88%; 中芯国际(电芯片/核心半导体) 4.47%; 兆易创新(存储) 3.65%
026618,万家致远动力混合发起式C,混合型-偏股,0.00%,2.65%,6.19%,5.13%,13.97%,5,中际旭创(光芯片/光通信) 3.17%; 天孚通信(光芯片/光通信) 3.02%; 芯原股份(电芯片/核心半导体) 2.79%; 兆易创新(存储) 2.65%; 海光信息(电芯片/核心半导体) 2.34%
026617,万家致远动力混合发起式A,混合型-偏股,0.00%,2.65%,6.19%,5.13%,13.97%,5,中际旭创(光芯片/光通信) 3.17%; 天孚通信(光芯片/光通信) 3.02%; 芯原股份(电芯片/核心半导体) 2.79%; 兆易创新(存储) 2.65%; 海光信息(电芯片/核心半导体) 2.34%
159778,工业互联网ETF鹏华,指数型-股票,0.00%,5.42%,3.81%,4.70%,13.93%,3,兆易创新(存储) 5.42%; 北方华创(电芯片/核心半导体) 4.70%; 华工科技(光芯片/光通信) 3.81%
020699,国泰海通科创板量化选股股票发起C,股票型,0.00%,1.32%,0.00%,12.58%,13.90%,5,海光信息(电芯片/核心半导体) 4.51%; 寒武纪(电芯片/核心半导体) 3.66%; 中微公司(电芯片/核心半导体) 2.46%; 中芯国际(电芯片/核心半导体) 1.95%; 澜起科技(存储) 1.32%
020698,国泰海通科创板量化选股股票发起A,股票型,0.00%,1.32%,0.00%,12.58%,13.90%,5,海光信息(电芯片/核心半导体) 4.51%; 寒武纪(电芯片/核心半导体) 3.66%; 中微公司(电芯片/核心半导体) 2.46%; 中芯国际(电芯片/核心半导体) 1.95%; 澜起科技(存储) 1.32%
006736,国投瑞银先进制造混合,混合型-偏股,0.00%,0.00%,13.85%,0.00%,13.85%,2,新易盛(光芯片/光通信) 8.20%; 中际旭创(光芯片/光通信) 5.65%
000327,南方潜力新蓝筹混合A,混合型-偏股,0.00%,0.00%,8.56%,5.28%,13.84%,3,寒武纪(电芯片/核心半导体) 5.28%; 新易盛(光芯片/光通信) 4.28%; 中际旭创(光芯片/光通信) 4.28%
012130,景顺长城先进智造混合A,混合型-偏股,0.00%,0.00%,3.06%,10.78%,13.84%,4,中芯国际(电芯片/核心半导体) 4.50%; 北方华创(电芯片/核心半导体) 3.26%; 长飞光纤光缆(光芯片/光通信) 3.06%; 芯原股份(电芯片/核心半导体) 3.02%
012131,景顺长城先进智造混合C,混合型-偏股,0.00%,0.00%,3.06%,10.78%,13.84%,4,中芯国际(电芯片/核心半导体) 4.50%; 北方华创(电芯片/核心半导体) 3.26%; 长飞光纤光缆(光芯片/光通信) 3.06%; 芯原股份(电芯片/核心半导体) 3.02%
012918,平安优势领航1年持有混合C,混合型-偏股,0.00%,0.00%,7.07%,6.77%,13.84%,3,思瑞浦(电芯片/核心半导体) 6.77%; 中际旭创(光芯片/光通信) 3.60%; 长飞光纤光缆(光芯片/光通信) 3.47%
012917,平安优势领航1年持有混合A,混合型-偏股,0.00%,0.00%,7.07%,6.77%,13.84%,3,思瑞浦(电芯片/核心半导体) 6.77%; 中际旭创(光芯片/光通信) 3.60%; 长飞光纤光缆(光芯片/光通信) 3.47%
015396,南方潜力新蓝筹混合C,混合型-偏股,0.00%,0.00%,8.56%,5.28%,13.84%,3,寒武纪(电芯片/核心半导体) 5.28%; 新易盛(光芯片/光通信) 4.28%; 中际旭创(光芯片/光通信) 4.28%
159723,科技龙头ETF汇添富,指数型-股票,0.00%,0.00%,7.41%,6.40%,13.81%,3,中际旭创(光芯片/光通信) 7.41%; 中芯国际(电芯片/核心半导体) 3.33%; 海光信息(电芯片/核心半导体) 3.07%
009049,易方达高端制造混合发起式A,混合型-偏股,0.00%,0.00%,11.32%,2.47%,13.79%,3,中际旭创(光芯片/光通信) 5.90%; 新易盛(光芯片/光通信) 5.42%; 北方华创(电芯片/核心半导体) 2.47%
019034,易方达高端制造混合发起式C,混合型-偏股,0.00%,0.00%,11.32%,2.47%,13.79%,3,中际旭创(光芯片/光通信) 5.90%; 新易盛(光芯片/光通信) 5.42%; 北方华创(电芯片/核心半导体) 2.47%
010610,摩根远见两年持有期混合,混合型-偏股,0.00%,0.00%,10.61%,3.17%,13.78%,3,新易盛(光芯片/光通信) 6.67%; 中际旭创(光芯片/光通信) 3.94%; 中芯国际(电芯片/核心半导体) 3.17%
000969,前海开源大安全混合,混合型-灵活,0.00%,0.00%,13.77%,0.00%,13.77%,2,源杰科技(光芯片/光通信) 7.67%; 中际旭创(光芯片/光通信) 6.10%
002542,长城久鼎混合A,混合型-灵活,0.00%,0.00%,13.75%,0.00%,13.75%,2,新易盛(光芯片/光通信) 6.93%; 中际旭创(光芯片/光通信) 6.82%
009490,泰康科技创新一年定开混合,混合型-偏股,0.00%,0.00%,13.75%,0.00%,13.75%,2,中际旭创(光芯片/光通信) 7.24%; 新易盛(光芯片/光通信) 6.51%
016059,长城久鼎混合C,混合型-灵活,0.00%,0.00%,13.75%,0.00%,13.75%,2,新易盛(光芯片/光通信) 6.93%; 中际旭创(光芯片/光通信) 6.82%
519003,海富通收益增长混合,混合型-灵活,0.00%,0.00%,13.74%,0.00%,13.74%,2,新易盛(光芯片/光通信) 8.84%; 中际旭创(光芯片/光通信) 4.90%
014873,嘉实品质蓝筹一年持有混合C,混合型-偏股,0.00%,3.25%,0.00%,10.44%,13.69%,3,中微公司(电芯片/核心半导体) 5.72%; 晶晨股份(电芯片/核心半导体) 4.72%; 兆易创新(存储) 3.25%
014872,嘉实品质蓝筹一年持有混合A,混合型-偏股,0.00%,3.25%,0.00%,10.44%,13.69%,3,中微公司(电芯片/核心半导体) 5.72%; 晶晨股份(电芯片/核心半导体) 4.72%; 兆易创新(存储) 3.25%
520980,港股通科技ETF汇添富,指数型-股票,0.00%,0.00%,0.00%,13.67%,13.67%,2,中芯国际(电芯片/核心半导体) 10.59%; 华虹半导体(电芯片/核心半导体) 3.08%
012123,招商金安成长严选混合,混合型-偏股,0.00%,0.00%,11.40%,2.21%,13.61%,4,中际旭创(光芯片/光通信) 4.69%; 长飞光纤光缆(光芯片/光通信) 4.22%; 新易盛(光芯片/光通信) 2.49%; 芯原股份(电芯片/核心半导体) 2.21%
017289,宏利首选企业股票C,股票型,0.00%,0.00%,13.59%,0.00%,13.59%,2,中际旭创(光芯片/光通信) 8.07%; 新易盛(光芯片/光通信) 5.52%
162208,宏利首选企业股票A,股票型,0.00%,0.00%,13.59%,0.00%,13.59%,2,中际旭创(光芯片/光通信) 8.07%; 新易盛(光芯片/光通信) 5.52%
001297,平安智慧中国混合,混合型-灵活,0.00%,4.12%,0.00%,9.46%,13.58%,3,寒武纪(电芯片/核心半导体) 5.30%; 芯原股份(电芯片/核心半导体) 4.16%; 澜起科技(存储) 4.12%
007527,融通量化多策略混合A,混合型-灵活,0.00%,2.37%,11.20%,0.00%,13.57%,5,中际旭创(光芯片/光通信) 4.10%; 源杰科技(光芯片/光通信) 3.05%; 佰维存储(存储) 2.37%; 新易盛(光芯片/光通信) 2.27%; 剑桥科技(光芯片/光通信) 1.78%
007528,融通量化多策略混合C,混合型-灵活,0.00%,2.37%,11.20%,0.00%,13.57%,5,中际旭创(光芯片/光通信) 4.10%; 源杰科技(光芯片/光通信) 3.05%; 佰维存储(存储) 2.37%; 新易盛(光芯片/光通信) 2.27%; 剑桥科技(光芯片/光通信) 1.78%
017158,华富匠心领航18个月持有期混合C,混合型-偏股,0.00%,0.00%,13.54%,0.00%,13.54%,2,中际旭创(光芯片/光通信) 6.96%; 新易盛(光芯片/光通信) 6.58%
017157,华富匠心领航18个月持有期混合A,混合型-偏股,0.00%,0.00%,13.54%,0.00%,13.54%,2,中际旭创(光芯片/光通信) 6.96%; 新易盛(光芯片/光通信) 6.58%
023775,兴银MSCI中国A50互联互通指数发起A,指数型-股票,0.00%,0.00%,7.46%,6.08%,13.54%,4,中际旭创(光芯片/光通信) 4.37%; 海光信息(电芯片/核心半导体) 3.29%; 新易盛(光芯片/光通信) 3.09%; 寒武纪(电芯片/核心半导体) 2.79%
023776,兴银MSCI中国A50互联互通指数发起C,指数型-股票,0.00%,0.00%,7.46%,6.08%,13.54%,4,中际旭创(光芯片/光通信) 4.37%; 海光信息(电芯片/核心半导体) 3.29%; 新易盛(光芯片/光通信) 3.09%; 寒武纪(电芯片/核心半导体) 2.79%
001319,农银信息传媒股票A,股票型,0.00%,0.00%,0.00%,13.53%,13.53%,3,北方华创(电芯片/核心半导体) 5.14%; 中芯国际(电芯片/核心半导体) 5.08%; 复旦微电(电芯片/核心半导体) 3.31%
018589,农银信息传媒股票C,股票型,0.00%,0.00%,0.00%,13.53%,13.53%,3,北方华创(电芯片/核心半导体) 5.14%; 中芯国际(电芯片/核心半导体) 5.08%; 复旦微电(电芯片/核心半导体) 3.31%
014624,中银MSCI中国A50互联互通指数增强C,指数型-股票,0.00%,0.00%,7.29%,6.22%,13.51%,4,中际旭创(光芯片/光通信) 4.31%; 海光信息(电芯片/核心半导体) 3.33%; 新易盛(光芯片/光通信) 2.98%; 寒武纪(电芯片/核心半导体) 2.89%
014623,中银MSCI中国A50互联互通指数增强A,指数型-股票,0.00%,0.00%,7.29%,6.22%,13.51%,4,中际旭创(光芯片/光通信) 4.31%; 海光信息(电芯片/核心半导体) 3.33%; 新易盛(光芯片/光通信) 2.98%; 寒武纪(电芯片/核心半导体) 2.89%
022137,中银MSCI中国A50互联互通指数增强E,指数型-股票,0.00%,0.00%,7.29%,6.22%,13.51%,4,中际旭创(光芯片/光通信) 4.31%; 海光信息(电芯片/核心半导体) 3.33%; 新易盛(光芯片/光通信) 2.98%; 寒武纪(电芯片/核心半导体) 2.89%
513160,港股科技ETF银华,指数型-股票,0.00%,0.00%,0.00%,13.51%,13.51%,2,中芯国际(电芯片/核心半导体) 10.47%; 华虹半导体(电芯片/核心半导体) 3.04%
013242,华银优势行业股票,股票型,0.00%,2.87%,10.62%,0.00%,13.49%,5,源杰科技(光芯片/光通信) 3.03%; 佰维存储(存储) 2.87%; 新易盛(光芯片/光通信) 2.60%; 中际旭创(光芯片/光通信) 2.57%; 天孚通信(光芯片/光通信) 2.42%
001174,中欧瑾和灵活配置混合C,混合型-灵活,0.00%,0.00%,0.00%,13.47%,13.47%,3,中微公司(电芯片/核心半导体) 5.06%; 中芯国际(电芯片/核心半导体) 4.31%; 北方华创(电芯片/核心半导体) 4.10%
012809,鹏华中证沪港深科技龙头指数(LOF)C,指数型-股票,0.00%,0.00%,7.27%,6.20%,13.47%,3,中际旭创(光芯片/光通信) 7.27%; 中芯国际(电芯片/核心半导体) 3.23%; 海光信息(电芯片/核心半导体) 2.97%
017288,中欧瑾和灵活配置混合E,混合型-灵活,0.00%,0.00%,0.00%,13.47%,13.47%,3,中微公司(电芯片/核心半导体) 5.06%; 中芯国际(电芯片/核心半导体) 4.31%; 北方华创(电芯片/核心半导体) 4.10%
022834,鹏华中证沪港深科技龙头指数(LOF)I,指数型-股票,0.00%,0.00%,7.27%,6.20%,13.47%,3,中际旭创(光芯片/光通信) 7.27%; 中芯国际(电芯片/核心半导体) 3.23%; 海光信息(电芯片/核心半导体) 2.97%
160646,鹏华中证沪港深科技龙头指数(LOF)A,指数型-股票,0.00%,0.00%,7.27%,6.20%,13.47%,3,中际旭创(光芯片/光通信) 7.27%; 中芯国际(电芯片/核心半导体) 3.23%; 海光信息(电芯片/核心半导体) 2.97%
015037,天弘MSCI中国A50互联互通指数A,指数型-股票,0.00%,0.00%,7.34%,6.07%,13.41%,4,中际旭创(光芯片/光通信) 4.30%; 海光信息(电芯片/核心半导体) 3.33%; 新易盛(光芯片/光通信) 3.04%; 寒武纪(电芯片/核心半导体) 2.74%
015038,天弘MSCI中国A50互联互通指数C,指数型-股票,0.00%,0.00%,7.34%,6.07%,13.41%,4,中际旭创(光芯片/光通信) 4.30%; 海光信息(电芯片/核心半导体) 3.33%; 新易盛(光芯片/光通信) 3.04%; 寒武纪(电芯片/核心半导体) 2.74%
018010,长盛电子信息产业混合C,混合型-偏股,0.00%,0.00%,0.00%,13.36%,13.36%,4,圣邦股份(电芯片/核心半导体) 4.44%; 思特威(电芯片/核心半导体) 3.10%; 中微公司(电芯片/核心半导体) 2.91%; 北方华创(电芯片/核心半导体) 2.91%
080012,长盛电子信息产业混合A,混合型-偏股,0.00%,0.00%,0.00%,13.36%,13.36%,4,圣邦股份(电芯片/核心半导体) 4.44%; 思特威(电芯片/核心半导体) 3.10%; 中微公司(电芯片/核心半导体) 2.91%; 北方华创(电芯片/核心半导体) 2.91%
010666,博时高端装备混合C,混合型-偏股,0.00%,0.00%,13.32%,0.00%,13.32%,3,中际旭创(光芯片/光通信) 7.25%; 新易盛(光芯片/光通信) 3.12%; 天孚通信(光芯片/光通信) 2.95%
010665,博时高端装备混合A,混合型-偏股,0.00%,0.00%,13.32%,0.00%,13.32%,3,中际旭创(光芯片/光通信) 7.25%; 新易盛(光芯片/光通信) 3.12%; 天孚通信(光芯片/光通信) 2.95%
004435,博时逆向投资混合C,混合型-偏股,0.00%,0.00%,13.29%,0.00%,13.29%,3,中际旭创(光芯片/光通信) 7.02%; 新易盛(光芯片/光通信) 3.21%; 天孚通信(光芯片/光通信) 3.06%
004434,博时逆向投资混合A,混合型-偏股,0.00%,0.00%,13.29%,0.00%,13.29%,3,中际旭创(光芯片/光通信) 7.02%; 新易盛(光芯片/光通信) 3.21%; 天孚通信(光芯片/光通信) 3.06%
014172,富国中证工业4.0指数(LOF)C,指数型-股票,0.00%,4.40%,0.00%,8.87%,13.27%,3,北方华创(电芯片/核心半导体) 5.04%; 兆易创新(存储) 4.40%; 豪威集团(电芯片/核心半导体) 3.83%
161031,富国中证工业4.0指数(LOF)A,指数型-股票,0.00%,4.40%,0.00%,8.87%,13.27%,3,北方华创(电芯片/核心半导体) 5.04%; 兆易创新(存储) 4.40%; 豪威集团(电芯片/核心半导体) 3.83%
159888,智能汽车ETF华夏,指数型-股票,0.00%,3.83%,0.00%,9.41%,13.24%,3,芯原股份(电芯片/核心半导体) 4.80%; 豪威集团(电芯片/核心半导体) 4.61%; 北京君正(存储) 3.83%
021284,浦银安盛科创板100指数增强A,指数型-股票,0.00%,3.39%,9.84%,0.00%,13.23%,4,源杰科技(光芯片/光通信) 5.80%; 东芯股份(存储) 3.39%; 仕佳光子(光芯片/光通信) 2.72%; 中际旭创(光芯片/光通信) 1.32%
021285,浦银安盛科创板100指数增强C,指数型-股票,0.00%,3.39%,9.84%,0.00%,13.23%,4,源杰科技(光芯片/光通信) 5.80%; 东芯股份(存储) 3.39%; 仕佳光子(光芯片/光通信) 2.72%; 中际旭创(光芯片/光通信) 1.32%
163402,兴全趋势投资混合(LOF),混合型-灵活,0.00%,2.83%,0.00%,10.40%,13.23%,3,海光信息(电芯片/核心半导体) 7.44%; 北方华创(电芯片/核心半导体) 2.96%; 长电科技(存储) 2.83%
562570,信创ETF华夏,指数型-股票,0.00%,8.20%,0.00%,5.03%,13.23%,2,佰维存储(存储) 8.20%; 海光信息(电芯片/核心半导体) 5.03%
023894,大成上证科创板综合指数增强C,指数型-股票,0.00%,1.49%,0.00%,11.72%,13.21%,5,海光信息(电芯片/核心半导体) 4.39%; 寒武纪(电芯片/核心半导体) 4.39%; 中芯国际(电芯片/核心半导体) 1.49%; 澜起科技(存储) 1.49%; 中微公司(电芯片/核心半导体) 1.45%
023893,大成上证科创板综合指数增强A,指数型-股票,0.00%,1.49%,0.00%,11.72%,13.21%,5,海光信息(电芯片/核心半导体) 4.39%; 寒武纪(电芯片/核心半导体) 4.39%; 中芯国际(电芯片/核心半导体) 1.49%; 澜起科技(存储) 1.49%; 中微公司(电芯片/核心半导体) 1.45%
515250,智能汽车ETF富国,指数型-股票,0.00%,3.79%,0.00%,9.42%,13.21%,3,芯原股份(电芯片/核心半导体) 4.83%; 豪威集团(电芯片/核心半导体) 4.59%; 北京君正(存储) 3.79%
007132,长城港股通价值精选混合A,混合型-偏股,0.00%,0.00%,0.00%,13.20%,13.20%,2,中芯国际(电芯片/核心半导体) 8.64%; 华虹半导体(电芯片/核心半导体) 4.56%
011975,广发均衡回报混合A,混合型-平衡,0.00%,0.00%,13.20%,0.00%,13.20%,3,中际旭创(光芯片/光通信) 6.16%; 新易盛(光芯片/光通信) 5.92%; 长飞光纤光缆(光芯片/光通信) 1.12%
011976,广发均衡回报混合C,混合型-平衡,0.00%,0.00%,13.20%,0.00%,13.20%,3,中际旭创(光芯片/光通信) 6.16%; 新易盛(光芯片/光通信) 5.92%; 长飞光纤光缆(光芯片/光通信) 1.12%
017627,长城港股通价值精选混合C,混合型-偏股,0.00%,0.00%,0.00%,13.20%,13.20%,2,中芯国际(电芯片/核心半导体) 8.64%; 华虹半导体(电芯片/核心半导体) 4.56%
562030,信创ETF华宝,指数型-股票,0.00%,8.14%,0.00%,5.04%,13.18%,2,佰维存储(存储) 8.14%; 海光信息(电芯片/核心半导体) 5.04%
024346,浙商汇金上证科创板综合指数C,指数型-股票,0.00%,1.17%,0.00%,12.00%,13.17%,5,海光信息(电芯片/核心半导体) 4.46%; 寒武纪(电芯片/核心半导体) 4.15%; 中微公司(电芯片/核心半导体) 1.87%; 中芯国际(电芯片/核心半导体) 1.52%; 澜起科技(存储) 1.17%
024345,浙商汇金上证科创板综合指数A,指数型-股票,0.00%,1.17%,0.00%,12.00%,13.17%,5,海光信息(电芯片/核心半导体) 4.46%; 寒武纪(电芯片/核心半导体) 4.15%; 中微公司(电芯片/核心半导体) 1.87%; 中芯国际(电芯片/核心半导体) 1.52%; 澜起科技(存储) 1.17%
007850,方正富邦天睿混合A,混合型-灵活,0.00%,13.16%,0.00%,0.00%,13.16%,2,兆易创新(存储) 7.51%; 澜起科技(存储) 5.65%
007851,方正富邦天睿混合C,混合型-灵活,0.00%,13.16%,0.00%,0.00%,13.16%,2,兆易创新(存储) 7.51%; 澜起科技(存储) 5.65%
560850,信创ETF汇添富,指数型-股票,0.00%,8.16%,0.00%,5.00%,13.16%,2,佰维存储(存储) 8.16%; 海光信息(电芯片/核心半导体) 5.00%
159889,智能汽车ETF国泰,指数型-股票,0.00%,3.82%,0.00%,9.33%,13.15%,3,芯原股份(电芯片/核心半导体) 4.73%; 豪威集团(电芯片/核心半导体) 4.60%; 北京君正(存储) 3.82%
516520,智能驾驶ETF华泰柏瑞,指数型-股票,0.00%,3.81%,0.00%,9.34%,13.15%,3,芯原股份(电芯片/核心半导体) 4.76%; 豪威集团(电芯片/核心半导体) 4.58%; 北京君正(存储) 3.81%
005821,万家新机遇龙头企业混合A,混合型-灵活,0.00%,0.00%,13.13%,0.00%,13.13%,2,中际旭创(光芯片/光通信) 9.16%; 新易盛(光芯片/光通信) 3.97%
014260,万家新机遇龙头企业混合C,混合型-灵活,0.00%,0.00%,13.13%,0.00%,13.13%,2,中际旭创(光芯片/光通信) 9.16%; 新易盛(光芯片/光通信) 3.97%
159795,智能汽车ETF汇添富,指数型-股票,0.00%,3.80%,0.00%,9.32%,13.12%,3,芯原股份(电芯片/核心半导体) 4.75%; 豪威集团(电芯片/核心半导体) 4.57%; 北京君正(存储) 3.80%
001009,摩根安全战略股票A,股票型,0.00%,0.00%,13.07%,0.00%,13.07%,2,新易盛(光芯片/光通信) 6.72%; 中际旭创(光芯片/光通信) 6.35%
015172,摩根安全战略股票C,股票型,0.00%,0.00%,13.07%,0.00%,13.07%,2,新易盛(光芯片/光通信) 6.72%; 中际旭创(光芯片/光通信) 6.35%
001528,诺安先进制造股票A,股票型,0.00%,0.00%,0.00%,13.06%,13.06%,4,晶晨股份(电芯片/核心半导体) 3.30%; 华海清科(电芯片/核心半导体) 3.27%; 中芯国际(电芯片/核心半导体) 3.25%; 北方华创(电芯片/核心半导体) 3.24%
019607,诺安先进制造股票C,股票型,0.00%,0.00%,0.00%,13.06%,13.06%,4,晶晨股份(电芯片/核心半导体) 3.30%; 华海清科(电芯片/核心半导体) 3.27%; 中芯国际(电芯片/核心半导体) 3.25%; 北方华创(电芯片/核心半导体) 3.24%
001396,建信互联网+产业升级股票,股票型,0.00%,0.00%,6.50%,6.55%,13.05%,2,芯原股份(电芯片/核心半导体) 6.55%; 新易盛(光芯片/光通信) 6.50%
017866,泓德高端装备混合发起式A,混合型-偏股,0.00%,0.00%,7.17%,5.88%,13.05%,5,中际旭创(光芯片/光通信) 4.72%; 新易盛(光芯片/光通信) 2.45%; 寒武纪(电芯片/核心半导体) 2.33%; 海光信息(电芯片/核心半导体) 1.99%; 中芯国际(电芯片/核心半导体) 1.56%
017867,泓德高端装备混合发起式C,混合型-偏股,0.00%,0.00%,7.17%,5.88%,13.05%,5,中际旭创(光芯片/光通信) 4.72%; 新易盛(光芯片/光通信) 2.45%; 寒武纪(电芯片/核心半导体) 2.33%; 海光信息(电芯片/核心半导体) 1.99%; 中芯国际(电芯片/核心半导体) 1.56%
011874,博时先进制造混合A,混合型-偏股,0.00%,0.00%,13.03%,0.00%,13.03%,2,中际旭创(光芯片/光通信) 6.79%; 新易盛(光芯片/光通信) 6.24%
011875,博时先进制造混合C,混合型-偏股,0.00%,0.00%,13.03%,0.00%,13.03%,2,中际旭创(光芯片/光通信) 6.79%; 新易盛(光芯片/光通信) 6.24%
023908,安信上证科创综指增强发起A,指数型-股票,0.00%,1.90%,0.00%,11.13%,13.03%,6,海光信息(电芯片/核心半导体) 4.21%; 寒武纪(电芯片/核心半导体) 3.95%; 中芯国际(电芯片/核心半导体) 1.57%; 中微公司(电芯片/核心半导体) 1.40%; 澜起科技(存储) 1.04%; 佰维存储(存储) 0.86%
023909,安信上证科创综指增强发起C,指数型-股票,0.00%,1.90%,0.00%,11.13%,13.03%,6,海光信息(电芯片/核心半导体) 4.21%; 寒武纪(电芯片/核心半导体) 3.95%; 中芯国际(电芯片/核心半导体) 1.57%; 中微公司(电芯片/核心半导体) 1.40%; 澜起科技(存储) 1.04%; 佰维存储(存储) 0.86%
002103,招商康泰灵活配置混合,混合型-灵活,0.00%,2.68%,6.01%,4.33%,13.02%,5,寒武纪(电芯片/核心半导体) 4.33%; 兆易创新(存储) 2.68%; 中际旭创(光芯片/光通信) 2.47%; 新易盛(光芯片/光通信) 2.18%; 源杰科技(光芯片/光通信) 1.36%
012150,诺德价值发现一年持有混合,混合型-偏股,0.00%,0.00%,7.12%,5.89%,13.01%,2,新易盛(光芯片/光通信) 7.12%; 中芯国际(电芯片/核心半导体) 5.89%
159295,创业综指ETF西部利得,指数型-股票,0.00%,0.00%,13.00%,0.00%,13.00%,5,中际旭创(光芯片/光通信) 4.67%; 新易盛(光芯片/光通信) 4.10%; 天孚通信(光芯片/光通信) 2.05%; 长芯博创(光芯片/光通信) 1.13%; 光库科技(光芯片/光通信) 1.05%
010771,天弘国证消费100指数增强发起A,指数型-股票,0.00%,0.00%,10.39%,2.60%,12.99%,3,中际旭创(光芯片/光通信) 5.94%; 新易盛(光芯片/光通信) 4.45%; 海光信息(电芯片/核心半导体) 2.60%
010772,天弘国证消费100指数增强发起C,指数型-股票,0.00%,0.00%,10.39%,2.60%,12.99%,3,中际旭创(光芯片/光通信) 5.94%; 新易盛(光芯片/光通信) 4.45%; 海光信息(电芯片/核心半导体) 2.60%
022545,天弘国证消费100指数增强发起E,指数型-股票,0.00%,0.00%,10.39%,2.60%,12.99%,3,中际旭创(光芯片/光通信) 5.94%; 新易盛(光芯片/光通信) 4.45%; 海光信息(电芯片/核心半导体) 2.60%
024883,鹏华上证科创板综合指数增强A,指数型-股票,0.00%,0.00%,0.00%,12.99%,12.99%,4,海光信息(电芯片/核心半导体) 4.88%; 寒武纪(电芯片/核心半导体) 4.12%; 中微公司(电芯片/核心半导体) 2.10%; 中芯国际(电芯片/核心半导体) 1.89%
012222,瑞达行业轮动混合C,混合型-偏股,0.00%,6.58%,0.00%,6.39%,12.97%,4,兆易创新(存储) 3.79%; 北方华创(电芯片/核心半导体) 3.55%; 华海清科(电芯片/核心半导体) 2.84%; 长电科技(存储) 2.79%
012221,瑞达行业轮动混合A,混合型-偏股,0.00%,6.58%,0.00%,6.39%,12.97%,4,兆易创新(存储) 3.79%; 北方华创(电芯片/核心半导体) 3.55%; 华海清科(电芯片/核心半导体) 2.84%; 长电科技(存储) 2.79%
020443,易米远见价值一年定开混合C,混合型-偏股,0.00%,8.20%,0.00%,4.71%,12.91%,2,兆易创新(存储) 8.20%; 盛美上海(电芯片/核心半导体) 4.71%
020442,易米远见价值一年定开混合A,混合型-偏股,0.00%,8.20%,0.00%,4.71%,12.91%,2,兆易创新(存储) 8.20%; 盛美上海(电芯片/核心半导体) 4.71%
011822,易方达产业升级混合A,混合型-偏股,0.00%,0.00%,10.26%,2.62%,12.88%,3,新易盛(光芯片/光通信) 5.89%; 中际旭创(光芯片/光通信) 4.37%; 北方华创(电芯片/核心半导体) 2.62%
011823,易方达产业升级混合C,混合型-偏股,0.00%,0.00%,10.26%,2.62%,12.88%,3,新易盛(光芯片/光通信) 5.89%; 中际旭创(光芯片/光通信) 4.37%; 北方华创(电芯片/核心半导体) 2.62%
501200,民生加银科技创新混合(LOF),混合型-偏股,0.00%,0.00%,0.00%,12.88%,12.88%,2,芯原股份(电芯片/核心半导体) 6.53%; 海光信息(电芯片/核心半导体) 6.35%
159973,民企ETF弘毅远方,指数型-股票,0.00%,0.00%,12.84%,0.00%,12.84%,2,中际旭创(光芯片/光通信) 7.38%; 新易盛(光芯片/光通信) 5.46%
018430,摩根世代趋势混合发起式A,混合型-偏股,0.00%,0.00%,12.84%,0.00%,12.84%,3,长飞光纤光缆(光芯片/光通信) 5.70%; 中际旭创(光芯片/光通信) 4.02%; 新易盛(光芯片/光通信) 3.12%
018431,摩根世代趋势混合发起式C,混合型-偏股,0.00%,0.00%,12.84%,0.00%,12.84%,3,长飞光纤光缆(光芯片/光通信) 5.70%; 中际旭创(光芯片/光通信) 4.02%; 新易盛(光芯片/光通信) 3.12%
001702,东方创新科技混合,混合型-灵活,0.00%,2.94%,2.92%,6.96%,12.82%,4,中微公司(电芯片/核心半导体) 3.89%; 思特威(电芯片/核心半导体) 3.07%; 通富微电(存储) 2.94%; 光迅科技(光芯片/光通信) 2.92%
010213,中欧互联网先锋混合A,混合型-偏股,0.00%,7.65%,5.16%,0.00%,12.81%,3,长飞光纤光缆(光芯片/光通信) 5.16%; 兆易创新(存储) 4.52%; 澜起科技(存储) 3.13%
010214,中欧互联网先锋混合C,混合型-偏股,0.00%,7.65%,5.16%,0.00%,12.81%,3,长飞光纤光缆(光芯片/光通信) 5.16%; 兆易创新(存储) 4.52%; 澜起科技(存储) 3.13%
014341,摩根时代睿选股票A,股票型,0.00%,0.00%,12.80%,0.00%,12.80%,2,新易盛(光芯片/光通信) 6.68%; 中际旭创(光芯片/光通信) 6.12%
014342,摩根时代睿选股票C,股票型,0.00%,0.00%,12.80%,0.00%,12.80%,2,新易盛(光芯片/光通信) 6.68%; 中际旭创(光芯片/光通信) 6.12%
013006,摩根景气甄选混合A,混合型-偏股,0.00%,0.00%,12.78%,0.00%,12.78%,2,新易盛(光芯片/光通信) 6.67%; 中际旭创(光芯片/光通信) 6.11%
013007,摩根景气甄选混合C,混合型-偏股,0.00%,0.00%,12.78%,0.00%,12.78%,2,新易盛(光芯片/光通信) 6.67%; 中际旭创(光芯片/光通信) 6.11%
501188,汇添富核心精选混合(LOF),混合型-灵活,0.00%,0.00%,0.00%,12.77%,12.77%,2,华虹半导体(电芯片/核心半导体) 6.61%; 中芯国际(电芯片/核心半导体) 6.16%
515860,科技ETF嘉实,指数型-股票,0.00%,0.00%,7.15%,5.62%,12.77%,4,中际旭创(光芯片/光通信) 4.41%; 北方华创(电芯片/核心半导体) 2.87%; 豪威集团(电芯片/核心半导体) 2.75%; 新易盛(光芯片/光通信) 2.74%
011093,永赢宏泽一年定开混合,混合型-灵活,0.00%,0.00%,12.74%,0.00%,12.74%,2,新易盛(光芯片/光通信) 6.80%; 中际旭创(光芯片/光通信) 5.94%
015034,泰信优势领航混合A,混合型-偏股,0.00%,0.00%,0.00%,12.74%,12.74%,2,芯原股份(电芯片/核心半导体) 7.62%; 海光信息(电芯片/核心半导体) 5.12%
023602,泰信优势领航混合C,混合型-偏股,0.00%,0.00%,0.00%,12.74%,12.74%,2,芯原股份(电芯片/核心半导体) 7.62%; 海光信息(电芯片/核心半导体) 5.12%
023603,泰信优势领航混合D,混合型-偏股,0.00%,0.00%,0.00%,12.74%,12.74%,2,芯原股份(电芯片/核心半导体) 7.62%; 海光信息(电芯片/核心半导体) 5.12%
012212,天弘中证高端装备制造指数增强A,指数型-股票,0.00%,1.57%,9.16%,1.99%,12.72%,4,中际旭创(光芯片/光通信) 5.32%; 新易盛(光芯片/光通信) 3.84%; 中芯国际(电芯片/核心半导体) 1.99%; 澜起科技(存储) 1.57%
012213,天弘中证高端装备制造指数增强C,指数型-股票,0.00%,1.57%,9.16%,1.99%,12.72%,4,中际旭创(光芯片/光通信) 5.32%; 新易盛(光芯片/光通信) 3.84%; 中芯国际(电芯片/核心半导体) 1.99%; 澜起科技(存储) 1.57%
022559,天弘中证高端装备制造指数增强E,指数型-股票,0.00%,1.57%,9.16%,1.99%,12.72%,4,中际旭创(光芯片/光通信) 5.32%; 新易盛(光芯片/光通信) 3.84%; 中芯国际(电芯片/核心半导体) 1.99%; 澜起科技(存储) 1.57%
003745,广发多元新兴股票,股票型,0.00%,3.74%,0.00%,8.96%,12.70%,3,芯原股份(电芯片/核心半导体) 5.60%; 兆易创新(存储) 3.74%; 寒武纪(电芯片/核心半导体) 3.36%
018282,山证资管创新成长混合发起式C,混合型-偏股,0.00%,0.00%,3.24%,9.44%,12.68%,3,北方华创(电芯片/核心半导体) 4.78%; 中微公司(电芯片/核心半导体) 4.66%; 新易盛(光芯片/光通信) 3.24%
018281,山证资管创新成长混合发起式A,混合型-偏股,0.00%,0.00%,3.24%,9.44%,12.68%,3,北方华创(电芯片/核心半导体) 4.78%; 中微公司(电芯片/核心半导体) 4.66%; 新易盛(光芯片/光通信) 3.24%
000993,华宝稳健回报混合,混合型-灵活,0.00%,0.00%,12.67%,0.00%,12.67%,3,新易盛(光芯片/光通信) 4.90%; 中际旭创(光芯片/光通信) 4.73%; 源杰科技(光芯片/光通信) 3.04%
019427,中银数字经济混合C,混合型-偏股,0.00%,3.36%,0.00%,9.30%,12.66%,3,芯原股份(电芯片/核心半导体) 5.31%; 华虹半导体(电芯片/核心半导体) 3.99%; 通富微电(存储) 3.36%
019426,中银数字经济混合A,混合型-偏股,0.00%,3.36%,0.00%,9.30%,12.66%,3,芯原股份(电芯片/核心半导体) 5.31%; 华虹半导体(电芯片/核心半导体) 3.99%; 通富微电(存储) 3.36%
025083,摩根慧启成长混合C,混合型-偏股,0.00%,0.00%,12.66%,0.00%,12.66%,2,新易盛(光芯片/光通信) 8.84%; 中际旭创(光芯片/光通信) 3.82%
025082,摩根慧启成长混合A,混合型-偏股,0.00%,0.00%,12.66%,0.00%,12.66%,2,新易盛(光芯片/光通信) 8.84%; 中际旭创(光芯片/光通信) 3.82%
011599,国联安匠心科技1个月滚动持有混合,混合型-偏股,0.00%,0.00%,0.00%,12.64%,12.64%,2,华虹半导体(电芯片/核心半导体) 6.39%; 北方华创(电芯片/核心半导体) 6.25%
005840,富国产业驱动混合A,混合型-偏股,0.00%,0.00%,12.61%,0.00%,12.61%,2,新易盛(光芯片/光通信) 6.81%; 中际旭创(光芯片/光通信) 5.80%
018174,富国产业驱动混合C,混合型-偏股,0.00%,0.00%,12.61%,0.00%,12.61%,2,新易盛(光芯片/光通信) 6.81%; 中际旭创(光芯片/光通信) 5.80%
021252,华安中证信息技术应用创新产业指数发起式A,指数型-股票,0.00%,7.82%,0.00%,4.79%,12.61%,2,佰维存储(存储) 7.82%; 海光信息(电芯片/核心半导体) 4.79%
021253,华安中证信息技术应用创新产业指数发起式C,指数型-股票,0.00%,7.82%,0.00%,4.79%,12.61%,2,佰维存储(存储) 7.82%; 海光信息(电芯片/核心半导体) 4.79%
014333,工银优势领航混合A,混合型-偏股,0.00%,0.00%,0.00%,12.59%,12.59%,2,海光信息(电芯片/核心半导体) 7.63%; 中微公司(电芯片/核心半导体) 4.96%
014334,工银优势领航混合C,混合型-偏股,0.00%,0.00%,0.00%,12.59%,12.59%,2,海光信息(电芯片/核心半导体) 7.63%; 中微公司(电芯片/核心半导体) 4.96%
021314,博时中证信息技术应用创新产业指数发起式A,指数型-股票,0.00%,7.77%,0.00%,4.82%,12.59%,2,佰维存储(存储) 7.77%; 海光信息(电芯片/核心半导体) 4.82%
021315,博时中证信息技术应用创新产业指数发起式C,指数型-股票,0.00%,7.77%,0.00%,4.82%,12.59%,2,佰维存储(存储) 7.77%; 海光信息(电芯片/核心半导体) 4.82%
016237,华夏数字经济龙头混合发起式A,混合型-偏股,0.00%,10.10%,0.00%,2.48%,12.58%,4,北京君正(存储) 3.70%; 澜起科技(存储) 3.67%; 普冉股份(存储) 2.73%; 翱捷科技(电芯片/核心半导体) 2.48%
016238,华夏数字经济龙头混合发起式C,混合型-偏股,0.00%,10.10%,0.00%,2.48%,12.58%,4,北京君正(存储) 3.70%; 澜起科技(存储) 3.67%; 普冉股份(存储) 2.73%; 翱捷科技(电芯片/核心半导体) 2.48%
002148,国寿安保稳惠混合,混合型-灵活,0.00%,0.00%,12.56%,0.00%,12.56%,2,中际旭创(光芯片/光通信) 6.60%; 新易盛(光芯片/光通信) 5.96%
015205,银华全球新能源车量化优选股票(QDII)C,QDII-普通股票,0.00%,0.00%,0.00%,12.56%,12.56%,3,英伟达(电芯片/核心半导体) 5.65%; 超威半导体(电芯片/核心半导体) 3.96%; 台积电(电芯片/核心半导体) 2.95%
519694,交银蓝筹混合,混合型-偏股,0.00%,0.00%,0.00%,12.54%,12.54%,2,复旦微电(电芯片/核心半导体) 7.45%; 北方华创(电芯片/核心半导体) 5.09%
010956,天弘中证智能汽车指数发起式C,指数型-股票,0.00%,3.63%,0.00%,8.90%,12.53%,3,芯原股份(电芯片/核心半导体) 4.53%; 豪威集团(电芯片/核心半导体) 4.37%; 北京君正(存储) 3.63%
010955,天弘中证智能汽车指数发起式A,指数型-股票,0.00%,3.63%,0.00%,8.90%,12.53%,3,芯原股份(电芯片/核心半导体) 4.53%; 豪威集团(电芯片/核心半导体) 4.37%; 北京君正(存储) 3.63%
519692,交银成长混合A,混合型-偏股,0.00%,0.00%,0.00%,12.53%,12.53%,2,复旦微电(电芯片/核心半导体) 6.68%; 北方华创(电芯片/核心半导体) 5.85%
960016,交银成长混合H,混合型-偏股,0.00%,0.00%,0.00%,12.53%,12.53%,2,复旦微电(电芯片/核心半导体) 6.68%; 北方华创(电芯片/核心半导体) 5.85%
159211,深证100ETF富国,指数型-股票,0.00%,0.00%,10.48%,2.03%,12.51%,3,中际旭创(光芯片/光通信) 5.78%; 新易盛(光芯片/光通信) 4.70%; 北方华创(电芯片/核心半导体) 2.03%
162720,广发创业板两年定开混合,混合型-偏股,0.00%,0.00%,12.50%,0.00%,12.50%,2,新易盛(光芯片/光通信) 7.90%; 中际旭创(光芯片/光通信) 4.60%
159212,深100ETF南方,指数型-股票,0.00%,0.00%,10.46%,2.00%,12.46%,3,中际旭创(光芯片/光通信) 5.79%; 新易盛(光芯片/光通信) 4.67%; 北方华创(电芯片/核心半导体) 2.00%
013292,富国中证智能汽车(LOF)C,指数型-股票,0.00%,3.61%,0.00%,8.84%,12.45%,3,芯原股份(电芯片/核心半导体) 4.51%; 豪威集团(电芯片/核心半导体) 4.33%; 北京君正(存储) 3.61%
159901,深证100ETF易方达,指数型-股票,0.00%,0.00%,10.42%,2.03%,12.45%,3,中际旭创(光芯片/光通信) 5.76%; 新易盛(光芯片/光通信) 4.66%; 北方华创(电芯片/核心半导体) 2.03%
161033,富国中证智能汽车(LOF)A,指数型-股票,0.00%,3.61%,0.00%,8.84%,12.45%,3,芯原股份(电芯片/核心半导体) 4.51%; 豪威集团(电芯片/核心半导体) 4.33%; 北京君正(存储) 3.61%
159721,深证100ETF永赢,指数型-股票,0.00%,0.00%,10.37%,2.05%,12.42%,3,中际旭创(光芯片/光通信) 5.76%; 新易盛(光芯片/光通信) 4.61%; 北方华创(电芯片/核心半导体) 2.05%
001832,易方达瑞恒灵活配置混合,混合型-灵活,0.00%,0.00%,12.41%,0.00%,12.41%,2,新易盛(光芯片/光通信) 6.74%; 中际旭创(光芯片/光通信) 5.67%
019972,海富通产业优选混合A,混合型-偏股,0.00%,0.00%,12.39%,0.00%,12.39%,2,中际旭创(光芯片/光通信) 6.28%; 新易盛(光芯片/光通信) 6.11%
019973,海富通产业优选混合C,混合型-偏股,0.00%,0.00%,12.39%,0.00%,12.39%,2,中际旭创(光芯片/光通信) 6.28%; 新易盛(光芯片/光通信) 6.11%
159219,深证100ETF融通,指数型-股票,0.00%,0.00%,10.41%,1.98%,12.39%,3,中际旭创(光芯片/光通信) 5.74%; 新易盛(光芯片/光通信) 4.67%; 北方华创(电芯片/核心半导体) 1.98%
159216,深证100ETF大成,指数型-股票,0.00%,0.00%,10.36%,2.00%,12.36%,3,中际旭创(光芯片/光通信) 5.57%; 新易盛(光芯片/光通信) 4.79%; 北方华创(电芯片/核心半导体) 2.00%
159961,深100ETF方正富邦,指数型-股票,0.00%,0.00%,10.36%,2.00%,12.36%,3,中际旭创(光芯片/光通信) 5.75%; 新易盛(光芯片/光通信) 4.61%; 北方华创(电芯片/核心半导体) 2.00%
019295,博时匠心优选混合A,混合型-偏股,0.00%,0.00%,0.00%,12.33%,12.33%,2,华海清科(电芯片/核心半导体) 6.71%; 中芯国际(电芯片/核心半导体) 5.62%
019296,博时匠心优选混合C,混合型-偏股,0.00%,0.00%,0.00%,12.33%,12.33%,2,华海清科(电芯片/核心半导体) 6.71%; 中芯国际(电芯片/核心半导体) 5.62%
159716,深证100ETF华宝,指数型-股票,0.00%,0.00%,10.28%,2.04%,12.32%,3,中际旭创(光芯片/光通信) 5.68%; 新易盛(光芯片/光通信) 4.60%; 北方华创(电芯片/核心半导体) 2.04%
159576,深证100ETF广发,指数型-股票,0.00%,0.00%,10.26%,2.03%,12.29%,3,中际旭创(光芯片/光通信) 5.67%; 新易盛(光芯片/光通信) 4.59%; 北方华创(电芯片/核心半导体) 2.03%
012542,金鹰产业升级混合C,混合型-偏股,0.00%,6.83%,5.44%,0.00%,12.27%,2,兆易创新(存储) 6.83%; 中际旭创(光芯片/光通信) 5.44%
012541,金鹰产业升级混合A,混合型-偏股,0.00%,6.83%,5.44%,0.00%,12.27%,2,兆易创新(存储) 6.83%; 中际旭创(光芯片/光通信) 5.44%
519018,汇添富均衡增长混合,混合型-偏股,0.00%,0.00%,8.19%,4.08%,12.27%,3,新易盛(光芯片/光通信) 4.40%; 北方华创(电芯片/核心半导体) 4.08%; 中际旭创(光芯片/光通信) 3.79%
005491,兴全合宜混合(LOF)C,混合型-灵活,0.00%,0.00%,4.07%,8.19%,12.26%,3,晶晨股份(电芯片/核心半导体) 4.57%; 中际旭创(光芯片/光通信) 4.07%; 华海清科(电芯片/核心半导体) 3.62%
163417,兴全合宜混合(LOF)A,混合型-灵活,0.00%,0.00%,4.07%,8.19%,12.26%,3,晶晨股份(电芯片/核心半导体) 4.57%; 中际旭创(光芯片/光通信) 4.07%; 华海清科(电芯片/核心半导体) 3.62%
008315,摩根慧选成长股票C,股票型,0.00%,0.00%,12.24%,0.00%,12.24%,2,新易盛(光芯片/光通信) 8.57%; 中际旭创(光芯片/光通信) 3.67%
008314,摩根慧选成长股票A,股票型,0.00%,0.00%,12.24%,0.00%,12.24%,2,新易盛(光芯片/光通信) 8.57%; 中际旭创(光芯片/光通信) 3.67%
024879,华夏上证科创板综合指数增强A,指数型-股票,0.00%,1.15%,0.00%,11.08%,12.23%,5,海光信息(电芯片/核心半导体) 4.45%; 寒武纪(电芯片/核心半导体) 3.78%; 中芯国际(电芯片/核心半导体) 1.60%; 中微公司(电芯片/核心半导体) 1.25%; 普冉股份(存储) 1.15%
024880,华夏上证科创板综合指数增强C,指数型-股票,0.00%,1.15%,0.00%,11.08%,12.23%,5,海光信息(电芯片/核心半导体) 4.45%; 寒武纪(电芯片/核心半导体) 3.78%; 中芯国际(电芯片/核心半导体) 1.60%; 中微公司(电芯片/核心半导体) 1.25%; 普冉股份(存储) 1.15%
023934,长城上证科创板综合指数A,指数型-股票,0.00%,1.20%,0.00%,11.02%,12.22%,5,海光信息(电芯片/核心半导体) 4.26%; 寒武纪(电芯片/核心半导体) 3.49%; 中微公司(电芯片/核心半导体) 1.64%; 中芯国际(电芯片/核心半导体) 1.63%; 澜起科技(存储) 1.20%
023935,长城上证科创板综合指数C,指数型-股票,0.00%,1.20%,0.00%,11.02%,12.22%,5,海光信息(电芯片/核心半导体) 4.26%; 寒武纪(电芯片/核心半导体) 3.49%; 中微公司(电芯片/核心半导体) 1.64%; 中芯国际(电芯片/核心半导体) 1.63%; 澜起科技(存储) 1.20%
026153,国泰海通君得明混合C,混合型-偏股,0.00%,3.81%,0.00%,8.40%,12.21%,3,寒武纪(电芯片/核心半导体) 4.23%; 海光信息(电芯片/核心半导体) 4.17%; 兆易创新(存储) 3.81%
952004,国泰海通君得明混合A,混合型-偏股,0.00%,3.81%,0.00%,8.40%,12.21%,3,寒武纪(电芯片/核心半导体) 4.23%; 海光信息(电芯片/核心半导体) 4.17%; 兆易创新(存储) 3.81%
010420,民生加银成长优选股票A,股票型,0.00%,0.00%,8.13%,4.07%,12.20%,2,中际旭创(光芯片/光通信) 8.13%; 海光信息(电芯片/核心半导体) 4.07%
024682,民生加银成长优选股票C,股票型,0.00%,0.00%,8.13%,4.07%,12.20%,2,中际旭创(光芯片/光通信) 8.13%; 海光信息(电芯片/核心半导体) 4.07%
016568,嘉实碳中和主题混合A,混合型-偏股,0.00%,0.00%,0.00%,12.18%,12.18%,3,北方华创(电芯片/核心半导体) 4.39%; 中微公司(电芯片/核心半导体) 4.28%; 豪威集团(电芯片/核心半导体) 3.51%
016569,嘉实碳中和主题混合C,混合型-偏股,0.00%,0.00%,0.00%,12.18%,12.18%,3,北方华创(电芯片/核心半导体) 4.39%; 中微公司(电芯片/核心半导体) 4.28%; 豪威集团(电芯片/核心半导体) 3.51%
026469,山证资管数字经济锐选股票发起式C,股票型,0.00%,4.85%,0.00%,7.32%,12.17%,3,兆易创新(存储) 4.85%; 海光信息(电芯片/核心半导体) 4.75%; 芯原股份(电芯片/核心半导体) 2.57%
026468,山证资管数字经济锐选股票发起式A,股票型,0.00%,4.85%,0.00%,7.32%,12.17%,3,兆易创新(存储) 4.85%; 海光信息(电芯片/核心半导体) 4.75%; 芯原股份(电芯片/核心半导体) 2.57%
018835,广发成长启航混合A,混合型-偏股,0.00%,0.00%,7.02%,5.14%,12.16%,2,中际旭创(光芯片/光通信) 7.02%; 北方华创(电芯片/核心半导体) 5.14%
018836,广发成长启航混合C,混合型-偏股,0.00%,0.00%,7.02%,5.14%,12.16%,2,中际旭创(光芯片/光通信) 7.02%; 北方华创(电芯片/核心半导体) 5.14%
001028,华安物联网主题股票A,股票型,0.00%,1.40%,4.42%,6.33%,12.15%,5,海光信息(电芯片/核心半导体) 3.71%; 源杰科技(光芯片/光通信) 2.93%; 北方华创(电芯片/核心半导体) 2.62%; 中际旭创(光芯片/光通信) 1.49%; 澜起科技(存储) 1.40%
010116,民生加银新兴产业混合A,混合型-偏股,0.00%,0.00%,7.88%,4.27%,12.15%,2,中际旭创(光芯片/光通信) 7.88%; 海光信息(电芯片/核心半导体) 4.27%
010117,民生加银新兴产业混合C,混合型-偏股,0.00%,0.00%,7.88%,4.27%,12.15%,2,中际旭创(光芯片/光通信) 7.88%; 海光信息(电芯片/核心半导体) 4.27%
016292,华安物联网主题股票C,股票型,0.00%,1.40%,4.42%,6.33%,12.15%,5,海光信息(电芯片/核心半导体) 3.71%; 源杰科技(光芯片/光通信) 2.93%; 北方华创(电芯片/核心半导体) 2.62%; 中际旭创(光芯片/光通信) 1.49%; 澜起科技(存储) 1.40%
011196,摩根优势成长混合A,混合型-偏股,0.00%,0.00%,12.14%,0.00%,12.14%,2,新易盛(光芯片/光通信) 8.55%; 中际旭创(光芯片/光通信) 3.59%
011197,摩根优势成长混合C,混合型-偏股,0.00%,0.00%,12.14%,0.00%,12.14%,2,新易盛(光芯片/光通信) 8.55%; 中际旭创(光芯片/光通信) 3.59%
159706,深证100ETF华安,指数型-股票,0.00%,0.00%,10.14%,2.00%,12.14%,3,中际旭创(光芯片/光通信) 5.56%; 新易盛(光芯片/光通信) 4.58%; 北方华创(电芯片/核心半导体) 2.00%
910009,东方红启程三年持有混合A,混合型-偏股,0.00%,0.00%,12.13%,0.00%,12.13%,2,中际旭创(光芯片/光通信) 7.73%; 新易盛(光芯片/光通信) 4.40%
159970,深100ETF工银,指数型-股票,0.00%,0.00%,10.05%,2.08%,12.13%,3,中际旭创(光芯片/光通信) 5.36%; 新易盛(光芯片/光通信) 4.69%; 北方华创(电芯片/核心半导体) 2.08%
050020,博时抗通胀增强回报,QDII-商品,0.00%,0.00%,0.00%,12.12%,12.12%,3,英伟达(电芯片/核心半导体) 7.09%; 台积电(电芯片/核心半导体) 4.40%; 阿斯麦(电芯片/核心半导体) 0.63%
021541,建信社会责任混合C,混合型-偏股,0.00%,0.00%,4.40%,7.71%,12.11%,3,芯原股份(电芯片/核心半导体) 4.73%; 中际旭创(光芯片/光通信) 4.40%; 寒武纪(电芯片/核心半导体) 2.98%
530019,建信社会责任混合A,混合型-偏股,0.00%,0.00%,4.40%,7.71%,12.11%,3,芯原股份(电芯片/核心半导体) 4.73%; 中际旭创(光芯片/光通信) 4.40%; 寒武纪(电芯片/核心半导体) 2.98%
000410,益民服务领先混合A,混合型-灵活,0.00%,0.00%,12.11%,0.00%,12.11%,6,光库科技(光芯片/光通信) 3.00%; 源杰科技(光芯片/光通信) 2.33%; 光迅科技(光芯片/光通信) 1.89%; 仕佳光子(光芯片/光通信) 1.88%; 剑桥科技(光芯片/光通信) 1.71%; 长光华芯(光芯片/光通信) 1.30%
019615,益民服务领先混合C,混合型-灵活,0.00%,0.00%,12.11%,0.00%,12.11%,6,光库科技(光芯片/光通信) 3.00%; 源杰科技(光芯片/光通信) 2.33%; 光迅科技(光芯片/光通信) 1.89%; 仕佳光子(光芯片/光通信) 1.88%; 剑桥科技(光芯片/光通信) 1.71%; 长光华芯(光芯片/光通信) 1.30%
015676,鹏华中证移动互联网指数(LOF)C,指数型-股票,0.00%,0.00%,3.38%,8.70%,12.08%,4,中际旭创(光芯片/光通信) 3.38%; 北方华创(电芯片/核心半导体) 2.99%; 中微公司(电芯片/核心半导体) 2.95%; 中芯国际(电芯片/核心半导体) 2.76%
023377,鹏华中证移动互联网指数(LOF)I,指数型-股票,0.00%,0.00%,3.38%,8.70%,12.08%,4,中际旭创(光芯片/光通信) 3.38%; 北方华创(电芯片/核心半导体) 2.99%; 中微公司(电芯片/核心半导体) 2.95%; 中芯国际(电芯片/核心半导体) 2.76%
160636,鹏华中证移动互联网指数(LOF)A,指数型-股票,0.00%,0.00%,3.38%,8.70%,12.08%,4,中际旭创(光芯片/光通信) 3.38%; 北方华创(电芯片/核心半导体) 2.99%; 中微公司(电芯片/核心半导体) 2.95%; 中芯国际(电芯片/核心半导体) 2.76%
005263,鑫元欣享灵活配置混合C,混合型-灵活,0.00%,0.00%,0.00%,12.08%,12.08%,2,寒武纪(电芯片/核心半导体) 8.17%; 中芯国际(电芯片/核心半导体) 3.91%
005262,鑫元欣享灵活配置混合A,混合型-灵活,0.00%,0.00%,0.00%,12.08%,12.08%,2,寒武纪(电芯片/核心半导体) 8.17%; 中芯国际(电芯片/核心半导体) 3.91%
006536,恒生前海恒锦裕利C,混合型-偏债,0.00%,0.00%,12.07%,0.00%,12.07%,2,中际旭创(光芯片/光通信) 6.55%; 新易盛(光芯片/光通信) 5.52%
006535,恒生前海恒锦裕利A,混合型-偏债,0.00%,0.00%,12.07%,0.00%,12.07%,2,中际旭创(光芯片/光通信) 6.55%; 新易盛(光芯片/光通信) 5.52%
011301,易方达智造优势混合C,混合型-偏股,0.00%,0.00%,9.47%,2.60%,12.07%,3,新易盛(光芯片/光通信) 5.14%; 中际旭创(光芯片/光通信) 4.33%; 北方华创(电芯片/核心半导体) 2.60%
011300,易方达智造优势混合A,混合型-偏股,0.00%,0.00%,9.47%,2.60%,12.07%,3,新易盛(光芯片/光通信) 5.14%; 中际旭创(光芯片/光通信) 4.33%; 北方华创(电芯片/核心半导体) 2.60%
011667,东财高端制造增强A,指数型-股票,0.00%,0.00%,8.68%,3.39%,12.07%,4,中际旭创(光芯片/光通信) 5.11%; 新易盛(光芯片/光通信) 3.57%; 寒武纪(电芯片/核心半导体) 1.89%; 中芯国际(电芯片/核心半导体) 1.50%
011668,东财高端制造增强C,指数型-股票,0.00%,0.00%,8.68%,3.39%,12.07%,4,中际旭创(光芯片/光通信) 5.11%; 新易盛(光芯片/光通信) 3.57%; 寒武纪(电芯片/核心半导体) 1.89%; 中芯国际(电芯片/核心半导体) 1.50%
020987,东财高端制造增强E,指数型-股票,0.00%,0.00%,8.68%,3.39%,12.07%,4,中际旭创(光芯片/光通信) 5.11%; 新易盛(光芯片/光通信) 3.57%; 寒武纪(电芯片/核心半导体) 1.89%; 中芯国际(电芯片/核心半导体) 1.50%
008082,国寿安保研究精选混合A,混合型-偏股,0.00%,0.00%,0.00%,12.06%,12.06%,2,寒武纪(电芯片/核心半导体) 6.23%; 海光信息(电芯片/核心半导体) 5.83%
008083,国寿安保研究精选混合C,混合型-偏股,0.00%,0.00%,0.00%,12.06%,12.06%,2,寒武纪(电芯片/核心半导体) 6.23%; 海光信息(电芯片/核心半导体) 5.83%
014600,博时回报严选混合A,混合型-偏股,0.00%,0.00%,12.05%,0.00%,12.05%,2,中际旭创(光芯片/光通信) 6.36%; 新易盛(光芯片/光通信) 5.69%
014601,博时回报严选混合C,混合型-偏股,0.00%,0.00%,12.05%,0.00%,12.05%,2,中际旭创(光芯片/光通信) 6.36%; 新易盛(光芯片/光通信) 5.69%
016400,摩根智选30混合C,混合型-偏股,0.00%,0.00%,12.04%,0.00%,12.04%,2,新易盛(光芯片/光通信) 8.41%; 中际旭创(光芯片/光通信) 3.63%
370027,摩根智选30混合A,混合型-偏股,0.00%,0.00%,12.04%,0.00%,12.04%,2,新易盛(光芯片/光通信) 8.41%; 中际旭创(光芯片/光通信) 3.63%
014173,富国中证移动互联网指数(LOF)C,指数型-股票,0.00%,0.00%,3.34%,8.70%,12.04%,4,中际旭创(光芯片/光通信) 3.34%; 北方华创(电芯片/核心半导体) 3.04%; 中微公司(电芯片/核心半导体) 2.91%; 中芯国际(电芯片/核心半导体) 2.75%
161025,富国中证移动互联网指数(LOF)A,指数型-股票,0.00%,0.00%,3.34%,8.70%,12.04%,4,中际旭创(光芯片/光通信) 3.34%; 北方华创(电芯片/核心半导体) 3.04%; 中微公司(电芯片/核心半导体) 2.91%; 中芯国际(电芯片/核心半导体) 2.75%
000219,博时裕益混合A,混合型-灵活,0.00%,0.00%,0.00%,12.02%,12.02%,2,北方华创(电芯片/核心半导体) 6.38%; 思特威(电芯片/核心半导体) 5.64%
025556,博时裕益混合C,混合型-灵活,0.00%,0.00%,0.00%,12.02%,12.02%,2,北方华创(电芯片/核心半导体) 6.38%; 思特威(电芯片/核心半导体) 5.64%
159975,深100ETF招商,指数型-股票,0.00%,0.00%,10.07%,1.93%,12.00%,3,中际旭创(光芯片/光通信) 5.50%; 新易盛(光芯片/光通信) 4.57%; 北方华创(电芯片/核心半导体) 1.93%
000136,民生加银策略精选混合A,混合型-灵活,0.00%,0.00%,7.59%,4.38%,11.97%,2,中际旭创(光芯片/光通信) 7.59%; 海光信息(电芯片/核心半导体) 4.38%
001482,摩根新兴服务股票A,股票型,0.00%,0.00%,11.97%,0.00%,11.97%,2,新易盛(光芯片/光通信) 6.74%; 中际旭创(光芯片/光通信) 5.23%
002839,华夏新锦程混合C,混合型-灵活,0.00%,0.00%,11.97%,0.00%,11.97%,2,中际旭创(光芯片/光通信) 6.04%; 剑桥科技(光芯片/光通信) 5.93%
002838,华夏新锦程混合A,混合型-灵活,0.00%,0.00%,11.97%,0.00%,11.97%,2,中际旭创(光芯片/光通信) 6.04%; 剑桥科技(光芯片/光通信) 5.93%
009709,民生加银策略精选混合C,混合型-灵活,0.00%,0.00%,7.59%,4.38%,11.97%,2,中际旭创(光芯片/光通信) 7.59%; 海光信息(电芯片/核心半导体) 4.38%
017177,摩根新兴服务股票C,股票型,0.00%,0.00%,11.97%,0.00%,11.97%,2,新易盛(光芯片/光通信) 6.74%; 中际旭创(光芯片/光通信) 5.23%
630006,华商产业升级混合,混合型-偏股,0.00%,0.00%,4.03%,7.93%,11.96%,3,海光信息(电芯片/核心半导体) 4.08%; 光迅科技(光芯片/光通信) 4.03%; 寒武纪(电芯片/核心半导体) 3.85%
001227,中邮信息产业灵活配置混合A,混合型-灵活,0.00%,0.00%,7.93%,4.02%,11.95%,3,中际旭创(光芯片/光通信) 4.31%; 北方华创(电芯片/核心半导体) 4.02%; 新易盛(光芯片/光通信) 3.62%
012374,富国稳健恒盛12个月持有混合C,混合型-偏股,0.00%,0.00%,3.55%,8.40%,11.95%,2,寒武纪(电芯片/核心半导体) 8.40%; 新易盛(光芯片/光通信) 3.55%
012373,富国稳健恒盛12个月持有混合A,混合型-偏股,0.00%,0.00%,3.55%,8.40%,11.95%,2,寒武纪(电芯片/核心半导体) 8.40%; 新易盛(光芯片/光通信) 3.55%
023021,中邮信息产业灵活配置混合C,混合型-灵活,0.00%,0.00%,7.93%,4.02%,11.95%,3,中际旭创(光芯片/光通信) 4.31%; 北方华创(电芯片/核心半导体) 4.02%; 新易盛(光芯片/光通信) 3.62%
000524,摩根民生需求股票A,股票型,0.00%,0.00%,11.94%,0.00%,11.94%,2,新易盛(光芯片/光通信) 6.81%; 中际旭创(光芯片/光通信) 5.13%
017099,摩根民生需求股票C,股票型,0.00%,0.00%,11.94%,0.00%,11.94%,2,新易盛(光芯片/光通信) 6.81%; 中际旭创(光芯片/光通信) 5.13%
501098,建信优享科技创新混合(LOF),混合型-偏股,0.00%,0.00%,0.00%,11.93%,11.93%,2,芯原股份(电芯片/核心半导体) 7.19%; 华虹半导体(电芯片/核心半导体) 4.74%
001229,德邦福鑫灵活配置混合A,混合型-灵活,0.00%,0.00%,11.91%,0.00%,11.91%,2,中际旭创(光芯片/光通信) 6.39%; 新易盛(光芯片/光通信) 5.52%
002106,德邦福鑫灵活配置混合C,混合型-灵活,0.00%,0.00%,11.91%,0.00%,11.91%,2,中际旭创(光芯片/光通信) 6.39%; 新易盛(光芯片/光通信) 5.52%
009682,南方创新精选一年定开混合C,混合型-偏股,0.00%,0.00%,3.67%,8.24%,11.91%,3,海光信息(电芯片/核心半导体) 4.83%; 中际旭创(光芯片/光通信) 3.67%; 北方华创(电芯片/核心半导体) 3.41%
009681,南方创新精选一年定开混合A,混合型-偏股,0.00%,0.00%,3.67%,8.24%,11.91%,3,海光信息(电芯片/核心半导体) 4.83%; 中际旭创(光芯片/光通信) 3.67%; 北方华创(电芯片/核心半导体) 3.41%
024735,永赢港股通科技智选混合发起A,混合型-偏股,0.00%,0.00%,4.32%,7.59%,11.91%,2,中芯国际(电芯片/核心半导体) 7.59%; 长飞光纤光缆(光芯片/光通信) 4.32%
024736,永赢港股通科技智选混合发起C,混合型-偏股,0.00%,0.00%,4.32%,7.59%,11.91%,2,中芯国际(电芯片/核心半导体) 7.59%; 长飞光纤光缆(光芯片/光通信) 4.32%
002910,易方达供给改革混合,混合型-灵活,0.00%,0.00%,4.30%,7.60%,11.90%,2,芯原股份(电芯片/核心半导体) 7.60%; 中际旭创(光芯片/光通信) 4.30%
000263,工银信息产业混合A,混合型-偏股,0.00%,0.00%,11.89%,0.00%,11.89%,2,新易盛(光芯片/光通信) 6.32%; 中际旭创(光芯片/光通信) 5.57%
004876,融通深证100指数C,指数型-股票,0.00%,0.00%,9.94%,1.95%,11.89%,3,中际旭创(光芯片/光通信) 5.50%; 新易盛(光芯片/光通信) 4.44%; 北方华创(电芯片/核心半导体) 1.95%
011474,工银信息产业混合C,混合型-偏股,0.00%,0.00%,11.89%,0.00%,11.89%,2,新易盛(光芯片/光通信) 6.32%; 中际旭创(光芯片/光通信) 5.57%
161227,国投瑞银深证100指数,指数型-股票,0.00%,0.00%,10.00%,1.89%,11.89%,3,中际旭创(光芯片/光通信) 5.52%; 新易盛(光芯片/光通信) 4.48%; 北方华创(电芯片/核心半导体) 1.89%
161604,融通深证100指数A,指数型-股票,0.00%,0.00%,9.94%,1.95%,11.89%,3,中际旭创(光芯片/光通信) 5.50%; 新易盛(光芯片/光通信) 4.44%; 北方华创(电芯片/核心半导体) 1.95%
015357,摩根慧享成长混合A,混合型-偏股,0.00%,0.00%,11.84%,0.00%,11.84%,2,新易盛(光芯片/光通信) 8.50%; 中际旭创(光芯片/光通信) 3.34%
015358,摩根慧享成长混合C,混合型-偏股,0.00%,0.00%,11.84%,0.00%,11.84%,2,新易盛(光芯片/光通信) 8.50%; 中际旭创(光芯片/光通信) 3.34%
005251,银华多元动力灵活配置混合,混合型-灵活,0.00%,0.00%,11.83%,0.00%,11.83%,2,新易盛(光芯片/光通信) 6.16%; 中际旭创(光芯片/光通信) 5.67%
016106,申万菱信兴乐优选混合C,混合型-偏股,0.00%,0.00%,0.00%,11.82%,11.82%,2,寒武纪(电芯片/核心半导体) 7.10%; 芯原股份(电芯片/核心半导体) 4.72%
016105,申万菱信兴乐优选混合A,混合型-偏股,0.00%,0.00%,0.00%,11.82%,11.82%,2,寒武纪(电芯片/核心半导体) 7.10%; 芯原股份(电芯片/核心半导体) 4.72%
023555,华宝深证100ETF发起式联接A,指数型-股票,0.00%,0.00%,10.00%,1.82%,11.82%,3,中际旭创(光芯片/光通信) 5.54%; 新易盛(光芯片/光通信) 4.46%; 北方华创(电芯片/核心半导体) 1.82%
023556,华宝深证100ETF发起式联接C,指数型-股票,0.00%,0.00%,10.00%,1.82%,11.82%,3,中际旭创(光芯片/光通信) 5.54%; 新易盛(光芯片/光通信) 4.46%; 北方华创(电芯片/核心半导体) 1.82%
010148,浙商智选经济动能混合A,混合型-偏股,0.00%,0.00%,7.18%,4.63%,11.81%,3,寒武纪(电芯片/核心半导体) 4.63%; 中际旭创(光芯片/光通信) 3.96%; 新易盛(光芯片/光通信) 3.22%
010149,浙商智选经济动能混合C,混合型-偏股,0.00%,0.00%,7.18%,4.63%,11.81%,3,寒武纪(电芯片/核心半导体) 4.63%; 中际旭创(光芯片/光通信) 3.96%; 新易盛(光芯片/光通信) 3.22%
018130,博时ESG量化选股混合A,混合型-偏股,0.00%,7.09%,0.00%,4.71%,11.80%,2,澜起科技(存储) 7.09%; 华虹半导体(电芯片/核心半导体) 4.71%
018131,博时ESG量化选股混合C,混合型-偏股,0.00%,7.09%,0.00%,4.71%,11.80%,2,澜起科技(存储) 7.09%; 华虹半导体(电芯片/核心半导体) 4.71%
018216,长城久恒灵活配置混合C,混合型-灵活,0.00%,4.20%,7.58%,0.00%,11.78%,3,新易盛(光芯片/光通信) 4.79%; 普冉股份(存储) 4.20%; 仕佳光子(光芯片/光通信) 2.79%
200001,长城久恒灵活配置混合A,混合型-灵活,0.00%,4.20%,7.58%,0.00%,11.78%,3,新易盛(光芯片/光通信) 4.79%; 普冉股份(存储) 4.20%; 仕佳光子(光芯片/光通信) 2.79%
018754,兴业均衡优选混合A,混合型-偏股,0.00%,0.00%,11.78%,0.00%,11.78%,3,长芯博创(光芯片/光通信) 4.44%; 中际旭创(光芯片/光通信) 4.13%; 新易盛(光芯片/光通信) 3.21%
018755,兴业均衡优选混合C,混合型-偏股,0.00%,0.00%,11.78%,0.00%,11.78%,3,长芯博创(光芯片/光通信) 4.44%; 中际旭创(光芯片/光通信) 4.13%; 新易盛(光芯片/光通信) 3.21%
025577,长盛上证科创板综合指数增强C,指数型-股票,0.00%,1.85%,0.00%,9.91%,11.76%,7,海光信息(电芯片/核心半导体) 3.52%; 寒武纪(电芯片/核心半导体) 2.88%; 中微公司(电芯片/核心半导体) 1.37%; 中芯国际(电芯片/核心半导体) 1.35%; 澜起科技(存储) 1.07%; 芯原股份(电芯片/核心半导体) 0.79%; 佰维存储(存储) 0.78%
025576,长盛上证科创板综合指数增强A,指数型-股票,0.00%,1.85%,0.00%,9.91%,11.76%,7,海光信息(电芯片/核心半导体) 3.52%; 寒武纪(电芯片/核心半导体) 2.88%; 中微公司(电芯片/核心半导体) 1.37%; 中芯国际(电芯片/核心半导体) 1.35%; 澜起科技(存储) 1.07%; 芯原股份(电芯片/核心半导体) 0.79%; 佰维存储(存储) 0.78%
010389,易方达科益混合A,混合型-偏股,0.00%,0.00%,11.74%,0.00%,11.74%,2,新易盛(光芯片/光通信) 7.46%; 德科立(光芯片/光通信) 4.28%
010390,易方达科益混合C,混合型-偏股,0.00%,0.00%,11.74%,0.00%,11.74%,2,新易盛(光芯片/光通信) 7.46%; 德科立(光芯片/光通信) 4.28%
014140,易方达高质量增长量化精选股票C,股票型,0.00%,0.00%,11.72%,0.00%,11.72%,3,新易盛(光芯片/光通信) 4.71%; 中际旭创(光芯片/光通信) 4.30%; 天孚通信(光芯片/光通信) 2.71%
014139,易方达高质量增长量化精选股票A,股票型,0.00%,0.00%,11.72%,0.00%,11.72%,3,新易盛(光芯片/光通信) 4.71%; 中际旭创(光芯片/光通信) 4.30%; 天孚通信(光芯片/光通信) 2.71%
001538,摩根科技前沿混合A,混合型-灵活,0.00%,0.00%,11.71%,0.00%,11.71%,2,新易盛(光芯片/光通信) 7.29%; 中际旭创(光芯片/光通信) 4.42%
014964,摩根科技前沿混合C,混合型-灵活,0.00%,0.00%,11.71%,0.00%,11.71%,2,新易盛(光芯片/光通信) 7.29%; 中际旭创(光芯片/光通信) 4.42%
004408,招商深证100指数C,指数型-股票,0.00%,0.00%,9.71%,1.98%,11.69%,3,中际旭创(光芯片/光通信) 5.50%; 新易盛(光芯片/光通信) 4.21%; 北方华创(电芯片/核心半导体) 1.98%
217016,招商深证100指数A,指数型-股票,0.00%,0.00%,9.71%,1.98%,11.69%,3,中际旭创(光芯片/光通信) 5.50%; 新易盛(光芯片/光通信) 4.21%; 北方华创(电芯片/核心半导体) 1.98%
159659,纳斯达克100ETF招商,指数型-海外股票,0.00%,0.00%,0.00%,11.66%,11.66%,2,英伟达(电芯片/核心半导体) 8.66%; 博通(电芯片/核心半导体) 3.00%
001397,建信精工制造指数增强,指数型-股票,0.00%,0.00%,11.65%,0.00%,11.65%,2,中际旭创(光芯片/光通信) 7.10%; 新易盛(光芯片/光通信) 4.55%
019825,国寿安保新材料股票发起式C,股票型,0.00%,0.00%,11.64%,0.00%,11.64%,2,高伟电子(光芯片/光通信) 7.15%; 新易盛(光芯片/光通信) 4.49%
019824,国寿安保新材料股票发起式A,股票型,0.00%,0.00%,11.64%,0.00%,11.64%,2,高伟电子(光芯片/光通信) 7.15%; 新易盛(光芯片/光通信) 4.49%
001496,工银聚焦30股票,股票型,0.00%,3.19%,4.06%,4.37%,11.62%,3,海光信息(电芯片/核心半导体) 4.37%; 新易盛(光芯片/光通信) 4.06%; 兆易创新(存储) 3.19%
010284,长城价值成长六个月持有期混合A,混合型-偏股,0.00%,0.00%,11.62%,0.00%,11.62%,2,中际旭创(光芯片/光通信) 7.12%; 新易盛(光芯片/光通信) 4.50%
010285,长城价值成长六个月持有期混合C,混合型-偏股,0.00%,0.00%,11.62%,0.00%,11.62%,2,中际旭创(光芯片/光通信) 7.12%; 新易盛(光芯片/光通信) 4.50%
010662,富国均衡优选混合,混合型-偏股,0.00%,0.00%,0.00%,11.61%,11.61%,2,中芯国际(电芯片/核心半导体) 5.91%; 寒武纪(电芯片/核心半导体) 5.70%
001070,建信信息产业股票A,股票型,0.00%,0.00%,0.00%,11.57%,11.57%,2,芯原股份(电芯片/核心半导体) 6.97%; 中微公司(电芯片/核心半导体) 4.60%
014863,建信信息产业股票C,股票型,0.00%,0.00%,0.00%,11.57%,11.57%,2,芯原股份(电芯片/核心半导体) 6.97%; 中微公司(电芯片/核心半导体) 4.60%
161812,银华深证100指数(LOF),指数型-股票,0.00%,0.00%,9.66%,1.91%,11.57%,3,中际旭创(光芯片/光通信) 5.35%; 新易盛(光芯片/光通信) 4.31%; 北方华创(电芯片/核心半导体) 1.91%
012321,东财云计算增强A,指数型-股票,0.00%,0.00%,11.56%,0.00%,11.56%,3,新易盛(光芯片/光通信) 5.82%; 中际旭创(光芯片/光通信) 5.24%; 天孚通信(光芯片/光通信) 0.50%
012322,东财云计算增强C,指数型-股票,0.00%,0.00%,11.56%,0.00%,11.56%,3,新易盛(光芯片/光通信) 5.82%; 中际旭创(光芯片/光通信) 5.24%; 天孚通信(光芯片/光通信) 0.50%
001409,工银互联网加股票,股票型,0.00%,0.00%,11.55%,0.00%,11.55%,2,新易盛(光芯片/光通信) 6.03%; 中际旭创(光芯片/光通信) 5.52%
020775,国寿安保产业升级股票发起式A,股票型,0.00%,3.84%,7.71%,0.00%,11.55%,2,长飞光纤光缆(光芯片/光通信) 7.71%; 佰维存储(存储) 3.84%
020774,国寿安保产业升级股票发起式C,股票型,0.00%,3.84%,7.71%,0.00%,11.55%,2,长飞光纤光缆(光芯片/光通信) 7.71%; 佰维存储(存储) 3.84%
019597,银华惠享三年定期开放混合,混合型-偏股,0.00%,0.00%,0.00%,11.52%,11.52%,3,北方华创(电芯片/核心半导体) 4.43%; 寒武纪(电芯片/核心半导体) 3.60%; 海光信息(电芯片/核心半导体) 3.49%
000041,华夏全球股票(QDII)(人民币),QDII-普通股票,0.00%,1.77%,1.56%,8.19%,11.52%,5,英伟达(电芯片/核心半导体) 3.34%; 台积电(电芯片/核心半导体) 2.68%; 博通(电芯片/核心半导体) 2.17%; 美光科技(存储) 1.77%; Lumentum Holdings Inc(光芯片/光通信) 1.56%
008275,大成行业先锋混合C,混合型-偏股,0.00%,0.00%,7.48%,4.04%,11.52%,3,北方华创(电芯片/核心半导体) 4.04%; 新易盛(光芯片/光通信) 3.77%; 中际旭创(光芯片/光通信) 3.71%
008274,大成行业先锋混合A,混合型-偏股,0.00%,0.00%,7.48%,4.04%,11.52%,3,北方华创(电芯片/核心半导体) 4.04%; 新易盛(光芯片/光通信) 3.77%; 中际旭创(光芯片/光通信) 3.71%
019549,华夏全球股票美元现汇(QDII),QDII-普通股票,0.00%,1.77%,1.56%,8.19%,11.52%,5,英伟达(电芯片/核心半导体) 3.34%; 台积电(电芯片/核心半导体) 2.68%; 博通(电芯片/核心半导体) 2.17%; 美光科技(存储) 1.77%; Lumentum Holdings Inc(光芯片/光通信) 1.56%
019550,华夏全球股票美元现钞(QDII),QDII-普通股票,0.00%,1.77%,1.56%,8.19%,11.52%,5,英伟达(电芯片/核心半导体) 3.34%; 台积电(电芯片/核心半导体) 2.68%; 博通(电芯片/核心半导体) 2.17%; 美光科技(存储) 1.77%; Lumentum Holdings Inc(光芯片/光通信) 1.56%
019876,广发均衡成长混合A,混合型-偏股,0.00%,0.00%,11.52%,0.00%,11.52%,2,新易盛(光芯片/光通信) 5.90%; 中际旭创(光芯片/光通信) 5.62%
019877,广发均衡成长混合C,混合型-偏股,0.00%,0.00%,11.52%,0.00%,11.52%,2,新易盛(光芯片/光通信) 5.90%; 中际旭创(光芯片/光通信) 5.62%
025094,广发均衡成长混合F,混合型-偏股,0.00%,0.00%,11.52%,0.00%,11.52%,2,新易盛(光芯片/光通信) 5.90%; 中际旭创(光芯片/光通信) 5.62%
560002,益民红利成长混合,混合型-偏股,0.00%,0.00%,11.52%,0.00%,11.52%,7,光库科技(光芯片/光通信) 2.04%; 仕佳光子(光芯片/光通信) 1.98%; 光迅科技(光芯片/光通信) 1.91%; 长芯博创(光芯片/光通信) 1.76%; 联特科技(光芯片/光通信) 1.43%; 华工科技(光芯片/光通信) 1.21%; 天孚通信(光芯片/光通信) 1.19%
020849,尚正正泰平衡配置混合发起C,混合型-灵活,0.00%,0.00%,0.00%,11.50%,11.50%,2,晶晨股份(电芯片/核心半导体) 8.06%; 圣邦股份(电芯片/核心半导体) 3.44%
020848,尚正正泰平衡配置混合发起A,混合型-灵活,0.00%,0.00%,0.00%,11.50%,11.50%,2,晶晨股份(电芯片/核心半导体) 8.06%; 圣邦股份(电芯片/核心半导体) 3.44%
588900,科创100ETF南方,指数型-股票,0.00%,2.65%,6.88%,1.97%,11.50%,4,源杰科技(光芯片/光通信) 4.78%; 东芯股份(存储) 2.65%; 仕佳光子(光芯片/光通信) 2.10%; 复旦微电(电芯片/核心半导体) 1.97%
014963,交银先进制造混合C,混合型-偏股,0.00%,3.14%,8.34%,0.00%,11.48%,3,新易盛(光芯片/光通信) 4.26%; 中际旭创(光芯片/光通信) 4.08%; 兆易创新(存储) 3.14%
519704,交银先进制造混合A,混合型-偏股,0.00%,3.14%,8.34%,0.00%,11.48%,3,新易盛(光芯片/光通信) 4.26%; 中际旭创(光芯片/光通信) 4.08%; 兆易创新(存储) 3.14%
588980,科创100ETF广发,指数型-股票,0.00%,2.68%,6.85%,1.94%,11.47%,4,源杰科技(光芯片/光通信) 4.75%; 东芯股份(存储) 2.68%; 仕佳光子(光芯片/光通信) 2.10%; 复旦微电(电芯片/核心半导体) 1.94%
017973,易方达港股通优质增长混合A,混合型-偏股,0.00%,0.00%,5.49%,5.97%,11.46%,3,长飞光纤光缆(光芯片/光通信) 5.49%; 华虹半导体(电芯片/核心半导体) 3.24%; 中芯国际(电芯片/核心半导体) 2.73%
017974,易方达港股通优质增长混合C,混合型-偏股,0.00%,0.00%,5.49%,5.97%,11.46%,3,长飞光纤光缆(光芯片/光通信) 5.49%; 华虹半导体(电芯片/核心半导体) 3.24%; 中芯国际(电芯片/核心半导体) 2.73%
588190,科创100ETF银华,指数型-股票,0.00%,2.64%,6.85%,1.97%,11.46%,4,源杰科技(光芯片/光通信) 4.75%; 东芯股份(存储) 2.64%; 仕佳光子(光芯片/光通信) 2.10%; 复旦微电(电芯片/核心半导体) 1.97%
009857,博时价值臻选持有期混合A,混合型-灵活,0.00%,0.00%,11.46%,0.00%,11.46%,2,新易盛(光芯片/光通信) 6.76%; 长飞光纤光缆(光芯片/光通信) 4.70%
009858,博时价值臻选持有期混合C,混合型-灵活,0.00%,0.00%,11.46%,0.00%,11.46%,2,新易盛(光芯片/光通信) 6.76%; 长飞光纤光缆(光芯片/光通信) 4.70%
519732,交银定期支付双息平衡混合,混合型-平衡,0.00%,0.00%,11.45%,0.00%,11.45%,2,新易盛(光芯片/光通信) 6.33%; 中际旭创(光芯片/光通信) 5.12%
588210,科创100ETF易方达,指数型-股票,0.00%,2.64%,6.84%,1.96%,11.44%,4,源杰科技(光芯片/光通信) 4.74%; 东芯股份(存储) 2.64%; 仕佳光子(光芯片/光通信) 2.10%; 复旦微电(电芯片/核心半导体) 1.96%
588880,科创100ETF华泰柏瑞,指数型-股票,0.00%,2.64%,6.82%,1.97%,11.43%,4,源杰科技(光芯片/光通信) 4.75%; 东芯股份(存储) 2.64%; 仕佳光子(光芯片/光通信) 2.07%; 复旦微电(电芯片/核心半导体) 1.97%
588030,科创100ETF博时,指数型-股票,0.00%,2.64%,6.81%,1.97%,11.42%,4,源杰科技(光芯片/光通信) 4.73%; 东芯股份(存储) 2.64%; 仕佳光子(光芯片/光通信) 2.08%; 复旦微电(电芯片/核心半导体) 1.97%
588120,科创100ETF国泰,指数型-股票,0.00%,2.64%,6.82%,1.96%,11.42%,4,源杰科技(光芯片/光通信) 4.75%; 东芯股份(存储) 2.64%; 仕佳光子(光芯片/光通信) 2.07%; 复旦微电(电芯片/核心半导体) 1.96%
014287,泰康新锐成长混合A,混合型-偏股,0.00%,0.00%,0.00%,11.41%,11.41%,3,华润微(电芯片/核心半导体) 4.47%; 北方华创(电芯片/核心半导体) 3.49%; 中芯国际(电芯片/核心半导体) 3.45%
017366,泰康新锐成长混合C,混合型-偏股,0.00%,0.00%,0.00%,11.41%,11.41%,3,华润微(电芯片/核心半导体) 4.47%; 北方华创(电芯片/核心半导体) 3.49%; 中芯国际(电芯片/核心半导体) 3.45%
588800,科创100ETF华夏,指数型-股票,0.00%,2.63%,6.82%,1.96%,11.41%,4,源杰科技(光芯片/光通信) 4.73%; 东芯股份(存储) 2.63%; 仕佳光子(光芯片/光通信) 2.09%; 复旦微电(电芯片/核心半导体) 1.96%
589980,科创100ETF汇添富,指数型-股票,0.00%,2.64%,6.81%,1.96%,11.41%,4,源杰科技(光芯片/光通信) 4.72%; 东芯股份(存储) 2.64%; 仕佳光子(光芯片/光通信) 2.09%; 复旦微电(电芯片/核心半导体) 1.96%
026284,东方红嘉享混合发起A,混合型-偏股,0.00%,0.00%,11.41%,0.00%,11.41%,2,中际旭创(光芯片/光通信) 7.11%; 新易盛(光芯片/光通信) 4.30%
026285,东方红嘉享混合发起C,混合型-偏股,0.00%,0.00%,11.41%,0.00%,11.41%,2,中际旭创(光芯片/光通信) 7.11%; 新易盛(光芯片/光通信) 4.30%
513300,纳斯达克ETF华夏,指数型-海外股票,0.00%,0.00%,0.00%,11.40%,11.40%,2,英伟达(电芯片/核心半导体) 8.47%; 博通(电芯片/核心半导体) 2.93%
012203,中加消费优选混合C,混合型-偏股,0.00%,4.37%,0.00%,7.03%,11.40%,2,寒武纪(电芯片/核心半导体) 7.03%; 兆易创新(存储) 4.37%
012202,中加消费优选混合A,混合型-偏股,0.00%,4.37%,0.00%,7.03%,11.40%,2,寒武纪(电芯片/核心半导体) 7.03%; 兆易创新(存储) 4.37%
022204,永赢中证A50指数增强发起A,指数型-股票,0.00%,0.00%,6.81%,4.59%,11.40%,3,中际旭创(光芯片/光通信) 6.81%; 北方华创(电芯片/核心半导体) 2.87%; 中芯国际(电芯片/核心半导体) 1.72%
022205,永赢中证A50指数增强发起C,指数型-股票,0.00%,0.00%,6.81%,4.59%,11.40%,3,中际旭创(光芯片/光通信) 6.81%; 北方华创(电芯片/核心半导体) 2.87%; 中芯国际(电芯片/核心半导体) 1.72%
588220,科创100ETF鹏华,指数型-股票,0.00%,2.63%,6.81%,1.96%,11.40%,4,源杰科技(光芯片/光通信) 4.73%; 东芯股份(存储) 2.63%; 仕佳光子(光芯片/光通信) 2.08%; 复旦微电(电芯片/核心半导体) 1.96%
589950,科创100ETF富国,指数型-股票,0.00%,2.63%,6.81%,1.96%,11.40%,4,源杰科技(光芯片/光通信) 4.72%; 东芯股份(存储) 2.63%; 仕佳光子(光芯片/光通信) 2.09%; 复旦微电(电芯片/核心半导体) 1.96%
588500,科创100增强ETF易方达,指数型-股票,0.00%,2.87%,8.13%,0.39%,11.39%,4,源杰科技(光芯片/光通信) 5.93%; 东芯股份(存储) 2.87%; 仕佳光子(光芯片/光通信) 2.20%; 寒武纪(电芯片/核心半导体) 0.39%
025324,鑫元上证科创板综合价格指数增强C,指数型-股票,0.00%,1.07%,0.00%,10.31%,11.38%,6,海光信息(电芯片/核心半导体) 3.61%; 寒武纪(电芯片/核心半导体) 3.10%; 中微公司(电芯片/核心半导体) 1.43%; 中芯国际(电芯片/核心半导体) 1.39%; 澜起科技(存储) 1.07%; 芯原股份(电芯片/核心半导体) 0.78%
025323,鑫元上证科创板综合价格指数增强A,指数型-股票,0.00%,1.07%,0.00%,10.31%,11.38%,6,海光信息(电芯片/核心半导体) 3.61%; 寒武纪(电芯片/核心半导体) 3.10%; 中微公司(电芯片/核心半导体) 1.43%; 中芯国际(电芯片/核心半导体) 1.39%; 澜起科技(存储) 1.07%; 芯原股份(电芯片/核心半导体) 0.78%
000927,博时大中华亚太精选美元现汇,QDII-普通股票,0.00%,0.00%,0.00%,11.38%,11.38%,2,台积电(电芯片/核心半导体) 7.43%; 联发科(电芯片/核心半导体) 3.95%
050015,博时大中华亚太精选,QDII-普通股票,0.00%,0.00%,0.00%,11.38%,11.38%,2,台积电(电芯片/核心半导体) 7.43%; 联发科(电芯片/核心半导体) 3.95%
000634,富国天盛灵活配置基金,混合型-灵活,0.00%,0.00%,3.31%,8.06%,11.37%,2,寒武纪(电芯片/核心半导体) 8.06%; 新易盛(光芯片/光通信) 3.31%
015174,摩根双核平衡混合C,混合型-平衡,0.00%,0.00%,11.37%,0.00%,11.37%,2,新易盛(光芯片/光通信) 6.14%; 中际旭创(光芯片/光通信) 5.23%
373020,摩根双核平衡混合A,混合型-平衡,0.00%,0.00%,11.37%,0.00%,11.37%,2,新易盛(光芯片/光通信) 6.14%; 中际旭创(光芯片/光通信) 5.23%
005255,浦银安盛港股通量化混合A,混合型-灵活,0.00%,0.00%,0.00%,11.36%,11.36%,2,华虹半导体(电芯片/核心半导体) 6.33%; 中芯国际(电芯片/核心半导体) 5.03%
013224,浦银安盛港股通量化混合C,混合型-灵活,0.00%,0.00%,0.00%,11.36%,11.36%,2,华虹半导体(电芯片/核心半导体) 6.33%; 中芯国际(电芯片/核心半导体) 5.03%
023135,农银创新驱动混合A,混合型-偏股,0.00%,2.05%,7.21%,2.10%,11.36%,5,新易盛(光芯片/光通信) 2.82%; 中际旭创(光芯片/光通信) 2.33%; 海光信息(电芯片/核心半导体) 2.10%; 天孚通信(光芯片/光通信) 2.06%; 晶合集成(存储) 2.05%
023136,农银创新驱动混合C,混合型-偏股,0.00%,2.05%,7.21%,2.10%,11.36%,5,新易盛(光芯片/光通信) 2.82%; 中际旭创(光芯片/光通信) 2.33%; 海光信息(电芯片/核心半导体) 2.10%; 天孚通信(光芯片/光通信) 2.06%; 晶合集成(存储) 2.05%
002707,大摩科技领先混合A,混合型-灵活,0.00%,3.20%,0.00%,8.13%,11.33%,3,圣邦股份(电芯片/核心半导体) 4.94%; 兆易创新(存储) 3.20%; 海光信息(电芯片/核心半导体) 3.19%
014871,大摩科技领先混合C,混合型-灵活,0.00%,3.20%,0.00%,8.13%,11.33%,3,圣邦股份(电芯片/核心半导体) 4.94%; 兆易创新(存储) 3.20%; 海光信息(电芯片/核心半导体) 3.19%
180018,银华和谐主题混合,混合型-灵活,0.00%,0.00%,11.30%,0.00%,11.30%,2,新易盛(光芯片/光通信) 5.69%; 中际旭创(光芯片/光通信) 5.61%
630011,华商主题精选混合,混合型-偏股,0.00%,0.00%,11.29%,0.00%,11.29%,2,中际旭创(光芯片/光通信) 7.85%; 新易盛(光芯片/光通信) 3.44%
005489,中金衡优灵活配置混合A,混合型-灵活,0.00%,0.00%,3.63%,7.64%,11.27%,3,华海清科(电芯片/核心半导体) 3.86%; 中微公司(电芯片/核心半导体) 3.78%; 德科立(光芯片/光通信) 3.63%
005490,中金衡优灵活配置混合C,混合型-灵活,0.00%,0.00%,3.63%,7.64%,11.27%,3,华海清科(电芯片/核心半导体) 3.86%; 中微公司(电芯片/核心半导体) 3.78%; 德科立(光芯片/光通信) 3.63%
010453,广发瑞福精选混合C,混合型-偏股,0.00%,2.77%,0.00%,8.49%,11.26%,4,海光信息(电芯片/核心半导体) 4.91%; 中芯国际(电芯片/核心半导体) 3.35%; 兆易创新(存储) 2.77%; 中芯国际(电芯片/核心半导体) 0.23%
024796,兴业科技创新混合发起式A,混合型-偏股,0.00%,0.00%,0.00%,11.26%,11.26%,2,北方华创(电芯片/核心半导体) 7.41%; 中微公司(电芯片/核心半导体) 3.85%
024797,兴业科技创新混合发起式C,混合型-偏股,0.00%,0.00%,0.00%,11.26%,11.26%,2,北方华创(电芯片/核心半导体) 7.41%; 中微公司(电芯片/核心半导体) 3.85%
016704,兴业品质睿选混合发起式C,混合型-偏股,0.00%,1.82%,7.16%,2.28%,11.26%,5,长芯博创(光芯片/光通信) 2.76%; 长飞光纤光缆(光芯片/光通信) 2.67%; 海光信息(电芯片/核心半导体) 2.28%; 佰维存储(存储) 1.82%; 天孚通信(光芯片/光通信) 1.73%
016703,兴业品质睿选混合发起式A,混合型-偏股,0.00%,1.82%,7.16%,2.28%,11.26%,5,长芯博创(光芯片/光通信) 2.76%; 长飞光纤光缆(光芯片/光通信) 2.67%; 海光信息(电芯片/核心半导体) 2.28%; 佰维存储(存储) 1.82%; 天孚通信(光芯片/光通信) 1.73%
008177,建信高股息主题股票,股票型,0.00%,0.00%,11.25%,0.00%,11.25%,2,中际旭创(光芯片/光通信) 6.86%; 新易盛(光芯片/光通信) 4.39%
004784,招商稳健优选股票A,股票型,0.00%,0.00%,11.24%,0.00%,11.24%,2,中际旭创(光芯片/光通信) 6.26%; 新易盛(光芯片/光通信) 4.98%
005549,富国成长优选三年定开混合,混合型-灵活,0.00%,0.00%,3.23%,8.01%,11.24%,2,寒武纪(电芯片/核心半导体) 8.01%; 新易盛(光芯片/光通信) 3.23%
019863,招商稳健优选股票C,股票型,0.00%,0.00%,11.24%,0.00%,11.24%,2,中际旭创(光芯片/光通信) 6.26%; 新易盛(光芯片/光通信) 4.98%
519668,银河成长混合,混合型-偏股,0.00%,4.34%,0.00%,6.90%,11.24%,3,兆易创新(存储) 4.34%; 芯原股份(电芯片/核心半导体) 3.65%; 海光信息(电芯片/核心半导体) 3.25%
006111,泰康弘实3月定开混合,混合型-偏股,0.00%,0.00%,11.24%,0.00%,11.24%,3,中际旭创(光芯片/光通信) 4.64%; 新易盛(光芯片/光通信) 4.27%; 天孚通信(光芯片/光通信) 2.33%
000011,华夏大盘精选混合A,混合型-灵活,0.00%,0.00%,4.99%,6.24%,11.23%,4,海光信息(电芯片/核心半导体) 3.69%; 新易盛(光芯片/光通信) 2.75%; 北方华创(电芯片/核心半导体) 2.55%; 长芯博创(光芯片/光通信) 2.24%
012628,华夏大盘精选混合C,混合型-灵活,0.00%,0.00%,4.99%,6.24%,11.23%,4,海光信息(电芯片/核心半导体) 3.69%; 新易盛(光芯片/光通信) 2.75%; 北方华创(电芯片/核心半导体) 2.55%; 长芯博创(光芯片/光通信) 2.24%
001105,信澳转型创新股票A,股票型,0.00%,0.00%,7.26%,3.96%,11.22%,2,长芯博创(光芯片/光通信) 7.26%; 晶晨股份(电芯片/核心半导体) 3.96%
015608,信澳转型创新股票C,股票型,0.00%,0.00%,7.26%,3.96%,11.22%,2,长芯博创(光芯片/光通信) 7.26%; 晶晨股份(电芯片/核心半导体) 3.96%
003243,摩根中国世纪混合(QDII)人民币,QDII-混合灵活,0.00%,0.00%,11.21%,0.00%,11.21%,2,长飞光纤光缆(光芯片/光通信) 6.70%; 中际旭创(光芯片/光通信) 4.51%
003244,摩根中国世纪混合(QDII)美元现钞,QDII-混合灵活,0.00%,0.00%,11.21%,0.00%,11.21%,2,长飞光纤光缆(光芯片/光通信) 6.70%; 中际旭创(光芯片/光通信) 4.51%
003245,摩根中国世纪混合(QDII)美元现汇,QDII-混合灵活,0.00%,0.00%,11.21%,0.00%,11.21%,2,长飞光纤光缆(光芯片/光通信) 6.70%; 中际旭创(光芯片/光通信) 4.51%
015193,汇添富社会责任混合D,混合型-偏股,0.00%,0.00%,7.21%,4.00%,11.21%,3,北方华创(电芯片/核心半导体) 4.00%; 新易盛(光芯片/光通信) 3.76%; 中际旭创(光芯片/光通信) 3.45%
015192,汇添富社会责任混合C,混合型-偏股,0.00%,0.00%,7.21%,4.00%,11.21%,3,北方华创(电芯片/核心半导体) 4.00%; 新易盛(光芯片/光通信) 3.76%; 中际旭创(光芯片/光通信) 3.45%
470028,汇添富社会责任混合A,混合型-偏股,0.00%,0.00%,7.21%,4.00%,11.21%,3,北方华创(电芯片/核心半导体) 4.00%; 新易盛(光芯片/光通信) 3.76%; 中际旭创(光芯片/光通信) 3.45%
018888,银河主题混合C,混合型-偏股,0.00%,4.34%,0.00%,6.86%,11.20%,3,兆易创新(存储) 4.34%; 芯原股份(电芯片/核心半导体) 3.63%; 海光信息(电芯片/核心半导体) 3.23%
519679,银河主题混合A,混合型-偏股,0.00%,4.34%,0.00%,6.86%,11.20%,3,兆易创新(存储) 4.34%; 芯原股份(电芯片/核心半导体) 3.63%; 海光信息(电芯片/核心半导体) 3.23%
159660,纳指ETF汇添富,指数型-海外股票,0.00%,0.00%,0.00%,11.19%,11.19%,2,英伟达(电芯片/核心半导体) 8.31%; 博通(电芯片/核心半导体) 2.88%
003751,万家瑞隆混合A,混合型-偏股,0.00%,0.00%,0.00%,11.18%,11.18%,2,寒武纪(电芯片/核心半导体) 5.64%; 海光信息(电芯片/核心半导体) 5.54%
015384,万家瑞隆混合C,混合型-偏股,0.00%,0.00%,0.00%,11.18%,11.18%,2,寒武纪(电芯片/核心半导体) 5.64%; 海光信息(电芯片/核心半导体) 5.54%
021953,西部利得新动向混合C,混合型-灵活,0.00%,0.00%,7.88%,3.29%,11.17%,3,新易盛(光芯片/光通信) 4.45%; 中际旭创(光芯片/光通信) 3.43%; 寒武纪(电芯片/核心半导体) 3.29%
673010,西部利得新动向混合A,混合型-灵活,0.00%,0.00%,7.88%,3.29%,11.17%,3,新易盛(光芯片/光通信) 4.45%; 中际旭创(光芯片/光通信) 3.43%; 寒武纪(电芯片/核心半导体) 3.29%
001885,中欧新蓝筹混合E,混合型-偏股,0.00%,0.00%,11.17%,0.00%,11.17%,2,中际旭创(光芯片/光通信) 7.71%; 新易盛(光芯片/光通信) 3.46%
004237,中欧新蓝筹混合C,混合型-偏股,0.00%,0.00%,11.17%,0.00%,11.17%,2,中际旭创(光芯片/光通信) 7.71%; 新易盛(光芯片/光通信) 3.46%
166002,中欧新蓝筹混合A,混合型-偏股,0.00%,0.00%,11.17%,0.00%,11.17%,2,中际旭创(光芯片/光通信) 7.71%; 新易盛(光芯片/光通信) 3.46%
563280,A50增强ETF富国,指数型-股票,0.00%,0.00%,7.54%,3.62%,11.16%,3,中际旭创(光芯片/光通信) 4.52%; 海光信息(电芯片/核心半导体) 3.62%; 新易盛(光芯片/光通信) 3.02%
000328,摩根转型动力混合A,混合型-灵活,0.00%,0.00%,11.15%,0.00%,11.15%,2,新易盛(光芯片/光通信) 6.80%; 中际旭创(光芯片/光通信) 4.35%
015074,摩根转型动力混合C,混合型-灵活,0.00%,0.00%,11.15%,0.00%,11.15%,2,新易盛(光芯片/光通信) 6.80%; 中际旭创(光芯片/光通信) 4.35%
019173,摩根纳斯达克100指数(QDII)人民币C,指数型-海外股票,0.00%,0.00%,0.00%,11.15%,11.15%,2,英伟达(电芯片/核心半导体) 8.28%; 博通(电芯片/核心半导体) 2.87%
019172,摩根纳斯达克100指数(QDII)人民币A,指数型-海外股票,0.00%,0.00%,0.00%,11.15%,11.15%,2,英伟达(电芯片/核心半导体) 8.28%; 博通(电芯片/核心半导体) 2.87%
019174,摩根纳斯达克100指数(QDII)美元现汇A,指数型-海外股票,0.00%,0.00%,0.00%,11.15%,11.15%,2,英伟达(电芯片/核心半导体) 8.28%; 博通(电芯片/核心半导体) 2.87%
019175,摩根纳斯达克100指数(QDII)美元现汇C,指数型-海外股票,0.00%,0.00%,0.00%,11.15%,11.15%,2,英伟达(电芯片/核心半导体) 8.28%; 博通(电芯片/核心半导体) 2.87%
010519,华夏先锋科技一年定开混合C,混合型-偏股,0.00%,0.00%,5.02%,6.13%,11.15%,2,中芯国际(电芯片/核心半导体) 6.13%; 中际旭创(光芯片/光通信) 5.02%
010518,华夏先锋科技一年定开混合A,混合型-偏股,0.00%,0.00%,5.02%,6.13%,11.15%,2,中芯国际(电芯片/核心半导体) 6.13%; 中际旭创(光芯片/光通信) 5.02%
012751,建信纳斯达克100指数(QDII)A美元现汇,指数型-海外股票,0.00%,0.00%,0.00%,11.15%,11.15%,2,英伟达(电芯片/核心半导体) 8.29%; 博通(电芯片/核心半导体) 2.86%
012753,建信纳斯达克100指数(QDII)C美元现汇,指数型-海外股票,0.00%,0.00%,0.00%,11.15%,11.15%,2,英伟达(电芯片/核心半导体) 8.29%; 博通(电芯片/核心半导体) 2.86%
012752,建信纳斯达克100指数(QDII)C人民币,指数型-海外股票,0.00%,0.00%,0.00%,11.15%,11.15%,2,英伟达(电芯片/核心半导体) 8.29%; 博通(电芯片/核心半导体) 2.86%
023422,建信纳斯达克100指数(QDII)D人民币,指数型-海外股票,0.00%,0.00%,0.00%,11.15%,11.15%,2,英伟达(电芯片/核心半导体) 8.29%; 博通(电芯片/核心半导体) 2.86%
539001,建信纳斯达克100指数(QDII)A人民币,指数型-海外股票,0.00%,0.00%,0.00%,11.15%,11.15%,2,英伟达(电芯片/核心半导体) 8.29%; 博通(电芯片/核心半导体) 2.86%
001603,易方达安盈回报混合A,混合型-偏债,0.00%,0.00%,2.74%,8.40%,11.14%,3,芯原股份(电芯片/核心半导体) 4.25%; 寒武纪(电芯片/核心半导体) 4.15%; 新易盛(光芯片/光通信) 2.74%
011460,鹏华创新成长混合A,混合型-偏股,0.00%,0.00%,0.00%,11.14%,11.14%,2,寒武纪(电芯片/核心半导体) 5.64%; 翱捷科技(电芯片/核心半导体) 5.50%
011461,鹏华创新成长混合C,混合型-偏股,0.00%,0.00%,0.00%,11.14%,11.14%,2,寒武纪(电芯片/核心半导体) 5.64%; 翱捷科技(电芯片/核心半导体) 5.50%
017414,易方达安盈回报混合C,混合型-偏债,0.00%,0.00%,2.74%,8.40%,11.14%,3,芯原股份(电芯片/核心半导体) 4.25%; 寒武纪(电芯片/核心半导体) 4.15%; 新易盛(光芯片/光通信) 2.74%
630005,华商动态阿尔法混合,混合型-灵活,0.00%,0.00%,6.70%,4.43%,11.13%,4,中际旭创(光芯片/光通信) 3.49%; 新易盛(光芯片/光通信) 3.21%; 寒武纪(电芯片/核心半导体) 2.23%; 北方华创(电芯片/核心半导体) 2.20%
025005,泰信上证科创板综合指数增强A,指数型-股票,0.00%,1.75%,0.00%,9.37%,11.12%,7,海光信息(电芯片/核心半导体) 3.50%; 寒武纪(电芯片/核心半导体) 2.43%; 中微公司(电芯片/核心半导体) 1.34%; 中芯国际(电芯片/核心半导体) 1.33%; 澜起科技(存储) 1.04%; 芯原股份(电芯片/核心半导体) 0.77%; 佰维存储(存储) 0.71%
025006,泰信上证科创板综合指数增强C,指数型-股票,0.00%,1.75%,0.00%,9.37%,11.12%,7,海光信息(电芯片/核心半导体) 3.50%; 寒武纪(电芯片/核心半导体) 2.43%; 中微公司(电芯片/核心半导体) 1.34%; 中芯国际(电芯片/核心半导体) 1.33%; 澜起科技(存储) 1.04%; 芯原股份(电芯片/核心半导体) 0.77%; 佰维存储(存储) 0.71%
006973,太平睿盈混合A,混合型-偏债,0.00%,5.15%,5.97%,0.00%,11.12%,7,兆易创新(存储) 2.29%; 中际旭创(光芯片/光通信) 1.80%; 新易盛(光芯片/光通信) 1.65%; 普冉股份(存储) 1.56%; 天孚通信(光芯片/光通信) 1.39%; 佰维存储(存储) 1.30%; 源杰科技(光芯片/光通信) 1.13%
007669,太平睿盈混合C,混合型-偏债,0.00%,5.15%,5.97%,0.00%,11.12%,7,兆易创新(存储) 2.29%; 中际旭创(光芯片/光通信) 1.80%; 新易盛(光芯片/光通信) 1.65%; 普冉股份(存储) 1.56%; 天孚通信(光芯片/光通信) 1.39%; 佰维存储(存储) 1.30%; 源杰科技(光芯片/光通信) 1.13%
014317,广发价值领航一年持有混合A,混合型-偏股,0.00%,0.00%,11.12%,0.00%,11.12%,2,新易盛(光芯片/光通信) 6.03%; 中际旭创(光芯片/光通信) 5.09%
014318,广发价值领航一年持有混合C,混合型-偏股,0.00%,0.00%,11.12%,0.00%,11.12%,2,新易盛(光芯片/光通信) 6.03%; 中际旭创(光芯片/光通信) 5.09%
025844,兴证资管金麒麟兴睿优选混合E,混合型-偏股,0.00%,0.00%,11.11%,0.00%,11.11%,2,新易盛(光芯片/光通信) 5.98%; 中际旭创(光芯片/光通信) 5.13%
025843,兴证资管金麒麟兴睿优选混合D,混合型-偏股,0.00%,0.00%,11.11%,0.00%,11.11%,2,新易盛(光芯片/光通信) 5.98%; 中际旭创(光芯片/光通信) 5.13%
513110,纳指ETF华泰柏瑞,指数型-海外股票,0.00%,0.00%,0.00%,11.11%,11.11%,2,英伟达(电芯片/核心半导体) 8.25%; 博通(电芯片/核心半导体) 2.86%
970113,兴证资管金麒麟兴睿优选混合B,混合型-偏股,0.00%,0.00%,11.11%,0.00%,11.11%,2,新易盛(光芯片/光通信) 5.98%; 中际旭创(光芯片/光通信) 5.13%
970114,兴证资管金麒麟兴睿优选混合C,混合型-偏股,0.00%,0.00%,11.11%,0.00%,11.11%,2,新易盛(光芯片/光通信) 5.98%; 中际旭创(光芯片/光通信) 5.13%
970112,兴证资管金麒麟兴睿优选混合A,混合型-偏股,0.00%,0.00%,11.11%,0.00%,11.11%,2,新易盛(光芯片/光通信) 5.98%; 中际旭创(光芯片/光通信) 5.13%
011507,建信高端装备股票C,股票型,0.00%,0.00%,6.61%,4.46%,11.07%,3,芯原股份(电芯片/核心半导体) 4.46%; 中际旭创(光芯片/光通信) 3.84%; 长飞光纤光缆(光芯片/光通信) 2.77%
011506,建信高端装备股票A,股票型,0.00%,0.00%,6.61%,4.46%,11.07%,3,芯原股份(电芯片/核心半导体) 4.46%; 中际旭创(光芯片/光通信) 3.84%; 长飞光纤光缆(光芯片/光通信) 2.77%
009241,融通领先成长混合(LOF)C,混合型-偏股,0.00%,1.83%,6.42%,2.81%,11.06%,4,中际旭创(光芯片/光通信) 3.92%; 北方华创(电芯片/核心半导体) 2.81%; 新易盛(光芯片/光通信) 2.50%; 兆易创新(存储) 1.83%
161610,融通领先成长混合(LOF)A,混合型-偏股,0.00%,1.83%,6.42%,2.81%,11.06%,4,中际旭创(光芯片/光通信) 3.92%; 北方华创(电芯片/核心半导体) 2.81%; 新易盛(光芯片/光通信) 2.50%; 兆易创新(存储) 1.83%
513390,纳指100ETF博时,指数型-海外股票,0.00%,0.00%,0.00%,11.06%,11.06%,2,英伟达(电芯片/核心半导体) 8.21%; 博通(电芯片/核心半导体) 2.85%
019739,宝盈纳斯达克100指数发起(QDII)C美元现汇,指数型-海外股票,0.00%,0.00%,0.00%,11.05%,11.05%,2,英伟达(电芯片/核心半导体) 8.20%; 博通(电芯片/核心半导体) 2.85%
019736,宝盈纳斯达克100指数发起(QDII)A人民币,指数型-海外股票,0.00%,0.00%,0.00%,11.05%,11.05%,2,英伟达(电芯片/核心半导体) 8.20%; 博通(电芯片/核心半导体) 2.85%
019737,宝盈纳斯达克100指数发起(QDII)C人民币,指数型-海外股票,0.00%,0.00%,0.00%,11.05%,11.05%,2,英伟达(电芯片/核心半导体) 8.20%; 博通(电芯片/核心半导体) 2.85%
019738,宝盈纳斯达克100指数发起(QDII)A美元现汇,指数型-海外股票,0.00%,0.00%,0.00%,11.05%,11.05%,2,英伟达(电芯片/核心半导体) 8.20%; 博通(电芯片/核心半导体) 2.85%
009557,申万菱信创业板量化精选股票A,股票型,0.00%,0.00%,11.04%,0.00%,11.04%,3,中际旭创(光芯片/光通信) 5.82%; 新易盛(光芯片/光通信) 4.18%; 天孚通信(光芯片/光通信) 1.04%
010505,申万菱信创业板量化精选股票C,股票型,0.00%,0.00%,11.04%,0.00%,11.04%,3,中际旭创(光芯片/光通信) 5.82%; 新易盛(光芯片/光通信) 4.18%; 天孚通信(光芯片/光通信) 1.04%
021660,中欧上证科创板100指数发起A,指数型-股票,0.00%,2.52%,6.65%,1.87%,11.04%,4,源杰科技(光芯片/光通信) 4.65%; 东芯股份(存储) 2.52%; 仕佳光子(光芯片/光通信) 2.00%; 复旦微电(电芯片/核心半导体) 1.87%
021661,中欧上证科创板100指数发起C,指数型-股票,0.00%,2.52%,6.65%,1.87%,11.04%,4,源杰科技(光芯片/光通信) 4.65%; 东芯股份(存储) 2.52%; 仕佳光子(光芯片/光通信) 2.00%; 复旦微电(电芯片/核心半导体) 1.87%
159623,成渝经济圈ETF博时,指数型-股票,0.00%,0.00%,11.04%,0.00%,11.04%,1,新易盛(光芯片/光通信) 11.04%
360016,光大行业轮动混合,混合型-偏股,0.00%,0.00%,6.63%,4.40%,11.03%,2,中际旭创(光芯片/光通信) 6.63%; 中微公司(电芯片/核心半导体) 4.40%
019442,万家纳斯达克100指数发起式(QDII)C,指数型-海外股票,0.00%,0.00%,0.00%,11.03%,11.03%,2,英伟达(电芯片/核心半导体) 8.19%; 博通(电芯片/核心半导体) 2.84%
019441,万家纳斯达克100指数发起式(QDII)A,指数型-海外股票,0.00%,0.00%,0.00%,11.03%,11.03%,2,英伟达(电芯片/核心半导体) 8.19%; 博通(电芯片/核心半导体) 2.84%
010198,易方达竞争优势企业混合A,混合型-偏股,0.00%,0.00%,0.00%,11.02%,11.02%,2,华海清科(电芯片/核心半导体) 7.17%; 芯原股份(电芯片/核心半导体) 3.85%
010377,广发价值核心混合A,混合型-偏股,0.00%,0.00%,7.55%,3.47%,11.02%,2,长飞光纤光缆(光芯片/光通信) 7.55%; 寒武纪(电芯片/核心半导体) 3.47%
010378,广发价值核心混合C,混合型-偏股,0.00%,0.00%,7.55%,3.47%,11.02%,2,长飞光纤光缆(光芯片/光通信) 7.55%; 寒武纪(电芯片/核心半导体) 3.47%
010849,易方达竞争优势企业混合C,混合型-偏股,0.00%,0.00%,0.00%,11.02%,11.02%,2,华海清科(电芯片/核心半导体) 7.17%; 芯原股份(电芯片/核心半导体) 3.85%
159501,纳指ETF嘉实,指数型-海外股票,0.00%,0.00%,0.00%,10.99%,10.99%,2,英伟达(电芯片/核心半导体) 8.16%; 博通(电芯片/核心半导体) 2.83%
880006,招商资管核心优势混合D,混合型-偏股,0.00%,2.39%,4.90%,3.70%,10.99%,3,天孚通信(光芯片/光通信) 4.90%; 芯原股份(电芯片/核心半导体) 3.70%; 兆易创新(存储) 2.39%
970185,招商资管核心优势混合C,混合型-偏股,0.00%,2.39%,4.90%,3.70%,10.99%,3,天孚通信(光芯片/光通信) 4.90%; 芯原股份(电芯片/核心半导体) 3.70%; 兆易创新(存储) 2.39%
970184,招商资管核心优势混合A,混合型-偏股,0.00%,2.39%,4.90%,3.70%,10.99%,3,天孚通信(光芯片/光通信) 4.90%; 芯原股份(电芯片/核心半导体) 3.70%; 兆易创新(存储) 2.39%
008252,汇安宜创量化精选混合C,混合型-偏股,0.00%,0.00%,9.16%,1.83%,10.99%,5,中际旭创(光芯片/光通信) 2.56%; 新易盛(光芯片/光通信) 2.53%; 源杰科技(光芯片/光通信) 2.29%; 思特威(电芯片/核心半导体) 1.83%; 长芯博创(光芯片/光通信) 1.78%
008251,汇安宜创量化精选混合A,混合型-偏股,0.00%,0.00%,9.16%,1.83%,10.99%,5,中际旭创(光芯片/光通信) 2.56%; 新易盛(光芯片/光通信) 2.53%; 源杰科技(光芯片/光通信) 2.29%; 思特威(电芯片/核心半导体) 1.83%; 长芯博创(光芯片/光通信) 1.78%
011604,兴业高端制造混合C,混合型-偏股,0.00%,0.00%,7.92%,3.06%,10.98%,3,长芯博创(光芯片/光通信) 4.06%; 中际旭创(光芯片/光通信) 3.86%; 海光信息(电芯片/核心半导体) 3.06%
011603,兴业高端制造混合A,混合型-偏股,0.00%,0.00%,7.92%,3.06%,10.98%,3,长芯博创(光芯片/光通信) 4.06%; 中际旭创(光芯片/光通信) 3.86%; 海光信息(电芯片/核心半导体) 3.06%
001712,东方红优势精选混合,混合型-灵活,0.00%,0.00%,7.00%,3.97%,10.97%,2,中际旭创(光芯片/光通信) 7.00%; 海光信息(电芯片/核心半导体) 3.97%
005481,银华瑞泰灵活配置混合,混合型-灵活,0.00%,0.00%,10.96%,0.00%,10.96%,2,新易盛(光芯片/光通信) 7.37%; 中际旭创(光芯片/光通信) 3.59%
024215,华安优势领航混合C,混合型-偏股,0.00%,0.00%,6.13%,4.82%,10.95%,2,中际旭创(光芯片/光通信) 6.13%; 寒武纪(电芯片/核心半导体) 4.82%
024214,华安优势领航混合A,混合型-偏股,0.00%,0.00%,6.13%,4.82%,10.95%,2,中际旭创(光芯片/光通信) 6.13%; 寒武纪(电芯片/核心半导体) 4.82%
002293,南方益和混合,混合型-灵活,0.00%,2.99%,7.93%,0.00%,10.92%,3,中际旭创(光芯片/光通信) 4.46%; 新易盛(光芯片/光通信) 3.47%; 兆易创新(存储) 2.99%
001678,英大国企改革A,股票型,0.00%,3.92%,3.89%,3.09%,10.90%,3,澜起科技(存储) 3.92%; 长光华芯(光芯片/光通信) 3.89%; 芯原股份(电芯片/核心半导体) 3.09%
022868,英大国企改革C,股票型,0.00%,3.92%,3.89%,3.09%,10.90%,3,澜起科技(存储) 3.92%; 长光华芯(光芯片/光通信) 3.89%; 芯原股份(电芯片/核心半导体) 3.09%
519035,富国天博创新主题混合,混合型-偏股,0.00%,0.00%,10.90%,0.00%,10.90%,2,新易盛(光芯片/光通信) 6.42%; 中际旭创(光芯片/光通信) 4.48%
013000,广发盛泽一年持有混合A,混合型-偏股,0.00%,0.00%,6.46%,4.43%,10.89%,2,新易盛(光芯片/光通信) 6.46%; 圣邦股份(电芯片/核心半导体) 4.43%
013001,广发盛泽一年持有混合C,混合型-偏股,0.00%,0.00%,6.46%,4.43%,10.89%,2,新易盛(光芯片/光通信) 6.46%; 圣邦股份(电芯片/核心半导体) 4.43%
018876,兴合先进制造混合发起式A,混合型-偏股,0.00%,0.00%,4.43%,6.46%,10.89%,3,仕佳光子(光芯片/光通信) 4.43%; 中芯国际(电芯片/核心半导体) 3.57%; 豪威集团(电芯片/核心半导体) 2.89%
018877,兴合先进制造混合发起式C,混合型-偏股,0.00%,0.00%,4.43%,6.46%,10.89%,3,仕佳光子(光芯片/光通信) 4.43%; 中芯国际(电芯片/核心半导体) 3.57%; 豪威集团(电芯片/核心半导体) 2.89%
561130,国货ETF富国,指数型-股票,0.00%,0.00%,8.32%,2.56%,10.88%,2,中际旭创(光芯片/光通信) 8.32%; 北方华创(电芯片/核心半导体) 2.56%
257070,国联安优选行业混合,混合型-偏股,0.00%,0.00%,10.83%,0.00%,10.83%,2,长芯博创(光芯片/光通信) 5.44%; 新易盛(光芯片/光通信) 5.39%
013661,华安研究领航混合A,混合型-偏股,0.00%,0.00%,7.77%,3.05%,10.82%,3,新易盛(光芯片/光通信) 4.75%; 芯原股份(电芯片/核心半导体) 3.05%; 中际旭创(光芯片/光通信) 3.02%
013662,华安研究领航混合C,混合型-偏股,0.00%,0.00%,7.77%,3.05%,10.82%,3,新易盛(光芯片/光通信) 4.75%; 芯原股份(电芯片/核心半导体) 3.05%; 中际旭创(光芯片/光通信) 3.02%
159696,纳指ETF易方达,指数型-海外股票,0.00%,0.00%,0.00%,10.82%,10.82%,2,英伟达(电芯片/核心半导体) 8.04%; 博通(电芯片/核心半导体) 2.78%
012188,华安优势龙头混合A,混合型-偏股,0.00%,0.00%,6.05%,4.75%,10.80%,2,中际旭创(光芯片/光通信) 6.05%; 寒武纪(电芯片/核心半导体) 4.75%
012189,华安优势龙头混合C,混合型-偏股,0.00%,0.00%,6.05%,4.75%,10.80%,2,中际旭创(光芯片/光通信) 6.05%; 寒武纪(电芯片/核心半导体) 4.75%
002121,广发沪港深新起点股票A,股票型,0.00%,0.00%,6.30%,4.49%,10.79%,2,长飞光纤光缆(光芯片/光通信) 6.30%; 华虹半导体(电芯片/核心半导体) 4.49%
010024,广发沪港深新起点股票C,股票型,0.00%,0.00%,6.30%,4.49%,10.79%,2,长飞光纤光缆(光芯片/光通信) 6.30%; 华虹半导体(电芯片/核心半导体) 4.49%
011663,华安研究驱动混合A,混合型-偏股,0.00%,0.00%,7.75%,3.04%,10.79%,3,新易盛(光芯片/光通信) 4.74%; 芯原股份(电芯片/核心半导体) 3.04%; 中际旭创(光芯片/光通信) 3.01%
011664,华安研究驱动混合C,混合型-偏股,0.00%,0.00%,7.75%,3.04%,10.79%,3,新易盛(光芯片/光通信) 4.74%; 芯原股份(电芯片/核心半导体) 3.04%; 中际旭创(光芯片/光通信) 3.01%
013259,浦银安盛新经济结构混合C,混合型-灵活,0.00%,0.00%,10.79%,0.00%,10.79%,2,新易盛(光芯片/光通信) 6.21%; 中际旭创(光芯片/光通信) 4.58%
519126,浦银安盛新经济结构混合A,混合型-灵活,0.00%,0.00%,10.79%,0.00%,10.79%,2,新易盛(光芯片/光通信) 6.21%; 中际旭创(光芯片/光通信) 4.58%
013638,华安逆向策略混合C,混合型-偏股,0.00%,0.00%,7.73%,3.04%,10.77%,3,新易盛(光芯片/光通信) 4.72%; 芯原股份(电芯片/核心半导体) 3.04%; 中际旭创(光芯片/光通信) 3.01%
040035,华安逆向策略混合A,混合型-偏股,0.00%,0.00%,7.73%,3.04%,10.77%,3,新易盛(光芯片/光通信) 4.72%; 芯原股份(电芯片/核心半导体) 3.04%; 中际旭创(光芯片/光通信) 3.01%
001869,招商制造业混合A,混合型-灵活,0.00%,3.68%,7.06%,0.00%,10.74%,3,新易盛(光芯片/光通信) 4.13%; 兆易创新(存储) 3.68%; 中际旭创(光芯片/光通信) 2.93%
002943,广发多因子混合,混合型-灵活,0.00%,0.00%,10.74%,0.00%,10.74%,2,新易盛(光芯片/光通信) 5.49%; 中际旭创(光芯片/光通信) 5.25%
004569,招商制造业混合C,混合型-灵活,0.00%,3.68%,7.06%,0.00%,10.74%,3,新易盛(光芯片/光通信) 4.13%; 兆易创新(存储) 3.68%; 中际旭创(光芯片/光通信) 2.93%
011692,华安研究智选混合A,混合型-偏股,0.00%,0.00%,7.71%,3.03%,10.74%,3,新易盛(光芯片/光通信) 4.71%; 芯原股份(电芯片/核心半导体) 3.03%; 中际旭创(光芯片/光通信) 3.00%
011693,华安研究智选混合C,混合型-偏股,0.00%,0.00%,7.71%,3.03%,10.74%,3,新易盛(光芯片/光通信) 4.71%; 芯原股份(电芯片/核心半导体) 3.03%; 中际旭创(光芯片/光通信) 3.00%
014878,华安价值驱动一年持有混合A,混合型-偏股,0.00%,0.00%,7.70%,3.04%,10.74%,3,新易盛(光芯片/光通信) 4.73%; 芯原股份(电芯片/核心半导体) 3.04%; 中际旭创(光芯片/光通信) 2.97%
014879,华安价值驱动一年持有混合C,混合型-偏股,0.00%,0.00%,7.70%,3.04%,10.74%,3,新易盛(光芯片/光通信) 4.73%; 芯原股份(电芯片/核心半导体) 3.04%; 中际旭创(光芯片/光通信) 2.97%
008467,博道嘉瑞混合A,混合型-偏股,0.00%,0.00%,10.72%,0.00%,10.72%,2,天孚通信(光芯片/光通信) 5.56%; 中际旭创(光芯片/光通信) 5.16%
008468,博道嘉瑞混合C,混合型-偏股,0.00%,0.00%,10.72%,0.00%,10.72%,2,天孚通信(光芯片/光通信) 5.56%; 中际旭创(光芯片/光通信) 5.16%
005630,华安研究精选混合A,混合型-偏股,0.00%,0.00%,7.68%,3.03%,10.71%,3,新易盛(光芯片/光通信) 4.69%; 芯原股份(电芯片/核心半导体) 3.03%; 中际旭创(光芯片/光通信) 2.99%
013506,华安研究精选混合C,混合型-偏股,0.00%,0.00%,7.68%,3.03%,10.71%,3,新易盛(光芯片/光通信) 4.69%; 芯原股份(电芯片/核心半导体) 3.03%; 中际旭创(光芯片/光通信) 2.99%
023051,交银上证科创板100指数C,指数型-股票,0.00%,2.48%,6.38%,1.85%,10.71%,4,源杰科技(光芯片/光通信) 4.41%; 东芯股份(存储) 2.48%; 仕佳光子(光芯片/光通信) 1.97%; 复旦微电(电芯片/核心半导体) 1.85%
023050,交银上证科创板100指数A,指数型-股票,0.00%,2.48%,6.38%,1.85%,10.71%,4,源杰科技(光芯片/光通信) 4.41%; 东芯股份(存储) 2.48%; 仕佳光子(光芯片/光通信) 1.97%; 复旦微电(电芯片/核心半导体) 1.85%
159632,纳斯达克ETF华安,指数型-海外股票,0.00%,0.00%,0.00%,10.71%,10.71%,2,英伟达(电芯片/核心半导体) 7.96%; 博通(电芯片/核心半导体) 2.75%
515920,智能消费ETF博时,指数型-股票,0.00%,3.21%,0.00%,7.49%,10.70%,3,中芯国际(电芯片/核心半导体) 3.79%; 寒武纪(电芯片/核心半导体) 3.70%; 兆易创新(存储) 3.21%
516510,云计算ETF易方达,指数型-股票,0.00%,0.00%,10.70%,0.00%,10.70%,2,新易盛(光芯片/光通信) 5.58%; 中际旭创(光芯片/光通信) 5.12%
006227,华宝科技先锋混合A,混合型-偏股,0.00%,0.00%,0.00%,10.70%,10.70%,4,恒玄科技(电芯片/核心半导体) 2.73%; 思特威(电芯片/核心半导体) 2.69%; 华海清科(电芯片/核心半导体) 2.67%; 寒武纪(电芯片/核心半导体) 2.61%
010842,华宝科技先锋混合C,混合型-偏股,0.00%,0.00%,0.00%,10.70%,10.70%,4,恒玄科技(电芯片/核心半导体) 2.73%; 思特威(电芯片/核心半导体) 2.69%; 华海清科(电芯片/核心半导体) 2.67%; 寒武纪(电芯片/核心半导体) 2.61%
012301,易方达核心智造混合,混合型-偏股,0.00%,0.00%,10.69%,0.00%,10.69%,2,长飞光纤光缆(光芯片/光通信) 5.42%; 中际旭创(光芯片/光通信) 5.27%
159527,云计算ETF广发,指数型-股票,0.00%,0.00%,10.69%,0.00%,10.69%,2,新易盛(光芯片/光通信) 5.57%; 中际旭创(光芯片/光通信) 5.12%
513870,纳指ETF富国,指数型-海外股票,0.00%,0.00%,0.00%,10.69%,10.69%,2,英伟达(电芯片/核心半导体) 7.95%; 博通(电芯片/核心半导体) 2.74%
516630,云计算ETF华夏,指数型-股票,0.00%,0.00%,10.69%,0.00%,10.69%,2,新易盛(光芯片/光通信) 5.59%; 中际旭创(光芯片/光通信) 5.10%
006085,万家新机遇价值驱动C,混合型-灵活,0.00%,0.00%,0.00%,10.67%,10.67%,6,北方华创(电芯片/核心半导体) 2.24%; 海光信息(电芯片/核心半导体) 1.86%; 华海清科(电芯片/核心半导体) 1.86%; 中微公司(电芯片/核心半导体) 1.85%; 寒武纪(电芯片/核心半导体) 1.48%; 中芯国际(电芯片/核心半导体) 1.38%
161910,万家新机遇价值驱动A,混合型-灵活,0.00%,0.00%,0.00%,10.67%,10.67%,6,北方华创(电芯片/核心半导体) 2.24%; 海光信息(电芯片/核心半导体) 1.86%; 华海清科(电芯片/核心半导体) 1.86%; 中微公司(电芯片/核心半导体) 1.85%; 寒武纪(电芯片/核心半导体) 1.48%; 中芯国际(电芯片/核心半导体) 1.38%
001511,兴全新视野定开混合,混合型-灵活,0.00%,0.00%,0.00%,10.66%,10.66%,3,华海清科(电芯片/核心半导体) 4.21%; 晶晨股份(电芯片/核心半导体) 3.92%; 北方华创(电芯片/核心半导体) 2.53%
009017,银华港股通精选股票发起式A,股票型,0.00%,0.00%,0.00%,10.66%,10.66%,2,华虹半导体(电芯片/核心半导体) 5.70%; 中芯国际(电芯片/核心半导体) 4.96%
014052,银华港股通精选股票发起式C,股票型,0.00%,0.00%,0.00%,10.66%,10.66%,2,华虹半导体(电芯片/核心半导体) 5.70%; 中芯国际(电芯片/核心半导体) 4.96%
016498,易方达MSCI中国A50互联互通量化增强A,指数型-股票,0.00%,0.00%,7.52%,3.14%,10.66%,3,中际旭创(光芯片/光通信) 4.34%; 新易盛(光芯片/光通信) 3.18%; 海光信息(电芯片/核心半导体) 3.14%
016499,易方达MSCI中国A50互联互通量化增强C,指数型-股票,0.00%,0.00%,7.52%,3.14%,10.66%,3,中际旭创(光芯片/光通信) 4.34%; 新易盛(光芯片/光通信) 3.18%; 海光信息(电芯片/核心半导体) 3.14%
010147,博道嘉兴一年持有期混合,混合型-偏股,0.00%,0.00%,10.65%,0.00%,10.65%,2,天孚通信(光芯片/光通信) 5.46%; 中际旭创(光芯片/光通信) 5.19%
159890,云计算ETF招商,指数型-股票,0.00%,0.00%,10.65%,0.00%,10.65%,2,新易盛(光芯片/光通信) 5.56%; 中际旭创(光芯片/光通信) 5.09%
000609,华商新量化混合A,混合型-灵活,0.00%,0.00%,7.76%,2.88%,10.64%,3,新易盛(光芯片/光通信) 3.98%; 中际旭创(光芯片/光通信) 3.78%; 北方华创(电芯片/核心半导体) 2.88%
016048,华商新量化混合C,混合型-灵活,0.00%,0.00%,7.76%,2.88%,10.64%,3,新易盛(光芯片/光通信) 3.98%; 中际旭创(光芯片/光通信) 3.78%; 北方华创(电芯片/核心半导体) 2.88%
014642,摩根新兴动力混合C,混合型-偏股,0.00%,0.00%,10.62%,0.00%,10.62%,2,新易盛(光芯片/光通信) 6.92%; 中际旭创(光芯片/光通信) 3.70%
377240,摩根新兴动力混合A,混合型-偏股,0.00%,0.00%,10.62%,0.00%,10.62%,2,新易盛(光芯片/光通信) 6.92%; 中际旭创(光芯片/光通信) 3.70%
960007,摩根新兴动力混合H,混合型-偏股,0.00%,0.00%,10.62%,0.00%,10.62%,2,新易盛(光芯片/光通信) 6.92%; 中际旭创(光芯片/光通信) 3.70%
240002,华宝宝康配置混合,混合型-灵活,0.00%,0.00%,10.62%,0.00%,10.62%,2,中际旭创(光芯片/光通信) 5.31%; 新易盛(光芯片/光通信) 5.31%
513100,纳指ETF国泰,指数型-海外股票,0.00%,0.00%,0.00%,10.61%,10.61%,2,英伟达(电芯片/核心半导体) 7.88%; 博通(电芯片/核心半导体) 2.73%
001569,泰信国策驱动灵活配置混合,混合型-灵活,0.00%,0.00%,4.06%,6.54%,10.60%,2,芯原股份(电芯片/核心半导体) 6.54%; 中际旭创(光芯片/光通信) 4.06%
160529,博时创业板两年定开混合,混合型-偏股,0.00%,0.00%,10.59%,0.00%,10.59%,2,中际旭创(光芯片/光通信) 5.43%; 新易盛(光芯片/光通信) 5.16%
013961,万家新机遇成长一年持有期混合发起式C,混合型-偏股,0.00%,0.00%,10.58%,0.00%,10.58%,2,中际旭创(光芯片/光通信) 6.58%; 新易盛(光芯片/光通信) 4.00%
013960,万家新机遇成长一年持有期混合发起式A,混合型-偏股,0.00%,0.00%,10.58%,0.00%,10.58%,2,中际旭创(光芯片/光通信) 6.58%; 新易盛(光芯片/光通信) 4.00%
159739,云计算ETF鹏华,指数型-股票,0.00%,0.00%,10.58%,0.00%,10.58%,2,新易盛(光芯片/光通信) 5.53%; 中际旭创(光芯片/光通信) 5.05%
159941,纳指ETF广发,指数型-海外股票,0.00%,0.00%,0.00%,10.58%,10.58%,2,英伟达(电芯片/核心半导体) 7.88%; 博通(电芯片/核心半导体) 2.70%
530018,建信深证100指数增强,指数型-股票,0.00%,0.00%,10.57%,0.00%,10.57%,2,中际旭创(光芯片/光通信) 5.90%; 新易盛(光芯片/光通信) 4.67%
007497,中庚价值灵动灵活配置混合,混合型-灵活,0.00%,0.00%,10.54%,0.00%,10.54%,2,新易盛(光芯片/光通信) 5.77%; 中际旭创(光芯片/光通信) 4.77%
519001,银华价值优选混合,混合型-偏股,0.00%,0.00%,0.00%,10.54%,10.54%,2,北方华创(电芯片/核心半导体) 5.44%; 海光信息(电芯片/核心半导体) 5.10%
013296,民生加银聚优精选混合A,混合型-偏股,0.00%,0.00%,4.66%,5.87%,10.53%,2,芯原股份(电芯片/核心半导体) 5.87%; 新易盛(光芯片/光通信) 4.66%
016071,华安智联混合(LOF)C,混合型-偏债,0.00%,0.00%,10.53%,0.00%,10.53%,2,新易盛(光芯片/光通信) 5.70%; 中际旭创(光芯片/光通信) 4.83%
025331,民生加银聚优精选混合C,混合型-偏股,0.00%,0.00%,4.66%,5.87%,10.53%,2,芯原股份(电芯片/核心半导体) 5.87%; 新易盛(光芯片/光通信) 4.66%
501073,华安智联混合(LOF)A,混合型-偏债,0.00%,0.00%,10.53%,0.00%,10.53%,2,新易盛(光芯片/光通信) 5.70%; 中际旭创(光芯片/光通信) 4.83%
000793,工银高端制造股票,股票型,0.00%,0.00%,0.00%,10.52%,10.52%,2,中微公司(电芯片/核心半导体) 6.67%; 圣邦股份(电芯片/核心半导体) 3.85%
025824,易方达产业优选混合A,混合型-偏股,0.00%,0.00%,10.51%,0.00%,10.51%,2,中际旭创(光芯片/光通信) 7.75%; 新易盛(光芯片/光通信) 2.76%
025825,易方达产业优选混合C,混合型-偏股,0.00%,0.00%,10.51%,0.00%,10.51%,2,中际旭创(光芯片/光通信) 7.75%; 新易盛(光芯片/光通信) 2.76%
009998,摩根慧见两年持有期混合,混合型-偏股,0.00%,0.00%,10.50%,0.00%,10.50%,2,新易盛(光芯片/光通信) 6.78%; 中际旭创(光芯片/光通信) 3.72%
001334,南方利鑫A,混合型-灵活,0.00%,0.00%,6.52%,3.97%,10.49%,3,中微公司(电芯片/核心半导体) 3.97%; 中际旭创(光芯片/光通信) 3.37%; 新易盛(光芯片/光通信) 3.15%
001503,南方利鑫C,混合型-灵活,0.00%,0.00%,6.52%,3.97%,10.49%,3,中微公司(电芯片/核心半导体) 3.97%; 中际旭创(光芯片/光通信) 3.37%; 新易盛(光芯片/光通信) 3.15%
009798,大成创业板两年定开混合C,混合型-偏股,0.00%,0.00%,10.49%,0.00%,10.49%,3,中际旭创(光芯片/光通信) 4.87%; 新易盛(光芯片/光通信) 3.01%; 天孚通信(光芯片/光通信) 2.61%
010023,广发制造业精选混合C,混合型-偏股,0.00%,0.00%,10.49%,0.00%,10.49%,2,新易盛(光芯片/光通信) 5.87%; 中际旭创(光芯片/光通信) 4.62%
160926,大成创业板两年定开混合A,混合型-偏股,0.00%,0.00%,10.49%,0.00%,10.49%,3,中际旭创(光芯片/光通信) 4.87%; 新易盛(光芯片/光通信) 3.01%; 天孚通信(光芯片/光通信) 2.61%
270028,广发制造业精选混合A,混合型-偏股,0.00%,0.00%,10.49%,0.00%,10.49%,2,新易盛(光芯片/光通信) 5.87%; 中际旭创(光芯片/光通信) 4.62%
011646,国泰核心价值两年持有期股票C,股票型,0.00%,0.00%,0.00%,10.47%,10.47%,2,北方华创(电芯片/核心半导体) 8.08%; 华海清科(电芯片/核心半导体) 2.39%
011645,国泰核心价值两年持有期股票A,股票型,0.00%,0.00%,0.00%,10.47%,10.47%,2,北方华创(电芯片/核心半导体) 8.08%; 华海清科(电芯片/核心半导体) 2.39%
159293,创业板综增强ETF建信,指数型-股票,0.00%,0.00%,10.04%,0.43%,10.47%,4,中际旭创(光芯片/光通信) 5.35%; 新易盛(光芯片/光通信) 2.52%; 天孚通信(光芯片/光通信) 2.17%; 北方华创(电芯片/核心半导体) 0.43%
024437,华安竞争优势混合A,混合型-偏股,0.00%,0.00%,6.02%,4.44%,10.46%,2,中际旭创(光芯片/光通信) 6.02%; 寒武纪(电芯片/核心半导体) 4.44%
024438,华安竞争优势混合C,混合型-偏股,0.00%,0.00%,6.02%,4.44%,10.46%,2,中际旭创(光芯片/光通信) 6.02%; 寒武纪(电芯片/核心半导体) 4.44%
012394,农银中证新华社民族品牌指数,指数型-股票,0.00%,0.00%,8.00%,2.45%,10.45%,2,中际旭创(光芯片/光通信) 8.00%; 北方华创(电芯片/核心半导体) 2.45%
010694,万家内需增长一年持有混合,混合型-偏股,0.00%,0.00%,0.00%,10.43%,10.43%,2,寒武纪(电芯片/核心半导体) 5.51%; 海光信息(电芯片/核心半导体) 4.92%
018044,天弘纳斯达克100指数发起(QDII)C,指数型-海外股票,0.00%,0.00%,0.00%,10.43%,10.43%,2,英伟达(电芯片/核心半导体) 7.75%; 博通(电芯片/核心半导体) 2.68%
018043,天弘纳斯达克100指数发起(QDII)A,指数型-海外股票,0.00%,0.00%,0.00%,10.43%,10.43%,2,英伟达(电芯片/核心半导体) 7.75%; 博通(电芯片/核心半导体) 2.68%
022525,天弘纳斯达克100指数发起(QDII)D,指数型-海外股票,0.00%,0.00%,0.00%,10.43%,10.43%,2,英伟达(电芯片/核心半导体) 7.75%; 博通(电芯片/核心半导体) 2.68%
011363,南方兴润价值一年持有混合A,混合型-灵活,0.00%,4.10%,3.48%,2.83%,10.41%,3,北京君正(存储) 4.10%; 长飞光纤光缆(光芯片/光通信) 3.48%; 华虹半导体(电芯片/核心半导体) 2.83%
011364,南方兴润价值一年持有混合C,混合型-灵活,0.00%,4.10%,3.48%,2.83%,10.41%,3,北京君正(存储) 4.10%; 长飞光纤光缆(光芯片/光通信) 3.48%; 华虹半导体(电芯片/核心半导体) 2.83%
020076,财通资管创新成长混合C,混合型-偏股,0.00%,0.00%,0.00%,10.41%,10.41%,2,海光信息(电芯片/核心半导体) 6.23%; 复旦微电(电芯片/核心半导体) 4.18%
020075,财通资管创新成长混合A,混合型-偏股,0.00%,0.00%,0.00%,10.41%,10.41%,2,海光信息(电芯片/核心半导体) 6.23%; 复旦微电(电芯片/核心半导体) 4.18%
005290,诺德新盛灵活配置混合A,混合型-灵活,0.00%,0.00%,6.59%,3.81%,10.40%,3,中芯国际(电芯片/核心半导体) 3.81%; 源杰科技(光芯片/光通信) 3.37%; 长光华芯(光芯片/光通信) 3.22%
009710,诺德新盛灵活配置混合C,混合型-灵活,0.00%,0.00%,6.59%,3.81%,10.40%,3,中芯国际(电芯片/核心半导体) 3.81%; 源杰科技(光芯片/光通信) 3.37%; 长光华芯(光芯片/光通信) 3.22%
011389,国都聚成混合,混合型-偏股,0.00%,0.00%,0.00%,10.39%,10.39%,2,中芯国际(电芯片/核心半导体) 6.19%; 中微公司(电芯片/核心半导体) 4.20%
006601,国融融泰灵活配置混合A,混合型-灵活,0.00%,0.00%,0.00%,10.37%,10.37%,2,海光信息(电芯片/核心半导体) 5.26%; 中微公司(电芯片/核心半导体) 5.11%
006602,国融融泰灵活配置混合C,混合型-灵活,0.00%,0.00%,0.00%,10.37%,10.37%,2,海光信息(电芯片/核心半导体) 5.26%; 中微公司(电芯片/核心半导体) 5.11%
024474,兴全合熙混合A,混合型-偏股,0.00%,0.00%,10.37%,0.00%,10.37%,2,中际旭创(光芯片/光通信) 6.91%; 高伟电子(光芯片/光通信) 3.46%
024475,兴全合熙混合C,混合型-偏股,0.00%,0.00%,10.37%,0.00%,10.37%,2,中际旭创(光芯片/光通信) 6.91%; 高伟电子(光芯片/光通信) 3.46%
010003,景顺长城电子信息产业股票A,股票型,0.00%,0.00%,0.00%,10.35%,10.35%,2,中芯国际(电芯片/核心半导体) 5.55%; 思特威(电芯片/核心半导体) 4.80%
010004,景顺长城电子信息产业股票C,股票型,0.00%,0.00%,0.00%,10.35%,10.35%,2,中芯国际(电芯片/核心半导体) 5.55%; 思特威(电芯片/核心半导体) 4.80%
011800,申万菱信价值精选混合A,混合型-偏股,0.00%,0.00%,4.91%,5.44%,10.35%,2,中微公司(电芯片/核心半导体) 5.44%; 长飞光纤光缆(光芯片/光通信) 4.91%
015158,申万菱信价值精选混合C,混合型-偏股,0.00%,0.00%,4.91%,5.44%,10.35%,2,中微公司(电芯片/核心半导体) 5.44%; 长飞光纤光缆(光芯片/光通信) 4.91%
006477,中邮沪港深精选混合A,混合型-偏股,0.00%,0.00%,0.00%,10.33%,10.33%,2,中芯国际(电芯片/核心半导体) 7.61%; 华虹半导体(电芯片/核心半导体) 2.72%
023176,中邮沪港深精选混合C,混合型-偏股,0.00%,0.00%,0.00%,10.33%,10.33%,2,中芯国际(电芯片/核心半导体) 7.61%; 华虹半导体(电芯片/核心半导体) 2.72%
016452,南方纳斯达克100指数发起(QDII)A,指数型-海外股票,0.00%,0.00%,0.00%,10.32%,10.32%,2,英伟达(电芯片/核心半导体) 7.67%; 博通(电芯片/核心半导体) 2.65%
016453,南方纳斯达克100指数发起(QDII)C,指数型-海外股票,0.00%,0.00%,0.00%,10.32%,10.32%,2,英伟达(电芯片/核心半导体) 7.67%; 博通(电芯片/核心半导体) 2.65%
021000,南方纳斯达克100指数发起(QDII)I,指数型-海外股票,0.00%,0.00%,0.00%,10.32%,10.32%,2,英伟达(电芯片/核心半导体) 7.67%; 博通(电芯片/核心半导体) 2.65%
014592,广发瑞誉一年持有期混合C,混合型-偏股,0.00%,0.00%,10.32%,0.00%,10.32%,2,新易盛(光芯片/光通信) 5.22%; 中际旭创(光芯片/光通信) 5.10%
014591,广发瑞誉一年持有期混合A,混合型-偏股,0.00%,0.00%,10.32%,0.00%,10.32%,2,新易盛(光芯片/光通信) 5.22%; 中际旭创(光芯片/光通信) 5.10%
014840,招商裕华混合,混合型-偏股,0.00%,0.00%,4.18%,6.13%,10.31%,3,中际旭创(光芯片/光通信) 4.18%; 中芯国际(电芯片/核心半导体) 3.59%; 华虹半导体(电芯片/核心半导体) 2.54%
007449,兴全多维价值混合A,混合型-偏股,0.00%,2.92%,0.00%,7.36%,10.28%,2,海光信息(电芯片/核心半导体) 7.36%; 长电科技(存储) 2.92%
007450,兴全多维价值混合C,混合型-偏股,0.00%,2.92%,0.00%,7.36%,10.28%,2,海光信息(电芯片/核心半导体) 7.36%; 长电科技(存储) 2.92%
019422,华安远见慧选混合发起式A2,混合型-偏股,0.00%,0.00%,7.39%,2.89%,10.28%,3,新易盛(光芯片/光通信) 4.62%; 芯原股份(电芯片/核心半导体) 2.89%; 中际旭创(光芯片/光通信) 2.77%
019421,华安远见慧选混合发起式A1,混合型-偏股,0.00%,0.00%,7.39%,2.89%,10.28%,3,新易盛(光芯片/光通信) 4.62%; 芯原股份(电芯片/核心半导体) 2.89%; 中际旭创(光芯片/光通信) 2.77%
019423,华安远见慧选混合发起式A3,混合型-偏股,0.00%,0.00%,7.39%,2.89%,10.28%,3,新易盛(光芯片/光通信) 4.62%; 芯原股份(电芯片/核心半导体) 2.89%; 中际旭创(光芯片/光通信) 2.77%
257020,国联安精选混合,混合型-偏股,0.00%,5.53%,0.00%,4.74%,10.27%,2,兆易创新(存储) 5.53%; 中微公司(电芯片/核心半导体) 4.74%
006482,广发可转债债券A,债券型-混合二级,0.00%,0.00%,8.86%,1.41%,10.27%,3,中际旭创(光芯片/光通信) 4.72%; 新易盛(光芯片/光通信) 4.14%; 芯原股份(电芯片/核心半导体) 1.41%
006483,广发可转债债券C,债券型-混合二级,0.00%,0.00%,8.86%,1.41%,10.27%,3,中际旭创(光芯片/光通信) 4.72%; 新易盛(光芯片/光通信) 4.14%; 芯原股份(电芯片/核心半导体) 1.41%
010629,广发可转债债券E,债券型-混合二级,0.00%,0.00%,8.86%,1.41%,10.27%,3,中际旭创(光芯片/光通信) 4.72%; 新易盛(光芯片/光通信) 4.14%; 芯原股份(电芯片/核心半导体) 1.41%
022744,广发可转债债券D,债券型-混合二级,0.00%,0.00%,8.86%,1.41%,10.27%,3,中际旭创(光芯片/光通信) 4.72%; 新易盛(光芯片/光通信) 4.14%; 芯原股份(电芯片/核心半导体) 1.41%
013326,万家景气驱动混合A,混合型-偏股,0.00%,0.00%,0.00%,10.25%,10.25%,2,海光信息(电芯片/核心半导体) 5.18%; 寒武纪(电芯片/核心半导体) 5.07%
013327,万家景气驱动混合C,混合型-偏股,0.00%,0.00%,0.00%,10.25%,10.25%,2,海光信息(电芯片/核心半导体) 5.18%; 寒武纪(电芯片/核心半导体) 5.07%
002451,平安睿享文娱混合C,混合型-灵活,0.00%,0.00%,4.96%,5.20%,10.16%,2,思瑞浦(电芯片/核心半导体) 5.20%; 中际旭创(光芯片/光通信) 4.96%
002450,平安睿享文娱混合A,混合型-灵活,0.00%,0.00%,4.96%,5.20%,10.16%,2,思瑞浦(电芯片/核心半导体) 5.20%; 中际旭创(光芯片/光通信) 4.96%
016772,诺德兴新趋势混合A,混合型-偏股,0.00%,0.00%,10.15%,0.00%,10.15%,3,新易盛(光芯片/光通信) 3.66%; 中际旭创(光芯片/光通信) 3.53%; 源杰科技(光芯片/光通信) 2.96%
016773,诺德兴新趋势混合C,混合型-偏股,0.00%,0.00%,10.15%,0.00%,10.15%,3,新易盛(光芯片/光通信) 3.66%; 中际旭创(光芯片/光通信) 3.53%; 源杰科技(光芯片/光通信) 2.96%
004686,华夏研究精选股票,股票型,0.00%,0.00%,7.22%,2.91%,10.13%,3,中际旭创(光芯片/光通信) 4.92%; 北方华创(电芯片/核心半导体) 2.91%; 新易盛(光芯片/光通信) 2.30%
024397,东兴产业升级混合发起C,混合型-偏股,0.00%,0.00%,0.00%,10.12%,10.12%,2,华虹半导体(电芯片/核心半导体) 6.12%; 中芯国际(电芯片/核心半导体) 4.00%
024396,东兴产业升级混合发起A,混合型-偏股,0.00%,0.00%,0.00%,10.12%,10.12%,2,华虹半导体(电芯片/核心半导体) 6.12%; 中芯国际(电芯片/核心半导体) 4.00%
001126,摩根卓越制造股票A,股票型,0.00%,0.00%,10.11%,0.00%,10.11%,2,中际旭创(光芯片/光通信) 5.95%; 新易盛(光芯片/光通信) 4.16%
015075,摩根卓越制造股票C,股票型,0.00%,0.00%,10.11%,0.00%,10.11%,2,中际旭创(光芯片/光通信) 5.95%; 新易盛(光芯片/光通信) 4.16%
014130,融通中证云计算与大数据主题指数(LOF)C,指数型-股票,0.00%,0.00%,10.10%,0.00%,10.10%,2,新易盛(光芯片/光通信) 5.28%; 中际旭创(光芯片/光通信) 4.82%
161628,融通中证云计算与大数据主题指数(LOF)A,指数型-股票,0.00%,0.00%,10.10%,0.00%,10.10%,2,新易盛(光芯片/光通信) 5.28%; 中际旭创(光芯片/光通信) 4.82%
026212,工银科技智选混合A,混合型-偏股,0.00%,0.00%,2.46%,7.64%,10.10%,4,中微公司(电芯片/核心半导体) 3.47%; 新易盛(光芯片/光通信) 2.46%; 寒武纪(电芯片/核心半导体) 2.35%; 海光信息(电芯片/核心半导体) 1.82%
026213,工银科技智选混合C,混合型-偏股,0.00%,0.00%,2.46%,7.64%,10.10%,4,中微公司(电芯片/核心半导体) 3.47%; 新易盛(光芯片/光通信) 2.46%; 寒武纪(电芯片/核心半导体) 2.35%; 海光信息(电芯片/核心半导体) 1.82%
563210,专精特新ETF富国,指数型-股票,0.00%,7.15%,0.00%,2.95%,10.10%,3,佰维存储(存储) 4.42%; 华海清科(电芯片/核心半导体) 2.95%; 东芯股份(存储) 2.73%
001135,益民品质升级混合A,混合型-灵活,0.00%,0.00%,10.09%,0.00%,10.09%,4,光迅科技(光芯片/光通信) 2.68%; 天孚通信(光芯片/光通信) 2.60%; 光库科技(光芯片/光通信) 2.50%; 剑桥科技(光芯片/光通信) 2.31%
019990,华安中证云计算与大数据主题指数发起式C,指数型-股票,0.00%,0.00%,10.09%,0.00%,10.09%,2,新易盛(光芯片/光通信) 5.29%; 中际旭创(光芯片/光通信) 4.80%
019989,华安中证云计算与大数据主题指数发起式A,指数型-股票,0.00%,0.00%,10.09%,0.00%,10.09%,2,新易盛(光芯片/光通信) 5.29%; 中际旭创(光芯片/光通信) 4.80%
020970,益民品质升级混合C,混合型-灵活,0.00%,0.00%,10.09%,0.00%,10.09%,4,光迅科技(光芯片/光通信) 2.68%; 天孚通信(光芯片/光通信) 2.60%; 光库科技(光芯片/光通信) 2.50%; 剑桥科技(光芯片/光通信) 2.31%
506000,南方科创板3年定开混合,混合型-偏股,0.00%,5.36%,0.00%,4.73%,10.09%,2,聚辰股份(存储) 5.36%; 复旦微电(电芯片/核心半导体) 4.73%
007013,湘财长顺混合发起式C,混合型-偏股,0.00%,3.18%,0.00%,6.90%,10.08%,3,北方华创(电芯片/核心半导体) 3.96%; 澜起科技(存储) 3.18%; 翱捷科技(电芯片/核心半导体) 2.94%
007012,湘财长顺混合发起式A,混合型-偏股,0.00%,3.18%,0.00%,6.90%,10.08%,3,北方华创(电芯片/核心半导体) 3.96%; 澜起科技(存储) 3.18%; 翱捷科技(电芯片/核心半导体) 2.94%
000312,华安沪深300增强A,指数型-股票,0.00%,0.00%,6.14%,3.92%,10.06%,4,新易盛(光芯片/光通信) 3.17%; 中际旭创(光芯片/光通信) 2.97%; 北方华创(电芯片/核心半导体) 2.21%; 寒武纪(电芯片/核心半导体) 1.71%
000313,华安沪深300增强C,指数型-股票,0.00%,0.00%,6.14%,3.92%,10.06%,4,新易盛(光芯片/光通信) 3.17%; 中际旭创(光芯片/光通信) 2.97%; 北方华创(电芯片/核心半导体) 2.21%; 寒武纪(电芯片/核心半导体) 1.71%
159655,标普500ETF华夏,指数型-海外股票,0.00%,0.00%,0.00%,10.06%,10.06%,2,英伟达(电芯片/核心半导体) 7.47%; 博通(电芯片/核心半导体) 2.59%
025659,国金科创创业量化选股股票C,股票型,0.00%,2.58%,4.89%,2.58%,10.05%,4,芯原股份(电芯片/核心半导体) 2.58%; 佰维存储(存储) 2.58%; 源杰科技(光芯片/光通信) 2.47%; 天孚通信(光芯片/光通信) 2.42%
025658,国金科创创业量化选股股票A,股票型,0.00%,2.58%,4.89%,2.58%,10.05%,4,芯原股份(电芯片/核心半导体) 2.58%; 佰维存储(存储) 2.58%; 源杰科技(光芯片/光通信) 2.47%; 天孚通信(光芯片/光通信) 2.42%
011167,景顺长城景气成长混合A,混合型-偏股,0.00%,0.00%,2.78%,7.27%,10.05%,3,中芯国际(电芯片/核心半导体) 4.22%; 北方华创(电芯片/核心半导体) 3.05%; 长飞光纤光缆(光芯片/光通信) 2.78%
015756,景顺长城景气成长混合C,混合型-偏股,0.00%,0.00%,2.78%,7.27%,10.05%,3,中芯国际(电芯片/核心半导体) 4.22%; 北方华创(电芯片/核心半导体) 3.05%; 长飞光纤光缆(光芯片/光通信) 2.78%
011718,浦银均衡优选6个月持有混合C,混合型-偏股,0.00%,0.00%,10.04%,0.00%,10.04%,2,新易盛(光芯片/光通信) 5.96%; 中际旭创(光芯片/光通信) 4.08%
011717,浦银均衡优选6个月持有混合A,混合型-偏股,0.00%,0.00%,10.04%,0.00%,10.04%,2,新易盛(光芯片/光通信) 5.96%; 中际旭创(光芯片/光通信) 4.08%
012878,中信建投量化精选6个月持有混合A,混合型-偏股,0.00%,0.00%,4.34%,5.69%,10.03%,6,中际旭创(光芯片/光通信) 3.21%; 寒武纪(电芯片/核心半导体) 1.80%; 海光信息(电芯片/核心半导体) 1.57%; 中芯国际(电芯片/核心半导体) 1.26%; 天孚通信(光芯片/光通信) 1.13%; 中微公司(电芯片/核心半导体) 1.06%
012879,中信建投量化精选6个月持有混合C,混合型-偏股,0.00%,0.00%,4.34%,5.69%,10.03%,6,中际旭创(光芯片/光通信) 3.21%; 寒武纪(电芯片/核心半导体) 1.80%; 海光信息(电芯片/核心半导体) 1.57%; 中芯国际(电芯片/核心半导体) 1.26%; 天孚通信(光芯片/光通信) 1.13%; 中微公司(电芯片/核心半导体) 1.06%
014885,长盛匠心研究混合A,混合型-偏股,0.00%,2.88%,3.73%,3.42%,10.03%,3,中际旭创(光芯片/光通信) 3.73%; 寒武纪(电芯片/核心半导体) 3.42%; 兆易创新(存储) 2.88%
014886,长盛匠心研究混合C,混合型-偏股,0.00%,2.88%,3.73%,3.42%,10.03%,3,中际旭创(光芯片/光通信) 3.73%; 寒武纪(电芯片/核心半导体) 3.42%; 兆易创新(存储) 2.88%
015223,汇添富进取成长混合A,混合型-偏股,0.00%,0.00%,7.56%,2.46%,10.02%,3,中际旭创(光芯片/光通信) 3.95%; 新易盛(光芯片/光通信) 3.61%; 北方华创(电芯片/核心半导体) 2.46%
015224,汇添富进取成长混合C,混合型-偏股,0.00%,0.00%,7.56%,2.46%,10.02%,3,中际旭创(光芯片/光通信) 3.95%; 新易盛(光芯片/光通信) 3.61%; 北方华创(电芯片/核心半导体) 2.46%
017641,摩根标普500指数(QDII)人民币A,指数型-海外股票,0.00%,0.00%,0.00%,10.02%,10.02%,2,英伟达(电芯片/核心半导体) 7.45%; 博通(电芯片/核心半导体) 2.57%
017642,摩根标普500指数(QDII)美钞,指数型-海外股票,0.00%,0.00%,0.00%,10.02%,10.02%,2,英伟达(电芯片/核心半导体) 7.45%; 博通(电芯片/核心半导体) 2.57%
017643,摩根标普500指数(QDII)美汇,指数型-海外股票,0.00%,0.00%,0.00%,10.02%,10.02%,2,英伟达(电芯片/核心半导体) 7.45%; 博通(电芯片/核心半导体) 2.57%
019305,摩根标普500指数(QDII)人民币C,指数型-海外股票,0.00%,0.00%,0.00%,10.02%,10.02%,2,英伟达(电芯片/核心半导体) 7.45%; 博通(电芯片/核心半导体) 2.57%
015610,万家匠心致远一年持有期混合A,混合型-偏股,0.00%,0.00%,9.99%,0.00%,9.99%,2,中际旭创(光芯片/光通信) 6.05%; 新易盛(光芯片/光通信) 3.94%
015611,万家匠心致远一年持有期混合C,混合型-偏股,0.00%,0.00%,9.99%,0.00%,9.99%,2,中际旭创(光芯片/光通信) 6.05%; 新易盛(光芯片/光通信) 3.94%
025684,易方达优势进取混合A,混合型-偏股,0.00%,0.00%,4.98%,4.99%,9.97%,2,北方华创(电芯片/核心半导体) 4.99%; 新易盛(光芯片/光通信) 4.98%
025685,易方达优势进取混合C,混合型-偏股,0.00%,0.00%,4.98%,4.99%,9.97%,2,北方华创(电芯片/核心半导体) 4.99%; 新易盛(光芯片/光通信) 4.98%
015709,摩根中国优势混合C,混合型-灵活,0.00%,0.00%,9.97%,0.00%,9.97%,2,新易盛(光芯片/光通信) 7.01%; 中际旭创(光芯片/光通信) 2.96%
375010,摩根中国优势混合A,混合型-灵活,0.00%,0.00%,9.97%,0.00%,9.97%,2,新易盛(光芯片/光通信) 7.01%; 中际旭创(光芯片/光通信) 2.96%
007872,金信稳健策略混合A,混合型-灵活,0.00%,0.00%,0.00%,9.96%,9.96%,1,中微公司(电芯片/核心半导体) 9.96%
020436,金信稳健策略混合C,混合型-灵活,0.00%,0.00%,0.00%,9.96%,9.96%,1,中微公司(电芯片/核心半导体) 9.96%
009818,红塔红土稳健精选混合C,混合型-偏债,0.00%,0.00%,6.04%,3.92%,9.96%,3,北方华创(电芯片/核心半导体) 3.92%; 华工科技(光芯片/光通信) 3.03%; 长光华芯(光芯片/光通信) 3.01%
009817,红塔红土稳健精选混合A,混合型-偏债,0.00%,0.00%,6.04%,3.92%,9.96%,3,北方华创(电芯片/核心半导体) 3.92%; 华工科技(光芯片/光通信) 3.03%; 长光华芯(光芯片/光通信) 3.01%
015677,鹏华中证一带一路主题指数(LOF)C,指数型-股票,0.00%,0.00%,9.96%,0.00%,9.96%,3,新易盛(光芯片/光通信) 3.57%; 中际旭创(光芯片/光通信) 3.35%; 天孚通信(光芯片/光通信) 3.04%
022825,鹏华中证一带一路主题指数(LOF)I,指数型-股票,0.00%,0.00%,9.96%,0.00%,9.96%,3,新易盛(光芯片/光通信) 3.57%; 中际旭创(光芯片/光通信) 3.35%; 天孚通信(光芯片/光通信) 3.04%
160638,鹏华中证一带一路主题指数(LOF)A,指数型-股票,0.00%,0.00%,9.96%,0.00%,9.96%,3,新易盛(光芯片/光通信) 3.57%; 中际旭创(光芯片/光通信) 3.35%; 天孚通信(光芯片/光通信) 3.04%
513650,标普500ETF南方,指数型-海外股票,0.00%,0.00%,0.00%,9.95%,9.95%,2,英伟达(电芯片/核心半导体) 7.39%; 博通(电芯片/核心半导体) 2.56%
003504,景顺长城景颐丰利债券A,债券型-混合二级,0.00%,0.00%,9.17%,0.77%,9.94%,5,新易盛(光芯片/光通信) 3.43%; 中际旭创(光芯片/光通信) 3.15%; 源杰科技(光芯片/光通信) 1.69%; 天孚通信(光芯片/光通信) 0.90%; 海光信息(电芯片/核心半导体) 0.77%
003505,景顺长城景颐丰利债券C,债券型-混合二级,0.00%,0.00%,9.17%,0.77%,9.94%,5,新易盛(光芯片/光通信) 3.43%; 中际旭创(光芯片/光通信) 3.15%; 源杰科技(光芯片/光通信) 1.69%; 天孚通信(光芯片/光通信) 0.90%; 海光信息(电芯片/核心半导体) 0.77%
023512,景顺长城景颐丰利债券F,债券型-混合二级,0.00%,0.00%,9.17%,0.77%,9.94%,5,新易盛(光芯片/光通信) 3.43%; 中际旭创(光芯片/光通信) 3.15%; 源杰科技(光芯片/光通信) 1.69%; 天孚通信(光芯片/光通信) 0.90%; 海光信息(电芯片/核心半导体) 0.77%
470009,汇添富民营活力混合,混合型-偏股,0.00%,0.00%,9.94%,0.00%,9.94%,3,新易盛(光芯片/光通信) 3.87%; 中际旭创(光芯片/光通信) 3.11%; 源杰科技(光芯片/光通信) 2.96%
002256,金信行业优选混合发起式A,混合型-灵活,0.00%,0.00%,0.00%,9.94%,9.94%,1,中微公司(电芯片/核心半导体) 9.94%
020451,金信行业优选混合发起式C,混合型-灵活,0.00%,0.00%,0.00%,9.94%,9.94%,1,中微公司(电芯片/核心半导体) 9.94%
001542,国泰互联网+股票,股票型,0.00%,0.00%,5.76%,4.17%,9.93%,2,天孚通信(光芯片/光通信) 5.76%; 北方华创(电芯片/核心半导体) 4.17%
004341,农银尖端科技混合,混合型-灵活,0.00%,0.00%,0.00%,9.92%,9.92%,2,中芯国际(电芯片/核心半导体) 4.96%; 北方华创(电芯片/核心半导体) 4.96%
513500,标普500ETF博时,指数型-海外股票,0.00%,0.00%,0.00%,9.92%,9.92%,2,英伟达(电芯片/核心半导体) 7.37%; 博通(电芯片/核心半导体) 2.55%
005259,建信龙头企业股票,股票型,0.00%,0.00%,5.90%,3.99%,9.89%,2,中际旭创(光芯片/光通信) 5.90%; 海光信息(电芯片/核心半导体) 3.99%
016505,广发核心竞争力混合C,混合型-偏股,0.00%,0.00%,9.89%,0.00%,9.89%,2,中际旭创(光芯片/光通信) 6.24%; 新易盛(光芯片/光通信) 3.65%
016504,广发核心竞争力混合A,混合型-偏股,0.00%,0.00%,9.89%,0.00%,9.89%,2,中际旭创(光芯片/光通信) 6.24%; 新易盛(光芯片/光通信) 3.65%
004724,先锋聚元灵活配置混合A,混合型-灵活,0.00%,0.00%,0.00%,9.89%,9.89%,2,北方华创(电芯片/核心半导体) 5.33%; 中微公司(电芯片/核心半导体) 4.56%
004725,先锋聚元灵活配置混合C,混合型-灵活,0.00%,0.00%,0.00%,9.89%,9.89%,2,北方华创(电芯片/核心半导体) 5.33%; 中微公司(电芯片/核心半导体) 4.56%
019942,富国洞见价值股票C,股票型,0.00%,0.00%,0.00%,9.88%,9.88%,2,中微公司(电芯片/核心半导体) 5.09%; 中芯国际(电芯片/核心半导体) 4.79%
019941,富国洞见价值股票A,股票型,0.00%,0.00%,0.00%,9.88%,9.88%,2,中微公司(电芯片/核心半导体) 5.09%; 中芯国际(电芯片/核心半导体) 4.79%
022168,富国洞见价值股票E,股票型,0.00%,0.00%,0.00%,9.88%,9.88%,2,中微公司(电芯片/核心半导体) 5.09%; 中芯国际(电芯片/核心半导体) 4.79%
024111,融通增元债券C,债券型-混合二级,0.00%,0.00%,9.88%,0.00%,9.88%,2,中际旭创(光芯片/光通信) 5.60%; 新易盛(光芯片/光通信) 4.28%
024110,融通增元债券A,债券型-混合二级,0.00%,0.00%,9.88%,0.00%,9.88%,2,中际旭创(光芯片/光通信) 5.60%; 新易盛(光芯片/光通信) 4.28%
017707,建信阿尔法一年持有混合,混合型-偏股,0.00%,0.00%,5.87%,3.99%,9.86%,2,中际旭创(光芯片/光通信) 5.87%; 海光信息(电芯片/核心半导体) 3.99%
159203,大盘成长ETF博时,指数型-股票,0.00%,0.00%,9.84%,0.00%,9.84%,2,中际旭创(光芯片/光通信) 5.82%; 新易盛(光芯片/光通信) 4.02%
014200,建信沃信一年持有混合C,混合型-偏股,0.00%,0.00%,5.84%,3.99%,9.83%,2,中际旭创(光芯片/光通信) 5.84%; 海光信息(电芯片/核心半导体) 3.99%
014199,建信沃信一年持有混合A,混合型-偏股,0.00%,0.00%,5.84%,3.99%,9.83%,2,中际旭创(光芯片/光通信) 5.84%; 海光信息(电芯片/核心半导体) 3.99%
025528,中金优势领航一年持有混合C,混合型-偏股,0.00%,0.00%,5.59%,4.24%,9.83%,2,德科立(光芯片/光通信) 5.59%; 中微公司(电芯片/核心半导体) 4.24%
025527,中金优势领航一年持有混合A,混合型-偏股,0.00%,0.00%,5.59%,4.24%,9.83%,2,德科立(光芯片/光通信) 5.59%; 中微公司(电芯片/核心半导体) 4.24%
012200,新华鑫科技3个月滚动持有灵活配置混合A,混合型-灵活,0.00%,0.00%,0.00%,9.82%,9.82%,1,中微公司(电芯片/核心半导体) 9.82%
012201,新华鑫科技3个月滚动持有灵活配置混合C,混合型-灵活,0.00%,0.00%,0.00%,9.82%,9.82%,1,中微公司(电芯片/核心半导体) 9.82%
562310,沪深300成长ETF银华,指数型-股票,0.00%,0.00%,9.81%,0.00%,9.81%,2,中际旭创(光芯片/光通信) 5.78%; 新易盛(光芯片/光通信) 4.03%
000935,浙商汇金转型成长,混合型-灵活,0.00%,0.00%,9.81%,0.00%,9.81%,2,新易盛(光芯片/光通信) 5.04%; 中际旭创(光芯片/光通信) 4.77%
005977,中信保诚至兴混合A,混合型-灵活,0.00%,0.00%,9.81%,0.00%,9.81%,3,中际旭创(光芯片/光通信) 3.83%; 新易盛(光芯片/光通信) 3.28%; 源杰科技(光芯片/光通信) 2.70%
005978,中信保诚至兴混合C,混合型-灵活,0.00%,0.00%,9.81%,0.00%,9.81%,3,中际旭创(光芯片/光通信) 3.83%; 新易盛(光芯片/光通信) 3.28%; 源杰科技(光芯片/光通信) 2.70%
012613,创金合信产业智选混合A,混合型-偏股,0.00%,0.00%,3.19%,6.61%,9.80%,2,中芯国际(电芯片/核心半导体) 6.61%; 新易盛(光芯片/光通信) 3.19%
012614,创金合信产业智选混合C,混合型-偏股,0.00%,0.00%,3.19%,6.61%,9.80%,2,中芯国际(电芯片/核心半导体) 6.61%; 新易盛(光芯片/光通信) 3.19%
010570,新沃创新领航混合A,混合型-偏股,0.00%,9.79%,0.00%,0.00%,9.79%,2,兆易创新(存储) 6.59%; 长电科技(存储) 3.20%
010571,新沃创新领航混合C,混合型-偏股,0.00%,9.79%,0.00%,0.00%,9.79%,2,兆易创新(存储) 6.59%; 长电科技(存储) 3.20%
005288,海富通创业板增强A,指数型-股票,0.00%,0.00%,9.78%,0.00%,9.78%,2,中际旭创(光芯片/光通信) 5.46%; 新易盛(光芯片/光通信) 4.32%
005287,海富通创业板增强C,指数型-股票,0.00%,0.00%,9.78%,0.00%,9.78%,2,中际旭创(光芯片/光通信) 5.46%; 新易盛(光芯片/光通信) 4.32%
159541,创业板综ETF万家,指数型-股票,0.00%,0.00%,9.78%,0.00%,9.78%,3,中际旭创(光芯片/光通信) 4.80%; 新易盛(光芯片/光通信) 2.97%; 天孚通信(光芯片/光通信) 2.01%
010671,景顺长城大中华混合(QDII)A美元现汇,QDII-混合偏股,0.00%,0.00%,0.00%,9.77%,9.77%,1,台积电(电芯片/核心半导体) 9.77%
016988,景顺长城大中华混合(QDII)C人民币,QDII-混合偏股,0.00%,0.00%,0.00%,9.77%,9.77%,1,台积电(电芯片/核心半导体) 9.77%
262001,景顺长城大中华混合(QDII)A人民币,QDII-混合偏股,0.00%,0.00%,0.00%,9.77%,9.77%,1,台积电(电芯片/核心半导体) 9.77%
159656,沪深300成长ETF万家,指数型-股票,0.00%,0.00%,9.74%,0.00%,9.74%,2,中际旭创(光芯片/光通信) 5.74%; 新易盛(光芯片/光通信) 4.00%
011341,博时战略新材料主题混合C,混合型-偏股,0.00%,0.00%,0.00%,9.73%,9.73%,2,华虹半导体(电芯片/核心半导体) 5.62%; 中芯国际(电芯片/核心半导体) 4.11%
011340,博时战略新材料主题混合A,混合型-偏股,0.00%,0.00%,0.00%,9.73%,9.73%,2,华虹半导体(电芯片/核心半导体) 5.62%; 中芯国际(电芯片/核心半导体) 4.11%
013693,博道盛兴一年持有期混合,混合型-偏股,0.00%,4.43%,5.30%,0.00%,9.73%,2,中际旭创(光芯片/光通信) 5.30%; 兆易创新(存储) 4.43%
023110,安信一带一路指数C,指数型-股票,0.00%,0.00%,9.73%,0.00%,9.73%,3,新易盛(光芯片/光通信) 3.48%; 中际旭创(光芯片/光通信) 3.28%; 天孚通信(光芯片/光通信) 2.97%
167503,安信一带一路指数A,指数型-股票,0.00%,0.00%,9.73%,0.00%,9.73%,3,新易盛(光芯片/光通信) 3.48%; 中际旭创(光芯片/光通信) 3.28%; 天孚通信(光芯片/光通信) 2.97%
159786,VRETF银华,指数型-股票,0.00%,0.00%,0.00%,9.71%,9.71%,2,豪威集团(电芯片/核心半导体) 5.02%; 芯原股份(电芯片/核心半导体) 4.69%
161837,银华大盘两年定开混合,混合型-偏股,0.00%,0.00%,0.00%,9.71%,9.71%,2,华虹半导体(电芯片/核心半导体) 4.97%; 中芯国际(电芯片/核心半导体) 4.74%
006972,金鹰民安回报定开A,混合型-偏债,0.00%,5.40%,4.30%,0.00%,9.70%,4,兆易创新(存储) 3.25%; 德科立(光芯片/光通信) 2.21%; 普冉股份(存储) 2.15%; 长芯博创(光芯片/光通信) 2.09%
007735,金鹰民安回报定开C,混合型-偏债,0.00%,5.40%,4.30%,0.00%,9.70%,4,兆易创新(存储) 3.25%; 德科立(光芯片/光通信) 2.21%; 普冉股份(存储) 2.15%; 长芯博创(光芯片/光通信) 2.09%
015369,国泰海通领航成长一年持有混合发起C,混合型-偏股,0.00%,0.00%,0.00%,9.70%,9.70%,2,寒武纪(电芯片/核心半导体) 4.95%; 海光信息(电芯片/核心半导体) 4.75%
015368,国泰海通领航成长一年持有混合发起A,混合型-偏股,0.00%,0.00%,0.00%,9.70%,9.70%,2,寒武纪(电芯片/核心半导体) 4.95%; 海光信息(电芯片/核心半导体) 4.75%
002577,南方新兴龙头灵活配置混合,混合型-灵活,0.00%,0.00%,3.85%,5.83%,9.68%,2,海光信息(电芯片/核心半导体) 5.83%; 中际旭创(光芯片/光通信) 3.85%
008794,博道嘉元混合C,混合型-偏股,0.00%,0.00%,9.68%,0.00%,9.68%,2,天孚通信(光芯片/光通信) 4.92%; 中际旭创(光芯片/光通信) 4.76%
008793,博道嘉元混合A,混合型-偏股,0.00%,0.00%,9.68%,0.00%,9.68%,2,天孚通信(光芯片/光通信) 4.92%; 中际旭创(光芯片/光通信) 4.76%
008208,博道嘉泰回报混合,混合型-灵活,0.00%,0.00%,9.67%,0.00%,9.67%,2,天孚通信(光芯片/光通信) 5.17%; 中际旭创(光芯片/光通信) 4.50%
009837,华夏磐锐一年定开混合A,混合型-偏股,0.00%,6.81%,0.00%,2.86%,9.67%,2,佰维存储(存储) 6.81%; 盛美上海(电芯片/核心半导体) 2.86%
009838,华夏磐锐一年定开混合C,混合型-偏股,0.00%,6.81%,0.00%,2.86%,9.67%,2,佰维存储(存储) 6.81%; 盛美上海(电芯片/核心半导体) 2.86%
018776,金信精选成长混合A,混合型-偏股,0.00%,0.00%,0.00%,9.67%,9.67%,1,中微公司(电芯片/核心半导体) 9.67%
018777,金信精选成长混合C,混合型-偏股,0.00%,0.00%,0.00%,9.67%,9.67%,1,中微公司(电芯片/核心半导体) 9.67%
008949,平安匠心优选混合A,混合型-偏股,0.00%,4.34%,0.00%,5.31%,9.65%,2,寒武纪(电芯片/核心半导体) 5.31%; 澜起科技(存储) 4.34%
008950,平安匠心优选混合C,混合型-偏股,0.00%,4.34%,0.00%,5.31%,9.65%,2,寒武纪(电芯片/核心半导体) 5.31%; 澜起科技(存储) 4.34%
014737,创金合信专精特新股票发起C,股票型,0.00%,0.00%,0.00%,9.62%,9.62%,2,华海清科(电芯片/核心半导体) 5.03%; 思瑞浦(电芯片/核心半导体) 4.59%
014736,创金合信专精特新股票发起A,股票型,0.00%,0.00%,0.00%,9.62%,9.62%,2,华海清科(电芯片/核心半导体) 5.03%; 思瑞浦(电芯片/核心半导体) 4.59%
014179,中银证券远见价值混合A,混合型-偏股,0.00%,0.00%,9.62%,0.00%,9.62%,3,新易盛(光芯片/光通信) 3.46%; 中际旭创(光芯片/光通信) 3.32%; 光库科技(光芯片/光通信) 2.84%
014180,中银证券远见价值混合C,混合型-偏股,0.00%,0.00%,9.62%,0.00%,9.62%,3,新易盛(光芯片/光通信) 3.46%; 中际旭创(光芯片/光通信) 3.32%; 光库科技(光芯片/光通信) 2.84%
015963,汇安品质优选混合A,混合型-偏股,0.00%,0.00%,0.00%,9.62%,9.62%,2,中微公司(电芯片/核心半导体) 6.47%; 华虹半导体(电芯片/核心半导体) 3.15%
015964,汇安品质优选混合C,混合型-偏股,0.00%,0.00%,0.00%,9.62%,9.62%,2,中微公司(电芯片/核心半导体) 6.47%; 华虹半导体(电芯片/核心半导体) 3.15%
013052,汇泉臻心致远混合C,混合型-偏股,0.00%,0.00%,4.71%,4.90%,9.61%,2,中芯国际(电芯片/核心半导体) 4.90%; 天孚通信(光芯片/光通信) 4.71%
013051,汇泉臻心致远混合A,混合型-偏股,0.00%,0.00%,4.71%,4.90%,9.61%,2,中芯国际(电芯片/核心半导体) 4.90%; 天孚通信(光芯片/光通信) 4.71%
000513,富国高端制造行业股票A,股票型,0.00%,0.00%,9.61%,0.00%,9.61%,2,新易盛(光芯片/光通信) 6.02%; 中际旭创(光芯片/光通信) 3.59%
014930,富国高端制造行业股票C,股票型,0.00%,0.00%,9.61%,0.00%,9.61%,2,新易盛(光芯片/光通信) 6.02%; 中际旭创(光芯片/光通信) 3.59%
015440,信澳智选先锋一年持有期混合A,混合型-偏股,0.00%,0.00%,5.32%,4.28%,9.60%,2,长芯博创(光芯片/光通信) 5.32%; 寒武纪(电芯片/核心半导体) 4.28%
015441,信澳智选先锋一年持有期混合C,混合型-偏股,0.00%,0.00%,5.32%,4.28%,9.60%,2,长芯博创(光芯片/光通信) 5.32%; 寒武纪(电芯片/核心半导体) 4.28%
025696,华泰柏瑞上证科创板综合指数增强A,指数型-股票,0.00%,0.00%,0.95%,8.62%,9.57%,5,海光信息(电芯片/核心半导体) 4.12%; 寒武纪(电芯片/核心半导体) 2.66%; 中微公司(电芯片/核心半导体) 1.01%; 源杰科技(光芯片/光通信) 0.95%; 芯原股份(电芯片/核心半导体) 0.83%
025697,华泰柏瑞上证科创板综合指数增强C,指数型-股票,0.00%,0.00%,0.95%,8.62%,9.57%,5,海光信息(电芯片/核心半导体) 4.12%; 寒武纪(电芯片/核心半导体) 2.66%; 中微公司(电芯片/核心半导体) 1.01%; 源杰科技(光芯片/光通信) 0.95%; 芯原股份(电芯片/核心半导体) 0.83%
018325,国泰海通创新成长混合发起A,混合型-偏股,0.00%,4.78%,0.00%,4.77%,9.55%,2,兆易创新(存储) 4.78%; 寒武纪(电芯片/核心半导体) 4.77%
018326,国泰海通创新成长混合发起C,混合型-偏股,0.00%,4.78%,0.00%,4.77%,9.55%,2,兆易创新(存储) 4.78%; 寒武纪(电芯片/核心半导体) 4.77%
018222,工银优质精选混合C,混合型-灵活,0.00%,0.00%,5.20%,4.34%,9.54%,2,新易盛(光芯片/光通信) 5.20%; 海光信息(电芯片/核心半导体) 4.34%
159259,成长ETF易方达,指数型-股票,0.00%,0.00%,9.54%,0.00%,9.54%,1,中际旭创(光芯片/光通信) 9.54%
000547,建信健康民生混合A,混合型-偏股,0.00%,2.86%,4.13%,2.53%,9.52%,3,中际旭创(光芯片/光通信) 4.13%; 兆易创新(存储) 2.86%; 芯原股份(电芯片/核心半导体) 2.53%
014849,建信健康民生混合C,混合型-偏股,0.00%,2.86%,4.13%,2.53%,9.52%,3,中际旭创(光芯片/光通信) 4.13%; 兆易创新(存储) 2.86%; 芯原股份(电芯片/核心半导体) 2.53%
012845,工银瑞信恒兴6个月持有混合C,混合型-偏股,0.00%,0.00%,9.51%,0.00%,9.51%,2,新易盛(光芯片/光通信) 5.05%; 中际旭创(光芯片/光通信) 4.46%
012844,工银瑞信恒兴6个月持有混合A,混合型-偏股,0.00%,0.00%,9.51%,0.00%,9.51%,2,新易盛(光芯片/光通信) 5.05%; 中际旭创(光芯片/光通信) 4.46%
026304,上银科技创新股票发起式C,股票型,0.00%,2.15%,0.00%,7.35%,9.50%,3,恒玄科技(电芯片/核心半导体) 3.78%; 晶晨股份(电芯片/核心半导体) 3.57%; 泰凌微(存储) 2.15%
026303,上银科技创新股票发起式A,股票型,0.00%,2.15%,0.00%,7.35%,9.50%,3,恒玄科技(电芯片/核心半导体) 3.78%; 晶晨股份(电芯片/核心半导体) 3.57%; 泰凌微(存储) 2.15%
519158,新华趋势领航混合,混合型-偏股,0.00%,0.00%,9.50%,0.00%,9.50%,1,德科立(光芯片/光通信) 9.50%
160213,国泰纳斯达克100指数,指数型-海外股票,0.00%,0.00%,0.00%,9.48%,9.48%,2,英伟达(电芯片/核心半导体) 7.04%; 博通(电芯片/核心半导体) 2.44%
010967,博道嘉丰混合A,混合型-偏股,0.00%,0.00%,9.47%,0.00%,9.47%,2,天孚通信(光芯片/光通信) 4.98%; 中际旭创(光芯片/光通信) 4.49%
010968,博道嘉丰混合C,混合型-偏股,0.00%,0.00%,9.47%,0.00%,9.47%,2,天孚通信(光芯片/光通信) 4.98%; 中际旭创(光芯片/光通信) 4.49%
018333,嘉实新兴景气混合发起式C,混合型-偏股,0.00%,3.43%,0.00%,6.04%,9.47%,3,兆易创新(存储) 3.43%; 圣邦股份(电芯片/核心半导体) 3.03%; 思瑞浦(电芯片/核心半导体) 3.01%
018332,嘉实新兴景气混合发起式A,混合型-偏股,0.00%,3.43%,0.00%,6.04%,9.47%,3,兆易创新(存储) 3.43%; 圣邦股份(电芯片/核心半导体) 3.03%; 思瑞浦(电芯片/核心半导体) 3.01%
019299,海富通国策导向混合C,混合型-偏股,0.00%,0.00%,9.44%,0.00%,9.44%,2,新易盛(光芯片/光通信) 5.97%; 中际旭创(光芯片/光通信) 3.47%
019300,海富通国策导向混合D,混合型-偏股,0.00%,0.00%,9.44%,0.00%,9.44%,2,新易盛(光芯片/光通信) 5.97%; 中际旭创(光芯片/光通信) 3.47%
519033,海富通国策导向混合A,混合型-偏股,0.00%,0.00%,9.44%,0.00%,9.44%,2,新易盛(光芯片/光通信) 5.97%; 中际旭创(光芯片/光通信) 3.47%
008294,朱雀企业优胜A,股票型,0.00%,0.00%,0.00%,9.43%,9.43%,1,中芯国际(电芯片/核心半导体) 9.43%
008295,朱雀企业优胜C,股票型,0.00%,0.00%,0.00%,9.43%,9.43%,1,中芯国际(电芯片/核心半导体) 9.43%
009023,鹏华稳健回报混合A,混合型-偏股,0.00%,0.00%,9.43%,0.00%,9.43%,1,中际旭创(光芯片/光通信) 9.43%
017511,鹏华稳健回报混合C,混合型-偏股,0.00%,0.00%,9.43%,0.00%,9.43%,1,中际旭创(光芯片/光通信) 9.43%
021385,天弘上证科创板100指数增强发起A,指数型-股票,0.00%,2.20%,4.92%,2.31%,9.43%,3,源杰科技(光芯片/光通信) 4.92%; 复旦微电(电芯片/核心半导体) 2.31%; 东芯股份(存储) 2.20%
021386,天弘上证科创板100指数增强发起C,指数型-股票,0.00%,2.20%,4.92%,2.31%,9.43%,3,源杰科技(光芯片/光通信) 4.92%; 复旦微电(电芯片/核心半导体) 2.31%; 东芯股份(存储) 2.20%
561000,沪深300增强ETF华安,指数型-股票,0.00%,0.00%,2.31%,7.12%,9.43%,4,北方华创(电芯片/核心半导体) 3.62%; 中际旭创(光芯片/光通信) 2.31%; 寒武纪(电芯片/核心半导体) 1.84%; 海光信息(电芯片/核心半导体) 1.66%
014325,国联安核心趋势一年持有混合A,混合型-偏股,0.00%,5.22%,0.00%,4.19%,9.41%,2,兆易创新(存储) 5.22%; 中微公司(电芯片/核心半导体) 4.19%
014326,国联安核心趋势一年持有混合C,混合型-偏股,0.00%,5.22%,0.00%,4.19%,9.41%,2,兆易创新(存储) 5.22%; 中微公司(电芯片/核心半导体) 4.19%
001040,新华策略精选股票A,股票型,0.00%,0.00%,9.40%,0.00%,9.40%,1,德科立(光芯片/光通信) 9.40%
010622,恒越成长精选混合A,混合型-偏股,0.00%,3.27%,6.13%,0.00%,9.40%,2,新易盛(光芯片/光通信) 6.13%; 北京君正(存储) 3.27%
010623,恒越成长精选混合C,混合型-偏股,0.00%,3.27%,6.13%,0.00%,9.40%,2,新易盛(光芯片/光通信) 6.13%; 北京君正(存储) 3.27%
025415,新华策略精选股票C,股票型,0.00%,0.00%,9.40%,0.00%,9.40%,1,德科立(光芯片/光通信) 9.40%
000549,华安大国新经济股票A,股票型,0.00%,1.53%,2.91%,4.94%,9.38%,4,源杰科技(光芯片/光通信) 2.91%; 海光信息(电芯片/核心半导体) 2.51%; 北方华创(电芯片/核心半导体) 2.43%; 澜起科技(存储) 1.53%
016291,华安大国新经济股票C,股票型,0.00%,1.53%,2.91%,4.94%,9.38%,4,源杰科技(光芯片/光通信) 2.91%; 海光信息(电芯片/核心半导体) 2.51%; 北方华创(电芯片/核心半导体) 2.43%; 澜起科技(存储) 1.53%
159513,纳斯达克100ETF大成,指数型-海外股票,0.00%,0.00%,0.00%,9.38%,9.38%,2,英伟达(电芯片/核心半导体) 6.97%; 博通(电芯片/核心半导体) 2.41%
001128,宝盈新兴产业混合A,混合型-灵活,0.00%,0.00%,9.37%,0.00%,9.37%,2,新易盛(光芯片/光通信) 4.69%; 中际旭创(光芯片/光通信) 4.68%
007134,嘉实长青竞争优势股票C,股票型,0.00%,9.37%,0.00%,0.00%,9.37%,2,普冉股份(存储) 4.96%; 兆易创新(存储) 4.41%
007133,嘉实长青竞争优势股票A,股票型,0.00%,9.37%,0.00%,0.00%,9.37%,2,普冉股份(存储) 4.96%; 兆易创新(存储) 4.41%
012815,宝盈新兴产业混合C,混合型-灵活,0.00%,0.00%,9.37%,0.00%,9.37%,2,新易盛(光芯片/光通信) 4.69%; 中际旭创(光芯片/光通信) 4.68%
016560,永赢启源混合发起A,混合型-偏股,0.00%,0.00%,9.37%,0.00%,9.37%,2,中际旭创(光芯片/光通信) 5.62%; 新易盛(光芯片/光通信) 3.75%
016561,永赢启源混合发起C,混合型-偏股,0.00%,0.00%,9.37%,0.00%,9.37%,2,中际旭创(光芯片/光通信) 5.62%; 新易盛(光芯片/光通信) 3.75%
015884,中欧港股数字经济混合发起(QDII)A,QDII-混合偏股,0.00%,0.00%,9.37%,0.00%,9.37%,1,长飞光纤光缆(光芯片/光通信) 9.37%
015885,中欧港股数字经济混合发起(QDII)C,QDII-混合偏股,0.00%,0.00%,9.37%,0.00%,9.37%,1,长飞光纤光缆(光芯片/光通信) 9.37%
009647,南方核心成长混合C,混合型-偏股,0.00%,0.00%,4.19%,5.16%,9.35%,2,海光信息(电芯片/核心半导体) 5.16%; 中际旭创(光芯片/光通信) 4.19%
009646,南方核心成长混合A,混合型-偏股,0.00%,0.00%,4.19%,5.16%,9.35%,2,海光信息(电芯片/核心半导体) 5.16%; 中际旭创(光芯片/光通信) 4.19%
025075,汇添富成长优选混合A,混合型-偏股,0.00%,0.00%,9.35%,0.00%,9.35%,1,新易盛(光芯片/光通信) 9.35%
025076,汇添富成长优选混合C,混合型-偏股,0.00%,0.00%,9.35%,0.00%,9.35%,1,新易盛(光芯片/光通信) 9.35%
290011,泰信中小盘精选混合,混合型-偏股,0.00%,0.00%,0.00%,9.35%,9.35%,1,复旦微电(电芯片/核心半导体) 9.35%
009623,长城创新驱动混合A,混合型-偏股,0.00%,0.00%,0.00%,9.34%,9.34%,2,复旦微电(电芯片/核心半导体) 4.72%; 海光信息(电芯片/核心半导体) 4.62%
017458,长城创新驱动混合C,混合型-偏股,0.00%,0.00%,0.00%,9.34%,9.34%,2,复旦微电(电芯片/核心半导体) 4.72%; 海光信息(电芯片/核心半导体) 4.62%
001761,广发安宏回报混合A,混合型-灵活,0.00%,0.00%,5.83%,3.48%,9.31%,5,中际旭创(光芯片/光通信) 3.36%; 新易盛(光芯片/光通信) 2.47%; 寒武纪(电芯片/核心半导体) 1.47%; 北方华创(电芯片/核心半导体) 1.01%; 海光信息(电芯片/核心半导体) 1.00%
001762,广发安宏回报混合C,混合型-灵活,0.00%,0.00%,5.83%,3.48%,9.31%,5,中际旭创(光芯片/光通信) 3.36%; 新易盛(光芯片/光通信) 2.47%; 寒武纪(电芯片/核心半导体) 1.47%; 北方华创(电芯片/核心半导体) 1.01%; 海光信息(电芯片/核心半导体) 1.00%
013532,广发安宏回报混合E,混合型-灵活,0.00%,0.00%,5.83%,3.48%,9.31%,5,中际旭创(光芯片/光通信) 3.36%; 新易盛(光芯片/光通信) 2.47%; 寒武纪(电芯片/核心半导体) 1.47%; 北方华创(电芯片/核心半导体) 1.01%; 海光信息(电芯片/核心半导体) 1.00%
016252,华夏景气成长一年持有混合发起式A,混合型-偏股,0.00%,0.00%,9.31%,0.00%,9.31%,1,长飞光纤光缆(光芯片/光通信) 9.31%
016253,华夏景气成长一年持有混合发起式C,混合型-偏股,0.00%,0.00%,9.31%,0.00%,9.31%,1,长飞光纤光缆(光芯片/光通信) 9.31%
014189,南方专精特新混合A,混合型-偏股,0.00%,0.00%,0.00%,9.31%,9.31%,2,海光信息(电芯片/核心半导体) 4.76%; 华海清科(电芯片/核心半导体) 4.55%
014190,南方专精特新混合C,混合型-偏股,0.00%,0.00%,0.00%,9.31%,9.31%,2,海光信息(电芯片/核心半导体) 4.76%; 华海清科(电芯片/核心半导体) 4.55%
011709,中欧嘉益一年持有期混合C,混合型-偏股,0.00%,0.00%,9.30%,0.00%,9.30%,1,中际旭创(光芯片/光通信) 9.30%
011708,中欧嘉益一年持有期混合A,混合型-偏股,0.00%,0.00%,9.30%,0.00%,9.30%,1,中际旭创(光芯片/光通信) 9.30%
519089,新华优选成长混合,混合型-偏股,0.00%,3.40%,0.00%,5.90%,9.30%,2,海光信息(电芯片/核心半导体) 5.90%; 兆易创新(存储) 3.40%
159612,标普500ETF国泰,指数型-海外股票,0.00%,0.00%,0.00%,9.29%,9.29%,2,英伟达(电芯片/核心半导体) 6.90%; 博通(电芯片/核心半导体) 2.39%
159763,新材料ETF建信,指数型-股票,0.00%,0.00%,0.00%,9.29%,9.29%,1,北方华创(电芯片/核心半导体) 9.29%
014628,财通福盛混合发起(LOF)C,混合型-偏股,0.00%,0.00%,9.27%,0.00%,9.27%,1,新易盛(光芯片/光通信) 9.27%
501032,财通福盛混合发起(LOF)A,混合型-偏股,0.00%,0.00%,9.27%,0.00%,9.27%,1,新易盛(光芯片/光通信) 9.27%
006887,诺德新生活混合A,混合型-偏股,0.00%,0.00%,9.26%,0.00%,9.26%,3,新易盛(光芯片/光通信) 3.58%; 中际旭创(光芯片/光通信) 3.35%; 源杰科技(光芯片/光通信) 2.33%
006888,诺德新生活混合C,混合型-偏股,0.00%,0.00%,9.26%,0.00%,9.26%,3,新易盛(光芯片/光通信) 3.58%; 中际旭创(光芯片/光通信) 3.35%; 源杰科技(光芯片/光通信) 2.33%
010177,中加新兴消费混合C,混合型-偏股,0.00%,0.00%,0.00%,9.26%,9.26%,2,寒武纪(电芯片/核心半导体) 4.96%; 海光信息(电芯片/核心半导体) 4.30%
010176,中加新兴消费混合A,混合型-偏股,0.00%,0.00%,0.00%,9.26%,9.26%,2,寒武纪(电芯片/核心半导体) 4.96%; 海光信息(电芯片/核心半导体) 4.30%
001707,诺安高端制造股票A,股票型,0.00%,0.00%,0.00%,9.25%,9.25%,3,中芯国际(电芯片/核心半导体) 4.01%; 中微公司(电芯片/核心半导体) 2.64%; 北方华创(电芯片/核心半导体) 2.60%
014536,诺安高端制造股票C,股票型,0.00%,0.00%,0.00%,9.25%,9.25%,3,中芯国际(电芯片/核心半导体) 4.01%; 中微公司(电芯片/核心半导体) 2.64%; 北方华创(电芯片/核心半导体) 2.60%
001192,摩根整合驱动混合A,混合型-灵活,0.00%,0.00%,9.24%,0.00%,9.24%,2,中际旭创(光芯片/光通信) 4.93%; 新易盛(光芯片/光通信) 4.31%
016920,摩根整合驱动混合C,混合型-灵活,0.00%,0.00%,9.24%,0.00%,9.24%,2,中际旭创(光芯片/光通信) 4.93%; 新易盛(光芯片/光通信) 4.31%
002182,东兴蓝海财富混合A,混合型-灵活,0.00%,2.47%,4.84%,1.91%,9.22%,3,源杰科技(光芯片/光通信) 4.84%; 东芯股份(存储) 2.47%; 翱捷科技(电芯片/核心半导体) 1.91%
012706,中银核心精选混合A,混合型-偏股,0.00%,0.00%,2.02%,7.20%,9.22%,4,华虹半导体(电芯片/核心半导体) 2.72%; 中芯国际(电芯片/核心半导体) 2.58%; 新易盛(光芯片/光通信) 2.02%; 寒武纪(电芯片/核心半导体) 1.90%
012707,中银核心精选混合C,混合型-偏股,0.00%,0.00%,2.02%,7.20%,9.22%,4,华虹半导体(电芯片/核心半导体) 2.72%; 中芯国际(电芯片/核心半导体) 2.58%; 新易盛(光芯片/光通信) 2.02%; 寒武纪(电芯片/核心半导体) 1.90%
017199,广发ESG责任投资混合A,混合型-偏股,0.00%,0.00%,9.22%,0.00%,9.22%,1,中际旭创(光芯片/光通信) 9.22%
017200,广发ESG责任投资混合C,混合型-偏股,0.00%,0.00%,9.22%,0.00%,9.22%,1,中际旭创(光芯片/光通信) 9.22%
019166,东兴蓝海财富混合C,混合型-灵活,0.00%,2.47%,4.84%,1.91%,9.22%,3,源杰科技(光芯片/光通信) 4.84%; 东芯股份(存储) 2.47%; 翱捷科技(电芯片/核心半导体) 1.91%
910010,东方红新海混合A,混合型-平衡,0.00%,2.40%,4.30%,2.52%,9.22%,4,中芯国际(电芯片/核心半导体) 2.52%; 兆易创新(存储) 2.40%; 中际旭创(光芯片/光通信) 2.20%; 新易盛(光芯片/光通信) 2.10%
019797,银河国企主题混合发起式A,混合型-偏股,0.00%,0.00%,0.00%,9.21%,9.21%,3,北方华创(电芯片/核心半导体) 3.57%; 海光信息(电芯片/核心半导体) 2.87%; 中微公司(电芯片/核心半导体) 2.77%
019796,银河国企主题混合发起式C,混合型-偏股,0.00%,0.00%,0.00%,9.21%,9.21%,3,北方华创(电芯片/核心半导体) 3.57%; 海光信息(电芯片/核心半导体) 2.87%; 中微公司(电芯片/核心半导体) 2.77%
159106,民企300ETF前海开源,指数型-股票,0.00%,0.00%,7.71%,1.50%,9.21%,3,中际旭创(光芯片/光通信) 4.53%; 新易盛(光芯片/光通信) 3.18%; 寒武纪(电芯片/核心半导体) 1.50%
006863,国联安智能制造混合A,混合型-偏股,0.00%,0.00%,0.00%,9.20%,9.20%,2,北方华创(电芯片/核心半导体) 5.05%; 中微公司(电芯片/核心半导体) 4.15%
020197,国联安智能制造混合C,混合型-偏股,0.00%,0.00%,0.00%,9.20%,9.20%,2,北方华创(电芯片/核心半导体) 5.05%; 中微公司(电芯片/核心半导体) 4.15%
012236,中银持续增长混合C,混合型-偏股,0.00%,0.00%,9.19%,0.00%,9.19%,2,中际旭创(光芯片/光通信) 4.99%; 新易盛(光芯片/光通信) 4.20%
163803,中银持续增长混合A,混合型-偏股,0.00%,0.00%,9.19%,0.00%,9.19%,2,中际旭创(光芯片/光通信) 4.99%; 新易盛(光芯片/光通信) 4.20%
690004,民生加银稳健成长混合,混合型-偏股,0.00%,0.00%,0.00%,9.19%,9.19%,2,海光信息(电芯片/核心半导体) 4.90%; 寒武纪(电芯片/核心半导体) 4.29%
960011,中银持续增长混合H,混合型-偏股,0.00%,0.00%,9.19%,0.00%,9.19%,2,中际旭创(光芯片/光通信) 4.99%; 新易盛(光芯片/光通信) 4.20%
013868,汇安优势企业精选混合C,混合型-偏股,0.00%,0.00%,0.00%,9.17%,9.17%,2,中微公司(电芯片/核心半导体) 6.07%; 华虹半导体(电芯片/核心半导体) 3.10%
013867,汇安优势企业精选混合A,混合型-偏股,0.00%,0.00%,0.00%,9.17%,9.17%,2,中微公司(电芯片/核心半导体) 6.07%; 华虹半导体(电芯片/核心半导体) 3.10%
910026,东方红新源三年持有混合A,混合型-平衡,0.00%,2.41%,4.24%,2.52%,9.17%,4,中芯国际(电芯片/核心半导体) 2.52%; 兆易创新(存储) 2.41%; 中际旭创(光芯片/光通信) 2.14%; 新易盛(光芯片/光通信) 2.10%
006864,国联安核心资产策略混合,混合型-偏股,0.00%,4.66%,0.00%,4.50%,9.16%,2,兆易创新(存储) 4.66%; 中微公司(电芯片/核心半导体) 4.50%
017076,宝盈半导体产业混合发起式C,混合型-偏股,0.00%,4.94%,0.00%,4.22%,9.16%,2,普冉股份(存储) 4.94%; 海光信息(电芯片/核心半导体) 4.22%
017075,宝盈半导体产业混合发起式A,混合型-偏股,0.00%,4.94%,0.00%,4.22%,9.16%,2,普冉股份(存储) 4.94%; 海光信息(电芯片/核心半导体) 4.22%
006058,民生加银新兴成长混合,混合型-偏股,0.00%,0.00%,4.43%,4.72%,9.15%,2,芯原股份(电芯片/核心半导体) 4.72%; 中际旭创(光芯片/光通信) 4.43%
016282,建信内生动力混合C,混合型-偏股,0.00%,0.00%,9.15%,0.00%,9.15%,2,新易盛(光芯片/光通信) 4.92%; 中际旭创(光芯片/光通信) 4.23%
019499,兴全创新优势混合C,混合型-偏股,0.00%,0.00%,4.49%,4.66%,9.15%,2,中芯国际(电芯片/核心半导体) 4.66%; 中际旭创(光芯片/光通信) 4.49%
019498,兴全创新优势混合A,混合型-偏股,0.00%,0.00%,4.49%,4.66%,9.15%,2,中芯国际(电芯片/核心半导体) 4.66%; 中际旭创(光芯片/光通信) 4.49%
530011,建信内生动力混合A,混合型-偏股,0.00%,0.00%,9.15%,0.00%,9.15%,2,新易盛(光芯片/光通信) 4.92%; 中际旭创(光芯片/光通信) 4.23%
002862,金信量化精选混合A,混合型-灵活,0.00%,0.00%,9.14%,0.00%,9.14%,1,德科立(光芯片/光通信) 9.14%
012988,嘉合锦明混合C,混合型-偏股,0.00%,0.00%,3.79%,5.35%,9.14%,2,中芯国际(电芯片/核心半导体) 5.35%; 长光华芯(光芯片/光通信) 3.79%
012987,嘉合锦明混合A,混合型-偏股,0.00%,0.00%,3.79%,5.35%,9.14%,2,中芯国际(电芯片/核心半导体) 5.35%; 长光华芯(光芯片/光通信) 3.79%
020434,金信量化精选混合C,混合型-灵活,0.00%,0.00%,9.14%,0.00%,9.14%,1,德科立(光芯片/光通信) 9.14%
011420,广发全球科技三个月定开混合(QDII)人民币A,QDII-混合偏股,0.00%,0.00%,0.00%,9.10%,9.10%,1,台积电(电芯片/核心半导体) 9.10%
011422,广发全球科技三个月定开混合(QDII)人民币C,QDII-混合偏股,0.00%,0.00%,0.00%,9.10%,9.10%,1,台积电(电芯片/核心半导体) 9.10%
011423,广发全球科技三个月定开混合(QDII)美元C,QDII-混合偏股,0.00%,0.00%,0.00%,9.10%,9.10%,1,台积电(电芯片/核心半导体) 9.10%
011421,广发全球科技三个月定开混合(QDII)美元A,QDII-混合偏股,0.00%,0.00%,0.00%,9.10%,9.10%,1,台积电(电芯片/核心半导体) 9.10%
002124,广发新兴产业混合A,混合型-灵活,0.00%,0.00%,9.09%,0.00%,9.09%,2,新易盛(光芯片/光通信) 4.71%; 中际旭创(光芯片/光通信) 4.38%
010433,广发新兴产业混合C,混合型-灵活,0.00%,0.00%,9.09%,0.00%,9.09%,2,新易盛(光芯片/光通信) 4.71%; 中际旭创(光芯片/光通信) 4.38%
022336,京管泰富创新动力混合发起A,混合型-偏股,0.00%,3.94%,5.15%,0.00%,9.09%,2,光迅科技(光芯片/光通信) 5.15%; 澜起科技(存储) 3.94%
022337,京管泰富创新动力混合发起C,混合型-偏股,0.00%,3.94%,5.15%,0.00%,9.09%,2,光迅科技(光芯片/光通信) 5.15%; 澜起科技(存储) 3.94%
023118,华安高端装备股票发起式C,股票型,0.00%,0.00%,9.08%,0.00%,9.08%,2,新易盛(光芯片/光通信) 4.62%; 中际旭创(光芯片/光通信) 4.46%
023117,华安高端装备股票发起式A,股票型,0.00%,0.00%,9.08%,0.00%,9.08%,2,新易盛(光芯片/光通信) 4.62%; 中际旭创(光芯片/光通信) 4.46%
516710,新材料ETF华夏,指数型-股票,0.00%,0.00%,0.00%,9.07%,9.07%,1,北方华创(电芯片/核心半导体) 9.07%
005250,银华估值优势混合,混合型-偏股,0.00%,0.00%,0.00%,9.06%,9.06%,2,华虹半导体(电芯片/核心半导体) 4.89%; 中芯国际(电芯片/核心半导体) 4.17%
023827,华商中证500指数增强C,指数型-股票,0.00%,9.06%,0.00%,0.00%,9.06%,3,北京君正(存储) 3.11%; 兆易创新(存储) 3.01%; 普冉股份(存储) 2.94%
023826,华商中证500指数增强A,指数型-股票,0.00%,9.06%,0.00%,0.00%,9.06%,3,北京君正(存储) 3.11%; 兆易创新(存储) 3.01%; 普冉股份(存储) 2.94%
159703,新材料ETF天弘,指数型-股票,0.00%,0.00%,0.00%,9.06%,9.06%,1,北方华创(电芯片/核心半导体) 9.06%
010142,朱雀企业优选C,股票型,0.00%,0.00%,0.00%,9.04%,9.04%,1,中芯国际(电芯片/核心半导体) 9.04%
010141,朱雀企业优选A,股票型,0.00%,0.00%,0.00%,9.04%,9.04%,1,中芯国际(电芯片/核心半导体) 9.04%
014687,招商核心装备混合C,混合型-偏股,0.00%,0.00%,9.04%,0.00%,9.04%,1,长飞光纤光缆(光芯片/光通信) 9.04%
014686,招商核心装备混合A,混合型-偏股,0.00%,0.00%,9.04%,0.00%,9.04%,1,长飞光纤光缆(光芯片/光通信) 9.04%
001210,天弘互联网混合A,混合型-灵活,0.00%,3.45%,5.58%,0.00%,9.03%,3,长电科技(存储) 3.45%; 中际旭创(光芯片/光通信) 3.39%; 新易盛(光芯片/光通信) 2.19%
015461,天弘互联网混合C,混合型-灵活,0.00%,3.45%,5.58%,0.00%,9.03%,3,长电科技(存储) 3.45%; 中际旭创(光芯片/光通信) 3.39%; 新易盛(光芯片/光通信) 2.19%
008308,华夏见龙精选混合,混合型-偏股,0.00%,0.00%,9.03%,0.00%,9.03%,2,中际旭创(光芯片/光通信) 5.36%; 新易盛(光芯片/光通信) 3.67%
012854,英大中证ESG120策略指数A,指数型-股票,0.00%,0.00%,5.17%,3.86%,9.03%,4,中际旭创(光芯片/光通信) 4.82%; 海光信息(电芯片/核心半导体) 2.26%; 中微公司(电芯片/核心半导体) 1.60%; 德科立(光芯片/光通信) 0.35%
012855,英大中证ESG120策略指数C,指数型-股票,0.00%,0.00%,5.17%,3.86%,9.03%,4,中际旭创(光芯片/光通信) 4.82%; 海光信息(电芯片/核心半导体) 2.26%; 中微公司(电芯片/核心半导体) 1.60%; 德科立(光芯片/光通信) 0.35%
017727,鑫元成长驱动股票发起式C,股票型,0.00%,0.00%,5.18%,3.85%,9.03%,2,中际旭创(光芯片/光通信) 5.18%; 复旦微电(电芯片/核心半导体) 3.85%
017726,鑫元成长驱动股票发起式A,股票型,0.00%,0.00%,5.18%,3.85%,9.03%,2,中际旭创(光芯片/光通信) 5.18%; 复旦微电(电芯片/核心半导体) 3.85%
018821,银华新材料混合发起式A,混合型-偏股,0.00%,0.00%,0.00%,9.00%,9.00%,2,北方华创(电芯片/核心半导体) 7.25%; 华海清科(电芯片/核心半导体) 1.75%
018822,银华新材料混合发起式C,混合型-偏股,0.00%,0.00%,0.00%,9.00%,9.00%,2,北方华创(电芯片/核心半导体) 7.25%; 华海清科(电芯片/核心半导体) 1.75%
019985,蜂巢趋势臻选混合A,混合型-偏股,0.00%,0.00%,9.00%,0.00%,9.00%,2,中际旭创(光芯片/光通信) 5.88%; 天孚通信(光芯片/光通信) 3.12%
019986,蜂巢趋势臻选混合C,混合型-偏股,0.00%,0.00%,9.00%,0.00%,9.00%,2,中际旭创(光芯片/光通信) 5.88%; 天孚通信(光芯片/光通信) 3.12%
022030,蜂巢趋势臻选混合E,混合型-偏股,0.00%,0.00%,9.00%,0.00%,9.00%,2,中际旭创(光芯片/光通信) 5.88%; 天孚通信(光芯片/光通信) 3.12%
024667,富安达优势成长混合C,混合型-偏股,0.00%,0.00%,8.99%,0.00%,8.99%,2,中际旭创(光芯片/光通信) 4.82%; 新易盛(光芯片/光通信) 4.17%
710001,富安达优势成长混合A,混合型-偏股,0.00%,0.00%,8.99%,0.00%,8.99%,2,中际旭创(光芯片/光通信) 4.82%; 新易盛(光芯片/光通信) 4.17%
159761,新材料ETF国泰,指数型-股票,0.00%,0.00%,0.00%,8.98%,8.98%,1,北方华创(电芯片/核心半导体) 8.98%
516890,新材料ETF平安,指数型-股票,0.00%,0.00%,0.00%,8.98%,8.98%,1,北方华创(电芯片/核心半导体) 8.98%
012314,南方行业领先混合,混合型-偏股,0.00%,0.00%,8.98%,0.00%,8.98%,3,长飞光纤光缆(光芯片/光通信) 3.81%; 中际旭创(光芯片/光通信) 2.73%; 新易盛(光芯片/光通信) 2.44%
005742,南方成安优选混合,混合型-灵活,0.00%,0.00%,8.97%,0.00%,8.97%,3,长飞光纤光缆(光芯片/光通信) 3.81%; 中际旭创(光芯片/光通信) 2.73%; 新易盛(光芯片/光通信) 2.43%
516360,新材料ETF华宝,指数型-股票,0.00%,0.00%,0.00%,8.96%,8.96%,1,北方华创(电芯片/核心半导体) 8.96%
019690,华商产业机遇混合A,混合型-偏股,0.00%,0.00%,3.53%,5.42%,8.95%,3,长飞光纤光缆(光芯片/光通信) 3.53%; 中微公司(电芯片/核心半导体) 2.74%; 北方华创(电芯片/核心半导体) 2.68%
019691,华商产业机遇混合C,混合型-偏股,0.00%,0.00%,3.53%,5.42%,8.95%,3,长飞光纤光缆(光芯片/光通信) 3.53%; 中微公司(电芯片/核心半导体) 2.74%; 北方华创(电芯片/核心半导体) 2.68%
024753,华宝上证科创板综合指数增强C,指数型-股票,0.00%,0.70%,0.00%,8.25%,8.95%,5,海光信息(电芯片/核心半导体) 3.50%; 寒武纪(电芯片/核心半导体) 2.80%; 中芯国际(电芯片/核心半导体) 1.12%; 中微公司(电芯片/核心半导体) 0.83%; 佰维存储(存储) 0.70%
024752,华宝上证科创板综合指数增强A,指数型-股票,0.00%,0.70%,0.00%,8.25%,8.95%,5,海光信息(电芯片/核心半导体) 3.50%; 寒武纪(电芯片/核心半导体) 2.80%; 中芯国际(电芯片/核心半导体) 1.12%; 中微公司(电芯片/核心半导体) 0.83%; 佰维存储(存储) 0.70%
018457,大成价值增长混合C,混合型-灵活,0.00%,0.00%,4.69%,4.24%,8.93%,2,中际旭创(光芯片/光通信) 4.69%; 芯原股份(电芯片/核心半导体) 4.24%
090001,大成价值增长混合A,混合型-灵活,0.00%,0.00%,4.69%,4.24%,8.93%,2,中际旭创(光芯片/光通信) 4.69%; 芯原股份(电芯片/核心半导体) 4.24%
008188,前海开源稳健增长三年混合,混合型-偏股,0.00%,0.00%,0.00%,8.92%,8.92%,1,寒武纪(电芯片/核心半导体) 8.92%
519727,交银成长30混合,混合型-偏股,0.00%,0.00%,5.79%,3.13%,8.92%,3,北方华创(电芯片/核心半导体) 3.13%; 中际旭创(光芯片/光通信) 2.90%; 新易盛(光芯片/光通信) 2.89%
010728,中泰兴诚价值一年持有混合A,混合型-偏股,0.00%,0.00%,0.00%,8.91%,8.91%,1,思瑞浦(电芯片/核心半导体) 8.91%
010729,中泰兴诚价值一年持有混合C,混合型-偏股,0.00%,0.00%,0.00%,8.91%,8.91%,1,思瑞浦(电芯片/核心半导体) 8.91%
012406,永赢长远价值混合A,混合型-偏股,0.00%,0.00%,0.00%,8.90%,8.90%,1,寒武纪(电芯片/核心半导体) 8.90%
012407,永赢长远价值混合C,混合型-偏股,0.00%,0.00%,0.00%,8.90%,8.90%,1,寒武纪(电芯片/核心半导体) 8.90%
003718,易方达标普500指数美元汇A,指数型-海外股票,0.00%,0.00%,0.00%,8.89%,8.89%,2,英伟达(电芯片/核心半导体) 6.60%; 博通(电芯片/核心半导体) 2.29%
011531,朱雀恒心一年持有混合,混合型-偏股,0.00%,0.00%,0.00%,8.89%,8.89%,1,中芯国际(电芯片/核心半导体) 8.89%
012860,易方达标普500指数人民币C,指数型-海外股票,0.00%,0.00%,0.00%,8.89%,8.89%,2,英伟达(电芯片/核心半导体) 6.60%; 博通(电芯片/核心半导体) 2.29%
012861,易方达标普500指数美元汇C,指数型-海外股票,0.00%,0.00%,0.00%,8.89%,8.89%,2,英伟达(电芯片/核心半导体) 6.60%; 博通(电芯片/核心半导体) 2.29%
161125,易方达标普500指数人民币A,指数型-海外股票,0.00%,0.00%,0.00%,8.89%,8.89%,2,英伟达(电芯片/核心半导体) 6.60%; 博通(电芯片/核心半导体) 2.29%
013247,交银瑞卓三年持有期混合,混合型-偏股,0.00%,0.00%,5.88%,2.99%,8.87%,3,北方华创(电芯片/核心半导体) 2.99%; 新易盛(光芯片/光通信) 2.96%; 中际旭创(光芯片/光通信) 2.92%
001225,中邮趋势精选灵活配置混合A,混合型-灵活,0.00%,0.00%,8.86%,0.00%,8.86%,2,新易盛(光芯片/光通信) 4.45%; 中际旭创(光芯片/光通信) 4.41%
020132,中邮趋势精选灵活配置混合C,混合型-灵活,0.00%,0.00%,8.86%,0.00%,8.86%,2,新易盛(光芯片/光通信) 4.45%; 中际旭创(光芯片/光通信) 4.41%
007493,朱雀产业臻选混合A,混合型-偏股,0.00%,0.00%,0.00%,8.86%,8.86%,1,中芯国际(电芯片/核心半导体) 8.86%
007494,朱雀产业臻选混合C,混合型-偏股,0.00%,0.00%,0.00%,8.86%,8.86%,1,中芯国际(电芯片/核心半导体) 8.86%
010966,富国成长领航混合,混合型-偏股,0.00%,0.00%,4.20%,4.65%,8.85%,2,中芯国际(电芯片/核心半导体) 4.65%; 中际旭创(光芯片/光通信) 4.20%
001685,汇添富沪港深新价值股票,股票型,0.00%,0.00%,8.85%,0.00%,8.85%,2,中际旭创(光芯片/光通信) 4.82%; 新易盛(光芯片/光通信) 4.03%
005683,国寿安保华兴灵活配置混合,混合型-灵活,0.00%,0.00%,8.83%,0.00%,8.83%,3,中际旭创(光芯片/光通信) 3.44%; 新易盛(光芯片/光通信) 2.82%; 长飞光纤光缆(光芯片/光通信) 2.57%
011287,前海开源聚慧三年持有混合,混合型-偏股,0.00%,0.00%,0.00%,8.83%,8.83%,1,寒武纪(电芯片/核心半导体) 8.83%
010922,朱雀匠心一年持有,混合型-偏股,0.00%,0.00%,0.00%,8.82%,8.82%,1,中芯国际(电芯片/核心半导体) 8.82%
159292,创业板综增强ETF华宝,指数型-股票,0.00%,0.00%,8.82%,0.00%,8.82%,2,中际旭创(光芯片/光通信) 5.17%; 新易盛(光芯片/光通信) 3.65%
005927,创金合信新能源汽车股票A,股票型,0.00%,8.81%,0.00%,0.00%,8.81%,1,北京君正(存储) 8.81%
005928,创金合信新能源汽车股票C,股票型,0.00%,8.81%,0.00%,0.00%,8.81%,1,北京君正(存储) 8.81%
159287,创业板综ETF博时,指数型-股票,0.00%,0.00%,8.79%,0.00%,8.79%,3,中际旭创(光芯片/光通信) 4.44%; 新易盛(光芯片/光通信) 2.72%; 天孚通信(光芯片/光通信) 1.63%
481010,工银中小盘混合,混合型-偏股,0.00%,0.00%,8.79%,0.00%,8.79%,1,源杰科技(光芯片/光通信) 8.79%
014377,东吴新能源汽车股票C,股票型,0.00%,0.00%,8.77%,0.00%,8.77%,1,新易盛(光芯片/光通信) 8.77%
014376,东吴新能源汽车股票A,股票型,0.00%,0.00%,8.77%,0.00%,8.77%,1,新易盛(光芯片/光通信) 8.77%
161601,融通新蓝筹混合,混合型-偏股,0.00%,0.00%,8.77%,0.00%,8.77%,2,中际旭创(光芯片/光通信) 5.62%; 剑桥科技(光芯片/光通信) 3.15%
014651,大成专精特新混合A,混合型-偏股,0.00%,0.00%,0.00%,8.76%,8.76%,1,华海清科(电芯片/核心半导体) 8.76%
014652,大成专精特新混合C,混合型-偏股,0.00%,0.00%,0.00%,8.76%,8.76%,1,华海清科(电芯片/核心半导体) 8.76%
010322,大摩新兴产业股票,股票型,0.00%,0.00%,0.00%,8.74%,8.74%,2,寒武纪(电芯片/核心半导体) 5.72%; 北方华创(电芯片/核心半导体) 3.02%
024465,万家新机遇同享混合A,混合型-偏股,0.00%,0.00%,8.74%,0.00%,8.74%,2,中际旭创(光芯片/光通信) 4.82%; 新易盛(光芯片/光通信) 3.92%
024466,万家新机遇同享混合C,混合型-偏股,0.00%,0.00%,8.74%,0.00%,8.74%,2,中际旭创(光芯片/光通信) 4.82%; 新易盛(光芯片/光通信) 3.92%
018983,国泰海通新材料混合发起A,混合型-偏股,0.00%,4.41%,0.00%,4.32%,8.73%,2,兆易创新(存储) 4.41%; 北方华创(电芯片/核心半导体) 4.32%
018984,国泰海通新材料混合发起C,混合型-偏股,0.00%,4.41%,0.00%,4.32%,8.73%,2,兆易创新(存储) 4.41%; 北方华创(电芯片/核心半导体) 4.32%
012530,永赢惠添盈一年持有混合,混合型-偏股,0.00%,0.00%,0.00%,8.72%,8.72%,1,寒武纪(电芯片/核心半导体) 8.72%
018406,朱雀产业精选混合C,混合型-偏股,0.00%,0.00%,0.00%,8.72%,8.72%,1,中芯国际(电芯片/核心半导体) 8.72%
018405,朱雀产业精选混合A,混合型-偏股,0.00%,0.00%,0.00%,8.72%,8.72%,1,中芯国际(电芯片/核心半导体) 8.72%
270007,广发大盘成长混合,混合型-灵活,0.00%,0.00%,8.72%,0.00%,8.72%,2,新易盛(光芯片/光通信) 4.58%; 中际旭创(光芯片/光通信) 4.14%
001809,中信建投智信物联网A,混合型-灵活,0.00%,0.00%,6.41%,2.29%,8.70%,3,中际旭创(光芯片/光通信) 3.37%; 新易盛(光芯片/光通信) 3.04%; 寒武纪(电芯片/核心半导体) 2.29%
004636,中信建投智信物联网C,混合型-灵活,0.00%,0.00%,6.41%,2.29%,8.70%,3,中际旭创(光芯片/光通信) 3.37%; 新易盛(光芯片/光通信) 3.04%; 寒武纪(电芯片/核心半导体) 2.29%
006775,前海开源优质成长混合,混合型-偏股,0.00%,0.00%,0.00%,8.70%,8.70%,1,寒武纪(电芯片/核心半导体) 8.70%
010706,景顺长城景骊成长混合A,混合型-偏股,0.00%,0.00%,4.77%,3.93%,8.70%,2,中际旭创(光芯片/光通信) 4.77%; 芯原股份(电芯片/核心半导体) 3.93%
013937,广发睿升混合C,混合型-偏股,0.00%,0.00%,8.70%,0.00%,8.70%,2,新易盛(光芯片/光通信) 4.48%; 中际旭创(光芯片/光通信) 4.22%
013936,广发睿升混合A,混合型-偏股,0.00%,0.00%,8.70%,0.00%,8.70%,2,新易盛(光芯片/光通信) 4.48%; 中际旭创(光芯片/光通信) 4.22%
019722,中银量化选股混合发起A,混合型-偏股,0.00%,1.92%,6.78%,0.00%,8.70%,3,新易盛(光芯片/光通信) 3.55%; 中际旭创(光芯片/光通信) 3.23%; 佰维存储(存储) 1.92%
019723,中银量化选股混合发起C,混合型-偏股,0.00%,1.92%,6.78%,0.00%,8.70%,3,新易盛(光芯片/光通信) 3.55%; 中际旭创(光芯片/光通信) 3.23%; 佰维存储(存储) 1.92%
023856,景顺长城景骊成长混合C,混合型-偏股,0.00%,0.00%,4.77%,3.93%,8.70%,2,中际旭创(光芯片/光通信) 4.77%; 芯原股份(电芯片/核心半导体) 3.93%
023446,长城上证科创板100指数增强A,指数型-股票,0.00%,2.59%,6.10%,0.00%,8.69%,4,源杰科技(光芯片/光通信) 4.28%; 东芯股份(存储) 2.26%; 仕佳光子(光芯片/光通信) 1.82%; 泰凌微(存储) 0.33%
023447,长城上证科创板100指数增强C,指数型-股票,0.00%,2.59%,6.10%,0.00%,8.69%,4,源杰科技(光芯片/光通信) 4.28%; 东芯股份(存储) 2.26%; 仕佳光子(光芯片/光通信) 1.82%; 泰凌微(存储) 0.33%
025416,新华优选分红混合C,混合型-灵活,0.00%,0.00%,8.69%,0.00%,8.69%,1,德科立(光芯片/光通信) 8.69%
159289,创业板综指ETF鹏华,指数型-股票,0.00%,0.00%,8.69%,0.00%,8.69%,3,中际旭创(光芯片/光通信) 4.33%; 新易盛(光芯片/光通信) 2.77%; 天孚通信(光芯片/光通信) 1.59%
519087,新华优选分红混合A,混合型-灵活,0.00%,0.00%,8.69%,0.00%,8.69%,1,德科立(光芯片/光通信) 8.69%
021391,东兴成长优选混合发起C,混合型-偏股,0.00%,4.65%,0.00%,4.03%,8.68%,2,佰维存储(存储) 4.65%; 中微公司(电芯片/核心半导体) 4.03%
021390,东兴成长优选混合发起A,混合型-偏股,0.00%,4.65%,0.00%,4.03%,8.68%,2,佰维存储(存储) 4.65%; 中微公司(电芯片/核心半导体) 4.03%
233010,大摩深证300指数增强,指数型-股票,0.00%,0.00%,7.23%,1.45%,8.68%,3,中际旭创(光芯片/光通信) 4.17%; 新易盛(光芯片/光通信) 3.06%; 北方华创(电芯片/核心半导体) 1.45%
024596,财通成长量化选股混合A,混合型-偏股,0.00%,0.00%,8.68%,0.00%,8.68%,2,中际旭创(光芯片/光通信) 4.88%; 新易盛(光芯片/光通信) 3.80%
024597,财通成长量化选股混合C,混合型-偏股,0.00%,0.00%,8.68%,0.00%,8.68%,2,中际旭创(光芯片/光通信) 4.88%; 新易盛(光芯片/光通信) 3.80%
009313,前海联合价值优选混合C,混合型-偏股,0.00%,0.00%,4.09%,4.58%,8.67%,2,寒武纪(电芯片/核心半导体) 4.58%; 仕佳光子(光芯片/光通信) 4.09%
011138,广发聚鸿六个月持有期混合A,混合型-偏股,0.00%,0.00%,8.67%,0.00%,8.67%,2,中际旭创(光芯片/光通信) 4.34%; 新易盛(光芯片/光通信) 4.33%
011139,广发聚鸿六个月持有期混合C,混合型-偏股,0.00%,0.00%,8.67%,0.00%,8.67%,2,中际旭创(光芯片/光通信) 4.34%; 新易盛(光芯片/光通信) 4.33%
011140,广发聚鸿六个月持有期混合E,混合型-偏股,0.00%,0.00%,8.67%,0.00%,8.67%,2,中际旭创(光芯片/光通信) 4.34%; 新易盛(光芯片/光通信) 4.33%
486002,工银全球精选股票(QDII),QDII-普通股票,0.00%,0.00%,0.00%,8.67%,8.67%,3,英伟达(电芯片/核心半导体) 4.18%; 台积电(电芯片/核心半导体) 2.69%; 博通(电芯片/核心半导体) 1.80%
016570,嘉实价值丰润混合A,混合型-偏股,0.00%,0.00%,8.64%,0.00%,8.64%,1,长飞光纤光缆(光芯片/光通信) 8.64%
016571,嘉实价值丰润混合C,混合型-偏股,0.00%,0.00%,8.64%,0.00%,8.64%,1,长飞光纤光缆(光芯片/光通信) 8.64%
002251,华夏军工安全混合A,混合型-灵活,0.00%,0.00%,0.00%,8.63%,8.63%,1,复旦微电(电芯片/核心半导体) 8.63%
013566,华夏军工安全混合C,混合型-灵活,0.00%,0.00%,0.00%,8.63%,8.63%,1,复旦微电(电芯片/核心半导体) 8.63%
023418,宏利中证A50指数增强A,指数型-股票,0.00%,0.00%,6.21%,2.42%,8.63%,2,中际旭创(光芯片/光通信) 6.21%; 中芯国际(电芯片/核心半导体) 2.42%
023419,宏利中证A50指数增强C,指数型-股票,0.00%,0.00%,6.21%,2.42%,8.63%,2,中际旭创(光芯片/光通信) 6.21%; 中芯国际(电芯片/核心半导体) 2.42%
025968,建信科技智选股票型发起A,股票型,0.00%,0.00%,0.00%,8.63%,8.63%,2,芯原股份(电芯片/核心半导体) 4.45%; 华海清科(电芯片/核心半导体) 4.18%
025969,建信科技智选股票型发起C,股票型,0.00%,0.00%,0.00%,8.63%,8.63%,2,芯原股份(电芯片/核心半导体) 4.45%; 华海清科(电芯片/核心半导体) 4.18%
021911,渤海汇金优选价值混合发起C,混合型-偏股,0.00%,0.00%,6.04%,2.58%,8.62%,2,中际旭创(光芯片/光通信) 6.04%; 北方华创(电芯片/核心半导体) 2.58%
021910,渤海汇金优选价值混合发起A,混合型-偏股,0.00%,0.00%,6.04%,2.58%,8.62%,2,中际旭创(光芯片/光通信) 6.04%; 北方华创(电芯片/核心半导体) 2.58%
010132,南方创新成长混合A,混合型-偏股,0.00%,0.00%,3.95%,4.66%,8.61%,2,海光信息(电芯片/核心半导体) 4.66%; 中际旭创(光芯片/光通信) 3.95%
010133,南方创新成长混合C,混合型-偏股,0.00%,0.00%,3.95%,4.66%,8.61%,2,海光信息(电芯片/核心半导体) 4.66%; 中际旭创(光芯片/光通信) 3.95%
006369,弘毅远方国企转型升级混合A,混合型-偏股,0.00%,0.00%,0.00%,8.60%,8.60%,2,北方华创(电芯片/核心半导体) 5.86%; 中微公司(电芯片/核心半导体) 2.74%
013530,弘毅远方国企转型升级混合C,混合型-偏股,0.00%,0.00%,0.00%,8.60%,8.60%,2,北方华创(电芯片/核心半导体) 5.86%; 中微公司(电芯片/核心半导体) 2.74%
012243,东方红内需增长混合B,混合型-偏股,0.00%,0.00%,8.60%,0.00%,8.60%,2,新易盛(光芯片/光通信) 4.70%; 中际旭创(光芯片/光通信) 3.90%
910028,东方红内需增长混合A,混合型-偏股,0.00%,0.00%,8.60%,0.00%,8.60%,2,新易盛(光芯片/光通信) 4.70%; 中际旭创(光芯片/光通信) 3.90%
010977,华夏鸿阳6个月持有期混合A,混合型-偏股,0.00%,8.59%,0.00%,0.00%,8.59%,2,北京君正(存储) 4.91%; 澜起科技(存储) 3.68%
010978,华夏鸿阳6个月持有期混合C,混合型-偏股,0.00%,8.59%,0.00%,0.00%,8.59%,2,北京君正(存储) 4.91%; 澜起科技(存储) 3.68%
159135,港股通科技ETF前海开源,指数型-股票,0.00%,0.00%,0.00%,8.59%,8.59%,2,中芯国际(电芯片/核心半导体) 5.50%; 华虹半导体(电芯片/核心半导体) 3.09%
006217,前海开源价值成长混合C,混合型-灵活,0.00%,0.00%,0.00%,8.58%,8.58%,1,寒武纪(电芯片/核心半导体) 8.58%
006216,前海开源价值成长混合A,混合型-灵活,0.00%,0.00%,0.00%,8.58%,8.58%,1,寒武纪(电芯片/核心半导体) 8.58%
008531,惠升惠民混合A,混合型-偏股,0.00%,4.65%,0.00%,3.92%,8.57%,2,长电科技(存储) 4.65%; 中芯国际(电芯片/核心半导体) 3.92%
008532,惠升惠民混合C,混合型-偏股,0.00%,4.65%,0.00%,3.92%,8.57%,2,长电科技(存储) 4.65%; 中芯国际(电芯片/核心半导体) 3.92%
013616,广发睿智两年持有期混合发起式A,混合型-偏股,0.00%,0.00%,8.57%,0.00%,8.57%,2,新易盛(光芯片/光通信) 5.54%; 中际旭创(光芯片/光通信) 3.03%
013617,广发睿智两年持有期混合发起式C,混合型-偏股,0.00%,0.00%,8.57%,0.00%,8.57%,2,新易盛(光芯片/光通信) 5.54%; 中际旭创(光芯片/光通信) 3.03%
520670,港股通科技ETF嘉实,指数型-股票,0.00%,0.00%,0.00%,8.57%,8.57%,2,中芯国际(电芯片/核心半导体) 5.49%; 华虹半导体(电芯片/核心半导体) 3.08%
015970,华泰柏瑞景气驱动混合A,混合型-偏股,0.00%,0.00%,8.56%,0.00%,8.56%,2,中际旭创(光芯片/光通信) 5.04%; 新易盛(光芯片/光通信) 3.52%
015971,华泰柏瑞景气驱动混合C,混合型-偏股,0.00%,0.00%,8.56%,0.00%,8.56%,2,中际旭创(光芯片/光通信) 5.04%; 新易盛(光芯片/光通信) 3.52%
025961,国投瑞银创业板综合指数增强C,指数型-股票,0.00%,0.00%,8.55%,0.00%,8.55%,3,中际旭创(光芯片/光通信) 4.29%; 新易盛(光芯片/光通信) 2.68%; 天孚通信(光芯片/光通信) 1.58%
025960,国投瑞银创业板综合指数增强A,指数型-股票,0.00%,0.00%,8.55%,0.00%,8.55%,3,中际旭创(光芯片/光通信) 4.29%; 新易盛(光芯片/光通信) 2.68%; 天孚通信(光芯片/光通信) 1.58%
159120,港股通科技ETF国联安,指数型-股票,0.00%,0.00%,0.00%,8.55%,8.55%,2,中芯国际(电芯片/核心半导体) 5.46%; 华虹半导体(电芯片/核心半导体) 3.09%
017148,嘉实积极配置一年持有混合C,混合型-偏股,0.00%,0.00%,0.00%,8.54%,8.54%,1,海光信息(电芯片/核心半导体) 8.54%
017147,嘉实积极配置一年持有混合A,混合型-偏股,0.00%,0.00%,0.00%,8.54%,8.54%,1,海光信息(电芯片/核心半导体) 8.54%
016398,九泰锐益混合(LOF)C,混合型-灵活,0.00%,0.00%,0.00%,8.53%,8.53%,1,北方华创(电芯片/核心半导体) 8.53%
168103,九泰锐益混合(LOF)A,混合型-灵活,0.00%,0.00%,0.00%,8.53%,8.53%,1,北方华创(电芯片/核心半导体) 8.53%
011504,上银丰益混合A,混合型-偏债,0.00%,3.59%,0.00%,4.93%,8.52%,5,兆易创新(存储) 2.11%; 北方华创(电芯片/核心半导体) 1.76%; 海光信息(电芯片/核心半导体) 1.65%; 盛美上海(电芯片/核心半导体) 1.52%; 澜起科技(存储) 1.48%
011505,上银丰益混合C,混合型-偏债,0.00%,3.59%,0.00%,4.93%,8.52%,5,兆易创新(存储) 2.11%; 北方华创(电芯片/核心半导体) 1.76%; 海光信息(电芯片/核心半导体) 1.65%; 盛美上海(电芯片/核心半导体) 1.52%; 澜起科技(存储) 1.48%
520840,港股通恒生科技ETF华安,指数型-股票,0.00%,0.00%,0.00%,8.51%,8.51%,2,中芯国际(电芯片/核心半导体) 5.46%; 华虹半导体(电芯片/核心半导体) 3.05%
159563,创业板综ETF华夏,指数型-股票,0.00%,0.00%,8.50%,0.00%,8.50%,3,中际旭创(光芯片/光通信) 4.58%; 新易盛(光芯片/光通信) 2.74%; 天孚通信(光芯片/光通信) 1.18%
588680,科创100增强ETF广发,指数型-股票,0.00%,2.01%,4.45%,2.04%,8.50%,3,源杰科技(光芯片/光通信) 4.45%; 复旦微电(电芯片/核心半导体) 2.04%; 东芯股份(存储) 2.01%
012124,博道盛彦混合A,混合型-偏股,0.00%,4.15%,4.35%,0.00%,8.50%,2,中际旭创(光芯片/光通信) 4.35%; 兆易创新(存储) 4.15%
012125,博道盛彦混合C,混合型-偏股,0.00%,4.15%,4.35%,0.00%,8.50%,2,中际旭创(光芯片/光通信) 4.35%; 兆易创新(存储) 4.15%
159290,创业板综指增强ETF东财,指数型-股票,0.00%,0.00%,8.48%,0.00%,8.48%,2,中际旭创(光芯片/光通信) 5.15%; 新易盛(光芯片/光通信) 3.33%
159262,港股通科技ETF广发,指数型-股票,0.00%,0.00%,0.00%,8.47%,8.47%,2,中芯国际(电芯片/核心半导体) 5.43%; 华虹半导体(电芯片/核心半导体) 3.04%
013720,新华增怡债券E,债券型-混合二级,0.00%,1.13%,0.00%,7.33%,8.46%,6,北方华创(电芯片/核心半导体) 3.22%; 寒武纪(电芯片/核心半导体) 1.31%; 海光信息(电芯片/核心半导体) 1.21%; 澜起科技(存储) 1.13%; 中微公司(电芯片/核心半导体) 0.80%; 中芯国际(电芯片/核心半导体) 0.79%
519162,新华增怡债券A,债券型-混合二级,0.00%,1.13%,0.00%,7.33%,8.46%,6,北方华创(电芯片/核心半导体) 3.22%; 寒武纪(电芯片/核心半导体) 1.31%; 海光信息(电芯片/核心半导体) 1.21%; 澜起科技(存储) 1.13%; 中微公司(电芯片/核心半导体) 0.80%; 中芯国际(电芯片/核心半导体) 0.79%
519163,新华增怡债券C,债券型-混合二级,0.00%,1.13%,0.00%,7.33%,8.46%,6,北方华创(电芯片/核心半导体) 3.22%; 寒武纪(电芯片/核心半导体) 1.31%; 海光信息(电芯片/核心半导体) 1.21%; 澜起科技(存储) 1.13%; 中微公司(电芯片/核心半导体) 0.80%; 中芯国际(电芯片/核心半导体) 0.79%
159291,创业板综增强ETF招商,指数型-股票,0.00%,0.00%,8.45%,0.00%,8.45%,3,中际旭创(光芯片/光通信) 4.92%; 新易盛(光芯片/光通信) 2.32%; 天孚通信(光芯片/光通信) 1.21%
001677,中银战略新兴产业股票A,股票型,0.00%,0.00%,8.42%,0.00%,8.42%,2,中际旭创(光芯片/光通信) 4.92%; 新易盛(光芯片/光通信) 3.50%
010812,中银战略新兴产业股票C,股票型,0.00%,0.00%,8.42%,0.00%,8.42%,2,中际旭创(光芯片/光通信) 4.92%; 新易盛(光芯片/光通信) 3.50%
519696,交银环球精选混合(QDII)A,QDII-混合偏股,0.00%,0.00%,0.00%,8.42%,8.42%,2,英伟达(电芯片/核心半导体) 6.26%; 博通(电芯片/核心半导体) 2.16%
001178,前海开源再融资股票,股票型,0.00%,0.00%,0.00%,8.41%,8.41%,1,寒武纪(电芯片/核心半导体) 8.41%
009092,富国新材料新能源混合A,混合型-偏股,0.00%,0.00%,8.41%,0.00%,8.41%,1,中际旭创(光芯片/光通信) 8.41%
014243,富国新材料新能源混合C,混合型-偏股,0.00%,0.00%,8.41%,0.00%,8.41%,1,中际旭创(光芯片/光通信) 8.41%
010925,兴银科技增长1个月滚动混合A,混合型-偏股,0.00%,0.00%,0.00%,8.40%,8.40%,2,海光信息(电芯片/核心半导体) 4.28%; 中芯国际(电芯片/核心半导体) 4.12%
010926,兴银科技增长1个月滚动混合C,混合型-偏股,0.00%,0.00%,0.00%,8.40%,8.40%,2,海光信息(电芯片/核心半导体) 4.28%; 中芯国际(电芯片/核心半导体) 4.12%
017178,摩根中小盘混合C,混合型-偏股,0.00%,0.00%,8.40%,0.00%,8.40%,1,中际旭创(光芯片/光通信) 8.40%
379010,摩根中小盘混合A,混合型-偏股,0.00%,0.00%,8.40%,0.00%,8.40%,1,中际旭创(光芯片/光通信) 8.40%
512330,信息科技ETF南方,指数型-股票,0.00%,6.17%,0.00%,2.23%,8.40%,3,佰维存储(存储) 3.58%; 通富微电(存储) 2.59%; 华海清科(电芯片/核心半导体) 2.23%
015980,光大高端装备混合A,混合型-偏股,0.00%,0.00%,0.00%,8.38%,8.38%,2,海光信息(电芯片/核心半导体) 4.37%; 北方华创(电芯片/核心半导体) 4.01%
015981,光大高端装备混合C,混合型-偏股,0.00%,0.00%,0.00%,8.38%,8.38%,2,海光信息(电芯片/核心半导体) 4.37%; 北方华创(电芯片/核心半导体) 4.01%
009960,银华多元机遇混合,混合型-偏股,0.00%,0.00%,4.23%,4.13%,8.36%,4,海光信息(电芯片/核心半导体) 2.21%; 新易盛(光芯片/光通信) 2.19%; 中际旭创(光芯片/光通信) 2.04%; 华虹半导体(电芯片/核心半导体) 1.92%
012034,广发睿盛混合C,混合型-偏股,0.00%,0.00%,8.36%,0.00%,8.36%,1,长飞光纤光缆(光芯片/光通信) 8.36%
012033,广发睿盛混合A,混合型-偏股,0.00%,0.00%,8.36%,0.00%,8.36%,1,长飞光纤光缆(光芯片/光通信) 8.36%
014185,招商专精特新股票A,股票型,0.00%,0.00%,3.51%,4.85%,8.36%,2,海光信息(电芯片/核心半导体) 4.85%; 天孚通信(光芯片/光通信) 3.51%
014186,招商专精特新股票C,股票型,0.00%,0.00%,3.51%,4.85%,8.36%,2,海光信息(电芯片/核心半导体) 4.85%; 天孚通信(光芯片/光通信) 3.51%
017767,嘉实欣荣混合(LOF)C,混合型-偏股,0.00%,0.00%,8.36%,0.00%,8.36%,1,长飞光纤光缆(光芯片/光通信) 8.36%
501091,嘉实欣荣混合(LOF)A,混合型-偏股,0.00%,0.00%,8.36%,0.00%,8.36%,1,长飞光纤光缆(光芯片/光通信) 8.36%
025841,国泰海通创业板综指增强A,指数型-股票,0.00%,0.00%,8.35%,0.00%,8.35%,3,中际旭创(光芯片/光通信) 4.28%; 新易盛(光芯片/光通信) 2.85%; 天孚通信(光芯片/光通信) 1.22%
025842,国泰海通创业板综指增强C,指数型-股票,0.00%,0.00%,8.35%,0.00%,8.35%,3,中际旭创(光芯片/光通信) 4.28%; 新易盛(光芯片/光通信) 2.85%; 天孚通信(光芯片/光通信) 1.22%
159152,港股通科技ETF平安,指数型-股票,0.00%,0.00%,0.00%,8.35%,8.35%,2,中芯国际(电芯片/核心半导体) 5.36%; 华虹半导体(电芯片/核心半导体) 2.99%
011733,银华瑞祥一年持有期混合,混合型-偏股,0.00%,0.00%,8.34%,0.00%,8.34%,2,新易盛(光芯片/光通信) 4.75%; 中际旭创(光芯片/光通信) 3.59%
015749,博时优享回报混合A,混合型-偏股,0.00%,2.87%,5.46%,0.00%,8.33%,2,中际旭创(光芯片/光通信) 5.46%; 兆易创新(存储) 2.87%
015750,博时优享回报混合C,混合型-偏股,0.00%,2.87%,5.46%,0.00%,8.33%,2,中际旭创(光芯片/光通信) 5.46%; 兆易创新(存储) 2.87%
017087,嘉实ESG可持续投资混合C,混合型-偏股,0.00%,3.46%,0.00%,4.87%,8.33%,3,兆易创新(存储) 3.46%; 思瑞浦(电芯片/核心半导体) 2.45%; 圣邦股份(电芯片/核心半导体) 2.42%
017086,嘉实ESG可持续投资混合A,混合型-偏股,0.00%,3.46%,0.00%,4.87%,8.33%,3,兆易创新(存储) 3.46%; 思瑞浦(电芯片/核心半导体) 2.45%; 圣邦股份(电芯片/核心半导体) 2.42%
008265,南方ESG股票C,股票型,0.00%,0.00%,8.32%,0.00%,8.32%,2,中际旭创(光芯片/光通信) 4.48%; 长飞光纤光缆(光芯片/光通信) 3.84%
008264,南方ESG股票A,股票型,0.00%,0.00%,8.32%,0.00%,8.32%,2,中际旭创(光芯片/光通信) 4.48%; 长飞光纤光缆(光芯片/光通信) 3.84%
013856,嘉实品质发现混合C,混合型-偏股,0.00%,3.47%,0.00%,4.85%,8.32%,3,兆易创新(存储) 3.47%; 思瑞浦(电芯片/核心半导体) 2.43%; 圣邦股份(电芯片/核心半导体) 2.42%
013855,嘉实品质发现混合A,混合型-偏股,0.00%,3.47%,0.00%,4.85%,8.32%,3,兆易创新(存储) 3.47%; 思瑞浦(电芯片/核心半导体) 2.43%; 圣邦股份(电芯片/核心半导体) 2.42%
025559,光大阳光启明星创新驱动混合C,混合型-偏股,0.00%,0.00%,8.30%,0.00%,8.30%,2,中际旭创(光芯片/光通信) 6.08%; 长飞光纤光缆(光芯片/光通信) 2.22%
025560,光大阳光启明星创新驱动混合D,混合型-偏股,0.00%,0.00%,8.30%,0.00%,8.30%,2,中际旭创(光芯片/光通信) 6.08%; 长飞光纤光缆(光芯片/光通信) 2.22%
025558,光大阳光启明星创新驱动混合A,混合型-偏股,0.00%,0.00%,8.30%,0.00%,8.30%,2,中际旭创(光芯片/光通信) 6.08%; 长飞光纤光缆(光芯片/光通信) 2.22%
519091,新华泛资源优势混合,混合型-灵活,0.00%,2.69%,0.00%,5.60%,8.29%,2,海光信息(电芯片/核心半导体) 5.60%; 兆易创新(存储) 2.69%
005802,汇添富智能制造股票A,股票型,0.00%,0.00%,0.00%,8.28%,8.28%,1,中芯国际(电芯片/核心半导体) 8.28%
008110,九泰科盈价值混合A,混合型-灵活,0.00%,0.00%,0.00%,8.28%,8.28%,1,北方华创(电芯片/核心半导体) 8.28%
008136,九泰科盈价值混合C,混合型-灵活,0.00%,0.00%,0.00%,8.28%,8.28%,1,北方华创(电芯片/核心半导体) 8.28%
015197,汇添富智能制造股票D,股票型,0.00%,0.00%,0.00%,8.28%,8.28%,1,中芯国际(电芯片/核心半导体) 8.28%
015196,汇添富智能制造股票C,股票型,0.00%,0.00%,0.00%,8.28%,8.28%,1,中芯国际(电芯片/核心半导体) 8.28%
000066,诺安鸿鑫混合A,混合型-偏股,0.00%,0.00%,4.10%,4.18%,8.28%,2,芯原股份(电芯片/核心半导体) 4.18%; 中际旭创(光芯片/光通信) 4.10%
014498,诺安鸿鑫混合C,混合型-偏股,0.00%,0.00%,4.10%,4.18%,8.28%,2,芯原股份(电芯片/核心半导体) 4.18%; 中际旭创(光芯片/光通信) 4.10%
010383,宝盈基础产业混合A,混合型-偏股,0.00%,0.00%,4.55%,3.72%,8.27%,2,中际旭创(光芯片/光通信) 4.55%; 华润微(电芯片/核心半导体) 3.72%
010384,宝盈基础产业混合C,混合型-偏股,0.00%,0.00%,4.55%,3.72%,8.27%,2,中际旭创(光芯片/光通信) 4.55%; 华润微(电芯片/核心半导体) 3.72%
013465,博时智选量化多因子股票A,股票型,0.00%,8.25%,0.00%,0.00%,8.25%,1,澜起科技(存储) 8.25%
013466,博时智选量化多因子股票C,股票型,0.00%,8.25%,0.00%,0.00%,8.25%,1,澜起科技(存储) 8.25%
018727,广发匠心优选三年持有混合发起式C,混合型-偏股,0.00%,0.00%,8.25%,0.00%,8.25%,2,中际旭创(光芯片/光通信) 4.16%; 新易盛(光芯片/光通信) 4.09%
018726,广发匠心优选三年持有混合发起式A,混合型-偏股,0.00%,0.00%,8.25%,0.00%,8.25%,2,中际旭创(光芯片/光通信) 4.16%; 新易盛(光芯片/光通信) 4.09%
024670,华商中证800指数增强C,指数型-股票,0.00%,2.58%,5.64%,0.00%,8.22%,3,中际旭创(光芯片/光通信) 3.33%; 兆易创新(存储) 2.58%; 新易盛(光芯片/光通信) 2.31%
024669,华商中证800指数增强A,指数型-股票,0.00%,2.58%,5.64%,0.00%,8.22%,3,中际旭创(光芯片/光通信) 3.33%; 兆易创新(存储) 2.58%; 新易盛(光芯片/光通信) 2.31%
001117,中欧精选定期开放混合A,混合型-灵活,0.00%,0.00%,8.21%,0.00%,8.21%,1,中际旭创(光芯片/光通信) 8.21%
001890,中欧精选定期开放混合E,混合型-灵活,0.00%,0.00%,8.21%,0.00%,8.21%,1,中际旭创(光芯片/光通信) 8.21%
009531,九泰锐和18个月定开混合,混合型-偏股,0.00%,0.00%,0.00%,8.18%,8.18%,1,北方华创(电芯片/核心半导体) 8.18%
025428,东方红研究精选混合A,混合型-偏股,0.00%,0.00%,8.17%,0.00%,8.17%,2,新易盛(光芯片/光通信) 4.28%; 中际旭创(光芯片/光通信) 3.89%
025429,东方红研究精选混合C,混合型-偏股,0.00%,0.00%,8.17%,0.00%,8.17%,2,新易盛(光芯片/光通信) 4.28%; 中际旭创(光芯片/光通信) 3.89%
005534,华夏新时代混合人民币(QDII),QDII-混合灵活,0.00%,0.00%,8.17%,0.00%,8.17%,2,Lumentum Holdings Inc(光芯片/光通信) 5.35%; Coherent Corp(光芯片/光通信) 2.82%
012924,华夏新时代混合美元现汇(QDII),QDII-混合灵活,0.00%,0.00%,8.17%,0.00%,8.17%,2,Lumentum Holdings Inc(光芯片/光通信) 5.35%; Coherent Corp(光芯片/光通信) 2.82%
012925,华夏新时代混合美元现钞(QDII),QDII-混合灵活,0.00%,0.00%,8.17%,0.00%,8.17%,2,Lumentum Holdings Inc(光芯片/光通信) 5.35%; Coherent Corp(光芯片/光通信) 2.82%
008181,同泰慧利混合C,混合型-偏股,0.00%,0.00%,0.00%,8.16%,8.16%,1,复旦微电(电芯片/核心半导体) 8.16%
008180,同泰慧利混合A,混合型-偏股,0.00%,0.00%,0.00%,8.16%,8.16%,1,复旦微电(电芯片/核心半导体) 8.16%
021502,信澳科技驱动混合C,混合型-偏股,0.00%,0.00%,0.00%,8.16%,8.16%,2,恒玄科技(电芯片/核心半导体) 4.33%; 晶晨股份(电芯片/核心半导体) 3.83%
021501,信澳科技驱动混合A,混合型-偏股,0.00%,0.00%,0.00%,8.16%,8.16%,2,恒玄科技(电芯片/核心半导体) 4.33%; 晶晨股份(电芯片/核心半导体) 3.83%
159912,深300ETF汇添富,指数型-股票,0.00%,0.00%,6.82%,1.33%,8.15%,3,中际旭创(光芯片/光通信) 3.78%; 新易盛(光芯片/光通信) 3.04%; 北方华创(电芯片/核心半导体) 1.33%
006879,华安智能生活混合A,混合型-偏股,0.00%,0.00%,8.15%,0.00%,8.15%,2,中际旭创(光芯片/光通信) 4.09%; 新易盛(光芯片/光通信) 4.06%
013621,华安智能生活混合C,混合型-偏股,0.00%,0.00%,8.15%,0.00%,8.15%,2,中际旭创(光芯片/光通信) 4.09%; 新易盛(光芯片/光通信) 4.06%
017987,易方达国企主题混合A,混合型-偏股,0.00%,0.00%,8.15%,0.00%,8.15%,2,天孚通信(光芯片/光通信) 6.77%; 长飞光纤光缆(光芯片/光通信) 1.38%
017988,易方达国企主题混合C,混合型-偏股,0.00%,0.00%,8.15%,0.00%,8.15%,2,天孚通信(光芯片/光通信) 6.77%; 长飞光纤光缆(光芯片/光通信) 1.38%
000534,长盛高端装备混合A,混合型-灵活,0.00%,0.00%,3.98%,4.14%,8.12%,2,寒武纪(电芯片/核心半导体) 4.14%; 中际旭创(光芯片/光通信) 3.98%
017485,长盛高端装备混合C,混合型-灵活,0.00%,0.00%,3.98%,4.14%,8.12%,2,寒武纪(电芯片/核心半导体) 4.14%; 中际旭创(光芯片/光通信) 3.98%
018775,汇添富华证专精特新100指数发起式C,指数型-股票,0.00%,0.00%,0.00%,8.12%,8.12%,2,圣邦股份(电芯片/核心半导体) 4.56%; 海光信息(电芯片/核心半导体) 3.56%
018774,汇添富华证专精特新100指数发起式A,指数型-股票,0.00%,0.00%,0.00%,8.12%,8.12%,2,圣邦股份(电芯片/核心半导体) 4.56%; 海光信息(电芯片/核心半导体) 3.56%
011790,建信创新驱动混合,混合型-偏股,0.00%,0.00%,8.10%,0.00%,8.10%,2,新易盛(光芯片/光通信) 4.25%; 中际旭创(光芯片/光通信) 3.85%
000308,建信创新中国混合,混合型-偏股,0.00%,0.00%,8.09%,0.00%,8.09%,2,新易盛(光芯片/光通信) 4.89%; 中际旭创(光芯片/光通信) 3.20%
014509,汇添富先进制造混合C,混合型-偏股,0.00%,0.00%,0.00%,8.09%,8.09%,1,中芯国际(电芯片/核心半导体) 8.09%
014508,汇添富先进制造混合A,混合型-偏股,0.00%,0.00%,0.00%,8.09%,8.09%,1,中芯国际(电芯片/核心半导体) 8.09%
014755,华安景气优选混合C,混合型-偏股,0.00%,0.00%,8.08%,0.00%,8.08%,2,中际旭创(光芯片/光通信) 4.11%; 新易盛(光芯片/光通信) 3.97%
014754,华安景气优选混合A,混合型-偏股,0.00%,0.00%,8.08%,0.00%,8.08%,2,中际旭创(光芯片/光通信) 4.11%; 新易盛(光芯片/光通信) 3.97%
011682,汇添富均衡精选六个月持有混合C,混合型-偏股,0.00%,0.00%,5.44%,2.63%,8.07%,2,长飞光纤光缆(光芯片/光通信) 5.44%; 华虹半导体(电芯片/核心半导体) 2.63%
011681,汇添富均衡精选六个月持有混合A,混合型-偏股,0.00%,0.00%,5.44%,2.63%,8.07%,2,长飞光纤光缆(光芯片/光通信) 5.44%; 华虹半导体(电芯片/核心半导体) 2.63%
017303,华安景气领航混合A,混合型-偏股,0.00%,0.00%,8.06%,0.00%,8.06%,2,新易盛(光芯片/光通信) 4.03%; 中际旭创(光芯片/光通信) 4.03%
017304,华安景气领航混合C,混合型-偏股,0.00%,0.00%,8.06%,0.00%,8.06%,2,新易盛(光芯片/光通信) 4.03%; 中际旭创(光芯片/光通信) 4.03%
007460,华安成长创新混合A,混合型-偏股,0.00%,0.00%,8.05%,0.00%,8.05%,2,中际旭创(光芯片/光通信) 4.05%; 新易盛(光芯片/光通信) 4.00%
009693,富国积极成长一年定开混合,混合型-偏股,0.00%,0.00%,8.05%,0.00%,8.05%,2,新易盛(光芯片/光通信) 4.93%; 中际旭创(光芯片/光通信) 3.12%
016099,华安成长创新混合C,混合型-偏股,0.00%,0.00%,8.05%,0.00%,8.05%,2,中际旭创(光芯片/光通信) 4.05%; 新易盛(光芯片/光通信) 4.00%
016204,东方沪深300指数增强A,指数型-股票,0.00%,0.00%,8.04%,0.00%,8.04%,3,中际旭创(光芯片/光通信) 3.77%; 新易盛(光芯片/光通信) 3.02%; 源杰科技(光芯片/光通信) 1.25%
016205,东方沪深300指数增强C,指数型-股票,0.00%,0.00%,8.04%,0.00%,8.04%,3,中际旭创(光芯片/光通信) 3.77%; 新易盛(光芯片/光通信) 3.02%; 源杰科技(光芯片/光通信) 1.25%
018057,金鹰行业优势混合C,混合型-偏股,0.00%,8.03%,0.00%,0.00%,8.03%,2,澜起科技(存储) 4.14%; 长电科技(存储) 3.89%
210003,金鹰行业优势混合A,混合型-偏股,0.00%,8.03%,0.00%,0.00%,8.03%,2,澜起科技(存储) 4.14%; 长电科技(存储) 3.89%
006813,博时汇悦回报混合,混合型-偏股,0.00%,2.85%,5.18%,0.00%,8.03%,2,中际旭创(光芯片/光通信) 5.18%; 兆易创新(存储) 2.85%
000800,华商未来主题混合,混合型-偏股,0.00%,0.00%,0.00%,8.02%,8.02%,2,北方华创(电芯片/核心半导体) 4.41%; 中微公司(电芯片/核心半导体) 3.61%
700002,平安深证300指数增强,指数型-股票,0.00%,0.00%,6.73%,1.29%,8.02%,3,中际旭创(光芯片/光通信) 3.62%; 新易盛(光芯片/光通信) 3.11%; 北方华创(电芯片/核心半导体) 1.29%
270006,广发策略优选混合,混合型-灵活,0.00%,0.00%,8.01%,0.00%,8.01%,2,中际旭创(光芯片/光通信) 4.02%; 新易盛(光芯片/光通信) 3.99%
512960,央企结构调整ETF博时,指数型-股票,0.00%,4.35%,0.00%,3.64%,7.99%,2,澜起科技(存储) 4.35%; 中芯国际(电芯片/核心半导体) 3.64%
013328,嘉实全球价值股票(QDII)人民币,QDII-普通股票,0.00%,0.00%,0.00%,7.98%,7.98%,3,英伟达(电芯片/核心半导体) 4.59%; 台积电(电芯片/核心半导体) 2.18%; 博通(电芯片/核心半导体) 1.21%
013329,嘉实全球价值股票(QDII)美元现汇,QDII-普通股票,0.00%,0.00%,0.00%,7.98%,7.98%,3,英伟达(电芯片/核心半导体) 4.59%; 台积电(电芯片/核心半导体) 2.18%; 博通(电芯片/核心半导体) 1.21%
159288,创业板综ETF银华,指数型-股票,0.00%,0.00%,7.97%,0.00%,7.97%,3,中际旭创(光芯片/光通信) 4.18%; 新易盛(光芯片/光通信) 2.37%; 天孚通信(光芯片/光通信) 1.42%
003054,嘉实文体娱乐股票C,股票型,0.00%,7.97%,0.00%,0.00%,7.97%,1,兆易创新(存储) 7.97%
003053,嘉实文体娱乐股票A,股票型,0.00%,7.97%,0.00%,0.00%,7.97%,1,兆易创新(存储) 7.97%
008317,光大睿盈混合A,混合型-偏股,0.00%,0.00%,0.00%,7.97%,7.97%,2,寒武纪(电芯片/核心半导体) 4.33%; 海光信息(电芯片/核心半导体) 3.64%
018464,光大睿盈混合C,混合型-偏股,0.00%,0.00%,0.00%,7.97%,7.97%,2,寒武纪(电芯片/核心半导体) 4.33%; 海光信息(电芯片/核心半导体) 3.64%
001938,中欧时代先锋股票A,股票型,0.00%,0.00%,7.96%,0.00%,7.96%,2,中际旭创(光芯片/光通信) 5.09%; 新易盛(光芯片/光通信) 2.87%
004241,中欧时代先锋股票C,股票型,0.00%,0.00%,7.96%,0.00%,7.96%,2,中际旭创(光芯片/光通信) 5.09%; 新易盛(光芯片/光通信) 2.87%
018868,兴全品质甄选混合A,混合型-偏股,0.00%,0.00%,7.96%,0.00%,7.96%,2,中际旭创(光芯片/光通信) 4.14%; 新易盛(光芯片/光通信) 3.82%
018869,兴全品质甄选混合C,混合型-偏股,0.00%,0.00%,7.96%,0.00%,7.96%,2,中际旭创(光芯片/光通信) 4.14%; 新易盛(光芯片/光通信) 3.82%
009030,工银高质量成长混合C,混合型-偏股,0.00%,0.00%,0.00%,7.95%,7.95%,1,中芯国际(电芯片/核心半导体) 7.95%
009029,工银高质量成长混合A,混合型-偏股,0.00%,0.00%,0.00%,7.95%,7.95%,1,中芯国际(电芯片/核心半导体) 7.95%
512950,央企改革ETF华夏,指数型-股票,0.00%,4.33%,0.00%,3.62%,7.95%,2,澜起科技(存储) 4.33%; 中芯国际(电芯片/核心半导体) 3.62%
001291,大摩量化多策略股票,股票型,0.00%,0.00%,6.36%,1.58%,7.94%,3,中际旭创(光芯片/光通信) 3.52%; 新易盛(光芯片/光通信) 2.84%; 寒武纪(电芯片/核心半导体) 1.58%
012147,富国大盘核心资产混合,混合型-偏股,0.00%,0.00%,7.94%,0.00%,7.94%,2,中际旭创(光芯片/光通信) 4.47%; 新易盛(光芯片/光通信) 3.47%
016903,鑫元欣悦混合C,混合型-偏股,0.00%,0.00%,0.00%,7.94%,7.94%,1,中芯国际(电芯片/核心半导体) 7.94%
016902,鑫元欣悦混合A,混合型-偏股,0.00%,0.00%,0.00%,7.94%,7.94%,1,中芯国际(电芯片/核心半导体) 7.94%
159959,央企ETF银华,指数型-股票,0.00%,4.32%,0.00%,3.62%,7.94%,2,澜起科技(存储) 4.32%; 中芯国际(电芯片/核心半导体) 3.62%
560006,益民核心增长混合,混合型-灵活,0.00%,0.00%,7.94%,0.00%,7.94%,3,光迅科技(光芯片/光通信) 3.06%; 光库科技(光芯片/光通信) 2.81%; 仕佳光子(光芯片/光通信) 2.07%
015105,博道研究恒选混合C,混合型-偏股,0.00%,0.00%,7.92%,0.00%,7.92%,3,中际旭创(光芯片/光通信) 3.85%; 源杰科技(光芯片/光通信) 2.45%; 新易盛(光芯片/光通信) 1.62%
015104,博道研究恒选混合A,混合型-偏股,0.00%,0.00%,7.92%,0.00%,7.92%,3,中际旭创(光芯片/光通信) 3.85%; 源杰科技(光芯片/光通信) 2.45%; 新易盛(光芯片/光通信) 1.62%
017655,嘉实价值丰裕混合A,混合型-偏股,0.00%,0.00%,7.92%,0.00%,7.92%,1,长飞光纤光缆(光芯片/光通信) 7.92%
017656,嘉实价值丰裕混合C,混合型-偏股,0.00%,0.00%,7.92%,0.00%,7.92%,1,长飞光纤光缆(光芯片/光通信) 7.92%
003561,诺德成长精选A,混合型-灵活,0.00%,0.00%,7.91%,0.00%,7.91%,2,新易盛(光芯片/光通信) 3.96%; 中际旭创(光芯片/光通信) 3.95%
003562,诺德成长精选C,混合型-灵活,0.00%,0.00%,7.91%,0.00%,7.91%,2,新易盛(光芯片/光通信) 3.96%; 中际旭创(光芯片/光通信) 3.95%
008072,景顺长城创业板综指增强A,指数型-股票,0.00%,0.00%,7.91%,0.00%,7.91%,3,中际旭创(光芯片/光通信) 4.16%; 新易盛(光芯片/光通信) 2.77%; 天孚通信(光芯片/光通信) 0.98%
014061,浦银安盛新兴产业混合C,混合型-灵活,0.00%,0.00%,7.91%,0.00%,7.91%,1,新易盛(光芯片/光通信) 7.91%
014236,淳厚时代优选混合C,混合型-偏股,0.00%,2.80%,5.11%,0.00%,7.91%,3,兆易创新(存储) 2.80%; 中际旭创(光芯片/光通信) 2.68%; 新易盛(光芯片/光通信) 2.43%
014235,淳厚时代优选混合A,混合型-偏股,0.00%,2.80%,5.11%,0.00%,7.91%,3,兆易创新(存储) 2.80%; 中际旭创(光芯片/光通信) 2.68%; 新易盛(光芯片/光通信) 2.43%
019239,景顺长城创业板综指增强C,指数型-股票,0.00%,0.00%,7.91%,0.00%,7.91%,3,中际旭创(光芯片/光通信) 4.16%; 新易盛(光芯片/光通信) 2.77%; 天孚通信(光芯片/光通信) 0.98%
519120,浦银安盛新兴产业混合A,混合型-灵活,0.00%,0.00%,7.91%,0.00%,7.91%,1,新易盛(光芯片/光通信) 7.91%
570005,诺德成长优势混合,混合型-偏股,0.00%,0.00%,7.91%,0.00%,7.91%,2,新易盛(光芯片/光通信) 3.97%; 中际旭创(光芯片/光通信) 3.94%
005627,富国中证高端制造指数增强型(LOF)C,指数型-股票,0.00%,0.00%,6.35%,1.55%,7.90%,3,中际旭创(光芯片/光通信) 3.76%; 新易盛(光芯片/光通信) 2.59%; 寒武纪(电芯片/核心半导体) 1.55%
161037,富国中证高端制造指数增强型(LOF)A,指数型-股票,0.00%,0.00%,6.35%,1.55%,7.90%,3,中际旭创(光芯片/光通信) 3.76%; 新易盛(光芯片/光通信) 2.59%; 寒武纪(电芯片/核心半导体) 1.55%
025929,恒生前海成长先锋混合C,混合型-偏股,0.00%,2.60%,5.28%,0.00%,7.88%,3,源杰科技(光芯片/光通信) 2.65%; 长光华芯(光芯片/光通信) 2.63%; 佰维存储(存储) 2.60%
025928,恒生前海成长先锋混合A,混合型-偏股,0.00%,2.60%,5.28%,0.00%,7.88%,3,源杰科技(光芯片/光通信) 2.65%; 长光华芯(光芯片/光通信) 2.63%; 佰维存储(存储) 2.60%
012036,诺德兴远优选一年持有混合,混合型-平衡,0.00%,0.00%,7.88%,0.00%,7.88%,2,新易盛(光芯片/光通信) 3.96%; 中际旭创(光芯片/光通信) 3.92%
009598,景顺长城科创三年定开混合,混合型-灵活,0.00%,0.00%,7.87%,0.00%,7.87%,2,中际旭创(光芯片/光通信) 4.57%; 新易盛(光芯片/光通信) 3.30%
006315,国联策略优选混合C,混合型-偏股,0.00%,2.60%,5.27%,0.00%,7.87%,3,源杰科技(光芯片/光通信) 2.65%; 长光华芯(光芯片/光通信) 2.62%; 佰维存储(存储) 2.60%
006314,国联策略优选混合A,混合型-偏股,0.00%,2.60%,5.27%,0.00%,7.87%,3,源杰科技(光芯片/光通信) 2.65%; 长光华芯(光芯片/光通信) 2.62%; 佰维存储(存储) 2.60%
022039,兴银数字经济智选混合发起C,混合型-偏股,0.00%,0.00%,0.00%,7.85%,7.85%,2,中芯国际(电芯片/核心半导体) 3.98%; 海光信息(电芯片/核心半导体) 3.87%
022038,兴银数字经济智选混合发起A,混合型-偏股,0.00%,0.00%,0.00%,7.85%,7.85%,2,中芯国际(电芯片/核心半导体) 3.98%; 海光信息(电芯片/核心半导体) 3.87%
003447,英大睿鑫C,混合型-灵活,0.00%,0.00%,0.00%,7.83%,7.83%,1,寒武纪(电芯片/核心半导体) 7.83%
003446,英大睿鑫A,混合型-灵活,0.00%,0.00%,0.00%,7.83%,7.83%,1,寒武纪(电芯片/核心半导体) 7.83%
010596,广发成长精选混合C,混合型-偏股,0.00%,7.82%,0.00%,0.00%,7.82%,1,兆易创新(存储) 7.82%
010595,广发成长精选混合A,混合型-偏股,0.00%,7.82%,0.00%,0.00%,7.82%,1,兆易创新(存储) 7.82%
004707,景顺长城睿成混合A,混合型-灵活,0.00%,0.00%,0.00%,7.80%,7.80%,2,寒武纪(电芯片/核心半导体) 3.92%; 中芯国际(电芯片/核心半导体) 3.88%
004719,景顺长城睿成混合C,混合型-灵活,0.00%,0.00%,0.00%,7.80%,7.80%,2,寒武纪(电芯片/核心半导体) 3.92%; 中芯国际(电芯片/核心半导体) 3.88%
016524,招商均衡成长混合A,混合型-偏股,0.00%,0.00%,0.00%,7.80%,7.80%,1,复旦微电(电芯片/核心半导体) 7.80%
016525,招商均衡成长混合C,混合型-偏股,0.00%,0.00%,0.00%,7.80%,7.80%,1,复旦微电(电芯片/核心半导体) 7.80%
015722,长城中小盘成长混合C,混合型-偏股,0.00%,0.00%,7.79%,0.00%,7.79%,2,中际旭创(光芯片/光通信) 4.04%; 新易盛(光芯片/光通信) 3.75%
200012,长城中小盘成长混合A,混合型-偏股,0.00%,0.00%,7.79%,0.00%,7.79%,2,中际旭创(光芯片/光通信) 4.04%; 新易盛(光芯片/光通信) 3.75%
001694,华安沪港深外延增长灵活配置混合A,混合型-灵活,0.00%,0.00%,7.78%,0.00%,7.78%,2,新易盛(光芯片/光通信) 4.00%; 中际旭创(光芯片/光通信) 3.78%
014972,华安沪港深外延增长灵活配置混合C,混合型-灵活,0.00%,0.00%,7.78%,0.00%,7.78%,2,新易盛(光芯片/光通信) 4.00%; 中际旭创(光芯片/光通信) 3.78%
015586,东方匠心优选混合A,混合型-偏股,0.00%,0.00%,0.00%,7.78%,7.78%,1,华海清科(电芯片/核心半导体) 7.78%
015587,东方匠心优选混合C,混合型-偏股,0.00%,0.00%,0.00%,7.78%,7.78%,1,华海清科(电芯片/核心半导体) 7.78%
016297,中欧丰泰港股通混合A,混合型-偏股,0.00%,0.00%,0.00%,7.78%,7.78%,1,华虹半导体(电芯片/核心半导体) 7.78%
016298,中欧丰泰港股通混合C,混合型-偏股,0.00%,0.00%,0.00%,7.78%,7.78%,1,华虹半导体(电芯片/核心半导体) 7.78%
019570,诺安行业轮动混合C,混合型-偏股,0.00%,0.00%,0.00%,7.77%,7.77%,2,北方华创(电芯片/核心半导体) 3.97%; 华海清科(电芯片/核心半导体) 3.80%
320015,诺安行业轮动混合A,混合型-偏股,0.00%,0.00%,0.00%,7.77%,7.77%,2,北方华创(电芯片/核心半导体) 3.97%; 华海清科(电芯片/核心半导体) 3.80%
004745,长盛创新驱动混合A,混合型-灵活,0.00%,0.00%,3.91%,3.84%,7.75%,2,中际旭创(光芯片/光通信) 3.91%; 寒武纪(电芯片/核心半导体) 3.84%
018237,长盛创新驱动混合C,混合型-灵活,0.00%,0.00%,3.91%,3.84%,7.75%,2,中际旭创(光芯片/光通信) 3.91%; 寒武纪(电芯片/核心半导体) 3.84%
004746,易方达上证50增强C,指数型-股票,0.00%,4.74%,0.00%,2.98%,7.72%,2,澜起科技(存储) 4.74%; 豪威集团(电芯片/核心半导体) 2.98%
022933,易方达上证50增强Y,指数型-股票,0.00%,4.74%,0.00%,2.98%,7.72%,2,澜起科技(存储) 4.74%; 豪威集团(电芯片/核心半导体) 2.98%
110003,易方达上证50增强A,指数型-股票,0.00%,4.74%,0.00%,2.98%,7.72%,2,澜起科技(存储) 4.74%; 豪威集团(电芯片/核心半导体) 2.98%
004740,中欧瑞丰灵活配置混合C,混合型-灵活,0.00%,0.00%,7.70%,0.00%,7.70%,2,新易盛(光芯片/光通信) 4.60%; 中际旭创(光芯片/光通信) 3.10%
166023,中欧瑞丰灵活配置混合(LOF)A,混合型-灵活,0.00%,0.00%,7.70%,0.00%,7.70%,2,新易盛(光芯片/光通信) 4.60%; 中际旭创(光芯片/光通信) 3.10%
006537,恒生前海港股通精选混合,混合型-偏股,0.00%,0.00%,0.00%,7.69%,7.69%,2,中芯国际(电芯片/核心半导体) 4.70%; 华虹半导体(电芯片/核心半导体) 2.99%
014587,华安中证500指数增强A,指数型-股票,0.00%,1.77%,4.10%,1.82%,7.69%,6,佰维存储(存储) 1.77%; 新易盛(光芯片/光通信) 1.58%; 华工科技(光芯片/光通信) 1.55%; 思特威(电芯片/核心半导体) 1.10%; 光迅科技(光芯片/光通信) 0.97%; 芯原股份(电芯片/核心半导体) 0.72%
014588,华安中证500指数增强C,指数型-股票,0.00%,1.77%,4.10%,1.82%,7.69%,6,佰维存储(存储) 1.77%; 新易盛(光芯片/光通信) 1.58%; 华工科技(光芯片/光通信) 1.55%; 思特威(电芯片/核心半导体) 1.10%; 光迅科技(光芯片/光通信) 0.97%; 芯原股份(电芯片/核心半导体) 0.72%
021179,易方达产业机遇混合A,混合型-偏股,0.00%,0.00%,0.00%,7.68%,7.68%,1,芯原股份(电芯片/核心半导体) 7.68%
021180,易方达产业机遇混合C,混合型-偏股,0.00%,0.00%,0.00%,7.68%,7.68%,1,芯原股份(电芯片/核心半导体) 7.68%
000589,光大银发商机混合A,混合型-偏股,0.00%,3.92%,0.00%,3.75%,7.67%,2,兆易创新(存储) 3.92%; 北方华创(电芯片/核心半导体) 3.75%
019440,光大银发商机混合C,混合型-偏股,0.00%,3.92%,0.00%,3.75%,7.67%,2,兆易创新(存储) 3.92%; 北方华创(电芯片/核心半导体) 3.75%
000294,华安生态优先混合A,混合型-偏股,0.00%,0.00%,7.65%,0.00%,7.65%,2,中际旭创(光芯片/光通信) 4.16%; 天孚通信(光芯片/光通信) 3.49%
014977,华安生态优先混合C,混合型-偏股,0.00%,0.00%,7.65%,0.00%,7.65%,2,中际旭创(光芯片/光通信) 4.16%; 天孚通信(光芯片/光通信) 3.49%
012968,广发行业严选三年持有期混合C,混合型-偏股,0.00%,0.00%,7.65%,0.00%,7.65%,2,德科立(光芯片/光通信) 4.02%; 天孚通信(光芯片/光通信) 3.63%
012967,广发行业严选三年持有期混合A,混合型-偏股,0.00%,0.00%,7.65%,0.00%,7.65%,2,德科立(光芯片/光通信) 4.02%; 天孚通信(光芯片/光通信) 3.63%
011925,嘉实港股互联网产业核心资产C,混合型-偏股,0.00%,0.00%,3.43%,4.21%,7.64%,2,华虹半导体(电芯片/核心半导体) 4.21%; 长飞光纤光缆(光芯片/光通信) 3.43%
011924,嘉实港股互联网产业核心资产A,混合型-偏股,0.00%,0.00%,3.43%,4.21%,7.64%,2,华虹半导体(电芯片/核心半导体) 4.21%; 长飞光纤光缆(光芯片/光通信) 3.43%
014177,华安景气驱动一年持有混合A,混合型-偏股,0.00%,0.00%,7.64%,0.00%,7.64%,2,中际旭创(光芯片/光通信) 3.82%; 新易盛(光芯片/光通信) 3.82%
014178,华安景气驱动一年持有混合C,混合型-偏股,0.00%,0.00%,7.64%,0.00%,7.64%,2,中际旭创(光芯片/光通信) 3.82%; 新易盛(光芯片/光通信) 3.82%
018077,光大优势配置混合C,混合型-偏股,0.00%,0.00%,0.00%,7.64%,7.64%,2,寒武纪(电芯片/核心半导体) 4.29%; 海光信息(电芯片/核心半导体) 3.35%
360007,光大优势配置混合A,混合型-偏股,0.00%,0.00%,0.00%,7.64%,7.64%,2,寒武纪(电芯片/核心半导体) 4.29%; 海光信息(电芯片/核心半导体) 3.35%
004947,汇添富盈润混合C,混合型-偏债,0.00%,3.68%,2.91%,1.03%,7.62%,5,澜起科技(存储) 2.25%; 新易盛(光芯片/光通信) 1.77%; 兆易创新(存储) 1.43%; 中际旭创(光芯片/光通信) 1.14%; 思瑞浦(电芯片/核心半导体) 1.03%
004946,汇添富盈润混合A,混合型-偏债,0.00%,3.68%,2.91%,1.03%,7.62%,5,澜起科技(存储) 2.25%; 新易盛(光芯片/光通信) 1.77%; 兆易创新(存储) 1.43%; 中际旭创(光芯片/光通信) 1.14%; 思瑞浦(电芯片/核心半导体) 1.03%
040016,华安行业轮动混合,混合型-偏股,0.00%,0.00%,7.61%,0.00%,7.61%,2,新易盛(光芯片/光通信) 3.83%; 中际旭创(光芯片/光通信) 3.78%
014336,金鹰元丰债券C,债券型-混合二级,0.00%,3.08%,2.98%,1.54%,7.60%,5,普冉股份(存储) 1.75%; 芯原股份(电芯片/核心半导体) 1.54%; 德科立(光芯片/光通信) 1.52%; 长芯博创(光芯片/光通信) 1.46%; 兆易创新(存储) 1.33%
022568,金鹰元丰债券D,债券型-混合二级,0.00%,3.08%,2.98%,1.54%,7.60%,5,普冉股份(存储) 1.75%; 芯原股份(电芯片/核心半导体) 1.54%; 德科立(光芯片/光通信) 1.52%; 长芯博创(光芯片/光通信) 1.46%; 兆易创新(存储) 1.33%
210014,金鹰元丰债券A,债券型-混合二级,0.00%,3.08%,2.98%,1.54%,7.60%,5,普冉股份(存储) 1.75%; 芯原股份(电芯片/核心半导体) 1.54%; 德科立(光芯片/光通信) 1.52%; 长芯博创(光芯片/光通信) 1.46%; 兆易创新(存储) 1.33%
017400,贝莱德行业优选混合A,混合型-偏股,0.00%,0.00%,3.95%,3.64%,7.59%,2,中际旭创(光芯片/光通信) 3.95%; 中微公司(电芯片/核心半导体) 3.64%
017401,贝莱德行业优选混合C,混合型-偏股,0.00%,0.00%,3.95%,3.64%,7.59%,2,中际旭创(光芯片/光通信) 3.95%; 中微公司(电芯片/核心半导体) 3.64%
561500,漂亮50ETF华泰柏瑞,指数型-股票,0.00%,0.00%,4.80%,2.79%,7.59%,2,天孚通信(光芯片/光通信) 4.80%; 豪威集团(电芯片/核心半导体) 2.79%
001125,博时互联网主题灵活配置混合,混合型-灵活,0.00%,0.00%,5.37%,2.21%,7.58%,2,新易盛(光芯片/光通信) 5.37%; 华海清科(电芯片/核心半导体) 2.21%
023609,光大中证A500指数A,指数型-股票,0.00%,0.00%,4.28%,3.28%,7.56%,5,中际旭创(光芯片/光通信) 2.31%; 新易盛(光芯片/光通信) 1.97%; 寒武纪(电芯片/核心半导体) 1.16%; 海光信息(电芯片/核心半导体) 1.07%; 北方华创(电芯片/核心半导体) 1.05%
023610,光大中证A500指数C,指数型-股票,0.00%,0.00%,4.28%,3.28%,7.56%,5,中际旭创(光芯片/光通信) 2.31%; 新易盛(光芯片/光通信) 1.97%; 寒武纪(电芯片/核心半导体) 1.16%; 海光信息(电芯片/核心半导体) 1.07%; 北方华创(电芯片/核心半导体) 1.05%
013427,贝莱德中国新视野混合C,混合型-偏股,0.00%,0.00%,4.17%,3.38%,7.55%,2,中际旭创(光芯片/光通信) 4.17%; 中微公司(电芯片/核心半导体) 3.38%
013426,贝莱德中国新视野混合A,混合型-偏股,0.00%,0.00%,4.17%,3.38%,7.55%,2,中际旭创(光芯片/光通信) 4.17%; 中微公司(电芯片/核心半导体) 3.38%
017639,景顺长城景气优选一年持有期混合A,混合型-偏股,0.00%,0.00%,0.00%,7.54%,7.54%,2,中芯国际(电芯片/核心半导体) 4.49%; 北方华创(电芯片/核心半导体) 3.05%
017640,景顺长城景气优选一年持有期混合C,混合型-偏股,0.00%,0.00%,0.00%,7.54%,7.54%,2,中芯国际(电芯片/核心半导体) 4.49%; 北方华创(电芯片/核心半导体) 3.05%
340007,兴全社会责任混合,混合型-偏股,0.00%,0.00%,7.53%,0.00%,7.53%,2,中际旭创(光芯片/光通信) 3.86%; 新易盛(光芯片/光通信) 3.67%
014653,建信卓越成长一年持有混合A,混合型-偏股,0.00%,0.00%,7.49%,0.00%,7.49%,2,中际旭创(光芯片/光通信) 3.78%; 新易盛(光芯片/光通信) 3.71%
014654,建信卓越成长一年持有混合C,混合型-偏股,0.00%,0.00%,7.49%,0.00%,7.49%,2,中际旭创(光芯片/光通信) 3.78%; 新易盛(光芯片/光通信) 3.71%
026149,鹏华上证科创板100指数增强I,指数型-股票,0.00%,1.27%,3.32%,2.90%,7.49%,4,源杰科技(光芯片/光通信) 3.32%; 中微公司(电芯片/核心半导体) 1.55%; 复旦微电(电芯片/核心半导体) 1.35%; 澜起科技(存储) 1.27%
026148,鹏华上证科创板100指数增强C,指数型-股票,0.00%,1.27%,3.32%,2.90%,7.49%,4,源杰科技(光芯片/光通信) 3.32%; 中微公司(电芯片/核心半导体) 1.55%; 复旦微电(电芯片/核心半导体) 1.35%; 澜起科技(存储) 1.27%
026147,鹏华上证科创板100指数增强A,指数型-股票,0.00%,1.27%,3.32%,2.90%,7.49%,4,源杰科技(光芯片/光通信) 3.32%; 中微公司(电芯片/核心半导体) 1.55%; 复旦微电(电芯片/核心半导体) 1.35%; 澜起科技(存储) 1.27%
002419,汇添富创新活力混合A,混合型-偏股,0.00%,0.00%,7.47%,0.00%,7.47%,3,新易盛(光芯片/光通信) 2.76%; 中际旭创(光芯片/光通信) 2.73%; 长光华芯(光芯片/光通信) 1.98%
014836,汇添富创新活力混合C,混合型-偏股,0.00%,0.00%,7.47%,0.00%,7.47%,3,新易盛(光芯片/光通信) 2.76%; 中际旭创(光芯片/光通信) 2.73%; 长光华芯(光芯片/光通信) 1.98%
014837,汇添富创新活力混合D,混合型-偏股,0.00%,0.00%,7.47%,0.00%,7.47%,3,新易盛(光芯片/光通信) 2.76%; 中际旭创(光芯片/光通信) 2.73%; 长光华芯(光芯片/光通信) 1.98%
050008,博时第三产业混合,混合型-偏股,0.00%,0.00%,4.11%,3.36%,7.47%,2,中际旭创(光芯片/光通信) 4.11%; 寒武纪(电芯片/核心半导体) 3.36%
008962,建信科技创新混合A,混合型-偏股,0.00%,0.00%,7.47%,0.00%,7.47%,2,新易盛(光芯片/光通信) 4.02%; 中际旭创(光芯片/光通信) 3.45%
008963,建信科技创新混合C,混合型-偏股,0.00%,0.00%,7.47%,0.00%,7.47%,2,新易盛(光芯片/光通信) 4.02%; 中际旭创(光芯片/光通信) 3.45%
025511,广发信息产业股票发起式A,股票型,0.00%,0.00%,4.56%,2.91%,7.47%,5,寒武纪(电芯片/核心半导体) 2.08%; 中际旭创(光芯片/光通信) 1.93%; 新易盛(光芯片/光通信) 1.78%; 长飞光纤光缆(光芯片/光通信) 0.85%; 北方华创(电芯片/核心半导体) 0.83%
025512,广发信息产业股票发起式C,股票型,0.00%,0.00%,4.56%,2.91%,7.47%,5,寒武纪(电芯片/核心半导体) 2.08%; 中际旭创(光芯片/光通信) 1.93%; 新易盛(光芯片/光通信) 1.78%; 长飞光纤光缆(光芯片/光通信) 0.85%; 北方华创(电芯片/核心半导体) 0.83%
159523,沪深300成长ETF华夏,指数型-股票,0.00%,2.02%,2.52%,2.92%,7.46%,3,海光信息(电芯片/核心半导体) 2.92%; 天孚通信(光芯片/光通信) 2.52%; 澜起科技(存储) 2.02%
021276,万家上证科创板100指数增强发起式C,指数型-股票,0.00%,2.63%,4.82%,0.00%,7.45%,2,源杰科技(光芯片/光通信) 4.82%; 东芯股份(存储) 2.63%
021275,万家上证科创板100指数增强发起式A,指数型-股票,0.00%,2.63%,4.82%,0.00%,7.45%,2,源杰科技(光芯片/光通信) 4.82%; 东芯股份(存储) 2.63%
022768,浦银安盛中证A500指数增强A,指数型-股票,0.00%,0.00%,7.44%,0.00%,7.44%,4,中际旭创(光芯片/光通信) 3.18%; 新易盛(光芯片/光通信) 2.23%; 源杰科技(光芯片/光通信) 1.12%; 长光华芯(光芯片/光通信) 0.91%
022769,浦银安盛中证A500指数增强C,指数型-股票,0.00%,0.00%,7.44%,0.00%,7.44%,4,中际旭创(光芯片/光通信) 3.18%; 新易盛(光芯片/光通信) 2.23%; 源杰科技(光芯片/光通信) 1.12%; 长光华芯(光芯片/光通信) 0.91%
015506,中邮专精特新一年持有混合C,混合型-偏股,0.00%,4.08%,0.00%,3.35%,7.43%,2,佰维存储(存储) 4.08%; 华海清科(电芯片/核心半导体) 3.35%
015505,中邮专精特新一年持有混合A,混合型-偏股,0.00%,4.08%,0.00%,3.35%,7.43%,2,佰维存储(存储) 4.08%; 华海清科(电芯片/核心半导体) 3.35%
012346,易方达港股通成长混合A,混合型-偏股,0.00%,0.00%,7.43%,0.00%,7.43%,2,长飞光纤光缆(光芯片/光通信) 4.77%; 天孚通信(光芯片/光通信) 2.66%
012347,易方达港股通成长混合C,混合型-偏股,0.00%,0.00%,7.43%,0.00%,7.43%,2,长飞光纤光缆(光芯片/光通信) 4.77%; 天孚通信(光芯片/光通信) 2.66%
024626,华富沪深300指数增强A,指数型-股票,0.00%,0.57%,6.85%,0.00%,7.42%,3,中际旭创(光芯片/光通信) 3.81%; 新易盛(光芯片/光通信) 3.04%; 佰维存储(存储) 0.57%
024627,华富沪深300指数增强C,指数型-股票,0.00%,0.57%,6.85%,0.00%,7.42%,3,中际旭创(光芯片/光通信) 3.81%; 新易盛(光芯片/光通信) 3.04%; 佰维存储(存储) 0.57%
009968,金鹰内需成长混合A,混合型-偏股,0.00%,0.00%,7.40%,0.00%,7.40%,1,中际旭创(光芯片/光通信) 7.40%
009969,金鹰内需成长混合C,混合型-偏股,0.00%,0.00%,7.40%,0.00%,7.40%,1,中际旭创(光芯片/光通信) 7.40%
002703,长城久源灵活配置混合A,混合型-灵活,0.00%,0.00%,7.39%,0.00%,7.39%,2,光库科技(光芯片/光通信) 4.06%; 新易盛(光芯片/光通信) 3.33%
014381,长城久源灵活配置混合C,混合型-灵活,0.00%,0.00%,7.39%,0.00%,7.39%,2,光库科技(光芯片/光通信) 4.06%; 新易盛(光芯片/光通信) 3.33%
022493,金元顺安鑫怡混合发起式C,混合型-灵活,0.00%,0.00%,7.39%,0.00%,7.39%,2,新易盛(光芯片/光通信) 4.64%; 中际旭创(光芯片/光通信) 2.75%
022492,金元顺安鑫怡混合发起式A,混合型-灵活,0.00%,0.00%,7.39%,0.00%,7.39%,2,新易盛(光芯片/光通信) 4.64%; 中际旭创(光芯片/光通信) 2.75%
002345,华夏高端制造混合A,混合型-灵活,0.00%,0.00%,7.38%,0.00%,7.38%,1,中际旭创(光芯片/光通信) 7.38%
015058,华夏高端制造混合C,混合型-灵活,0.00%,0.00%,7.38%,0.00%,7.38%,1,中际旭创(光芯片/光通信) 7.38%
001276,建信新经济灵活配置混合,混合型-灵活,0.00%,0.00%,2.64%,4.73%,7.37%,2,芯原股份(电芯片/核心半导体) 4.73%; 中际旭创(光芯片/光通信) 2.64%
005167,嘉实润泽量化定期混合,混合型-偏债,0.00%,1.05%,5.17%,1.15%,7.37%,4,源杰科技(光芯片/光通信) 2.69%; 光迅科技(光芯片/光通信) 2.48%; 寒武纪(电芯片/核心半导体) 1.15%; 兆易创新(存储) 1.05%
630002,华商盛世成长混合,混合型-偏股,0.00%,0.00%,0.00%,7.37%,7.37%,2,北方华创(电芯片/核心半导体) 4.11%; 中微公司(电芯片/核心半导体) 3.26%
550003,中信保诚盛世蓝筹混合,混合型-偏股,0.00%,0.00%,4.33%,3.01%,7.34%,2,中际旭创(光芯片/光通信) 4.33%; 北方华创(电芯片/核心半导体) 3.01%
014048,银华鑫盛灵活配置混合(LOF)C,混合型-灵活,0.00%,0.00%,0.00%,7.29%,7.29%,2,芯原股份(电芯片/核心半导体) 4.37%; 海光信息(电芯片/核心半导体) 2.92%
501022,银华鑫盛灵活配置混合(LOF)A,混合型-灵活,0.00%,0.00%,0.00%,7.29%,7.29%,2,芯原股份(电芯片/核心半导体) 4.37%; 海光信息(电芯片/核心半导体) 2.92%
024231,人保中证A50指数增强A,指数型-股票,0.00%,0.00%,6.63%,0.66%,7.29%,2,中际旭创(光芯片/光通信) 6.63%; 海光信息(电芯片/核心半导体) 0.66%
024232,人保中证A50指数增强C,指数型-股票,0.00%,0.00%,6.63%,0.66%,7.29%,2,中际旭创(光芯片/光通信) 6.63%; 海光信息(电芯片/核心半导体) 0.66%
026327,广发乾元价值增长混合A,混合型-偏股,0.00%,0.00%,4.14%,3.15%,7.29%,2,中际旭创(光芯片/光通信) 4.14%; 中微公司(电芯片/核心半导体) 3.15%
026328,广发乾元价值增长混合C,混合型-偏股,0.00%,0.00%,4.14%,3.15%,7.29%,2,中际旭创(光芯片/光通信) 4.14%; 中微公司(电芯片/核心半导体) 3.15%
003413,华泰柏瑞新经济沪港深混合A,混合型-灵活,0.00%,0.00%,0.00%,7.28%,7.28%,1,寒武纪(电芯片/核心半导体) 7.28%
017911,华泰柏瑞新经济沪港深混合C,混合型-灵活,0.00%,0.00%,0.00%,7.28%,7.28%,1,寒武纪(电芯片/核心半导体) 7.28%
016627,汇添富创新成长混合C,混合型-偏股,0.00%,0.00%,2.57%,4.69%,7.26%,3,中际旭创(光芯片/光通信) 2.57%; 华虹半导体(电芯片/核心半导体) 2.38%; 北方华创(电芯片/核心半导体) 2.31%
016626,汇添富创新成长混合A,混合型-偏股,0.00%,0.00%,2.57%,4.69%,7.26%,3,中际旭创(光芯片/光通信) 2.57%; 华虹半导体(电芯片/核心半导体) 2.38%; 北方华创(电芯片/核心半导体) 2.31%
163412,兴全轻资产混合(LOF),混合型-偏股,0.00%,0.00%,7.26%,0.00%,7.26%,2,中际旭创(光芯片/光通信) 4.28%; 新易盛(光芯片/光通信) 2.98%
519026,海富通中小盘混合,混合型-偏股,0.00%,0.00%,7.26%,0.00%,7.26%,1,新易盛(光芯片/光通信) 7.26%
024423,东方阿尔法科技优选混合发起A,混合型-偏股,0.00%,0.00%,0.00%,7.25%,7.25%,1,中微公司(电芯片/核心半导体) 7.25%
024424,东方阿尔法科技优选混合发起C,混合型-偏股,0.00%,0.00%,0.00%,7.25%,7.25%,1,中微公司(电芯片/核心半导体) 7.25%
229002,宏利逆向策略混合,混合型-偏股,0.00%,3.98%,3.26%,0.00%,7.24%,2,佰维存储(存储) 3.98%; 新易盛(光芯片/光通信) 3.26%
002281,建信裕利灵活配置混合,混合型-灵活,0.00%,0.00%,0.00%,7.20%,7.20%,1,芯原股份(电芯片/核心半导体) 7.20%
630008,华商策略精选混合,混合型-灵活,0.00%,0.00%,0.00%,7.20%,7.20%,2,北方华创(电芯片/核心半导体) 4.17%; 中微公司(电芯片/核心半导体) 3.03%
570001,诺德价值优势混合,混合型-偏股,0.00%,0.00%,7.19%,0.00%,7.19%,1,新易盛(光芯片/光通信) 7.19%
011042,国泰价值先锋股票A,股票型,0.00%,0.00%,0.00%,7.18%,7.18%,2,中微公司(电芯片/核心半导体) 3.71%; 中芯国际(电芯片/核心半导体) 3.47%
011043,国泰价值先锋股票C,股票型,0.00%,0.00%,0.00%,7.18%,7.18%,2,中微公司(电芯片/核心半导体) 3.71%; 中芯国际(电芯片/核心半导体) 3.47%
000573,天弘通利混合A,混合型-灵活,0.00%,0.00%,0.00%,7.16%,7.16%,2,海光信息(电芯片/核心半导体) 3.87%; 北方华创(电芯片/核心半导体) 3.29%
019894,天弘通利混合C,混合型-灵活,0.00%,0.00%,0.00%,7.16%,7.16%,2,海光信息(电芯片/核心半导体) 3.87%; 北方华创(电芯片/核心半导体) 3.29%
020649,诺安中小盘精选混合D,混合型-偏股,0.00%,0.00%,0.00%,7.16%,7.16%,2,华海清科(电芯片/核心半导体) 3.99%; 晶晨股份(电芯片/核心半导体) 3.17%
020648,诺安中小盘精选混合C,混合型-偏股,0.00%,0.00%,0.00%,7.16%,7.16%,2,华海清科(电芯片/核心半导体) 3.99%; 晶晨股份(电芯片/核心半导体) 3.17%
320011,诺安中小盘精选混合A,混合型-偏股,0.00%,0.00%,0.00%,7.16%,7.16%,2,华海清科(电芯片/核心半导体) 3.99%; 晶晨股份(电芯片/核心半导体) 3.17%
000756,建信潜力新蓝筹股票A,股票型,0.00%,0.00%,0.00%,7.15%,7.15%,1,芯原股份(电芯片/核心半导体) 7.15%
001970,泰信鑫选灵活配置混合A,混合型-灵活,0.00%,0.00%,0.00%,7.15%,7.15%,1,复旦微电(电芯片/核心半导体) 7.15%
002580,泰信鑫选灵活配置混合C,混合型-灵活,0.00%,0.00%,0.00%,7.15%,7.15%,1,复旦微电(电芯片/核心半导体) 7.15%
011569,鹏华产业升级混合C,混合型-偏股,0.00%,7.15%,0.00%,0.00%,7.15%,1,澜起科技(存储) 7.15%
011568,鹏华产业升级混合A,混合型-偏股,0.00%,7.15%,0.00%,0.00%,7.15%,1,澜起科技(存储) 7.15%
014967,建信潜力新蓝筹股票C,股票型,0.00%,0.00%,0.00%,7.15%,7.15%,1,芯原股份(电芯片/核心半导体) 7.15%
165313,建信优势动力混合(LOF),混合型-偏股,0.00%,0.00%,0.00%,7.15%,7.15%,1,芯原股份(电芯片/核心半导体) 7.15%
008378,兴全社会价值三年持有混合,混合型-偏股,0.00%,0.00%,0.00%,7.13%,7.13%,2,晶晨股份(电芯片/核心半导体) 3.60%; 华海清科(电芯片/核心半导体) 3.53%
009540,兴业睿进混合C,混合型-偏股,0.00%,0.00%,7.13%,0.00%,7.13%,2,长芯博创(光芯片/光通信) 3.70%; 中际旭创(光芯片/光通信) 3.43%
009539,兴业睿进混合A,混合型-偏股,0.00%,0.00%,7.13%,0.00%,7.13%,2,长芯博创(光芯片/光通信) 3.70%; 中际旭创(光芯片/光通信) 3.43%
013535,鹏华沃鑫混合C,混合型-偏股,0.00%,0.00%,7.12%,0.00%,7.12%,1,中际旭创(光芯片/光通信) 7.12%
013534,鹏华沃鑫混合A,混合型-偏股,0.00%,0.00%,7.12%,0.00%,7.12%,1,中际旭创(光芯片/光通信) 7.12%
019077,万家颐达灵活配置混合C,混合型-灵活,0.00%,1.06%,6.04%,0.00%,7.10%,6,源杰科技(光芯片/光通信) 1.44%; 新易盛(光芯片/光通信) 1.28%; 长芯博创(光芯片/光通信) 1.15%; 中际旭创(光芯片/光通信) 1.12%; 佰维存储(存储) 1.06%; 剑桥科技(光芯片/光通信) 1.05%
519197,万家颐达灵活配置混合A,混合型-灵活,0.00%,1.06%,6.04%,0.00%,7.10%,6,源杰科技(光芯片/光通信) 1.44%; 新易盛(光芯片/光通信) 1.28%; 长芯博创(光芯片/光通信) 1.15%; 中际旭创(光芯片/光通信) 1.12%; 佰维存储(存储) 1.06%; 剑桥科技(光芯片/光通信) 1.05%
004211,金鹰周期优选混合A,混合型-灵活,0.00%,7.10%,0.00%,0.00%,7.10%,1,兆易创新(存储) 7.10%
019748,金鹰周期优选混合C,混合型-灵活,0.00%,7.10%,0.00%,0.00%,7.10%,1,兆易创新(存储) 7.10%
008262,招商研究优选股票C,股票型,0.00%,0.00%,0.00%,7.07%,7.07%,2,海光信息(电芯片/核心半导体) 3.62%; 寒武纪(电芯片/核心半导体) 3.45%
008261,招商研究优选股票A,股票型,0.00%,0.00%,0.00%,7.07%,7.07%,2,海光信息(电芯片/核心半导体) 3.62%; 寒武纪(电芯片/核心半导体) 3.45%
010376,国金鑫悦经济新动能C,混合型-偏股,0.00%,0.00%,0.00%,7.07%,7.07%,1,芯原股份(电芯片/核心半导体) 7.07%
010375,国金鑫悦经济新动能A,混合型-偏股,0.00%,0.00%,0.00%,7.07%,7.07%,1,芯原股份(电芯片/核心半导体) 7.07%
011735,国寿安保裕丰混合C,混合型-偏债,0.00%,0.00%,0.00%,7.07%,7.07%,3,寒武纪(电芯片/核心半导体) 2.40%; 北方华创(电芯片/核心半导体) 2.39%; 海光信息(电芯片/核心半导体) 2.28%
011734,国寿安保裕丰混合A,混合型-偏债,0.00%,0.00%,0.00%,7.07%,7.07%,3,寒武纪(电芯片/核心半导体) 2.40%; 北方华创(电芯片/核心半导体) 2.39%; 海光信息(电芯片/核心半导体) 2.28%
014756,鹏华成长领航两年持有期混合A,混合型-偏股,0.00%,0.00%,7.07%,0.00%,7.07%,1,中际旭创(光芯片/光通信) 7.07%
014757,鹏华成长领航两年持有期混合C,混合型-偏股,0.00%,0.00%,7.07%,0.00%,7.07%,1,中际旭创(光芯片/光通信) 7.07%
022703,人保核心智选混合C,混合型-偏股,0.00%,0.00%,3.21%,3.86%,7.07%,3,中际旭创(光芯片/光通信) 3.21%; 海光信息(电芯片/核心半导体) 2.28%; 寒武纪(电芯片/核心半导体) 1.58%
022702,人保核心智选混合A,混合型-偏股,0.00%,0.00%,3.21%,3.86%,7.07%,3,中际旭创(光芯片/光通信) 3.21%; 海光信息(电芯片/核心半导体) 2.28%; 寒武纪(电芯片/核心半导体) 1.58%
012912,同泰沪深300量化增强C,指数型-股票,0.00%,0.00%,7.04%,0.00%,7.04%,2,新易盛(光芯片/光通信) 3.55%; 中际旭创(光芯片/光通信) 3.49%
012911,同泰沪深300量化增强A,指数型-股票,0.00%,0.00%,7.04%,0.00%,7.04%,2,新易盛(光芯片/光通信) 3.55%; 中际旭创(光芯片/光通信) 3.49%
673100,西部利得沪深300指数增强A,指数型-股票,0.00%,1.35%,4.32%,1.36%,7.03%,4,中际旭创(光芯片/光通信) 2.33%; 新易盛(光芯片/光通信) 1.99%; 寒武纪(电芯片/核心半导体) 1.36%; 兆易创新(存储) 1.35%
673101,西部利得沪深300指数增强C,指数型-股票,0.00%,1.35%,4.32%,1.36%,7.03%,4,中际旭创(光芯片/光通信) 2.33%; 新易盛(光芯片/光通信) 1.99%; 寒武纪(电芯片/核心半导体) 1.36%; 兆易创新(存储) 1.35%
014527,汇添富中盘潜力增长一年持有混合C,混合型-偏股,0.00%,2.85%,0.00%,4.17%,7.02%,2,华虹半导体(电芯片/核心半导体) 4.17%; 兆易创新(存储) 2.85%
014526,汇添富中盘潜力增长一年持有混合A,混合型-偏股,0.00%,2.85%,0.00%,4.17%,7.02%,2,华虹半导体(电芯片/核心半导体) 4.17%; 兆易创新(存储) 2.85%
001881,中欧新趋势混合E,混合型-偏股,0.00%,0.00%,7.00%,0.00%,7.00%,1,中际旭创(光芯片/光通信) 7.00%
005787,中欧新趋势混合C,混合型-偏股,0.00%,0.00%,7.00%,0.00%,7.00%,1,中际旭创(光芯片/光通信) 7.00%
011264,中欧新趋势混合X,混合型-偏股,0.00%,0.00%,7.00%,0.00%,7.00%,1,中际旭创(光芯片/光通信) 7.00%
011332,鹏华远见成长混合C,混合型-偏股,0.00%,7.00%,0.00%,0.00%,7.00%,1,澜起科技(存储) 7.00%
011331,鹏华远见成长混合A,混合型-偏股,0.00%,7.00%,0.00%,0.00%,7.00%,1,澜起科技(存储) 7.00%
166001,中欧新趋势混合A,混合型-偏股,0.00%,0.00%,7.00%,0.00%,7.00%,1,中际旭创(光芯片/光通信) 7.00%
013451,博时凤凰领航混合C,混合型-偏股,0.00%,0.00%,6.99%,0.00%,6.99%,2,新易盛(光芯片/光通信) 3.98%; 中际旭创(光芯片/光通信) 3.01%
013450,博时凤凰领航混合A,混合型-偏股,0.00%,0.00%,6.99%,0.00%,6.99%,2,新易盛(光芯片/光通信) 3.98%; 中际旭创(光芯片/光通信) 3.01%
016091,汇泉匠心智选一年持有混合A,混合型-偏股,0.00%,0.00%,5.86%,1.13%,6.99%,3,中际旭创(光芯片/光通信) 2.94%; 新易盛(光芯片/光通信) 2.92%; 寒武纪(电芯片/核心半导体) 1.13%
016092,汇泉匠心智选一年持有混合C,混合型-偏股,0.00%,0.00%,5.86%,1.13%,6.99%,3,中际旭创(光芯片/光通信) 2.94%; 新易盛(光芯片/光通信) 2.92%; 寒武纪(电芯片/核心半导体) 1.13%
022673,平安产业竞争力混合A,混合型-偏股,0.00%,0.00%,0.00%,6.99%,6.99%,1,中芯国际(电芯片/核心半导体) 6.99%
022672,平安产业竞争力混合C,混合型-偏股,0.00%,0.00%,0.00%,6.99%,6.99%,1,中芯国际(电芯片/核心半导体) 6.99%
513890,恒生科技ETF摩根,指数型-海外股票,0.00%,0.00%,0.00%,6.99%,6.99%,1,中芯国际(电芯片/核心半导体) 6.99%
012836,招商景气精选股票C,股票型,0.00%,0.00%,0.00%,6.99%,6.99%,2,海光信息(电芯片/核心半导体) 3.58%; 寒武纪(电芯片/核心半导体) 3.41%
012835,招商景气精选股票A,股票型,0.00%,0.00%,0.00%,6.99%,6.99%,2,海光信息(电芯片/核心半导体) 3.58%; 寒武纪(电芯片/核心半导体) 3.41%
010935,国寿安保稳福6个月持有期混合C,混合型-偏债,0.00%,0.00%,6.97%,0.00%,6.97%,2,中际旭创(光芯片/光通信) 3.92%; 新易盛(光芯片/光通信) 3.05%
010934,国寿安保稳福6个月持有期混合A,混合型-偏债,0.00%,0.00%,6.97%,0.00%,6.97%,2,中际旭创(光芯片/光通信) 3.92%; 新易盛(光芯片/光通信) 3.05%
010737,易方达沪深300指数增强C,指数型-股票,0.00%,0.00%,5.59%,1.37%,6.96%,3,中际旭创(光芯片/光通信) 2.97%; 新易盛(光芯片/光通信) 2.62%; 中芯国际(电芯片/核心半导体) 1.37%
010736,易方达沪深300指数增强A,指数型-股票,0.00%,0.00%,5.59%,1.37%,6.96%,3,中际旭创(光芯片/光通信) 2.97%; 新易盛(光芯片/光通信) 2.62%; 中芯国际(电芯片/核心半导体) 1.37%
022914,易方达沪深300精选增强Y,指数型-股票,0.00%,0.00%,5.59%,1.37%,6.96%,3,中际旭创(光芯片/光通信) 2.97%; 新易盛(光芯片/光通信) 2.62%; 中芯国际(电芯片/核心半导体) 1.37%
013556,信澳汇智优选一年持有期混合A,混合型-偏股,0.00%,0.00%,6.95%,0.00%,6.95%,1,长芯博创(光芯片/光通信) 6.95%
013557,信澳汇智优选一年持有期混合C,混合型-偏股,0.00%,0.00%,6.95%,0.00%,6.95%,1,长芯博创(光芯片/光通信) 6.95%
017960,招商趋势领航混合A,混合型-偏股,0.00%,0.00%,0.00%,6.94%,6.94%,2,海光信息(电芯片/核心半导体) 3.56%; 寒武纪(电芯片/核心半导体) 3.38%
017961,招商趋势领航混合C,混合型-偏股,0.00%,0.00%,0.00%,6.94%,6.94%,2,海光信息(电芯片/核心半导体) 3.56%; 寒武纪(电芯片/核心半导体) 3.38%
001304,建信鑫安回报灵活配置混合A,混合型-灵活,0.00%,0.00%,4.23%,2.70%,6.93%,2,中际旭创(光芯片/光通信) 4.23%; 芯原股份(电芯片/核心半导体) 2.70%
009846,国富港股通远见价值混合A,混合型-偏股,0.00%,0.00%,3.61%,3.32%,6.93%,2,高伟电子(光芯片/光通信) 3.61%; 中芯国际(电芯片/核心半导体) 3.32%
017947,国富港股通远见价值混合C,混合型-偏股,0.00%,0.00%,3.61%,3.32%,6.93%,2,高伟电子(光芯片/光通信) 3.61%; 中芯国际(电芯片/核心半导体) 3.32%
018541,建信鑫安回报灵活配置混合C,混合型-灵活,0.00%,0.00%,4.23%,2.70%,6.93%,2,中际旭创(光芯片/光通信) 4.23%; 芯原股份(电芯片/核心半导体) 2.70%
000126,招商安润灵活配置混合A,混合型-灵活,0.00%,0.00%,3.30%,3.60%,6.90%,2,中芯国际(电芯片/核心半导体) 3.60%; 中际旭创(光芯片/光通信) 3.30%
004223,金信多策略精选混合A,混合型-灵活,0.00%,0.00%,6.90%,0.00%,6.90%,2,长芯博创(光芯片/光通信) 3.48%; 源杰科技(光芯片/光通信) 3.42%
015398,招商安润灵活配置混合C,混合型-灵活,0.00%,0.00%,3.30%,3.60%,6.90%,2,中芯国际(电芯片/核心半导体) 3.60%; 中际旭创(光芯片/光通信) 3.30%
020592,金信多策略精选混合C,混合型-灵活,0.00%,0.00%,6.90%,0.00%,6.90%,2,长芯博创(光芯片/光通信) 3.48%; 源杰科技(光芯片/光通信) 3.42%
019759,中欧半导体产业股票发起A,股票型,0.00%,0.00%,0.00%,6.88%,6.88%,2,复旦微电(电芯片/核心半导体) 3.53%; 中微公司(电芯片/核心半导体) 3.35%
019764,中欧半导体产业股票发起C,股票型,0.00%,0.00%,0.00%,6.88%,6.88%,2,复旦微电(电芯片/核心半导体) 3.53%; 中微公司(电芯片/核心半导体) 3.35%
025830,嘉实成长共享混合A,混合型-偏股,0.00%,0.00%,0.00%,6.87%,6.87%,1,中微公司(电芯片/核心半导体) 6.87%
025831,嘉实成长共享混合C,混合型-偏股,0.00%,0.00%,0.00%,6.87%,6.87%,1,中微公司(电芯片/核心半导体) 6.87%
005701,摩根香港精选港股通混合A,混合型-偏股,0.00%,0.00%,6.86%,0.00%,6.86%,1,长飞光纤光缆(光芯片/光通信) 6.86%
016921,摩根香港精选港股通混合C,混合型-偏股,0.00%,0.00%,6.86%,0.00%,6.86%,1,长飞光纤光缆(光芯片/光通信) 6.86%
024441,汇添富均衡潜力优选混合A,混合型-偏股,0.00%,0.00%,6.85%,0.00%,6.85%,1,长飞光纤光缆(光芯片/光通信) 6.85%
024442,汇添富均衡潜力优选混合C,混合型-偏股,0.00%,0.00%,6.85%,0.00%,6.85%,1,长飞光纤光缆(光芯片/光通信) 6.85%
002686,中欧丰泓沪港深混合C,混合型-灵活,0.00%,0.00%,0.00%,6.83%,6.83%,1,华虹半导体(电芯片/核心半导体) 6.83%
002685,中欧丰泓沪港深混合A,混合型-灵活,0.00%,0.00%,0.00%,6.83%,6.83%,1,华虹半导体(电芯片/核心半导体) 6.83%
005210,东吴双三角股票C,股票型,0.00%,0.00%,6.83%,0.00%,6.83%,1,中际旭创(光芯片/光通信) 6.83%
005209,东吴双三角股票A,股票型,0.00%,0.00%,6.83%,0.00%,6.83%,1,中际旭创(光芯片/光通信) 6.83%
501206,汇添富创新未来混合(LOF),混合型-偏股,0.00%,3.54%,0.00%,3.29%,6.83%,2,兆易创新(存储) 3.54%; 北方华创(电芯片/核心半导体) 3.29%
217001,招商安泰偏股混合,混合型-偏股,0.00%,2.11%,0.00%,4.71%,6.82%,2,寒武纪(电芯片/核心半导体) 4.71%; 晶合集成(存储) 2.11%
004698,博时军工主题股票A,股票型,0.00%,0.00%,0.00%,6.79%,6.79%,1,寒武纪(电芯片/核心半导体) 6.79%
011592,博时军工主题股票C,股票型,0.00%,0.00%,0.00%,6.79%,6.79%,1,寒武纪(电芯片/核心半导体) 6.79%
008786,长城健康生活混合A,混合型-灵活,0.00%,0.00%,0.00%,6.78%,6.78%,1,寒武纪(电芯片/核心半导体) 6.78%
019818,长城健康生活混合C,混合型-灵活,0.00%,0.00%,0.00%,6.78%,6.78%,1,寒武纪(电芯片/核心半导体) 6.78%
159903,深成ETF南方,指数型-股票,0.00%,0.00%,5.67%,1.11%,6.78%,3,中际旭创(光芯片/光通信) 3.13%; 新易盛(光芯片/光通信) 2.54%; 北方华创(电芯片/核心半导体) 1.11%
159943,深证成指ETF大成,指数型-股票,0.00%,0.00%,5.66%,1.12%,6.78%,3,中际旭创(光芯片/光通信) 3.13%; 新易盛(光芯片/光通信) 2.53%; 北方华创(电芯片/核心半导体) 1.12%
512030,中证A50增强ETF易方达,指数型-股票,0.00%,0.00%,6.78%,0.00%,6.78%,1,中际旭创(光芯片/光通信) 6.78%
560650,核心50ETF民生加银,指数型-股票,0.00%,0.00%,4.16%,2.62%,6.78%,2,天孚通信(光芯片/光通信) 4.16%; 豪威集团(电芯片/核心半导体) 2.62%
001471,融通新能源灵活配置混合A,混合型-灵活,0.00%,0.00%,6.77%,0.00%,6.77%,1,中际旭创(光芯片/光通信) 6.77%
012379,创金合信港股互联网3个月持有期混合(QDII)A,QDII-混合偏股,0.00%,0.00%,0.00%,6.77%,6.77%,1,中芯国际(电芯片/核心半导体) 6.77%
012380,创金合信港股互联网3个月持有期混合(QDII)C,QDII-混合偏股,0.00%,0.00%,0.00%,6.77%,6.77%,1,中芯国际(电芯片/核心半导体) 6.77%
014948,融通新能源灵活配置混合C,混合型-灵活,0.00%,0.00%,6.77%,0.00%,6.77%,1,中际旭创(光芯片/光通信) 6.77%
002969,易方达丰和债券A,债券型-混合二级,0.00%,0.00%,5.77%,0.99%,6.76%,5,中际旭创(光芯片/光通信) 2.26%; 新易盛(光芯片/光通信) 1.98%; 芯原股份(电芯片/核心半导体) 0.99%; 仕佳光子(光芯片/光通信) 0.81%; 长芯博创(光芯片/光通信) 0.72%
016699,易方达丰和债券C,债券型-混合二级,0.00%,0.00%,5.77%,0.99%,6.76%,5,中际旭创(光芯片/光通信) 2.26%; 新易盛(光芯片/光通信) 1.98%; 芯原股份(电芯片/核心半导体) 0.99%; 仕佳光子(光芯片/光通信) 0.81%; 长芯博创(光芯片/光通信) 0.72%
012155,汇添富成长先锋六个月持有混合A,混合型-偏股,0.00%,0.00%,2.01%,4.74%,6.75%,2,北方华创(电芯片/核心半导体) 4.74%; 中际旭创(光芯片/光通信) 2.01%
012156,汇添富成长先锋六个月持有混合C,混合型-偏股,0.00%,0.00%,2.01%,4.74%,6.75%,2,北方华创(电芯片/核心半导体) 4.74%; 中际旭创(光芯片/光通信) 2.01%
513380,恒生科技ETF广发,指数型-海外股票,0.00%,0.00%,0.00%,6.75%,6.75%,1,中芯国际(电芯片/核心半导体) 6.75%
006392,中信保诚创新成长混合A,混合型-灵活,0.00%,0.00%,3.61%,3.12%,6.73%,2,新易盛(光芯片/光通信) 3.61%; 北方华创(电芯片/核心半导体) 3.12%
016258,中信保诚创新成长混合C,混合型-灵活,0.00%,0.00%,3.61%,3.12%,6.73%,2,新易盛(光芯片/光通信) 3.61%; 北方华创(电芯片/核心半导体) 3.12%
010984,国寿安保稳安混合A,混合型-偏债,0.00%,0.00%,6.72%,0.00%,6.72%,2,中际旭创(光芯片/光通信) 3.78%; 新易盛(光芯片/光通信) 2.94%
010985,国寿安保稳安混合C,混合型-偏债,0.00%,0.00%,6.72%,0.00%,6.72%,2,中际旭创(光芯片/光通信) 3.78%; 新易盛(光芯片/光通信) 2.94%
015374,浙商智选新兴产业混合C,混合型-偏股,0.00%,3.18%,1.71%,1.82%,6.71%,3,澜起科技(存储) 3.18%; 寒武纪(电芯片/核心半导体) 1.82%; 中际旭创(光芯片/光通信) 1.71%
015373,浙商智选新兴产业混合A,混合型-偏股,0.00%,3.18%,1.71%,1.82%,6.71%,3,澜起科技(存储) 3.18%; 寒武纪(电芯片/核心半导体) 1.82%; 中际旭创(光芯片/光通信) 1.71%
021517,兴华兴利债券A,债券型-混合二级,0.00%,2.10%,0.00%,4.60%,6.70%,4,东芯股份(存储) 2.10%; 寒武纪(电芯片/核心半导体) 1.82%; 中芯国际(电芯片/核心半导体) 1.66%; 芯原股份(电芯片/核心半导体) 1.12%
021518,兴华兴利债券C,债券型-混合二级,0.00%,2.10%,0.00%,4.60%,6.70%,4,东芯股份(存储) 2.10%; 寒武纪(电芯片/核心半导体) 1.82%; 中芯国际(电芯片/核心半导体) 1.66%; 芯原股份(电芯片/核心半导体) 1.12%
002545,东方岳灵活配置混合,混合型-灵活,0.00%,0.00%,6.69%,0.00%,6.69%,2,中际旭创(光芯片/光通信) 3.67%; 新易盛(光芯片/光通信) 3.02%
013363,大成中国优势混合(QDII)A,QDII-混合偏股,0.00%,0.00%,0.00%,6.69%,6.69%,1,中芯国际(电芯片/核心半导体) 6.69%
013364,大成中国优势混合(QDII)C,QDII-混合偏股,0.00%,0.00%,0.00%,6.69%,6.69%,1,中芯国际(电芯片/核心半导体) 6.69%
021756,中欧价值品质混合发起C,混合型-偏股,0.00%,0.00%,0.00%,6.69%,6.69%,1,华虹半导体(电芯片/核心半导体) 6.69%
021755,中欧价值品质混合发起A,混合型-偏股,0.00%,0.00%,0.00%,6.69%,6.69%,1,华虹半导体(电芯片/核心半导体) 6.69%
006250,摩根动力精选混合A,混合型-偏股,0.00%,0.00%,6.68%,0.00%,6.68%,1,中际旭创(光芯片/光通信) 6.68%
013137,摩根动力精选混合C,混合型-偏股,0.00%,0.00%,6.68%,0.00%,6.68%,1,中际旭创(光芯片/光通信) 6.68%
005113,平安沪深300指数量化A,指数型-股票,0.00%,0.00%,6.67%,0.00%,6.67%,3,中际旭创(光芯片/光通信) 3.64%; 新易盛(光芯片/光通信) 2.01%; 长芯博创(光芯片/光通信) 1.02%
005114,平安沪深300指数量化C,指数型-股票,0.00%,0.00%,6.67%,0.00%,6.67%,3,中际旭创(光芯片/光通信) 3.64%; 新易盛(光芯片/光通信) 2.01%; 长芯博创(光芯片/光通信) 1.02%
019384,兴全可持续投资三年定开混合,混合型-偏股,0.00%,0.00%,6.65%,0.00%,6.65%,2,中际旭创(光芯片/光通信) 3.78%; 新易盛(光芯片/光通信) 2.87%
024842,信澳高端装备混合C,混合型-偏股,0.00%,0.00%,0.00%,6.65%,6.65%,1,复旦微电(电芯片/核心半导体) 6.65%
024841,信澳高端装备混合A,混合型-偏股,0.00%,0.00%,0.00%,6.65%,6.65%,1,复旦微电(电芯片/核心半导体) 6.65%
007074,国寿安保新蓝筹混合,混合型-灵活,0.00%,0.00%,0.00%,6.64%,6.64%,1,北方华创(电芯片/核心半导体) 6.64%
012312,长城兴华优选一年定开混合A,混合型-偏股,0.00%,0.00%,6.64%,0.00%,6.64%,2,新易盛(光芯片/光通信) 3.36%; 中际旭创(光芯片/光通信) 3.28%
012313,长城兴华优选一年定开混合C,混合型-偏股,0.00%,0.00%,6.64%,0.00%,6.64%,2,新易盛(光芯片/光通信) 3.36%; 中际旭创(光芯片/光通信) 3.28%
010695,华夏磐益一年定开混合,混合型-偏股,0.00%,6.62%,0.00%,0.00%,6.62%,1,佰维存储(存储) 6.62%
021279,永赢上证科创板100指数增强发起C,指数型-股票,0.00%,0.00%,2.95%,3.67%,6.62%,2,思瑞浦(电芯片/核心半导体) 3.67%; 源杰科技(光芯片/光通信) 2.95%
021278,永赢上证科创板100指数增强发起A,指数型-股票,0.00%,0.00%,2.95%,3.67%,6.62%,2,思瑞浦(电芯片/核心半导体) 3.67%; 源杰科技(光芯片/光通信) 2.95%
001691,南方香港成长灵活配置混合,QDII-混合灵活,0.00%,0.00%,6.60%,0.00%,6.60%,1,长飞光纤光缆(光芯片/光通信) 6.60%
009007,兴全沪港深两年持有混合,混合型-偏股,0.00%,0.00%,3.81%,2.76%,6.57%,2,高伟电子(光芯片/光通信) 3.81%; 中芯国际(电芯片/核心半导体) 2.76%
000368,汇添富沪深300安中指数A,指数型-股票,0.00%,0.00%,6.57%,0.00%,6.57%,2,中际旭创(光芯片/光通信) 4.04%; 新易盛(光芯片/光通信) 2.53%
018947,汇添富沪深300安中指数C,指数型-股票,0.00%,0.00%,6.57%,0.00%,6.57%,2,中际旭创(光芯片/光通信) 4.04%; 新易盛(光芯片/光通信) 2.53%
021924,汇添富沪深300安中指数B,指数型-股票,0.00%,0.00%,6.57%,0.00%,6.57%,2,中际旭创(光芯片/光通信) 4.04%; 新易盛(光芯片/光通信) 2.53%
026699,新华大盘成长量化选股混合发起A,混合型-偏股,0.00%,0.00%,6.57%,0.00%,6.57%,3,中际旭创(光芯片/光通信) 2.21%; 光迅科技(光芯片/光通信) 2.21%; 新易盛(光芯片/光通信) 2.15%
026700,新华大盘成长量化选股混合发起C,混合型-偏股,0.00%,0.00%,6.57%,0.00%,6.57%,3,中际旭创(光芯片/光通信) 2.21%; 光迅科技(光芯片/光通信) 2.21%; 新易盛(光芯片/光通信) 2.15%
004657,金鹰民富收益混合A,混合型-偏债,0.00%,0.00%,6.56%,0.00%,6.56%,3,新易盛(光芯片/光通信) 2.58%; 中际旭创(光芯片/光通信) 2.32%; 光库科技(光芯片/光通信) 1.66%
004658,金鹰民富收益混合C,混合型-偏债,0.00%,0.00%,6.56%,0.00%,6.56%,3,新易盛(光芯片/光通信) 2.58%; 中际旭创(光芯片/光通信) 2.32%; 光库科技(光芯片/光通信) 1.66%
006539,南方优选价值混合C,混合型-偏股,0.00%,0.00%,0.00%,6.56%,6.56%,2,海光信息(电芯片/核心半导体) 3.60%; 北方华创(电芯片/核心半导体) 2.96%
202011,南方优选价值混合A,混合型-偏股,0.00%,0.00%,0.00%,6.56%,6.56%,2,海光信息(电芯片/核心半导体) 3.60%; 北方华创(电芯片/核心半导体) 2.96%
960020,南方优选价值混合H,混合型-偏股,0.00%,0.00%,0.00%,6.56%,6.56%,2,海光信息(电芯片/核心半导体) 3.60%; 北方华创(电芯片/核心半导体) 2.96%
513180,恒生科技ETF华夏,指数型-海外股票,0.00%,0.00%,0.00%,6.52%,6.52%,1,中芯国际(电芯片/核心半导体) 6.52%
010489,鹏华优选成长混合C,混合型-偏股,0.00%,6.51%,0.00%,0.00%,6.51%,1,澜起科技(存储) 6.51%
010488,鹏华优选成长混合A,混合型-偏股,0.00%,6.51%,0.00%,0.00%,6.51%,1,澜起科技(存储) 6.51%
002649,民生智造2025灵活配置混合,混合型-灵活,0.00%,0.00%,0.00%,6.50%,6.50%,1,复旦微电(电芯片/核心半导体) 6.50%
013141,中信保诚弘远混合A,混合型-偏股,0.00%,0.00%,6.50%,0.00%,6.50%,2,中际旭创(光芯片/光通信) 3.56%; 长飞光纤光缆(光芯片/光通信) 2.94%
015936,中信保诚弘远混合C,混合型-偏股,0.00%,0.00%,6.50%,0.00%,6.50%,2,中际旭创(光芯片/光通信) 3.56%; 长飞光纤光缆(光芯片/光通信) 2.94%
151002,银河收益混合,混合型-偏债,0.00%,0.91%,3.64%,1.95%,6.50%,6,源杰科技(光芯片/光通信) 1.52%; 天孚通信(光芯片/光通信) 1.09%; 中际旭创(光芯片/光通信) 1.03%; 海光信息(电芯片/核心半导体) 1.02%; 中微公司(电芯片/核心半导体) 0.93%; 澜起科技(存储) 0.91%
012271,富国腾享回报6个月滚动持有C,混合型-偏债,0.00%,1.30%,5.19%,0.00%,6.49%,3,新易盛(光芯片/光通信) 2.68%; 中际旭创(光芯片/光通信) 2.51%; 兆易创新(存储) 1.30%
012270,富国腾享回报6个月滚动持有A,混合型-偏债,0.00%,1.30%,5.19%,0.00%,6.49%,3,新易盛(光芯片/光通信) 2.68%; 中际旭创(光芯片/光通信) 2.51%; 兆易创新(存储) 1.30%
019148,富国腾享回报6个月滚动持有E,混合型-偏债,0.00%,1.30%,5.19%,0.00%,6.49%,3,新易盛(光芯片/光通信) 2.68%; 中际旭创(光芯片/光通信) 2.51%; 兆易创新(存储) 1.30%
520920,天弘恒生科技ETF,指数型-海外股票,0.00%,0.00%,0.00%,6.49%,6.49%,1,中芯国际(电芯片/核心半导体) 6.49%
159136,A50ETF广发,指数型-股票,0.00%,0.00%,6.48%,0.00%,6.48%,1,中际旭创(光芯片/光通信) 6.48%
003293,易方达科瑞混合,混合型-灵活,0.00%,0.00%,6.48%,0.00%,6.48%,2,新易盛(光芯片/光通信) 4.02%; 中际旭创(光芯片/光通信) 2.46%
007254,广发均衡价值混合A,混合型-偏股,0.00%,0.00%,6.46%,0.00%,6.46%,1,中际旭创(光芯片/光通信) 6.46%
018224,广发均衡价值混合C,混合型-偏股,0.00%,0.00%,6.46%,0.00%,6.46%,1,中际旭创(光芯片/光通信) 6.46%
025426,国联中证港股通综合指数增强A,指数型-股票,0.00%,0.00%,0.00%,6.46%,6.46%,1,中芯国际(电芯片/核心半导体) 6.46%
025427,国联中证港股通综合指数增强C,指数型-股票,0.00%,0.00%,0.00%,6.46%,6.46%,1,中芯国际(电芯片/核心半导体) 6.46%
009353,浙商科创一个月滚动持有混合A,混合型-偏股,0.00%,0.00%,0.00%,6.45%,6.45%,3,中芯国际(电芯片/核心半导体) 2.26%; 海光信息(电芯片/核心半导体) 2.23%; 寒武纪(电芯片/核心半导体) 1.96%
009354,浙商科创一个月滚动持有混合C,混合型-偏股,0.00%,0.00%,0.00%,6.45%,6.45%,3,中芯国际(电芯片/核心半导体) 2.26%; 海光信息(电芯片/核心半导体) 2.23%; 寒武纪(电芯片/核心半导体) 1.96%
159741,恒生科技ETF嘉实,指数型-海外股票,0.00%,0.00%,0.00%,6.45%,6.45%,1,中芯国际(电芯片/核心半导体) 6.45%
159591,A50ETF富国,指数型-股票,0.00%,0.00%,6.44%,0.00%,6.44%,1,中际旭创(光芯片/光通信) 6.44%
160603,鹏华普天收益混合,混合型-偏股,0.00%,6.44%,0.00%,0.00%,6.44%,1,澜起科技(存储) 6.44%
015177,申万菱信深证成份指数(LOF)C,指数型-股票,0.00%,0.00%,5.38%,1.05%,6.43%,3,中际旭创(光芯片/光通信) 2.97%; 新易盛(光芯片/光通信) 2.41%; 北方华创(电芯片/核心半导体) 1.05%
159593,中证A50ETF平安,指数型-股票,0.00%,0.00%,6.43%,0.00%,6.43%,1,中际旭创(光芯片/光通信) 6.43%
163109,申万菱信深证成份指数(LOF)A,指数型-股票,0.00%,0.00%,5.38%,1.05%,6.43%,3,中际旭创(光芯片/光通信) 2.97%; 新易盛(光芯片/光通信) 2.41%; 北方华创(电芯片/核心半导体) 1.05%
562890,A50ETF嘉实,指数型-股票,0.00%,0.00%,6.43%,0.00%,6.43%,1,中际旭创(光芯片/光通信) 6.43%
023323,华商上证科创板100指数增强A,指数型-股票,0.00%,1.94%,3.23%,1.25%,6.42%,3,源杰科技(光芯片/光通信) 3.23%; 东芯股份(存储) 1.94%; 翱捷科技(电芯片/核心半导体) 1.25%
023324,华商上证科创板100指数增强C,指数型-股票,0.00%,1.94%,3.23%,1.25%,6.42%,3,源杰科技(光芯片/光通信) 3.23%; 东芯股份(存储) 1.94%; 翱捷科技(电芯片/核心半导体) 1.25%
009556,兴全合丰三年持有混合,混合型-偏股,0.00%,0.00%,0.00%,6.42%,6.42%,1,海光信息(电芯片/核心半导体) 6.42%
560350,中证A50ETF摩根,指数型-股票,0.00%,0.00%,6.42%,0.00%,6.42%,1,中际旭创(光芯片/光通信) 6.42%
159596,A50ETF华宝,指数型-股票,0.00%,0.00%,6.41%,0.00%,6.41%,1,中际旭创(光芯片/光通信) 6.41%
159592,A50ETF银华,指数型-股票,0.00%,0.00%,6.40%,0.00%,6.40%,1,中际旭创(光芯片/光通信) 6.40%
159595,中证A50ETF大成,指数型-股票,0.00%,0.00%,6.40%,0.00%,6.40%,1,中际旭创(光芯片/光通信) 6.40%
512250,A50ETF招商,指数型-股票,0.00%,0.00%,6.40%,0.00%,6.40%,1,中际旭创(光芯片/光通信) 6.40%
017925,国金300指数增强C,指数型-股票,0.00%,0.94%,5.45%,0.00%,6.39%,3,新易盛(光芯片/光通信) 3.00%; 天孚通信(光芯片/光通信) 2.45%; 佰维存储(存储) 0.94%
167601,国金300指数增强A,指数型-股票,0.00%,0.94%,5.45%,0.00%,6.39%,3,新易盛(光芯片/光通信) 3.00%; 天孚通信(光芯片/光通信) 2.45%; 佰维存储(存储) 0.94%
013139,上银恒泰稳健养老一年持有混合发起式(FOF)A,FOF-稳健型,0.00%,0.00%,6.38%,0.00%,6.38%,3,中际旭创(光芯片/光通信) 2.60%; 新易盛(光芯片/光通信) 2.60%; 天孚通信(光芯片/光通信) 1.18%
017388,上银恒泰稳健养老一年持有混合发起式(FOF)Y,FOF-稳健型,0.00%,0.00%,6.38%,0.00%,6.38%,3,中际旭创(光芯片/光通信) 2.60%; 新易盛(光芯片/光通信) 2.60%; 天孚通信(光芯片/光通信) 1.18%
026178,华商品质甄选混合C,混合型-偏股,0.00%,0.00%,6.38%,0.00%,6.38%,1,新易盛(光芯片/光通信) 6.38%
026177,华商品质甄选混合A,混合型-偏股,0.00%,0.00%,6.38%,0.00%,6.38%,1,新易盛(光芯片/光通信) 6.38%
563080,中证A50ETF易方达,指数型-股票,0.00%,0.00%,6.38%,0.00%,6.38%,1,中际旭创(光芯片/光通信) 6.38%
004875,融通深证成份指数C,指数型-股票,0.00%,0.00%,5.33%,1.04%,6.37%,3,中际旭创(光芯片/光通信) 2.95%; 新易盛(光芯片/光通信) 2.38%; 北方华创(电芯片/核心半导体) 1.04%
021965,泓德智选启鑫混合A,混合型-偏股,0.00%,0.76%,5.61%,0.00%,6.37%,4,中际旭创(光芯片/光通信) 2.49%; 新易盛(光芯片/光通信) 2.42%; 兆易创新(存储) 0.76%; 天孚通信(光芯片/光通信) 0.70%
021966,泓德智选启鑫混合C,混合型-偏股,0.00%,0.76%,5.61%,0.00%,6.37%,4,中际旭创(光芯片/光通信) 2.49%; 新易盛(光芯片/光通信) 2.42%; 兆易创新(存储) 0.76%; 天孚通信(光芯片/光通信) 0.70%
025222,创金合信弘科混合发起A,混合型-偏股,0.00%,2.64%,0.00%,3.73%,6.37%,2,华虹半导体(电芯片/核心半导体) 3.73%; 澜起科技(存储) 2.64%
025223,创金合信弘科混合发起C,混合型-偏股,0.00%,2.64%,0.00%,3.73%,6.37%,2,华虹半导体(电芯片/核心半导体) 3.73%; 澜起科技(存储) 2.64%
161612,融通深证成份指数A,指数型-股票,0.00%,0.00%,5.33%,1.04%,6.37%,3,中际旭创(光芯片/光通信) 2.95%; 新易盛(光芯片/光通信) 2.38%; 北方华创(电芯片/核心半导体) 1.04%
520590,恒生科技ETF鹏华,指数型-海外股票,0.00%,0.00%,0.00%,6.37%,6.37%,1,中芯国际(电芯片/核心半导体) 6.37%
561750,A50ETF博时,指数型-股票,0.00%,0.00%,6.37%,0.00%,6.37%,1,中际旭创(光芯片/光通信) 6.37%
012412,汇泉策略优选混合A,混合型-偏股,0.00%,0.00%,5.29%,1.06%,6.35%,4,中际旭创(光芯片/光通信) 2.15%; 新易盛(光芯片/光通信) 2.06%; 天孚通信(光芯片/光通信) 1.08%; 北方华创(电芯片/核心半导体) 1.06%
013939,汇泉策略优选混合C,混合型-偏股,0.00%,0.00%,5.29%,1.06%,6.35%,4,中际旭创(光芯片/光通信) 2.15%; 新易盛(光芯片/光通信) 2.06%; 天孚通信(光芯片/光通信) 1.08%; 北方华创(电芯片/核心半导体) 1.06%
563350,A50ETF华泰柏瑞,指数型-股票,0.00%,0.00%,6.35%,0.00%,6.35%,1,中际旭创(光芯片/光通信) 6.35%
016874,广发远见智选混合C,混合型-偏股,0.00%,6.34%,0.00%,0.00%,6.34%,1,佰维存储(存储) 6.34%
016873,广发远见智选混合A,混合型-偏股,0.00%,6.34%,0.00%,0.00%,6.34%,1,佰维存储(存储) 6.34%
159390,中证A50ETF国联,指数型-股票,0.00%,0.00%,6.34%,0.00%,6.34%,1,中际旭创(光芯片/光通信) 6.34%
110030,易方达沪深300量化增强A,指数型-股票,0.00%,0.00%,4.51%,1.82%,6.33%,4,中际旭创(光芯片/光通信) 2.66%; 新易盛(光芯片/光通信) 1.85%; 海光信息(电芯片/核心半导体) 1.38%; 芯原股份(电芯片/核心半导体) 0.44%
560820,中证A50ETF新华,指数型-股票,0.00%,0.00%,6.33%,0.00%,6.33%,1,中际旭创(光芯片/光通信) 6.33%
003131,国寿安保强国智造混合,混合型-灵活,0.00%,0.00%,6.32%,0.00%,6.32%,2,中际旭创(光芯片/光通信) 3.49%; 新易盛(光芯片/光通信) 2.83%
003884,汇安沪深300指数增强A,指数型-股票,0.00%,0.00%,6.16%,0.16%,6.32%,3,中际旭创(光芯片/光通信) 3.63%; 新易盛(光芯片/光通信) 2.53%; 芯原股份(电芯片/核心半导体) 0.16%
003885,汇安沪深300指数增强C,指数型-股票,0.00%,0.00%,6.16%,0.16%,6.32%,3,中际旭创(光芯片/光通信) 3.63%; 新易盛(光芯片/光通信) 2.53%; 芯原股份(电芯片/核心半导体) 0.16%
160726,嘉实瑞享定期混合,混合型-灵活,0.00%,0.00%,0.00%,6.32%,6.32%,2,海光信息(电芯片/核心半导体) 3.17%; 寒武纪(电芯片/核心半导体) 3.15%
001220,民生加银研究精选混合,混合型-灵活,0.00%,0.00%,0.00%,6.31%,6.31%,2,海光信息(电芯片/核心半导体) 3.33%; 寒武纪(电芯片/核心半导体) 2.98%
006230,鹏华研究驱动混合,混合型-偏股,0.00%,0.00%,6.31%,0.00%,6.31%,1,中际旭创(光芯片/光通信) 6.31%
513260,恒生科技ETF汇添富,指数型-海外股票,0.00%,0.00%,0.00%,6.31%,6.31%,1,中芯国际(电芯片/核心半导体) 6.31%
520570,恒生科技ETF南方,指数型-海外股票,0.00%,0.00%,0.00%,6.31%,6.31%,1,中芯国际(电芯片/核心半导体) 6.31%
006263,易方达香港小型股指数C,指数型-海外股票,0.00%,0.00%,6.30%,0.00%,6.30%,1,长飞光纤光缆(光芯片/光通信) 6.30%
021256,浦银安盛中证A50指数增强A,指数型-股票,0.00%,0.00%,6.30%,0.00%,6.30%,1,中际旭创(光芯片/光通信) 6.30%
021257,浦银安盛中证A50指数增强C,指数型-股票,0.00%,0.00%,6.30%,0.00%,6.30%,1,中际旭创(光芯片/光通信) 6.30%
161124,易方达香港小型股指数A,指数型-海外股票,0.00%,0.00%,6.30%,0.00%,6.30%,1,长飞光纤光缆(光芯片/光通信) 6.30%
011650,易方达逆向投资混合C,混合型-偏股,0.00%,0.00%,4.16%,2.13%,6.29%,2,新易盛(光芯片/光通信) 4.16%; 中芯国际(电芯片/核心半导体) 2.13%
011649,易方达逆向投资混合A,混合型-偏股,0.00%,0.00%,4.16%,2.13%,6.29%,2,新易盛(光芯片/光通信) 4.16%; 中芯国际(电芯片/核心半导体) 2.13%
020138,永赢启鑫混合A,混合型-偏股,0.00%,0.00%,0.00%,6.29%,6.29%,1,寒武纪(电芯片/核心半导体) 6.29%
020139,永赢启鑫混合C,混合型-偏股,0.00%,0.00%,0.00%,6.29%,6.29%,1,寒武纪(电芯片/核心半导体) 6.29%
159742,恒生科技ETF博时,指数型-海外股票,0.00%,0.00%,0.00%,6.29%,6.29%,1,中芯国际(电芯片/核心半导体) 6.29%
010301,达诚成长先锋混合A,混合型-偏股,0.00%,0.00%,6.27%,0.00%,6.27%,2,太辰光(光芯片/光通信) 3.18%; 源杰科技(光芯片/光通信) 3.09%
010302,达诚成长先锋混合C,混合型-偏股,0.00%,0.00%,6.27%,0.00%,6.27%,2,太辰光(光芯片/光通信) 3.18%; 源杰科技(光芯片/光通信) 3.09%
513010,恒生科技ETF易方达,指数型-海外股票,0.00%,0.00%,0.00%,6.27%,6.27%,1,中芯国际(电芯片/核心半导体) 6.27%
002955,融通新趋势灵活配置混合,混合型-灵活,0.00%,3.45%,2.80%,0.00%,6.25%,2,佰维存储(存储) 3.45%; 中际旭创(光芯片/光通信) 2.80%
017861,景顺长城致远混合C,混合型-偏股,0.00%,0.00%,6.25%,0.00%,6.25%,2,中际旭创(光芯片/光通信) 3.40%; 新易盛(光芯片/光通信) 2.85%
017860,景顺长城致远混合A,混合型-偏股,0.00%,0.00%,6.25%,0.00%,6.25%,2,中际旭创(光芯片/光通信) 3.40%; 新易盛(光芯片/光通信) 2.85%
023669,中银中证A500指数增强C,指数型-股票,0.00%,0.00%,4.09%,2.16%,6.25%,3,中际旭创(光芯片/光通信) 2.30%; 寒武纪(电芯片/核心半导体) 2.16%; 新易盛(光芯片/光通信) 1.79%
023668,中银中证A500指数增强A,指数型-股票,0.00%,0.00%,4.09%,2.16%,6.25%,3,中际旭创(光芯片/光通信) 2.30%; 寒武纪(电芯片/核心半导体) 2.16%; 新易盛(光芯片/光通信) 1.79%
023670,中银中证A500指数增强E,指数型-股票,0.00%,0.00%,4.09%,2.16%,6.25%,3,中际旭创(光芯片/光通信) 2.30%; 寒武纪(电芯片/核心半导体) 2.16%; 新易盛(光芯片/光通信) 1.79%
561230,中证A50ETF工银,指数型-股票,0.00%,0.00%,6.25%,0.00%,6.25%,1,中际旭创(光芯片/光通信) 6.25%
015103,东方红ESG可持续投资混合C,混合型-偏股,0.00%,0.00%,0.00%,6.24%,6.24%,2,中芯国际(电芯片/核心半导体) 3.60%; 寒武纪(电芯片/核心半导体) 2.64%
015102,东方红ESG可持续投资混合A,混合型-偏股,0.00%,0.00%,0.00%,6.24%,6.24%,2,中芯国际(电芯片/核心半导体) 3.60%; 寒武纪(电芯片/核心半导体) 2.64%
009367,浦银安盛科技创新一年持有混合C,混合型-偏股,0.00%,0.00%,6.23%,0.00%,6.23%,1,新易盛(光芯片/光通信) 6.23%
009366,浦银安盛科技创新一年持有混合A,混合型-偏股,0.00%,0.00%,6.23%,0.00%,6.23%,1,新易盛(光芯片/光通信) 6.23%
011836,银华智能建造股票发起式,股票型,0.00%,0.00%,6.23%,0.00%,6.23%,1,新易盛(光芯片/光通信) 6.23%
023325,路博迈中证A500指数增强A,指数型-股票,0.00%,0.00%,4.65%,1.58%,6.23%,3,中际旭创(光芯片/光通信) 2.36%; 新易盛(光芯片/光通信) 2.29%; 北方华创(电芯片/核心半导体) 1.58%
023326,路博迈中证A500指数增强C,指数型-股票,0.00%,0.00%,4.65%,1.58%,6.23%,3,中际旭创(光芯片/光通信) 2.36%; 新易盛(光芯片/光通信) 2.29%; 北方华创(电芯片/核心半导体) 1.58%
025935,路博迈中证A500指数增强B,指数型-股票,0.00%,0.00%,4.65%,1.58%,6.23%,3,中际旭创(光芯片/光通信) 2.36%; 新易盛(光芯片/光通信) 2.29%; 北方华创(电芯片/核心半导体) 1.58%
025041,国金中证全指指数增强A,指数型-股票,0.00%,2.18%,4.05%,0.00%,6.23%,3,佰维存储(存储) 2.18%; 天孚通信(光芯片/光通信) 2.05%; 源杰科技(光芯片/光通信) 2.00%
025042,国金中证全指指数增强C,指数型-股票,0.00%,2.18%,4.05%,0.00%,6.23%,3,佰维存储(存储) 2.18%; 天孚通信(光芯片/光通信) 2.05%; 源杰科技(光芯片/光通信) 2.00%
159249,A500增强ETF工银,指数型-股票,0.00%,0.00%,3.10%,3.12%,6.22%,3,中际旭创(光芯片/光通信) 3.10%; 寒武纪(电芯片/核心半导体) 1.67%; 中微公司(电芯片/核心半导体) 1.45%
018971,富国致弘量化选股股票A,股票型,0.00%,1.78%,2.52%,1.92%,6.22%,4,寒武纪(电芯片/核心半导体) 1.92%; 佰维存储(存储) 1.78%; 源杰科技(光芯片/光通信) 1.31%; 中际旭创(光芯片/光通信) 1.21%
018972,富国致弘量化选股股票C,股票型,0.00%,1.78%,2.52%,1.92%,6.22%,4,寒武纪(电芯片/核心半导体) 1.92%; 佰维存储(存储) 1.78%; 源杰科技(光芯片/光通信) 1.31%; 中际旭创(光芯片/光通信) 1.21%
169107,东方红恒阳五年持有混合,混合型-偏股,0.00%,0.00%,0.00%,6.21%,6.21%,2,中芯国际(电芯片/核心半导体) 3.58%; 寒武纪(电芯片/核心半导体) 2.63%
009939,淳厚欣享一年持有期混合C,混合型-偏股,0.00%,0.00%,6.21%,0.00%,6.21%,2,新易盛(光芯片/光通信) 3.57%; 中际旭创(光芯片/光通信) 2.64%
009931,淳厚欣享一年持有期混合A,混合型-偏股,0.00%,0.00%,6.21%,0.00%,6.21%,2,新易盛(光芯片/光通信) 3.57%; 中际旭创(光芯片/光通信) 2.64%
000934,国富大中华精选混合,QDII-混合偏股,0.00%,0.00%,1.84%,4.36%,6.20%,3,台积电(电芯片/核心半导体) 2.25%; 台积电(电芯片/核心半导体) 2.11%; 高伟电子(光芯片/光通信) 1.84%
006370,国富大中华精选混合美元,QDII-混合偏股,0.00%,0.00%,1.84%,4.36%,6.20%,3,台积电(电芯片/核心半导体) 2.25%; 台积电(电芯片/核心半导体) 2.11%; 高伟电子(光芯片/光通信) 1.84%
009486,光大瑞和混合A,混合型-偏股,0.00%,0.00%,6.20%,0.00%,6.20%,1,中际旭创(光芯片/光通信) 6.20%
009487,光大瑞和混合C,混合型-偏股,0.00%,0.00%,6.20%,0.00%,6.20%,1,中际旭创(光芯片/光通信) 6.20%
010225,东方红启航三年持有混合B,混合型-偏股,0.00%,0.00%,0.00%,6.20%,6.20%,2,中芯国际(电芯片/核心半导体) 3.57%; 寒武纪(电芯片/核心半导体) 2.63%
012439,东方红睿和三年持有混合C,混合型-偏股,0.00%,0.00%,0.00%,6.20%,6.20%,2,中芯国际(电芯片/核心半导体) 3.57%; 寒武纪(电芯片/核心半导体) 2.63%
169109,东方红睿和三年持有混合A,混合型-偏股,0.00%,0.00%,0.00%,6.20%,6.20%,2,中芯国际(电芯片/核心半导体) 3.57%; 寒武纪(电芯片/核心半导体) 2.63%
910022,东方红启航三年持有混合A,混合型-偏股,0.00%,0.00%,0.00%,6.20%,6.20%,2,中芯国际(电芯片/核心半导体) 3.57%; 寒武纪(电芯片/核心半导体) 2.63%
004934,圆信永丰消费升级,混合型-灵活,0.00%,0.00%,0.00%,6.19%,6.19%,1,中芯国际(电芯片/核心半导体) 6.19%
005953,人保转型新动力混合A,混合型-灵活,0.00%,0.00%,6.19%,0.00%,6.19%,1,中际旭创(光芯片/光通信) 6.19%
005954,人保转型新动力混合C,混合型-灵活,0.00%,0.00%,6.19%,0.00%,6.19%,1,中际旭创(光芯片/光通信) 6.19%
159269,港股通科技ETF南方,指数型-股票,0.00%,0.00%,0.00%,6.19%,6.19%,1,中芯国际(电芯片/核心半导体) 6.19%
513580,恒生科技ETF华安,指数型-海外股票,0.00%,0.00%,0.00%,6.18%,6.18%,1,中芯国际(电芯片/核心半导体) 6.18%
014229,浦银安盛品质优选混合C,混合型-偏股,0.00%,0.00%,6.17%,0.00%,6.17%,1,新易盛(光芯片/光通信) 6.17%
014228,浦银安盛品质优选混合A,混合型-偏股,0.00%,0.00%,6.17%,0.00%,6.17%,1,新易盛(光芯片/光通信) 6.17%
023608,光大沪深300指数增强C,指数型-股票,0.00%,0.00%,4.48%,1.69%,6.17%,3,中际旭创(光芯片/光通信) 2.98%; 海光信息(电芯片/核心半导体) 1.69%; 新易盛(光芯片/光通信) 1.50%
023607,光大沪深300指数增强A,指数型-股票,0.00%,0.00%,4.48%,1.69%,6.17%,3,中际旭创(光芯片/光通信) 2.98%; 海光信息(电芯片/核心半导体) 1.69%; 新易盛(光芯片/光通信) 1.50%
100056,富国低碳环保混合,混合型-偏股,0.00%,0.00%,6.17%,0.00%,6.17%,1,中际旭创(光芯片/光通信) 6.17%
520860,港股通科技ETF富国,指数型-股票,0.00%,0.00%,0.00%,6.17%,6.17%,1,中芯国际(电芯片/核心半导体) 6.17%
002095,博时新收益A,混合型-灵活,0.00%,0.00%,0.00%,6.16%,6.16%,1,华海清科(电芯片/核心半导体) 6.16%
002096,博时新收益C,混合型-灵活,0.00%,0.00%,0.00%,6.16%,6.16%,1,华海清科(电芯片/核心半导体) 6.16%
008985,东方红启东三年持有混合,混合型-灵活,0.00%,0.00%,0.00%,6.16%,6.16%,2,中芯国际(电芯片/核心半导体) 3.54%; 寒武纪(电芯片/核心半导体) 2.62%
159740,恒生科技ETF大成,指数型-海外股票,0.00%,0.00%,0.00%,6.16%,6.16%,1,中芯国际(电芯片/核心半导体) 6.16%
513860,港股通科技ETF海富通,指数型-股票,0.00%,0.00%,0.00%,6.16%,6.16%,1,中芯国际(电芯片/核心半导体) 6.16%
563090,上证50增强ETF易方达,指数型-股票,0.00%,3.75%,0.00%,2.41%,6.16%,2,澜起科技(存储) 3.75%; 豪威集团(电芯片/核心半导体) 2.41%
009630,浦银安盛ESG责任投资混合A,混合型-偏股,0.00%,0.00%,6.15%,0.00%,6.15%,1,新易盛(光芯片/光通信) 6.15%
009631,浦银安盛ESG责任投资混合C,混合型-偏股,0.00%,0.00%,6.15%,0.00%,6.15%,1,新易盛(光芯片/光通信) 6.15%
015718,财通资管均衡臻选混合A,混合型-偏股,0.00%,0.00%,0.00%,6.15%,6.15%,1,中微公司(电芯片/核心半导体) 6.15%
015719,财通资管均衡臻选混合C,混合型-偏股,0.00%,0.00%,0.00%,6.15%,6.15%,1,中微公司(电芯片/核心半导体) 6.15%
512240,A50ETF鹏华,指数型-股票,0.00%,0.00%,6.15%,0.00%,6.15%,1,中际旭创(光芯片/光通信) 6.15%
513020,港股科技ETF国泰,指数型-股票,0.00%,0.00%,0.00%,6.15%,6.15%,1,中芯国际(电芯片/核心半导体) 6.15%
010660,民生加银质量领先混合C,混合型-偏股,0.00%,0.00%,6.15%,0.00%,6.15%,3,中际旭创(光芯片/光通信) 2.13%; 新易盛(光芯片/光通信) 2.09%; 德科立(光芯片/光通信) 1.93%
010659,民生加银质量领先混合A,混合型-偏股,0.00%,0.00%,6.15%,0.00%,6.15%,3,中际旭创(光芯片/光通信) 2.13%; 新易盛(光芯片/光通信) 2.09%; 德科立(光芯片/光通信) 1.93%
513980,港股科技ETF景顺,指数型-股票,0.00%,0.00%,0.00%,6.14%,6.14%,1,中芯国际(电芯片/核心半导体) 6.14%
520530,港股通科技ETF东财,指数型-股票,0.00%,0.00%,0.00%,6.14%,6.14%,1,中芯国际(电芯片/核心半导体) 6.14%
011177,博时汇融回报一年持有混合A,混合型-偏股,0.00%,0.00%,0.00%,6.13%,6.13%,2,寒武纪(电芯片/核心半导体) 3.08%; 华虹半导体(电芯片/核心半导体) 3.05%
011178,博时汇融回报一年持有混合C,混合型-偏股,0.00%,0.00%,0.00%,6.13%,6.13%,2,寒武纪(电芯片/核心半导体) 3.08%; 华虹半导体(电芯片/核心半导体) 3.05%
024166,西部利得恒生科技指数(QDII)A,指数型-海外股票,0.00%,0.00%,0.00%,6.13%,6.13%,1,中芯国际(电芯片/核心半导体) 6.13%
024167,西部利得恒生科技指数(QDII)C,指数型-海外股票,0.00%,0.00%,0.00%,6.13%,6.13%,1,中芯国际(电芯片/核心半导体) 6.13%
025770,中金进取回报混合C,混合型-偏股,0.00%,0.00%,6.13%,0.00%,6.13%,2,中际旭创(光芯片/光通信) 3.17%; 新易盛(光芯片/光通信) 2.96%
025769,中金进取回报混合A,混合型-偏股,0.00%,0.00%,6.13%,0.00%,6.13%,2,中际旭创(光芯片/光通信) 3.17%; 新易盛(光芯片/光通信) 2.96%
023871,人保均衡智选混合A,混合型-偏股,0.00%,0.00%,4.01%,2.12%,6.13%,2,中际旭创(光芯片/光通信) 4.01%; 海光信息(电芯片/核心半导体) 2.12%
023872,人保均衡智选混合C,混合型-偏股,0.00%,0.00%,4.01%,2.12%,6.13%,2,中际旭创(光芯片/光通信) 4.01%; 海光信息(电芯片/核心半导体) 2.12%
005962,宝盈人工智能股票A,股票型,0.00%,0.00%,6.12%,0.00%,6.12%,1,中际旭创(光芯片/光通信) 6.12%
005963,宝盈人工智能股票C,股票型,0.00%,0.00%,6.12%,0.00%,6.12%,1,中际旭创(光芯片/光通信) 6.12%
011724,东方红启恒三年持有混合B,混合型-偏股,0.00%,0.00%,0.00%,6.12%,6.12%,2,中芯国际(电芯片/核心半导体) 3.54%; 寒武纪(电芯片/核心半导体) 2.58%
910004,东方红启恒三年持有混合A,混合型-偏股,0.00%,0.00%,0.00%,6.12%,6.12%,2,中芯国际(电芯片/核心半导体) 3.54%; 寒武纪(电芯片/核心半导体) 2.58%
010363,信澳匠心臻选两年持有期混合,混合型-偏股,0.00%,0.00%,6.09%,0.00%,6.09%,1,长芯博创(光芯片/光通信) 6.09%
017869,民生加银均衡优选混合C,混合型-偏股,0.00%,0.00%,0.00%,6.08%,6.08%,2,海光信息(电芯片/核心半导体) 3.05%; 寒武纪(电芯片/核心半导体) 3.03%
017868,民生加银均衡优选混合A,混合型-偏股,0.00%,0.00%,0.00%,6.08%,6.08%,2,海光信息(电芯片/核心半导体) 3.05%; 寒武纪(电芯片/核心半导体) 3.03%
024148,长城恒生科技指数(QDII)A,指数型-海外股票,0.00%,0.00%,0.00%,6.07%,6.07%,1,中芯国际(电芯片/核心半导体) 6.07%
024149,长城恒生科技指数(QDII)C,指数型-海外股票,0.00%,0.00%,0.00%,6.07%,6.07%,1,中芯国际(电芯片/核心半导体) 6.07%
025656,国金智远量化选股混合A,混合型-偏股,0.00%,2.00%,4.07%,0.00%,6.07%,3,天孚通信(光芯片/光通信) 2.10%; 佰维存储(存储) 2.00%; 源杰科技(光芯片/光通信) 1.97%
025657,国金智远量化选股混合C,混合型-偏股,0.00%,2.00%,4.07%,0.00%,6.07%,3,天孚通信(光芯片/光通信) 2.10%; 佰维存储(存储) 2.00%; 源杰科技(光芯片/光通信) 1.97%
513150,港股通科技ETF华泰柏瑞,指数型-股票,0.00%,0.00%,0.00%,6.06%,6.06%,1,中芯国际(电芯片/核心半导体) 6.06%
008186,淳厚信睿混合A,混合型-偏股,0.00%,0.00%,6.05%,0.00%,6.05%,2,新易盛(光芯片/光通信) 3.46%; 中际旭创(光芯片/光通信) 2.59%
008187,淳厚信睿混合C,混合型-偏股,0.00%,0.00%,6.05%,0.00%,6.05%,2,新易盛(光芯片/光通信) 3.46%; 中际旭创(光芯片/光通信) 2.59%
019234,光大均衡精选混合C,混合型-偏股,0.00%,0.00%,6.05%,0.00%,6.05%,1,中际旭创(光芯片/光通信) 6.05%
023034,中欧恒生科技指数发起(QDII)A,指数型-海外股票,0.00%,0.00%,0.00%,6.05%,6.05%,1,中芯国际(电芯片/核心半导体) 6.05%
023035,中欧恒生科技指数发起(QDII)C,指数型-海外股票,0.00%,0.00%,0.00%,6.05%,6.05%,1,中芯国际(电芯片/核心半导体) 6.05%
360010,光大均衡精选混合A,混合型-偏股,0.00%,0.00%,6.05%,0.00%,6.05%,1,中际旭创(光芯片/光通信) 6.05%
013365,汇添富产业升级混合A,混合型-偏股,0.00%,0.00%,6.04%,0.00%,6.04%,1,源杰科技(光芯片/光通信) 6.04%
013366,汇添富产业升级混合C,混合型-偏股,0.00%,0.00%,6.04%,0.00%,6.04%,1,源杰科技(光芯片/光通信) 6.04%
025644,汇添富多元收益债券D,债券型-混合二级,0.00%,0.00%,6.04%,0.00%,6.04%,4,新易盛(光芯片/光通信) 2.01%; 中际旭创(光芯片/光通信) 1.78%; 天孚通信(光芯片/光通信) 1.54%; 源杰科技(光芯片/光通信) 0.71%
470010,汇添富多元收益债券A,债券型-混合二级,0.00%,0.00%,6.04%,0.00%,6.04%,4,新易盛(光芯片/光通信) 2.01%; 中际旭创(光芯片/光通信) 1.78%; 天孚通信(光芯片/光通信) 1.54%; 源杰科技(光芯片/光通信) 0.71%
470011,汇添富多元收益债券C,债券型-混合二级,0.00%,0.00%,6.04%,0.00%,6.04%,4,新易盛(光芯片/光通信) 2.01%; 中际旭创(光芯片/光通信) 1.78%; 天孚通信(光芯片/光通信) 1.54%; 源杰科技(光芯片/光通信) 0.71%
513560,香港科技ETF兴银,指数型-股票,0.00%,0.00%,0.00%,6.04%,6.04%,1,中芯国际(电芯片/核心半导体) 6.04%
009620,博时女性消费主题混合C,混合型-偏股,0.00%,0.00%,6.03%,0.00%,6.03%,1,中际旭创(光芯片/光通信) 6.03%
009619,博时女性消费主题混合A,混合型-偏股,0.00%,0.00%,6.03%,0.00%,6.03%,1,中际旭创(光芯片/光通信) 6.03%
002959,汇添富盈泰混合,混合型-灵活,0.00%,0.00%,0.00%,6.02%,6.02%,2,中芯国际(电芯片/核心半导体) 3.01%; 中微公司(电芯片/核心半导体) 3.01%
005668,融通新能源汽车主题精选混合A,混合型-灵活,0.00%,0.00%,6.02%,0.00%,6.02%,1,中际旭创(光芯片/光通信) 6.02%
007802,兴全合泰混合A,混合型-偏股,0.00%,0.00%,6.02%,0.00%,6.02%,2,中际旭创(光芯片/光通信) 3.01%; 长飞光纤光缆(光芯片/光通信) 3.01%
007803,兴全合泰混合C,混合型-偏股,0.00%,0.00%,6.02%,0.00%,6.02%,2,中际旭创(光芯片/光通信) 3.01%; 长飞光纤光缆(光芯片/光通信) 3.01%
009069,大成睿鑫股票A,股票型,0.00%,6.02%,0.00%,0.00%,6.02%,1,通富微电(存储) 6.02%
009070,大成睿鑫股票C,股票型,0.00%,6.02%,0.00%,0.00%,6.02%,1,通富微电(存储) 6.02%
009835,融通新能源汽车主题精选混合C,混合型-灵活,0.00%,0.00%,6.02%,0.00%,6.02%,1,中际旭创(光芯片/光通信) 6.02%
012208,华夏港股前沿经济混合(QDII)A,QDII-混合偏股,0.00%,0.00%,0.00%,6.02%,6.02%,1,中芯国际(电芯片/核心半导体) 6.02%
012209,华夏港股前沿经济混合(QDII)C,QDII-混合偏股,0.00%,0.00%,0.00%,6.02%,6.02%,1,中芯国际(电芯片/核心半导体) 6.02%
012570,建信恒生科技指数发起(QDII)A,指数型-海外股票,0.00%,0.00%,0.00%,6.02%,6.02%,1,中芯国际(电芯片/核心半导体) 6.02%
012571,建信恒生科技指数发起(QDII)C,指数型-海外股票,0.00%,0.00%,0.00%,6.02%,6.02%,1,中芯国际(电芯片/核心半导体) 6.02%
024848,国投瑞银中证港股通科技指数发起式C,指数型-股票,0.00%,0.00%,0.00%,6.02%,6.02%,1,中芯国际(电芯片/核心半导体) 6.02%
024847,国投瑞银中证港股通科技指数发起式A,指数型-股票,0.00%,0.00%,0.00%,6.02%,6.02%,1,中芯国际(电芯片/核心半导体) 6.02%
001463,光大一带一路混合A,混合型-偏股,0.00%,0.00%,6.01%,0.00%,6.01%,2,中际旭创(光芯片/光通信) 3.38%; 新易盛(光芯片/光通信) 2.63%
017600,华夏行业甄选混合A,混合型-偏股,0.00%,0.00%,0.00%,6.01%,6.01%,1,寒武纪(电芯片/核心半导体) 6.01%
017601,华夏行业甄选混合C,混合型-偏股,0.00%,0.00%,0.00%,6.01%,6.01%,1,寒武纪(电芯片/核心半导体) 6.01%
019181,光大一带一路混合C,混合型-偏股,0.00%,0.00%,6.01%,0.00%,6.01%,2,中际旭创(光芯片/光通信) 3.38%; 新易盛(光芯片/光通信) 2.63%
159751,港股通科技ETF鹏华,指数型-股票,0.00%,0.00%,0.00%,6.01%,6.01%,1,中芯国际(电芯片/核心半导体) 6.01%
021889,中欧中证A50指数A,指数型-股票,0.00%,0.00%,6.00%,0.00%,6.00%,1,中际旭创(光芯片/光通信) 6.00%
021890,中欧中证A50指数C,指数型-股票,0.00%,0.00%,6.00%,0.00%,6.00%,1,中际旭创(光芯片/光通信) 6.00%
003374,大成景禄灵活配置混合C,混合型-灵活,0.00%,5.99%,0.00%,0.00%,5.99%,1,通富微电(存储) 5.99%
003373,大成景禄灵活配置混合A,混合型-灵活,0.00%,5.99%,0.00%,0.00%,5.99%,1,通富微电(存储) 5.99%
023432,天弘中证A50指数C,指数型-股票,0.00%,0.00%,5.99%,0.00%,5.99%,1,中际旭创(光芯片/光通信) 5.99%
023431,天弘中证A50指数A,指数型-股票,0.00%,0.00%,5.99%,0.00%,5.99%,1,中际旭创(光芯片/光通信) 5.99%
026206,宝盈恒生科技指数(QDII)A,指数型-海外股票,0.00%,0.00%,0.00%,5.99%,5.99%,1,中芯国际(电芯片/核心半导体) 5.99%
026207,宝盈恒生科技指数(QDII)C,指数型-海外股票,0.00%,0.00%,0.00%,5.99%,5.99%,1,中芯国际(电芯片/核心半导体) 5.99%
660006,农银大盘蓝筹混合,混合型-偏股,0.00%,0.00%,5.99%,0.00%,5.99%,3,中际旭创(光芯片/光通信) 2.50%; 源杰科技(光芯片/光通信) 1.89%; 新易盛(光芯片/光通信) 1.60%
014311,大成优质精选混合A,混合型-偏股,0.00%,5.98%,0.00%,0.00%,5.98%,1,通富微电(存储) 5.98%
014312,大成优质精选混合C,混合型-偏股,0.00%,5.98%,0.00%,0.00%,5.98%,1,通富微电(存储) 5.98%
023053,交银中证A50指数C,指数型-股票,0.00%,0.00%,5.98%,0.00%,5.98%,1,中际旭创(光芯片/光通信) 5.98%
023052,交银中证A50指数A,指数型-股票,0.00%,0.00%,5.98%,0.00%,5.98%,1,中际旭创(光芯片/光通信) 5.98%
006912,长城久泰沪深300指数C,指数型-股票,0.00%,0.00%,5.97%,0.00%,5.97%,2,中际旭创(光芯片/光通信) 3.36%; 新易盛(光芯片/光通信) 2.61%
200002,长城久泰沪深300指数A,指数型-股票,0.00%,0.00%,5.97%,0.00%,5.97%,2,中际旭创(光芯片/光通信) 3.36%; 新易盛(光芯片/光通信) 2.61%
110009,易方达价值精选混合,混合型-偏股,0.00%,0.00%,5.96%,0.00%,5.96%,1,中际旭创(光芯片/光通信) 5.96%
001897,九泰久盛量化先锋混合A,混合型-灵活,0.00%,0.00%,0.00%,5.94%,5.94%,1,中微公司(电芯片/核心半导体) 5.94%
004510,九泰久盛量化先锋混合C,混合型-灵活,0.00%,0.00%,0.00%,5.94%,5.94%,1,中微公司(电芯片/核心半导体) 5.94%
023129,富国致盛量化选股股票A,股票型,0.00%,0.00%,5.94%,0.00%,5.94%,2,中际旭创(光芯片/光通信) 3.91%; 新易盛(光芯片/光通信) 2.03%
023130,富国致盛量化选股股票C,股票型,0.00%,0.00%,5.94%,0.00%,5.94%,2,中际旭创(光芯片/光通信) 3.91%; 新易盛(光芯片/光通信) 2.03%
070017,嘉实量化阿尔法混合,混合型-偏股,0.00%,0.00%,4.62%,1.32%,5.94%,3,中际旭创(光芯片/光通信) 2.36%; 新易盛(光芯片/光通信) 2.26%; 北方华创(电芯片/核心半导体) 1.32%
025298,交银港股通优质精选混合A,混合型-偏股,0.00%,0.00%,5.91%,0.00%,5.91%,1,中际旭创(光芯片/光通信) 5.91%
025299,交银港股通优质精选混合C,混合型-偏股,0.00%,0.00%,5.91%,0.00%,5.91%,1,中际旭创(光芯片/光通信) 5.91%
160641,鹏华丰锐债券LOF,债券型-混合二级,0.00%,0.00%,3.76%,2.14%,5.90%,6,新易盛(光芯片/光通信) 1.72%; 中际旭创(光芯片/光通信) 1.59%; 中芯国际(电芯片/核心半导体) 0.92%; 寒武纪(电芯片/核心半导体) 0.68%; 海光信息(电芯片/核心半导体) 0.54%; 天孚通信(光芯片/光通信) 0.45%
004874,融通巨潮100指数C,指数型-股票,0.00%,0.00%,5.90%,0.00%,5.90%,2,中际旭创(光芯片/光通信) 3.34%; 新易盛(光芯片/光通信) 2.56%
011401,汇添富成长精选混合A,混合型-偏股,0.00%,3.12%,0.00%,2.78%,5.90%,2,兆易创新(存储) 3.12%; 北方华创(电芯片/核心半导体) 2.78%
011402,汇添富成长精选混合C,混合型-偏股,0.00%,3.12%,0.00%,2.78%,5.90%,2,兆易创新(存储) 3.12%; 北方华创(电芯片/核心半导体) 2.78%
161607,融通巨潮100指数A(LOF),指数型-股票,0.00%,0.00%,5.90%,0.00%,5.90%,2,中际旭创(光芯片/光通信) 3.34%; 新易盛(光芯片/光通信) 2.56%
002780,前海联合泓鑫混合A,混合型-灵活,0.00%,0.00%,5.88%,0.00%,5.88%,2,中际旭创(光芯片/光通信) 3.42%; 新易盛(光芯片/光通信) 2.46%
007043,前海联合泓鑫混合C,混合型-灵活,0.00%,0.00%,5.88%,0.00%,5.88%,2,中际旭创(光芯片/光通信) 3.42%; 新易盛(光芯片/光通信) 2.46%
012756,易方达中证龙头企业指数A,指数型-股票,0.00%,0.00%,5.88%,0.00%,5.88%,1,中际旭创(光芯片/光通信) 5.88%
012757,易方达中证龙头企业指数C,指数型-股票,0.00%,0.00%,5.88%,0.00%,5.88%,1,中际旭创(光芯片/光通信) 5.88%
010491,鹏华高质量增长混合C,混合型-偏股,0.00%,0.00%,5.86%,0.00%,5.86%,1,中际旭创(光芯片/光通信) 5.86%
010490,鹏华高质量增长混合A,混合型-偏股,0.00%,0.00%,5.86%,0.00%,5.86%,1,中际旭创(光芯片/光通信) 5.86%
022689,申万菱信中证A500指数增强C,指数型-股票,0.00%,0.00%,4.43%,1.43%,5.86%,3,中际旭创(光芯片/光通信) 2.83%; 新易盛(光芯片/光通信) 1.60%; 海光信息(电芯片/核心半导体) 1.43%
022688,申万菱信中证A500指数增强A,指数型-股票,0.00%,0.00%,4.43%,1.43%,5.86%,3,中际旭创(光芯片/光通信) 2.83%; 新易盛(光芯片/光通信) 1.60%; 海光信息(电芯片/核心半导体) 1.43%
025673,鑫元港股通领航混合C,混合型-偏股,0.00%,0.00%,0.00%,5.86%,5.86%,1,华虹半导体(电芯片/核心半导体) 5.86%
025674,鑫元港股通领航混合A,混合型-偏股,0.00%,0.00%,0.00%,5.86%,5.86%,1,华虹半导体(电芯片/核心半导体) 5.86%
004809,前海联合润丰混合A,混合型-灵活,0.00%,0.00%,5.86%,0.00%,5.86%,2,中际旭创(光芯片/光通信) 3.30%; 新易盛(光芯片/光通信) 2.56%
005935,前海联合润丰混合C,混合型-灵活,0.00%,0.00%,5.86%,0.00%,5.86%,2,中际旭创(光芯片/光通信) 3.30%; 新易盛(光芯片/光通信) 2.56%
513170,恒生央企ETF鹏华,指数型-海外股票,0.00%,0.00%,0.00%,5.85%,5.85%,1,中芯国际(电芯片/核心半导体) 5.85%
013359,上银高质量优选9个月持有混合C,混合型-偏股,0.00%,5.84%,0.00%,0.00%,5.84%,1,兆易创新(存储) 5.84%
013358,上银高质量优选9个月持有混合A,混合型-偏股,0.00%,5.84%,0.00%,0.00%,5.84%,1,兆易创新(存储) 5.84%
014096,交银经济新动力混合C,混合型-灵活,0.00%,0.00%,2.92%,2.92%,5.84%,2,新易盛(光芯片/光通信) 2.92%; 北方华创(电芯片/核心半导体) 2.92%
519778,交银经济新动力混合A,混合型-灵活,0.00%,0.00%,2.92%,2.92%,5.84%,2,新易盛(光芯片/光通信) 2.92%; 北方华创(电芯片/核心半导体) 2.92%
004224,南方军工改革灵活配置混合A,混合型-灵活,0.00%,0.00%,0.00%,5.83%,5.83%,1,复旦微电(电芯片/核心半导体) 5.83%
005826,华夏潜龙精选股票,股票型,0.00%,0.00%,0.00%,5.83%,5.83%,1,恒玄科技(电芯片/核心半导体) 5.83%
011148,南方军工改革灵活配置混合C,混合型-灵活,0.00%,0.00%,0.00%,5.83%,5.83%,1,复旦微电(电芯片/核心半导体) 5.83%
001656,农银中国优势灵活配置混合,混合型-灵活,0.00%,0.00%,0.00%,5.82%,5.82%,1,海光信息(电芯片/核心半导体) 5.82%
011330,鹏华精选群英一年持有混合MOM,混合型-灵活,0.00%,4.20%,0.00%,1.62%,5.82%,3,普冉股份(存储) 2.61%; 复旦微电(电芯片/核心半导体) 1.62%; 兆易创新(存储) 1.59%
026174,路博迈港股通科技股票C,股票型,0.00%,0.00%,2.46%,3.34%,5.80%,2,中芯国际(电芯片/核心半导体) 3.34%; 长飞光纤光缆(光芯片/光通信) 2.46%
026173,路博迈港股通科技股票A,股票型,0.00%,0.00%,2.46%,3.34%,5.80%,2,中芯国际(电芯片/核心半导体) 3.34%; 长飞光纤光缆(光芯片/光通信) 2.46%
009538,太平行业优选股票C,股票型,0.00%,0.00%,0.00%,5.79%,5.79%,1,复旦微电(电芯片/核心半导体) 5.79%
009537,太平行业优选股票A,股票型,0.00%,0.00%,0.00%,5.79%,5.79%,1,复旦微电(电芯片/核心半导体) 5.79%
023545,东方中证A500指数增强C,指数型-股票,0.00%,0.00%,5.77%,0.00%,5.77%,2,中际旭创(光芯片/光通信) 3.40%; 新易盛(光芯片/光通信) 2.37%
023544,东方中证A500指数增强A,指数型-股票,0.00%,0.00%,5.77%,0.00%,5.77%,2,中际旭创(光芯片/光通信) 3.40%; 新易盛(光芯片/光通信) 2.37%
021892,融通中证港股通科技指数C,指数型-股票,0.00%,0.00%,0.00%,5.75%,5.75%,1,中芯国际(电芯片/核心半导体) 5.75%
021891,融通中证港股通科技指数A,指数型-股票,0.00%,0.00%,0.00%,5.75%,5.75%,1,中芯国际(电芯片/核心半导体) 5.75%
011246,嘉实阿尔法优选混合A,混合型-偏股,0.00%,2.02%,0.00%,3.73%,5.75%,3,华虹半导体(电芯片/核心半导体) 2.28%; 兆易创新(存储) 2.02%; 中微公司(电芯片/核心半导体) 1.45%
011247,嘉实阿尔法优选混合C,混合型-偏股,0.00%,2.02%,0.00%,3.73%,5.75%,3,华虹半导体(电芯片/核心半导体) 2.28%; 兆易创新(存储) 2.02%; 中微公司(电芯片/核心半导体) 1.45%
510300,沪深300ETF华泰柏瑞,指数型-股票,0.00%,0.86%,4.89%,0.00%,5.75%,5,中际旭创(光芯片/光通信) 2.55%; 新易盛(光芯片/光通信) 1.77%; 兆易创新(存储) 0.64%; 天孚通信(光芯片/光通信) 0.57%; 长电科技(存储) 0.22%
003235,中信保诚至利混合C,混合型-灵活,0.00%,0.00%,5.74%,0.00%,5.74%,1,剑桥科技(光芯片/光通信) 5.74%
003234,中信保诚至利混合A,混合型-灵活,0.00%,0.00%,5.74%,0.00%,5.74%,1,剑桥科技(光芯片/光通信) 5.74%
008955,交银创新领航混合,混合型-偏股,0.00%,0.00%,2.88%,2.86%,5.74%,2,新易盛(光芯片/光通信) 2.88%; 北方华创(电芯片/核心半导体) 2.86%
017766,华夏兴和混合C,混合型-灵活,0.00%,0.00%,0.00%,5.74%,5.74%,1,寒武纪(电芯片/核心半导体) 5.74%
519918,华夏兴和混合A,混合型-灵活,0.00%,0.00%,0.00%,5.74%,5.74%,1,寒武纪(电芯片/核心半导体) 5.74%
690003,民生加银精选混合,混合型-偏股,0.00%,0.00%,0.00%,5.74%,5.74%,1,海光信息(电芯片/核心半导体) 5.74%
017231,宝盈价值成长混合C,混合型-偏股,0.00%,0.00%,5.73%,0.00%,5.73%,1,德科立(光芯片/光通信) 5.73%
017230,宝盈价值成长混合A,混合型-偏股,0.00%,0.00%,5.73%,0.00%,5.73%,1,德科立(光芯片/光通信) 5.73%
009683,汇添富创新增长一年定开混合A,混合型-偏股,0.00%,0.00%,1.93%,3.80%,5.73%,2,北方华创(电芯片/核心半导体) 3.80%; 中际旭创(光芯片/光通信) 1.93%
009684,汇添富创新增长一年定开混合C,混合型-偏股,0.00%,0.00%,1.93%,3.80%,5.73%,2,北方华创(电芯片/核心半导体) 3.80%; 中际旭创(光芯片/光通信) 1.93%
017004,上银恒睿养老目标2045三年持有混合发起式(FOF),FOF-均衡型,0.00%,0.00%,5.73%,0.00%,5.73%,3,新易盛(光芯片/光通信) 2.59%; 中际旭创(光芯片/光通信) 2.38%; 天孚通信(光芯片/光通信) 0.76%
011123,汇添富ESG可持续成长股票C,股票型,0.00%,0.00%,5.71%,0.00%,5.71%,1,新易盛(光芯片/光通信) 5.71%
011122,汇添富ESG可持续成长股票A,股票型,0.00%,0.00%,5.71%,0.00%,5.71%,1,新易盛(光芯片/光通信) 5.71%
012383,宏利新兴景气龙头混合C,混合型-偏股,0.00%,0.00%,5.71%,0.00%,5.71%,1,长飞光纤光缆(光芯片/光通信) 5.71%
012382,宏利新兴景气龙头混合A,混合型-偏股,0.00%,0.00%,5.71%,0.00%,5.71%,1,长飞光纤光缆(光芯片/光通信) 5.71%
016243,广发成长领航一年持有混合A,混合型-偏股,0.00%,0.00%,5.70%,0.00%,5.70%,1,长飞光纤光缆(光芯片/光通信) 5.70%
016244,广发成长领航一年持有混合C,混合型-偏股,0.00%,0.00%,5.70%,0.00%,5.70%,1,长飞光纤光缆(光芯片/光通信) 5.70%
011838,鹏扬中国优质成长混合C,混合型-偏股,0.00%,0.00%,0.00%,5.69%,5.69%,1,思特威(电芯片/核心半导体) 5.69%
011837,鹏扬中国优质成长混合A,混合型-偏股,0.00%,0.00%,0.00%,5.69%,5.69%,1,思特威(电芯片/核心半导体) 5.69%
014171,富国新兴成长量化精选混合(LOF)C,混合型-偏股,0.00%,0.98%,2.39%,2.32%,5.69%,5,寒武纪(电芯片/核心半导体) 1.36%; 中际旭创(光芯片/光通信) 1.28%; 源杰科技(光芯片/光通信) 1.11%; 佰维存储(存储) 0.98%; 海光信息(电芯片/核心半导体) 0.96%
161038,富国新兴成长量化精选混合(LOF)A,混合型-偏股,0.00%,0.98%,2.39%,2.32%,5.69%,5,寒武纪(电芯片/核心半导体) 1.36%; 中际旭创(光芯片/光通信) 1.28%; 源杰科技(光芯片/光通信) 1.11%; 佰维存储(存储) 0.98%; 海光信息(电芯片/核心半导体) 0.96%
002595,博时工业4.0主题股票,股票型,0.00%,0.00%,0.00%,5.68%,5.68%,1,北方华创(电芯片/核心半导体) 5.68%
005472,富国价值驱动灵活配置混合A,混合型-灵活,0.00%,0.00%,5.67%,0.00%,5.67%,1,中际旭创(光芯片/光通信) 5.67%
005473,富国价值驱动灵活配置混合C,混合型-灵活,0.00%,0.00%,5.67%,0.00%,5.67%,1,中际旭创(光芯片/光通信) 5.67%
009246,大摩ESG量化混合A,混合型-偏股,0.00%,0.00%,3.55%,2.12%,5.67%,2,中际旭创(光芯片/光通信) 3.55%; 寒武纪(电芯片/核心半导体) 2.12%
010121,九泰久福量化股票C,股票型,0.00%,5.67%,0.00%,0.00%,5.67%,1,聚辰股份(存储) 5.67%
010120,九泰久福量化股票A,股票型,0.00%,5.67%,0.00%,0.00%,5.67%,1,聚辰股份(存储) 5.67%
015240,山证资管裕享增强债券发起式C,债券型-混合二级,0.00%,0.00%,5.67%,0.00%,5.67%,4,新易盛(光芯片/光通信) 1.97%; 中际旭创(光芯片/光通信) 1.90%; 天孚通信(光芯片/光通信) 1.34%; 华工科技(光芯片/光通信) 0.46%
015239,山证资管裕享增强债券发起式A,债券型-混合二级,0.00%,0.00%,5.67%,0.00%,5.67%,4,新易盛(光芯片/光通信) 1.97%; 中际旭创(光芯片/光通信) 1.90%; 天孚通信(光芯片/光通信) 1.34%; 华工科技(光芯片/光通信) 0.46%
023783,山证资管裕享增强债券发起式E,债券型-混合二级,0.00%,0.00%,5.67%,0.00%,5.67%,4,新易盛(光芯片/光通信) 1.97%; 中际旭创(光芯片/光通信) 1.90%; 天孚通信(光芯片/光通信) 1.34%; 华工科技(光芯片/光通信) 0.46%
026421,大摩ESG量化混合C,混合型-偏股,0.00%,0.00%,3.55%,2.12%,5.67%,2,中际旭创(光芯片/光通信) 3.55%; 寒武纪(电芯片/核心半导体) 2.12%
002376,国寿安保核心产业混合,混合型-灵活,0.00%,5.66%,0.00%,0.00%,5.66%,1,佰维存储(存储) 5.66%
016045,华商研究回报一年持有混合A,混合型-偏股,0.00%,0.00%,2.12%,3.54%,5.66%,2,海光信息(电芯片/核心半导体) 3.54%; 光迅科技(光芯片/光通信) 2.12%
016046,华商研究回报一年持有混合C,混合型-偏股,0.00%,0.00%,2.12%,3.54%,5.66%,2,海光信息(电芯片/核心半导体) 3.54%; 光迅科技(光芯片/光通信) 2.12%
002837,华夏网购精选混合A,混合型-灵活,0.00%,0.00%,2.56%,3.09%,5.65%,3,中际旭创(光芯片/光通信) 2.56%; 中芯国际(电芯片/核心半导体) 1.59%; 海光信息(电芯片/核心半导体) 1.50%
007939,华夏网购精选混合C,混合型-灵活,0.00%,0.00%,2.56%,3.09%,5.65%,3,中际旭创(光芯片/光通信) 2.56%; 中芯国际(电芯片/核心半导体) 1.59%; 海光信息(电芯片/核心半导体) 1.50%
016709,泉果旭源三年持有期混合A,混合型-偏股,0.00%,0.00%,0.00%,5.65%,5.65%,1,中芯国际(电芯片/核心半导体) 5.65%
016710,泉果旭源三年持有期混合C,混合型-偏股,0.00%,0.00%,0.00%,5.65%,5.65%,1,中芯国际(电芯片/核心半导体) 5.65%
022811,人保中证A500指数增强A,指数型-股票,0.00%,0.00%,3.80%,1.85%,5.65%,2,中际旭创(光芯片/光通信) 3.80%; 海光信息(电芯片/核心半导体) 1.85%
022812,人保中证A500指数增强C,指数型-股票,0.00%,0.00%,3.80%,1.85%,5.65%,2,中际旭创(光芯片/光通信) 3.80%; 海光信息(电芯片/核心半导体) 1.85%
011351,金鹰年年邮益一年持有混合A,混合型-偏债,0.00%,0.00%,5.65%,0.00%,5.65%,3,新易盛(光芯片/光通信) 2.25%; 光库科技(光芯片/光通信) 1.81%; 联特科技(光芯片/光通信) 1.59%
011352,金鹰年年邮益一年持有混合C,混合型-偏债,0.00%,0.00%,5.65%,0.00%,5.65%,3,新易盛(光芯片/光通信) 2.25%; 光库科技(光芯片/光通信) 1.81%; 联特科技(光芯片/光通信) 1.59%
002952,建信多因子量化股票,股票型,0.00%,0.00%,2.98%,2.66%,5.64%,2,中际旭创(光芯片/光通信) 2.98%; 芯原股份(电芯片/核心半导体) 2.66%
014144,长信先进装备三个月持有混合A,混合型-偏股,0.00%,0.00%,5.64%,0.00%,5.64%,1,中际旭创(光芯片/光通信) 5.64%
014145,长信先进装备三个月持有混合C,混合型-偏股,0.00%,0.00%,5.64%,0.00%,5.64%,1,中际旭创(光芯片/光通信) 5.64%
014931,富国天源沪港深平衡混合C,混合型-灵活,0.00%,0.00%,5.64%,0.00%,5.64%,2,中际旭创(光芯片/光通信) 3.22%; 新易盛(光芯片/光通信) 2.42%
100016,富国天源沪港深平衡混合A,混合型-灵活,0.00%,0.00%,5.64%,0.00%,5.64%,2,中际旭创(光芯片/光通信) 3.22%; 新易盛(光芯片/光通信) 2.42%
019913,华夏瑞益混合A1,混合型-偏股,0.00%,0.00%,0.00%,5.63%,5.63%,1,寒武纪(电芯片/核心半导体) 5.63%
019915,华夏瑞益混合A3,混合型-偏股,0.00%,0.00%,0.00%,5.63%,5.63%,1,寒武纪(电芯片/核心半导体) 5.63%
019914,华夏瑞益混合A2,混合型-偏股,0.00%,0.00%,0.00%,5.63%,5.63%,1,寒武纪(电芯片/核心半导体) 5.63%
022485,国金中证A500指数增强A,指数型-股票,0.00%,2.38%,3.24%,0.00%,5.62%,3,兆易创新(存储) 2.38%; 天孚通信(光芯片/光通信) 2.22%; 源杰科技(光芯片/光通信) 1.02%
022486,国金中证A500指数增强C,指数型-股票,0.00%,2.38%,3.24%,0.00%,5.62%,3,兆易创新(存储) 2.38%; 天孚通信(光芯片/光通信) 2.22%; 源杰科技(光芯片/光通信) 1.02%
015230,华夏低碳经济一年持有混合C,混合型-偏股,0.00%,0.00%,5.61%,0.00%,5.61%,1,长飞光纤光缆(光芯片/光通信) 5.61%
015229,华夏低碳经济一年持有混合A,混合型-偏股,0.00%,0.00%,5.61%,0.00%,5.61%,1,长飞光纤光缆(光芯片/光通信) 5.61%
159240,A500增强ETF天弘,指数型-股票,0.00%,0.00%,4.06%,1.55%,5.61%,3,中际旭创(光芯片/光通信) 2.63%; 海光信息(电芯片/核心半导体) 1.55%; 新易盛(光芯片/光通信) 1.43%
017040,长安沪深300非周期C,指数型-股票,0.00%,0.00%,5.60%,0.00%,5.60%,2,中际旭创(光芯片/光通信) 3.27%; 新易盛(光芯片/光通信) 2.33%
740101,长安沪深300非周期A,指数型-股票,0.00%,0.00%,5.60%,0.00%,5.60%,2,中际旭创(光芯片/光通信) 3.27%; 新易盛(光芯片/光通信) 2.33%
012454,淳厚鑫悦混合A,混合型-偏股,0.00%,0.00%,5.60%,0.00%,5.60%,1,长飞光纤光缆(光芯片/光通信) 5.60%
012455,淳厚鑫悦混合C,混合型-偏股,0.00%,0.00%,5.60%,0.00%,5.60%,1,长飞光纤光缆(光芯片/光通信) 5.60%
024634,招商上证科创板综合价格指数增强发起式A,指数型-股票,0.00%,0.00%,0.00%,5.59%,5.59%,2,海光信息(电芯片/核心半导体) 3.78%; 寒武纪(电芯片/核心半导体) 1.81%
024635,招商上证科创板综合价格指数增强发起式C,指数型-股票,0.00%,0.00%,0.00%,5.59%,5.59%,2,海光信息(电芯片/核心半导体) 3.78%; 寒武纪(电芯片/核心半导体) 1.81%
002216,易方达量化策略A,混合型-灵活,0.00%,0.78%,4.11%,0.70%,5.59%,4,中际旭创(光芯片/光通信) 2.23%; 新易盛(光芯片/光通信) 1.88%; 兆易创新(存储) 0.78%; 寒武纪(电芯片/核心半导体) 0.70%
002217,易方达量化策略C,混合型-灵活,0.00%,0.78%,4.11%,0.70%,5.59%,4,中际旭创(光芯片/光通信) 2.23%; 新易盛(光芯片/光通信) 1.88%; 兆易创新(存储) 0.78%; 寒武纪(电芯片/核心半导体) 0.70%
020496,建信研究精选混合C,混合型-偏股,0.00%,0.00%,0.00%,5.59%,5.59%,2,芯原股份(电芯片/核心半导体) 3.26%; 寒武纪(电芯片/核心半导体) 2.33%
020495,建信研究精选混合A,混合型-偏股,0.00%,0.00%,0.00%,5.59%,5.59%,2,芯原股份(电芯片/核心半导体) 3.26%; 寒武纪(电芯片/核心半导体) 2.33%
400025,东方新兴成长混合,混合型-灵活,0.00%,0.00%,0.00%,5.59%,5.59%,1,北方华创(电芯片/核心半导体) 5.59%
002777,招商安荣混合C,混合型-灵活,0.00%,0.00%,2.91%,2.66%,5.57%,2,天孚通信(光芯片/光通信) 2.91%; 海光信息(电芯片/核心半导体) 2.66%
002776,招商安荣混合A,混合型-灵活,0.00%,0.00%,2.91%,2.66%,5.57%,2,天孚通信(光芯片/光通信) 2.91%; 海光信息(电芯片/核心半导体) 2.66%
013604,易方达均衡优选一年持有混合C,混合型-偏股,0.00%,0.00%,3.45%,2.12%,5.57%,2,新易盛(光芯片/光通信) 3.45%; 中芯国际(电芯片/核心半导体) 2.12%
013603,易方达均衡优选一年持有混合A,混合型-偏股,0.00%,0.00%,3.45%,2.12%,5.57%,2,新易盛(光芯片/光通信) 3.45%; 中芯国际(电芯片/核心半导体) 2.12%
015950,华夏蓝筹混合(LOF)C,混合型-灵活,0.00%,0.00%,0.00%,5.57%,5.57%,1,寒武纪(电芯片/核心半导体) 5.57%
160311,华夏蓝筹混合(LOF)A,混合型-灵活,0.00%,0.00%,0.00%,5.57%,5.57%,1,寒武纪(电芯片/核心半导体) 5.57%
519223,海富通欣荣混合C,混合型-灵活,0.00%,0.00%,5.57%,0.00%,5.57%,2,中际旭创(光芯片/光通信) 3.17%; 新易盛(光芯片/光通信) 2.40%
519224,海富通欣荣混合A,混合型-灵活,0.00%,0.00%,5.57%,0.00%,5.57%,2,中际旭创(光芯片/光通信) 3.17%; 新易盛(光芯片/光通信) 2.40%
519617,银河君信混合C,混合型-灵活,0.00%,0.00%,0.00%,5.57%,5.57%,2,寒武纪(电芯片/核心半导体) 3.25%; 芯原股份(电芯片/核心半导体) 2.32%
519616,银河君信混合A,混合型-灵活,0.00%,0.00%,0.00%,5.57%,5.57%,2,寒武纪(电芯片/核心半导体) 3.25%; 芯原股份(电芯片/核心半导体) 2.32%
519618,银河君信混合I,混合型-灵活,0.00%,0.00%,0.00%,5.57%,5.57%,2,寒武纪(电芯片/核心半导体) 3.25%; 芯原股份(电芯片/核心半导体) 2.32%
008961,华商科技创新混合,混合型-偏股,0.00%,0.00%,2.10%,3.43%,5.53%,2,海光信息(电芯片/核心半导体) 3.43%; 光迅科技(光芯片/光通信) 2.10%
011216,南方优质企业混合A,混合型-偏股,0.00%,0.00%,5.53%,0.00%,5.53%,2,新易盛(光芯片/光通信) 2.80%; 中际旭创(光芯片/光通信) 2.73%
011217,南方优质企业混合C,混合型-偏股,0.00%,0.00%,5.53%,0.00%,5.53%,2,新易盛(光芯片/光通信) 2.80%; 中际旭创(光芯片/光通信) 2.73%
005353,鹏扬景泰成长混合C,混合型-偏股,0.00%,0.00%,0.00%,5.51%,5.51%,1,思特威(电芯片/核心半导体) 5.51%
005352,鹏扬景泰成长混合A,混合型-偏股,0.00%,0.00%,0.00%,5.51%,5.51%,1,思特威(电芯片/核心半导体) 5.51%
010201,农银汇理智增一年定开混合,混合型-偏股,0.00%,0.00%,0.00%,5.51%,5.51%,1,海光信息(电芯片/核心半导体) 5.51%
001410,信澳新能源产业股票A,股票型,0.00%,1.71%,0.00%,3.78%,5.49%,3,华海清科(电芯片/核心半导体) 1.95%; 思瑞浦(电芯片/核心半导体) 1.83%; 长电科技(存储) 1.71%
024170,信澳新能源产业股票C,股票型,0.00%,1.71%,0.00%,3.78%,5.49%,3,华海清科(电芯片/核心半导体) 1.95%; 思瑞浦(电芯片/核心半导体) 1.83%; 长电科技(存储) 1.71%
014800,工银招瑞一年持有混合C,混合型-偏债,0.00%,0.00%,0.92%,4.57%,5.49%,4,寒武纪(电芯片/核心半导体) 2.07%; 芯原股份(电芯片/核心半导体) 1.40%; 海光信息(电芯片/核心半导体) 1.10%; 新易盛(光芯片/光通信) 0.92%
014799,工银招瑞一年持有混合A,混合型-偏债,0.00%,0.00%,0.92%,4.57%,5.49%,4,寒武纪(电芯片/核心半导体) 2.07%; 芯原股份(电芯片/核心半导体) 1.40%; 海光信息(电芯片/核心半导体) 1.10%; 新易盛(光芯片/光通信) 0.92%
159101,港股通科技ETF华夏,指数型-股票,0.00%,0.00%,0.00%,5.48%,5.48%,1,中芯国际(电芯片/核心半导体) 5.48%
159128,港股科技ETF天弘,指数型-股票,0.00%,0.00%,0.00%,5.48%,5.48%,1,中芯国际(电芯片/核心半导体) 5.48%
000336,农银研究精选混合,混合型-灵活,0.00%,0.00%,5.47%,0.00%,5.47%,2,中际旭创(光芯片/光通信) 2.84%; 新易盛(光芯片/光通信) 2.63%
159636,港股通科技30ETF工银,指数型-股票,0.00%,0.00%,0.00%,5.46%,5.46%,1,中芯国际(电芯片/核心半导体) 5.46%
005474,泰康均衡优选混合A,混合型-偏股,0.00%,0.00%,0.00%,5.45%,5.45%,1,北方华创(电芯片/核心半导体) 5.45%
005475,泰康均衡优选混合C,混合型-偏股,0.00%,0.00%,0.00%,5.45%,5.45%,1,北方华创(电芯片/核心半导体) 5.45%
019052,华泰柏瑞科技创新混合发起式C,混合型-偏股,0.00%,0.00%,0.00%,5.45%,5.45%,1,复旦微电(电芯片/核心半导体) 5.45%
019051,华泰柏瑞科技创新混合发起式A,混合型-偏股,0.00%,0.00%,0.00%,5.45%,5.45%,1,复旦微电(电芯片/核心半导体) 5.45%
159251,港股通科技ETF万家,指数型-股票,0.00%,0.00%,0.00%,5.45%,5.45%,1,中芯国际(电芯片/核心半导体) 5.45%
562070,沪深300指增ETF华宝,指数型-股票,0.00%,0.00%,5.45%,0.00%,5.45%,2,中际旭创(光芯片/光通信) 3.10%; 新易盛(光芯片/光通信) 2.35%
241001,华宝海外中国成长混合,QDII-混合偏股,0.00%,0.00%,5.44%,0.00%,5.44%,1,长飞光纤光缆(光芯片/光通信) 5.44%
660004,农银策略价值混合,混合型-偏股,0.00%,0.00%,5.44%,0.00%,5.44%,2,中际旭创(光芯片/光通信) 2.84%; 新易盛(光芯片/光通信) 2.60%
012608,信澳领先智选混合,混合型-偏股,0.00%,1.72%,0.00%,3.72%,5.44%,3,思瑞浦(电芯片/核心半导体) 1.88%; 华海清科(电芯片/核心半导体) 1.84%; 长电科技(存储) 1.72%
022707,银河中证A500指数增强C,指数型-股票,0.00%,0.00%,4.23%,1.21%,5.44%,3,中际旭创(光芯片/光通信) 2.44%; 新易盛(光芯片/光通信) 1.79%; 寒武纪(电芯片/核心半导体) 1.21%
022706,银河中证A500指数增强A,指数型-股票,0.00%,0.00%,4.23%,1.21%,5.44%,3,中际旭创(光芯片/光通信) 2.44%; 新易盛(光芯片/光通信) 1.79%; 寒武纪(电芯片/核心半导体) 1.21%
660001,农银行业成长混合,混合型-偏股,0.00%,0.00%,5.43%,0.00%,5.43%,2,中际旭创(光芯片/光通信) 2.84%; 新易盛(光芯片/光通信) 2.59%
159125,港股通科技ETF招商,指数型-股票,0.00%,0.00%,0.00%,5.43%,5.43%,1,中芯国际(电芯片/核心半导体) 5.43%
025752,招商均衡配置混合A,混合型-偏股,0.00%,0.00%,0.00%,5.42%,5.42%,1,翱捷科技(电芯片/核心半导体) 5.42%
025753,招商均衡配置混合C,混合型-偏股,0.00%,0.00%,0.00%,5.42%,5.42%,1,翱捷科技(电芯片/核心半导体) 5.42%
014402,富国核心趋势混合C,混合型-偏股,0.00%,0.00%,5.41%,0.00%,5.41%,1,长飞光纤光缆(光芯片/光通信) 5.41%
014401,富国核心趋势混合A,混合型-偏股,0.00%,0.00%,5.41%,0.00%,5.41%,1,长飞光纤光缆(光芯片/光通信) 5.41%
018005,光大新增长混合C,混合型-偏股,0.00%,0.00%,0.00%,5.41%,5.41%,2,中芯国际(电芯片/核心半导体) 2.99%; 寒武纪(电芯片/核心半导体) 2.42%
025350,广发乾享核心精选混合C,混合型-偏股,0.00%,0.00%,5.41%,0.00%,5.41%,1,长飞光纤光缆(光芯片/光通信) 5.41%
025349,广发乾享核心精选混合A,混合型-偏股,0.00%,0.00%,5.41%,0.00%,5.41%,1,长飞光纤光缆(光芯片/光通信) 5.41%
360006,光大新增长混合A,混合型-偏股,0.00%,0.00%,0.00%,5.41%,5.41%,2,中芯国际(电芯片/核心半导体) 2.99%; 寒武纪(电芯片/核心半导体) 2.42%
530016,建信恒稳价值混合,混合型-平衡,0.00%,0.00%,5.41%,0.00%,5.41%,2,新易盛(光芯片/光通信) 2.99%; 中际旭创(光芯片/光通信) 2.42%
004476,景顺长城沪港深领先科技股票A,股票型,0.00%,0.00%,5.40%,0.00%,5.40%,1,中际旭创(光芯片/光通信) 5.40%
023854,景顺长城沪港深领先科技股票C,股票型,0.00%,0.00%,5.40%,0.00%,5.40%,1,中际旭创(光芯片/光通信) 5.40%
014241,农银均衡收益混合,混合型-偏股,0.00%,0.00%,5.39%,0.00%,5.39%,2,中际旭创(光芯片/光通信) 2.84%; 新易盛(光芯片/光通信) 2.55%
002553,博时创业成长混合C,混合型-偏股,0.00%,0.00%,5.38%,0.00%,5.38%,1,中际旭创(光芯片/光通信) 5.38%
050014,博时创业成长混合A,混合型-偏股,0.00%,0.00%,5.38%,0.00%,5.38%,1,中际旭创(光芯片/光通信) 5.38%
016761,嘉合锦荣混合A,混合型-偏股,0.00%,0.00%,0.00%,5.37%,5.37%,1,中芯国际(电芯片/核心半导体) 5.37%
016762,嘉合锦荣混合C,混合型-偏股,0.00%,0.00%,0.00%,5.37%,5.37%,1,中芯国际(电芯片/核心半导体) 5.37%
019075,嘉实全球产业精选混合发起式(QDII)人民币,QDII-混合偏股,0.00%,0.00%,0.00%,5.37%,5.37%,2,台积电(电芯片/核心半导体) 2.89%; 中芯国际(电芯片/核心半导体) 2.48%
019076,嘉实全球产业精选混合发起式(QDII)美元,QDII-混合偏股,0.00%,0.00%,0.00%,5.37%,5.37%,2,台积电(电芯片/核心半导体) 2.89%; 中芯国际(电芯片/核心半导体) 2.48%
020380,华富价值增长混合C,混合型-灵活,0.00%,0.00%,3.74%,1.61%,5.35%,3,中际旭创(光芯片/光通信) 2.17%; 北方华创(电芯片/核心半导体) 1.61%; 新易盛(光芯片/光通信) 1.57%
410007,华富价值增长混合A,混合型-灵活,0.00%,0.00%,3.74%,1.61%,5.35%,3,中际旭创(光芯片/光通信) 2.17%; 北方华创(电芯片/核心半导体) 1.61%; 新易盛(光芯片/光通信) 1.57%
001744,诺安进取回报混合,混合型-灵活,0.00%,0.00%,0.00%,5.35%,5.35%,1,晶晨股份(电芯片/核心半导体) 5.35%
011338,兴全合远两年持有混合A,混合型-偏股,0.00%,0.00%,5.35%,0.00%,5.35%,1,高伟电子(光芯片/光通信) 5.35%
011339,兴全合远两年持有混合C,混合型-偏股,0.00%,0.00%,5.35%,0.00%,5.35%,1,高伟电子(光芯片/光通信) 5.35%
014255,信澳智远三年持有期混合C,混合型-偏股,0.00%,1.70%,0.00%,3.65%,5.35%,3,思瑞浦(电芯片/核心半导体) 1.92%; 华海清科(电芯片/核心半导体) 1.73%; 长电科技(存储) 1.70%
014254,信澳智远三年持有期混合A,混合型-偏股,0.00%,1.70%,0.00%,3.65%,5.35%,3,思瑞浦(电芯片/核心半导体) 1.92%; 华海清科(电芯片/核心半导体) 1.73%; 长电科技(存储) 1.70%
018824,国金智享量化选股混合C,混合型-偏股,0.00%,2.05%,3.30%,0.00%,5.35%,3,天孚通信(光芯片/光通信) 2.17%; 佰维存储(存储) 2.05%; 源杰科技(光芯片/光通信) 1.13%
018823,国金智享量化选股混合A,混合型-偏股,0.00%,2.05%,3.30%,0.00%,5.35%,3,天孚通信(光芯片/光通信) 2.17%; 佰维存储(存储) 2.05%; 源杰科技(光芯片/光通信) 1.13%
159743,湖北ETF博时,指数型-股票,0.00%,0.00%,5.34%,0.00%,5.34%,2,华工科技(光芯片/光通信) 2.78%; 光迅科技(光芯片/光通信) 2.56%
019822,长城稳健成长混合C,混合型-灵活,0.00%,0.00%,5.34%,0.00%,5.34%,1,中际旭创(光芯片/光通信) 5.34%
200016,长城稳健成长混合A,混合型-灵活,0.00%,0.00%,5.34%,0.00%,5.34%,1,中际旭创(光芯片/光通信) 5.34%
002160,南方驱动混合,混合型-灵活,0.00%,0.00%,5.33%,0.00%,5.33%,2,新易盛(光芯片/光通信) 2.69%; 中际旭创(光芯片/光通信) 2.64%
001740,光大中国制造2025灵活配置混合A,混合型-灵活,0.00%,0.00%,0.00%,5.32%,5.32%,2,中芯国际(电芯片/核心半导体) 2.90%; 寒武纪(电芯片/核心半导体) 2.42%
018501,光大中国制造2025灵活配置混合C,混合型-灵活,0.00%,0.00%,0.00%,5.32%,5.32%,2,中芯国际(电芯片/核心半导体) 2.90%; 寒武纪(电芯片/核心半导体) 2.42%
000654,华商新锐产业混合,混合型-灵活,0.00%,0.00%,2.11%,3.20%,5.31%,2,海光信息(电芯片/核心半导体) 3.20%; 光迅科技(光芯片/光通信) 2.11%
010299,南方产业升级混合A,混合型-偏股,0.00%,0.00%,5.31%,0.00%,5.31%,2,新易盛(光芯片/光通信) 2.74%; 中际旭创(光芯片/光通信) 2.57%
010300,南方产业升级混合C,混合型-偏股,0.00%,0.00%,5.31%,0.00%,5.31%,2,新易盛(光芯片/光通信) 2.74%; 中际旭创(光芯片/光通信) 2.57%
010663,长江均衡成长混合发起式A,混合型-偏股,0.00%,0.00%,2.41%,2.90%,5.31%,2,中芯国际(电芯片/核心半导体) 2.90%; 新易盛(光芯片/光通信) 2.41%
010664,长江均衡成长混合发起式C,混合型-偏股,0.00%,0.00%,2.41%,2.90%,5.31%,2,中芯国际(电芯片/核心半导体) 2.90%; 新易盛(光芯片/光通信) 2.41%
007182,万家沪港深蓝筹混合A,混合型-偏股,0.00%,0.00%,0.00%,5.30%,5.30%,2,北方华创(电芯片/核心半导体) 2.86%; 华虹半导体(电芯片/核心半导体) 2.44%
007183,万家沪港深蓝筹混合C,混合型-偏股,0.00%,0.00%,0.00%,5.30%,5.30%,2,北方华创(电芯片/核心半导体) 2.86%; 华虹半导体(电芯片/核心半导体) 2.44%
008138,富国龙头优势混合A,混合型-偏股,0.00%,0.00%,5.30%,0.00%,5.30%,1,新易盛(光芯片/光通信) 5.30%
018175,富国龙头优势混合C,混合型-偏股,0.00%,0.00%,5.30%,0.00%,5.30%,1,新易盛(光芯片/光通信) 5.30%
003015,中金沪深300指数增强A,指数型-股票,0.00%,0.00%,5.29%,0.00%,5.29%,2,中际旭创(光芯片/光通信) 3.11%; 新易盛(光芯片/光通信) 2.18%
003579,中金沪深300指数增强C,指数型-股票,0.00%,0.00%,5.29%,0.00%,5.29%,2,中际旭创(光芯片/光通信) 3.11%; 新易盛(光芯片/光通信) 2.18%
011201,财通优势行业轮动混合A,混合型-偏股,0.00%,0.00%,5.29%,0.00%,5.29%,1,新易盛(光芯片/光通信) 5.29%
011202,财通优势行业轮动混合C,混合型-偏股,0.00%,0.00%,5.29%,0.00%,5.29%,1,新易盛(光芯片/光通信) 5.29%
025936,中金沪深300指数增强Y,指数型-股票,0.00%,0.00%,5.29%,0.00%,5.29%,2,中际旭创(光芯片/光通信) 3.11%; 新易盛(光芯片/光通信) 2.18%
007863,长信利泰灵活配置混合C,混合型-灵活,0.00%,0.00%,0.00%,5.28%,5.28%,2,海光信息(电芯片/核心半导体) 2.78%; 芯原股份(电芯片/核心半导体) 2.50%
008071,长信利泰灵活配置混合E,混合型-灵活,0.00%,0.00%,0.00%,5.28%,5.28%,2,海光信息(电芯片/核心半导体) 2.78%; 芯原股份(电芯片/核心半导体) 2.50%
014607,招商高端装备混合C,混合型-偏股,0.00%,0.00%,5.28%,0.00%,5.28%,1,长飞光纤光缆(光芯片/光通信) 5.28%
014606,招商高端装备混合A,混合型-偏股,0.00%,0.00%,5.28%,0.00%,5.28%,1,长飞光纤光缆(光芯片/光通信) 5.28%
519951,长信利泰灵活配置混合A,混合型-灵活,0.00%,0.00%,0.00%,5.28%,5.28%,2,海光信息(电芯片/核心半导体) 2.78%; 芯原股份(电芯片/核心半导体) 2.50%
002292,诺安益鑫灵活配置混合A,混合型-灵活,0.00%,0.00%,0.00%,5.27%,5.27%,1,中芯国际(电芯片/核心半导体) 5.27%
014550,诺安益鑫灵活配置混合C,混合型-灵活,0.00%,0.00%,0.00%,5.27%,5.27%,1,中芯国际(电芯片/核心半导体) 5.27%
011459,东方鑫享价值成长一年持有混合C,混合型-偏股,0.00%,0.00%,0.00%,5.26%,5.26%,1,华海清科(电芯片/核心半导体) 5.26%
011458,东方鑫享价值成长一年持有混合A,混合型-偏股,0.00%,0.00%,0.00%,5.26%,5.26%,1,华海清科(电芯片/核心半导体) 5.26%
019210,浦银安盛沪深300指数增强C,指数型-股票,0.00%,0.00%,5.26%,0.00%,5.26%,2,中际旭创(光芯片/光通信) 3.34%; 新易盛(光芯片/光通信) 1.92%
519116,浦银安盛沪深300指数增强A,指数型-股票,0.00%,0.00%,5.26%,0.00%,5.26%,2,中际旭创(光芯片/光通信) 3.34%; 新易盛(光芯片/光通信) 1.92%
008290,华安现代生活混合,混合型-偏股,0.00%,0.00%,0.00%,5.25%,5.25%,1,华虹半导体(电芯片/核心半导体) 5.25%
013633,富国利享回报12个月持有混合C,混合型-偏债,0.00%,0.00%,4.24%,1.00%,5.24%,3,新易盛(光芯片/光通信) 2.19%; 中际旭创(光芯片/光通信) 2.05%; 寒武纪(电芯片/核心半导体) 1.00%
013632,富国利享回报12个月持有混合A,混合型-偏债,0.00%,0.00%,4.24%,1.00%,5.24%,3,新易盛(光芯片/光通信) 2.19%; 中际旭创(光芯片/光通信) 2.05%; 寒武纪(电芯片/核心半导体) 1.00%
506007,广发科创板两年定开混合,混合型-偏股,0.00%,0.00%,0.00%,5.23%,5.23%,1,中芯国际(电芯片/核心半导体) 5.23%
010615,国金自主创新混合A,混合型-偏股,0.00%,0.00%,5.22%,0.00%,5.22%,1,新易盛(光芯片/光通信) 5.22%
010616,国金自主创新混合C,混合型-偏股,0.00%,0.00%,5.22%,0.00%,5.22%,1,新易盛(光芯片/光通信) 5.22%
015698,华夏磐润两年定开混合C,混合型-偏股,0.00%,5.22%,0.00%,0.00%,5.22%,1,佰维存储(存储) 5.22%
015697,华夏磐润两年定开混合A,混合型-偏股,0.00%,5.22%,0.00%,0.00%,5.22%,1,佰维存储(存储) 5.22%
015912,兴业致远混合C,混合型-偏股,0.00%,0.00%,2.77%,2.45%,5.22%,2,长芯博创(光芯片/光通信) 2.77%; 海光信息(电芯片/核心半导体) 2.45%
015911,兴业致远混合A,混合型-偏股,0.00%,0.00%,2.77%,2.45%,5.22%,2,长芯博创(光芯片/光通信) 2.77%; 海光信息(电芯片/核心半导体) 2.45%
210004,金鹰稳健成长混合,混合型-偏股,0.00%,0.00%,5.22%,0.00%,5.22%,1,中际旭创(光芯片/光通信) 5.22%
011841,嘉实兴锐优选一年持有混合A,混合型-偏股,0.00%,0.00%,1.80%,3.41%,5.21%,3,中芯国际(电芯片/核心半导体) 2.21%; 新易盛(光芯片/光通信) 1.80%; 中芯国际(电芯片/核心半导体) 1.20%
011842,嘉实兴锐优选一年持有混合C,混合型-偏股,0.00%,0.00%,1.80%,3.41%,5.21%,3,中芯国际(电芯片/核心半导体) 2.21%; 新易盛(光芯片/光通信) 1.80%; 中芯国际(电芯片/核心半导体) 1.20%
000082,嘉实研究阿尔法股票A,股票型,0.00%,1.31%,3.89%,0.00%,5.20%,3,中际旭创(光芯片/光通信) 2.35%; 新易盛(光芯片/光通信) 1.54%; 兆易创新(存储) 1.31%
002562,泓德泓益量化混合A,混合型-偏股,0.00%,0.00%,4.09%,1.11%,5.20%,3,中际旭创(光芯片/光通信) 2.47%; 新易盛(光芯片/光通信) 1.62%; 海光信息(电芯片/核心半导体) 1.11%
012621,诺安先锋混合C,混合型-偏股,0.00%,0.00%,0.00%,5.20%,5.20%,1,晶晨股份(电芯片/核心半导体) 5.20%
019306,嘉实研究阿尔法股票C,股票型,0.00%,1.31%,3.89%,0.00%,5.20%,3,中际旭创(光芯片/光通信) 2.35%; 新易盛(光芯片/光通信) 1.54%; 兆易创新(存储) 1.31%
022708,泓德泓益量化混合C,混合型-偏股,0.00%,0.00%,4.09%,1.11%,5.20%,3,中际旭创(光芯片/光通信) 2.47%; 新易盛(光芯片/光通信) 1.62%; 海光信息(电芯片/核心半导体) 1.11%
320003,诺安先锋混合A,混合型-偏股,0.00%,0.00%,0.00%,5.20%,5.20%,1,晶晨股份(电芯片/核心半导体) 5.20%
023522,中金中证A500指数增强A,指数型-股票,0.00%,0.00%,5.20%,0.00%,5.20%,2,中际旭创(光芯片/光通信) 2.94%; 新易盛(光芯片/光通信) 2.26%
023523,中金中证A500指数增强C,指数型-股票,0.00%,0.00%,5.20%,0.00%,5.20%,2,中际旭创(光芯片/光通信) 2.94%; 新易盛(光芯片/光通信) 2.26%
023965,中金中证A500指数增强B,指数型-股票,0.00%,0.00%,5.20%,0.00%,5.20%,2,中际旭创(光芯片/光通信) 2.94%; 新易盛(光芯片/光通信) 2.26%
481008,工银大盘蓝筹混合,混合型-偏股,0.00%,0.00%,5.20%,0.00%,5.20%,2,源杰科技(光芯片/光通信) 2.92%; 中际旭创(光芯片/光通信) 2.28%
005443,国金量化多策略A,混合型-灵活,0.00%,2.88%,2.31%,0.00%,5.19%,3,天孚通信(光芯片/光通信) 2.31%; 佰维存储(存储) 1.71%; 兆易创新(存储) 1.17%
017874,国金量化多策略C,混合型-灵活,0.00%,2.88%,2.31%,0.00%,5.19%,3,天孚通信(光芯片/光通信) 2.31%; 佰维存储(存储) 1.71%; 兆易创新(存储) 1.17%
014782,建信兴衡优选一年持有混合C,混合型-偏股,0.00%,0.00%,2.34%,2.84%,5.18%,2,芯原股份(电芯片/核心半导体) 2.84%; 中际旭创(光芯片/光通信) 2.34%
014781,建信兴衡优选一年持有混合A,混合型-偏股,0.00%,0.00%,2.34%,2.84%,5.18%,2,芯原股份(电芯片/核心半导体) 2.84%; 中际旭创(光芯片/光通信) 2.34%
516720,ESGETF浦银,指数型-股票,0.00%,0.00%,5.18%,0.00%,5.18%,1,中际旭创(光芯片/光通信) 5.18%
009929,南方创新驱动混合A,混合型-偏股,0.00%,0.00%,2.82%,2.35%,5.17%,2,中际旭创(光芯片/光通信) 2.82%; 北方华创(电芯片/核心半导体) 2.35%
009930,南方创新驱动混合C,混合型-偏股,0.00%,0.00%,2.82%,2.35%,5.17%,2,中际旭创(光芯片/光通信) 2.82%; 北方华创(电芯片/核心半导体) 2.35%
013153,长信电子信息量化灵活配置混合C,混合型-灵活,0.00%,0.00%,0.00%,5.17%,5.17%,1,北方华创(电芯片/核心半导体) 5.17%
019903,国寿安保先进制造股票发起式C,股票型,0.00%,5.17%,0.00%,0.00%,5.17%,1,兆易创新(存储) 5.17%
019902,国寿安保先进制造股票发起式A,股票型,0.00%,5.17%,0.00%,0.00%,5.17%,1,兆易创新(存储) 5.17%
100060,富国高新技术产业混合,混合型-偏股,0.00%,0.00%,0.00%,5.17%,5.17%,1,中微公司(电芯片/核心半导体) 5.17%
519929,长信电子信息量化灵活配置混合A,混合型-灵活,0.00%,0.00%,0.00%,5.17%,5.17%,1,北方华创(电芯片/核心半导体) 5.17%
009511,信澳研究优选混合A,混合型-偏股,0.00%,1.66%,0.00%,3.50%,5.16%,3,思瑞浦(电芯片/核心半导体) 1.88%; 长电科技(存储) 1.66%; 华海清科(电芯片/核心半导体) 1.62%
014954,信澳研究优选混合C,混合型-偏股,0.00%,1.66%,0.00%,3.50%,5.16%,3,思瑞浦(电芯片/核心半导体) 1.88%; 长电科技(存储) 1.66%; 华海清科(电芯片/核心半导体) 1.62%
000527,南方新优享灵活配置混合A,混合型-灵活,0.00%,0.00%,5.16%,0.00%,5.16%,2,中际旭创(光芯片/光通信) 2.67%; 新易盛(光芯片/光通信) 2.49%
001972,前海开源沪港深智慧生活混合,混合型-灵活,0.00%,0.00%,0.00%,5.16%,5.16%,1,中微公司(电芯片/核心半导体) 5.16%
006590,南方新优享灵活配置混合C,混合型-灵活,0.00%,0.00%,5.16%,0.00%,5.16%,2,中际旭创(光芯片/光通信) 2.67%; 新易盛(光芯片/光通信) 2.49%
000171,易方达裕丰回报债券A,债券型-混合二级,0.00%,0.00%,2.91%,2.24%,5.15%,4,新易盛(光芯片/光通信) 1.55%; 中际旭创(光芯片/光通信) 1.36%; 芯原股份(电芯片/核心半导体) 1.33%; 寒武纪(电芯片/核心半导体) 0.91%
002387,工银沪港深股票A,股票型,0.00%,0.00%,0.00%,5.15%,5.15%,1,中芯国际(电芯片/核心半导体) 5.15%
007512,工银沪港深股票C,股票型,0.00%,0.00%,0.00%,5.15%,5.15%,1,中芯国际(电芯片/核心半导体) 5.15%
014158,博时浦惠一年持有期混合A,混合型-偏债,0.00%,0.00%,0.00%,5.15%,5.15%,1,华海清科(电芯片/核心半导体) 5.15%
014159,博时浦惠一年持有期混合C,混合型-偏债,0.00%,0.00%,0.00%,5.15%,5.15%,1,华海清科(电芯片/核心半导体) 5.15%
016465,兴全合瑞混合C,混合型-偏股,0.00%,0.00%,5.15%,0.00%,5.15%,1,高伟电子(光芯片/光通信) 5.15%
016464,兴全合瑞混合A,混合型-偏股,0.00%,0.00%,5.15%,0.00%,5.15%,1,高伟电子(光芯片/光通信) 5.15%
016479,易方达裕丰回报债券C,债券型-混合二级,0.00%,0.00%,2.91%,2.24%,5.15%,4,新易盛(光芯片/光通信) 1.55%; 中际旭创(光芯片/光通信) 1.36%; 芯原股份(电芯片/核心半导体) 1.33%; 寒武纪(电芯片/核心半导体) 0.91%
019153,中欧锐意成长混合发起A,混合型-偏股,0.00%,0.00%,5.15%,0.00%,5.15%,1,长飞光纤光缆(光芯片/光通信) 5.15%
019154,中欧锐意成长混合发起C,混合型-偏股,0.00%,0.00%,5.15%,0.00%,5.15%,1,长飞光纤光缆(光芯片/光通信) 5.15%
290010,泰信中证200指数,指数型-股票,0.00%,3.71%,1.44%,0.00%,5.15%,4,兆易创新(存储) 1.82%; 天孚通信(光芯片/光通信) 1.44%; 澜起科技(存储) 1.33%; 佰维存储(存储) 0.56%
023843,创金合信中证A500指数增强C,指数型-股票,0.00%,0.00%,5.15%,0.00%,5.15%,2,中际旭创(光芯片/光通信) 2.81%; 新易盛(光芯片/光通信) 2.34%
023842,创金合信中证A500指数增强A,指数型-股票,0.00%,0.00%,5.15%,0.00%,5.15%,2,中际旭创(光芯片/光通信) 2.81%; 新易盛(光芯片/光通信) 2.34%
512650,长三角ETF汇添富,指数型-股票,0.00%,2.51%,2.64%,0.00%,5.15%,2,天孚通信(光芯片/光通信) 2.64%; 澜起科技(存储) 2.51%
005850,财通沪深300指数增强,指数型-股票,0.00%,0.00%,5.14%,0.00%,5.14%,2,中际旭创(光芯片/光通信) 3.20%; 新易盛(光芯片/光通信) 1.94%
012884,华夏港股通精选股票发起式(LOF)C,股票型,0.00%,0.00%,0.00%,5.14%,5.14%,1,中芯国际(电芯片/核心半导体) 5.14%
160322,华夏港股通精选股票发起式(LOF)A,股票型,0.00%,0.00%,0.00%,5.14%,5.14%,1,中芯国际(电芯片/核心半导体) 5.14%
013641,博道成长智航股票A,股票型,0.00%,0.96%,2.85%,1.32%,5.13%,4,中际旭创(光芯片/光通信) 1.82%; 寒武纪(电芯片/核心半导体) 1.32%; 新易盛(光芯片/光通信) 1.03%; 兆易创新(存储) 0.96%
013642,博道成长智航股票C,股票型,0.00%,0.96%,2.85%,1.32%,5.13%,4,中际旭创(光芯片/光通信) 1.82%; 寒武纪(电芯片/核心半导体) 1.32%; 新易盛(光芯片/光通信) 1.03%; 兆易创新(存储) 0.96%
024821,国富国证港股通科技指数C,指数型-股票,0.00%,0.00%,0.00%,5.13%,5.13%,1,中芯国际(电芯片/核心半导体) 5.13%
024820,国富国证港股通科技指数A,指数型-股票,0.00%,0.00%,0.00%,5.13%,5.13%,1,中芯国际(电芯片/核心半导体) 5.13%
004423,华商研究精选灵活配置A,混合型-灵活,0.00%,0.00%,2.10%,3.02%,5.12%,2,海光信息(电芯片/核心半导体) 3.02%; 光迅科技(光芯片/光通信) 2.10%
016069,华商研究精选灵活配置C,混合型-灵活,0.00%,0.00%,2.10%,3.02%,5.12%,2,海光信息(电芯片/核心半导体) 3.02%; 光迅科技(光芯片/光通信) 2.10%
001053,南方创新经济,混合型-灵活,0.00%,0.00%,5.11%,0.00%,5.11%,2,中际旭创(光芯片/光通信) 2.70%; 新易盛(光芯片/光通信) 2.41%
004881,中银沪深300指数增强A,指数型-股票,0.00%,0.42%,4.69%,0.00%,5.11%,3,中际旭创(光芯片/光通信) 2.73%; 新易盛(光芯片/光通信) 1.96%; 佰维存储(存储) 0.42%
010311,中银沪深300指数增强C,指数型-股票,0.00%,0.42%,4.69%,0.00%,5.11%,3,中际旭创(光芯片/光通信) 2.73%; 新易盛(光芯片/光通信) 1.96%; 佰维存储(存储) 0.42%
021851,中银沪深300指数增强E,指数型-股票,0.00%,0.42%,4.69%,0.00%,5.11%,3,中际旭创(光芯片/光通信) 2.73%; 新易盛(光芯片/光通信) 1.96%; 佰维存储(存储) 0.42%
000214,广发成长优选混合,混合型-灵活,0.00%,0.00%,3.76%,1.34%,5.10%,3,中际旭创(光芯片/光通信) 2.03%; 新易盛(光芯片/光通信) 1.73%; 寒武纪(电芯片/核心半导体) 1.34%
001042,华夏领先股票,股票型,0.00%,0.00%,5.10%,0.00%,5.10%,1,中际旭创(光芯片/光通信) 5.10%
001167,金鹰科技创新股票A,股票型,0.00%,0.00%,0.00%,5.10%,5.10%,1,思瑞浦(电芯片/核心半导体) 5.10%
002367,国联安安稳混合,混合型-灵活,0.00%,0.00%,5.10%,0.00%,5.10%,1,中际旭创(光芯片/光通信) 5.10%
008593,天弘沪深300指数增强发起C,指数型-股票,0.00%,0.00%,5.10%,0.00%,5.10%,3,新易盛(光芯片/光通信) 2.41%; 中际旭创(光芯片/光通信) 2.01%; 光迅科技(光芯片/光通信) 0.68%
008592,天弘沪深300指数增强发起A,指数型-股票,0.00%,0.00%,5.10%,0.00%,5.10%,3,新易盛(光芯片/光通信) 2.41%; 中际旭创(光芯片/光通信) 2.01%; 光迅科技(光芯片/光通信) 0.68%
019093,金鹰科技创新股票C,股票型,0.00%,0.00%,0.00%,5.10%,5.10%,1,思瑞浦(电芯片/核心半导体) 5.10%
022543,天弘沪深300指数增强发起E,指数型-股票,0.00%,0.00%,5.10%,0.00%,5.10%,3,新易盛(光芯片/光通信) 2.41%; 中际旭创(光芯片/光通信) 2.01%; 光迅科技(光芯片/光通信) 0.68%
022743,鹏华增瑞混合(LOF)C,混合型-灵活,0.00%,0.00%,5.10%,0.00%,5.10%,1,长芯博创(光芯片/光通信) 5.10%
022940,天弘沪深300指数增强发起Y,指数型-股票,0.00%,0.00%,5.10%,0.00%,5.10%,3,新易盛(光芯片/光通信) 2.41%; 中际旭创(光芯片/光通信) 2.01%; 光迅科技(光芯片/光通信) 0.68%
025024,华商港股通价值回报混合,混合型-偏股,0.00%,0.00%,0.00%,5.10%,5.10%,1,中芯国际(电芯片/核心半导体) 5.10%
160642,鹏华增瑞混合(LOF)A,混合型-灵活,0.00%,0.00%,5.10%,0.00%,5.10%,1,长芯博创(光芯片/光通信) 5.10%
003940,银华盛世精选灵活配置混合发起式A,混合型-灵活,0.00%,0.00%,1.99%,3.10%,5.09%,2,海光信息(电芯片/核心半导体) 3.10%; 中际旭创(光芯片/光通信) 1.99%
014047,银华盛世精选灵活配置混合发起式C,混合型-灵活,0.00%,0.00%,1.99%,3.10%,5.09%,2,海光信息(电芯片/核心半导体) 3.10%; 中际旭创(光芯片/光通信) 1.99%
410010,华富中小企业100指数增强,指数型-股票,0.00%,0.00%,0.00%,5.08%,5.08%,1,北方华创(电芯片/核心半导体) 5.08%
011637,广发沪港深价值成长混合A,混合型-偏股,0.00%,2.30%,0.00%,2.77%,5.07%,2,中芯国际(电芯片/核心半导体) 2.77%; 兆易创新(存储) 2.30%
011638,广发沪港深价值成长混合C,混合型-偏股,0.00%,2.30%,0.00%,2.77%,5.07%,2,中芯国际(电芯片/核心半导体) 2.77%; 兆易创新(存储) 2.30%
519068,汇添富成长焦点混合,混合型-偏股,0.00%,0.00%,5.06%,0.00%,5.06%,2,中际旭创(光芯片/光通信) 2.73%; 新易盛(光芯片/光通信) 2.33%
010953,天弘国证A50指数A,指数型-股票,0.00%,0.00%,5.06%,0.00%,5.06%,1,中际旭创(光芯片/光通信) 5.06%
010954,天弘国证A50指数C,指数型-股票,0.00%,0.00%,5.06%,0.00%,5.06%,1,中际旭创(光芯片/光通信) 5.06%
012510,国富优质企业一年持有期混合A,混合型-偏股,0.00%,0.00%,0.00%,5.06%,5.06%,1,中芯国际(电芯片/核心半导体) 5.06%
012511,国富优质企业一年持有期混合C,混合型-偏股,0.00%,0.00%,0.00%,5.06%,5.06%,1,中芯国际(电芯片/核心半导体) 5.06%
014734,广发睿合混合A,混合型-偏股,0.00%,0.00%,5.06%,0.00%,5.06%,2,中际旭创(光芯片/光通信) 3.17%; 新易盛(光芯片/光通信) 1.89%
014735,广发睿合混合C,混合型-偏股,0.00%,0.00%,5.06%,0.00%,5.06%,2,中际旭创(光芯片/光通信) 3.17%; 新易盛(光芯片/光通信) 1.89%
024870,中金中证800指数增强A,指数型-股票,0.00%,0.00%,5.06%,0.00%,5.06%,2,中际旭创(光芯片/光通信) 2.77%; 新易盛(光芯片/光通信) 2.29%
024871,中金中证800指数增强C,指数型-股票,0.00%,0.00%,5.06%,0.00%,5.06%,2,中际旭创(光芯片/光通信) 2.77%; 新易盛(光芯片/光通信) 2.29%
164508,国富中证A100指数增强(LOF),指数型-股票,0.00%,0.00%,5.06%,0.00%,5.06%,1,中际旭创(光芯片/光通信) 5.06%
013122,中信保诚中证TMT(LOF)C,指数型-股票,0.00%,0.00%,3.69%,1.36%,5.05%,4,芯原股份(电芯片/核心半导体) 1.36%; 华工科技(光芯片/光通信) 1.25%; 光迅科技(光芯片/光通信) 1.23%; 天孚通信(光芯片/光通信) 1.21%
165522,中信保诚中证TMT(LOF)A,指数型-股票,0.00%,0.00%,3.69%,1.36%,5.05%,4,芯原股份(电芯片/核心半导体) 1.36%; 华工科技(光芯片/光通信) 1.25%; 光迅科技(光芯片/光通信) 1.23%; 天孚通信(光芯片/光通信) 1.21%
001366,金鹰产业整合混合A,混合型-灵活,0.00%,0.00%,5.05%,0.00%,5.05%,1,中际旭创(光芯片/光通信) 5.05%
015640,金鹰产业整合混合C,混合型-灵活,0.00%,0.00%,5.05%,0.00%,5.05%,1,中际旭创(光芯片/光通信) 5.05%
021800,嘉实中证A100指数增强发起式C,指数型-股票,0.00%,0.00%,5.05%,0.00%,5.05%,1,中际旭创(光芯片/光通信) 5.05%
021799,嘉实中证A100指数增强发起式A,指数型-股票,0.00%,0.00%,5.05%,0.00%,5.05%,1,中际旭创(光芯片/光通信) 5.05%
070013,嘉实研究精选混合,混合型-偏股,0.00%,1.27%,3.77%,0.00%,5.04%,3,中际旭创(光芯片/光通信) 2.24%; 新易盛(光芯片/光通信) 1.53%; 兆易创新(存储) 1.27%
960025,嘉实研究精选混合H,混合型-偏股,0.00%,1.27%,3.77%,0.00%,5.04%,3,中际旭创(光芯片/光通信) 2.24%; 新易盛(光芯片/光通信) 1.53%; 兆易创新(存储) 1.27%
025182,浦银安盛港股通科技指数C,指数型-股票,0.00%,0.00%,0.00%,5.03%,5.03%,1,中芯国际(电芯片/核心半导体) 5.03%
025181,浦银安盛港股通科技指数A,指数型-股票,0.00%,0.00%,0.00%,5.03%,5.03%,1,中芯国际(电芯片/核心半导体) 5.03%
001576,国泰智能装备股票A,股票型,0.00%,0.00%,0.00%,5.02%,5.02%,1,中微公司(电芯片/核心半导体) 5.02%
004263,华安沪港深机会灵活配置混合,混合型-灵活,0.00%,0.00%,0.00%,5.02%,5.02%,1,中芯国际(电芯片/核心半导体) 5.02%
006020,广发沪深300指数增强A,指数型-股票,0.00%,0.48%,4.54%,0.00%,5.02%,3,中际旭创(光芯片/光通信) 2.76%; 新易盛(光芯片/光通信) 1.78%; 普冉股份(存储) 0.48%
006021,广发沪深300指数增强C,指数型-股票,0.00%,0.48%,4.54%,0.00%,5.02%,3,中际旭创(光芯片/光通信) 2.76%; 新易盛(光芯片/光通信) 1.78%; 普冉股份(存储) 0.48%
011322,国泰智能装备股票C,股票型,0.00%,0.00%,0.00%,5.02%,5.02%,1,中微公司(电芯片/核心半导体) 5.02%
025882,广发沪深300指数增强Y,指数型-股票,0.00%,0.48%,4.54%,0.00%,5.02%,3,中际旭创(光芯片/光通信) 2.76%; 新易盛(光芯片/光通信) 1.78%; 普冉股份(存储) 0.48%
009391,汇添富优质成长混合A,混合型-偏股,0.00%,0.00%,2.20%,2.81%,5.01%,2,华虹半导体(电芯片/核心半导体) 2.81%; 中际旭创(光芯片/光通信) 2.20%
009392,汇添富优质成长混合C,混合型-偏股,0.00%,0.00%,2.20%,2.81%,5.01%,2,华虹半导体(电芯片/核心半导体) 2.81%; 中际旭创(光芯片/光通信) 2.20%
010599,汇添富高质量成长30一年混合A,混合型-偏股,0.00%,0.00%,0.00%,5.01%,5.01%,1,北方华创(电芯片/核心半导体) 5.01%
011259,汇添富高质量成长30一年混合C,混合型-偏股,0.00%,0.00%,0.00%,5.01%,5.01%,1,北方华创(电芯片/核心半导体) 5.01%
009877,中银内核驱动股票A,股票型,0.00%,0.00%,5.00%,0.00%,5.00%,2,新易盛(光芯片/光通信) 2.50%; 中际旭创(光芯片/光通信) 2.50%
012600,中银内核驱动股票C,股票型,0.00%,0.00%,5.00%,0.00%,5.00%,2,新易盛(光芯片/光通信) 2.50%; 中际旭创(光芯片/光通信) 2.50%
019721,信澳宁隽智选混合C,混合型-偏股,0.00%,0.00%,3.59%,1.41%,5.00%,3,新易盛(光芯片/光通信) 1.96%; 中际旭创(光芯片/光通信) 1.63%; 寒武纪(电芯片/核心半导体) 1.41%
019720,信澳宁隽智选混合A,混合型-偏股,0.00%,0.00%,3.59%,1.41%,5.00%,3,新易盛(光芯片/光通信) 1.96%; 中际旭创(光芯片/光通信) 1.63%; 寒武纪(电芯片/核心半导体) 1.41%
023335,泓德中证A500指数增强A,指数型-股票,0.00%,0.00%,5.00%,0.00%,5.00%,2,中际旭创(光芯片/光通信) 2.88%; 新易盛(光芯片/光通信) 2.12%
023336,泓德中证A500指数增强C,指数型-股票,0.00%,0.00%,5.00%,0.00%,5.00%,2,中际旭创(光芯片/光通信) 2.88%; 新易盛(光芯片/光通信) 2.12%
026632,平安半导体领航精选混合发起式A,混合型-偏股,0.00%,0.00%,0.00%,5.00%,5.00%,1,华海清科(电芯片/核心半导体) 5.00%
026633,平安半导体领航精选混合发起式C,混合型-偏股,0.00%,0.00%,0.00%,5.00%,5.00%,1,华海清科(电芯片/核心半导体) 5.00%
510020,超大盘ETF博时,指数型-股票,0.00%,0.00%,0.00%,5.00%,5.00%,1,海光信息(电芯片/核心半导体) 5.00%
001015,华夏沪深300指数增强A,指数型-股票,0.00%,0.00%,4.99%,0.00%,4.99%,2,中际旭创(光芯片/光通信) 2.92%; 新易盛(光芯片/光通信) 2.07%
001016,华夏沪深300指数增强C,指数型-股票,0.00%,0.00%,4.99%,0.00%,4.99%,2,中际旭创(光芯片/光通信) 2.92%; 新易盛(光芯片/光通信) 2.07%
022954,华夏沪深300指数增强Y,指数型-股票,0.00%,0.00%,4.99%,0.00%,4.99%,2,中际旭创(光芯片/光通信) 2.92%; 新易盛(光芯片/光通信) 2.07%
018725,长信汇智量化选股混合C,混合型-偏股,0.00%,0.00%,3.28%,1.70%,4.98%,2,中际旭创(光芯片/光通信) 3.28%; 海光信息(电芯片/核心半导体) 1.70%
018724,长信汇智量化选股混合A,混合型-偏股,0.00%,0.00%,3.28%,1.70%,4.98%,2,中际旭创(光芯片/光通信) 3.28%; 海光信息(电芯片/核心半导体) 1.70%
024260,长信汇智量化选股混合E,混合型-偏股,0.00%,0.00%,3.28%,1.70%,4.98%,2,中际旭创(光芯片/光通信) 3.28%; 海光信息(电芯片/核心半导体) 1.70%
515090,可持续发展ETF博时,指数型-股票,0.00%,0.00%,4.97%,0.00%,4.97%,1,中际旭创(光芯片/光通信) 4.97%
007689,国投瑞银新能源混合A,混合型-偏股,0.00%,0.00%,4.96%,0.00%,4.96%,1,新易盛(光芯片/光通信) 4.96%
007690,国投瑞银新能源混合C,混合型-偏股,0.00%,0.00%,4.96%,0.00%,4.96%,1,新易盛(光芯片/光通信) 4.96%
008025,汇添富稳健增长混合A,混合型-偏债,0.00%,0.00%,4.96%,0.00%,4.96%,3,中际旭创(光芯片/光通信) 1.84%; 天孚通信(光芯片/光通信) 1.64%; 源杰科技(光芯片/光通信) 1.48%
008026,汇添富稳健增长混合C,混合型-偏债,0.00%,0.00%,4.96%,0.00%,4.96%,3,中际旭创(光芯片/光通信) 1.84%; 天孚通信(光芯片/光通信) 1.64%; 源杰科技(光芯片/光通信) 1.48%
012978,瑞达鑫红量化6个月持有混合C,混合型-偏股,0.00%,0.00%,4.96%,0.00%,4.96%,1,新易盛(光芯片/光通信) 4.96%
012977,瑞达鑫红量化6个月持有混合A,混合型-偏股,0.00%,0.00%,4.96%,0.00%,4.96%,1,新易盛(光芯片/光通信) 4.96%
015891,富国上证50基本面精选股票发起式A,股票型,0.00%,0.00%,0.00%,4.96%,4.96%,1,中微公司(电芯片/核心半导体) 4.96%
015892,富国上证50基本面精选股票发起式C,股票型,0.00%,0.00%,0.00%,4.96%,4.96%,1,中微公司(电芯片/核心半导体) 4.96%
017878,华安匠心甄选混合A,混合型-偏股,0.00%,0.00%,4.95%,0.00%,4.95%,2,中际旭创(光芯片/光通信) 2.56%; 长光华芯(光芯片/光通信) 2.39%
017879,华安匠心甄选混合C,混合型-偏股,0.00%,0.00%,4.95%,0.00%,4.95%,2,中际旭创(光芯片/光通信) 2.56%; 长光华芯(光芯片/光通信) 2.39%
014024,华富卓越成长一年持有期混合A,混合型-偏股,0.00%,0.00%,4.94%,0.00%,4.94%,2,中际旭创(光芯片/光通信) 2.79%; 新易盛(光芯片/光通信) 2.15%
014025,华富卓越成长一年持有期混合C,混合型-偏股,0.00%,0.00%,4.94%,0.00%,4.94%,2,中际旭创(光芯片/光通信) 2.79%; 新易盛(光芯片/光通信) 2.15%
022782,中泰中证A500指增发起C,指数型-股票,0.00%,0.00%,3.52%,1.41%,4.93%,4,中际旭创(光芯片/光通信) 2.04%; 新易盛(光芯片/光通信) 1.48%; 北方华创(电芯片/核心半导体) 1.27%; 思瑞浦(电芯片/核心半导体) 0.14%
022781,中泰中证A500指增发起A,指数型-股票,0.00%,0.00%,3.52%,1.41%,4.93%,4,中际旭创(光芯片/光通信) 2.04%; 新易盛(光芯片/光通信) 1.48%; 北方华创(电芯片/核心半导体) 1.27%; 思瑞浦(电芯片/核心半导体) 0.14%
008419,惠升惠泽混合C,混合型-灵活,0.00%,0.00%,4.93%,0.00%,4.93%,2,中际旭创(光芯片/光通信) 2.87%; 新易盛(光芯片/光通信) 2.06%
008418,惠升惠泽混合A,混合型-灵活,0.00%,0.00%,4.93%,0.00%,4.93%,2,中际旭创(光芯片/光通信) 2.87%; 新易盛(光芯片/光通信) 2.06%
001076,易方达改革红利混合,混合型-偏股,0.00%,0.00%,4.92%,0.00%,4.92%,1,天孚通信(光芯片/光通信) 4.92%
001318,东方新策略灵活配置混合A,混合型-灵活,0.00%,0.00%,4.92%,0.00%,4.92%,2,中际旭创(光芯片/光通信) 2.69%; 新易盛(光芯片/光通信) 2.23%
002060,东方新策略灵活配置混合C,混合型-灵活,0.00%,0.00%,4.92%,0.00%,4.92%,2,中际旭创(光芯片/光通信) 2.69%; 新易盛(光芯片/光通信) 2.23%
011358,华泰柏瑞品质成长混合C,混合型-偏股,0.00%,0.00%,4.92%,0.00%,4.92%,2,新易盛(光芯片/光通信) 3.13%; 德科立(光芯片/光通信) 1.79%
011357,华泰柏瑞品质成长混合A,混合型-偏股,0.00%,0.00%,4.92%,0.00%,4.92%,2,新易盛(光芯片/光通信) 3.13%; 德科立(光芯片/光通信) 1.79%
560000,智能电车ETF浦银,指数型-股票,0.00%,0.00%,0.00%,4.92%,4.92%,2,豪威集团(电芯片/核心半导体) 2.52%; 芯原股份(电芯片/核心半导体) 2.40%
010752,宝盈优质成长混合C,混合型-偏股,0.00%,0.00%,4.91%,0.00%,4.91%,1,中际旭创(光芯片/光通信) 4.91%
010751,宝盈优质成长混合A,混合型-偏股,0.00%,0.00%,4.91%,0.00%,4.91%,1,中际旭创(光芯片/光通信) 4.91%
014805,国金量化精选混合A,混合型-偏股,0.00%,2.10%,2.81%,0.00%,4.91%,3,佰维存储(存储) 2.10%; 天孚通信(光芯片/光通信) 1.78%; 源杰科技(光芯片/光通信) 1.03%
014806,国金量化精选混合C,混合型-偏股,0.00%,2.10%,2.81%,0.00%,4.91%,3,佰维存储(存储) 2.10%; 天孚通信(光芯片/光通信) 1.78%; 源杰科技(光芯片/光通信) 1.03%
021865,中欧中证800研究智选混合发起C,混合型-偏股,0.00%,0.00%,4.91%,0.00%,4.91%,2,新易盛(光芯片/光通信) 2.50%; 中际旭创(光芯片/光通信) 2.41%
021864,中欧中证800研究智选混合发起A,混合型-偏股,0.00%,0.00%,4.91%,0.00%,4.91%,2,新易盛(光芯片/光通信) 2.50%; 中际旭创(光芯片/光通信) 2.41%
020009,国泰金鹏蓝筹混合,混合型-灵活,0.00%,0.00%,2.86%,2.05%,4.91%,2,中际旭创(光芯片/光通信) 2.86%; 恒玄科技(电芯片/核心半导体) 2.05%
009059,南方沪深300增强A,指数型-股票,0.00%,0.00%,4.90%,0.00%,4.90%,2,中际旭创(光芯片/光通信) 2.80%; 新易盛(光芯片/光通信) 2.10%
009060,南方沪深300增强C,指数型-股票,0.00%,0.00%,4.90%,0.00%,4.90%,2,中际旭创(光芯片/光通信) 2.80%; 新易盛(光芯片/光通信) 2.10%
010112,广发研究精选股票A,股票型,0.00%,0.00%,4.90%,0.00%,4.90%,1,中际旭创(光芯片/光通信) 4.90%
010113,广发研究精选股票C,股票型,0.00%,0.00%,4.90%,0.00%,4.90%,1,中际旭创(光芯片/光通信) 4.90%
012846,恒越蓝筹精选混合,混合型-偏股,0.00%,0.00%,0.00%,4.90%,4.90%,1,中芯国际(电芯片/核心半导体) 4.90%
025379,汇添富沪深300指数量化增强C,指数型-股票,0.00%,0.00%,4.90%,0.00%,4.90%,2,中际旭创(光芯片/光通信) 3.15%; 新易盛(光芯片/光通信) 1.75%
025378,汇添富沪深300指数量化增强A,指数型-股票,0.00%,0.00%,4.90%,0.00%,4.90%,2,中际旭创(光芯片/光通信) 3.15%; 新易盛(光芯片/光通信) 1.75%
001148,申万菱信多策略灵活配置混合A,混合型-灵活,0.00%,0.00%,0.00%,4.89%,4.89%,1,寒武纪(电芯片/核心半导体) 4.89%
001724,申万菱信多策略灵活配置混合C,混合型-灵活,0.00%,0.00%,0.00%,4.89%,4.89%,1,寒武纪(电芯片/核心半导体) 4.89%
005598,广发中小盘精选混合A,混合型-偏股,0.00%,0.00%,0.00%,4.89%,4.89%,1,北方华创(电芯片/核心半导体) 4.89%
013955,广发中小盘精选混合C,混合型-偏股,0.00%,0.00%,0.00%,4.89%,4.89%,1,北方华创(电芯片/核心半导体) 4.89%
020220,国联安沪深300指数增强A,指数型-股票,0.00%,0.32%,4.56%,0.00%,4.88%,3,中际旭创(光芯片/光通信) 2.82%; 新易盛(光芯片/光通信) 1.74%; 佰维存储(存储) 0.32%
020221,国联安沪深300指数增强C,指数型-股票,0.00%,0.32%,4.56%,0.00%,4.88%,3,中际旭创(光芯片/光通信) 2.82%; 新易盛(光芯片/光通信) 1.74%; 佰维存储(存储) 0.32%
014562,易方达品质动能三年持有混合A,混合型-偏股,0.00%,0.00%,4.86%,0.00%,4.86%,1,天孚通信(光芯片/光通信) 4.86%
014563,易方达品质动能三年持有混合C,混合型-偏股,0.00%,0.00%,4.86%,0.00%,4.86%,1,天孚通信(光芯片/光通信) 4.86%
159238,沪深300增强ETF景顺,指数型-股票,0.00%,0.00%,4.85%,0.00%,4.85%,2,中际旭创(光芯片/光通信) 2.61%; 新易盛(光芯片/光通信) 2.24%
001162,前海开源优势蓝筹股票A,股票型,0.00%,0.00%,4.85%,0.00%,4.85%,1,中际旭创(光芯片/光通信) 4.85%
001638,前海开源优势蓝筹股票C,股票型,0.00%,0.00%,4.85%,0.00%,4.85%,1,中际旭创(光芯片/光通信) 4.85%
005412,金信民长混合A,混合型-灵活,0.00%,0.00%,0.00%,4.84%,4.84%,1,复旦微电(电芯片/核心半导体) 4.84%
005413,金信民长混合C,混合型-灵活,0.00%,0.00%,0.00%,4.84%,4.84%,1,复旦微电(电芯片/核心半导体) 4.84%
013209,金鹰大视野混合A,混合型-偏股,0.00%,0.00%,4.73%,0.11%,4.84%,2,中际旭创(光芯片/光通信) 4.73%; 复旦微电(电芯片/核心半导体) 0.11%
013210,金鹰大视野混合C,混合型-偏股,0.00%,0.00%,4.73%,0.11%,4.84%,2,中际旭创(光芯片/光通信) 4.73%; 复旦微电(电芯片/核心半导体) 0.11%
014986,东方核心动力混合C,混合型-偏股,0.00%,0.00%,4.84%,0.00%,4.84%,2,中际旭创(光芯片/光通信) 2.64%; 新易盛(光芯片/光通信) 2.20%
400011,东方核心动力混合A,混合型-偏股,0.00%,0.00%,4.84%,0.00%,4.84%,2,中际旭创(光芯片/光通信) 2.64%; 新易盛(光芯片/光通信) 2.20%
019265,南方港股数字经济混合发起(QDII)A,QDII-混合偏股,0.00%,0.00%,4.83%,0.00%,4.83%,1,长飞光纤光缆(光芯片/光通信) 4.83%
019266,南方港股数字经济混合发起(QDII)C,QDII-混合偏股,0.00%,0.00%,4.83%,0.00%,4.83%,1,长飞光纤光缆(光芯片/光通信) 4.83%
006251,银华兴盛股票A,股票型,0.00%,0.00%,3.48%,1.35%,4.83%,3,中际旭创(光芯片/光通信) 1.80%; 新易盛(光芯片/光通信) 1.68%; 海光信息(电芯片/核心半导体) 1.35%
024395,银华兴盛股票C,股票型,0.00%,0.00%,3.48%,1.35%,4.83%,3,中际旭创(光芯片/光通信) 1.80%; 新易盛(光芯片/光通信) 1.68%; 海光信息(电芯片/核心半导体) 1.35%
004374,华泰保兴吉年丰混合发起A,混合型-偏股,0.00%,0.00%,0.00%,4.82%,4.82%,1,芯原股份(电芯片/核心半导体) 4.82%
004375,华泰保兴吉年丰混合发起C,混合型-偏股,0.00%,0.00%,0.00%,4.82%,4.82%,1,芯原股份(电芯片/核心半导体) 4.82%
005651,万家量化同顺多策略混合C,混合型-灵活,0.00%,0.00%,4.82%,0.00%,4.82%,2,新易盛(光芯片/光通信) 2.63%; 中际旭创(光芯片/光通信) 2.19%
005650,万家量化同顺多策略混合A,混合型-灵活,0.00%,0.00%,4.82%,0.00%,4.82%,2,新易盛(光芯片/光通信) 2.63%; 中际旭创(光芯片/光通信) 2.19%
007804,申万菱信沪深300指数增强C,指数型-股票,0.00%,0.00%,4.06%,0.76%,4.82%,3,中际旭创(光芯片/光通信) 2.25%; 新易盛(光芯片/光通信) 1.81%; 芯原股份(电芯片/核心半导体) 0.76%
011801,中银证券盈瑞混合A,混合型-偏债,0.00%,2.56%,2.26%,0.00%,4.82%,3,中际旭创(光芯片/光通信) 2.26%; 佰维存储(存储) 1.59%; 东芯股份(存储) 0.97%
011802,中银证券盈瑞混合C,混合型-偏债,0.00%,2.56%,2.26%,0.00%,4.82%,3,中际旭创(光芯片/光通信) 2.26%; 佰维存储(存储) 1.59%; 东芯股份(存储) 0.97%
310318,申万菱信沪深300指数增强A,指数型-股票,0.00%,0.00%,4.06%,0.76%,4.82%,3,中际旭创(光芯片/光通信) 2.25%; 新易盛(光芯片/光通信) 1.81%; 芯原股份(电芯片/核心半导体) 0.76%
025335,人保中证500指数增强C,指数型-股票,0.00%,2.43%,2.38%,0.00%,4.81%,5,佰维存储(存储) 1.45%; 光迅科技(光芯片/光通信) 1.08%; 通富微电(存储) 0.98%; 中际旭创(光芯片/光通信) 0.66%; 长芯博创(光芯片/光通信) 0.64%
025334,人保中证500指数增强A,指数型-股票,0.00%,2.43%,2.38%,0.00%,4.81%,5,佰维存储(存储) 1.45%; 光迅科技(光芯片/光通信) 1.08%; 通富微电(存储) 0.98%; 中际旭创(光芯片/光通信) 0.66%; 长芯博创(光芯片/光通信) 0.64%
510370,沪深300ETF兴业,指数型-股票,0.00%,0.00%,4.80%,0.00%,4.80%,2,中际旭创(光芯片/光通信) 2.84%; 新易盛(光芯片/光通信) 1.96%
970119,兴证资管金麒麟恒睿致远一年持有期混合A,混合型-偏债,0.00%,1.53%,3.27%,0.00%,4.80%,3,新易盛(光芯片/光通信) 1.74%; 中际旭创(光芯片/光通信) 1.53%; 兆易创新(存储) 1.53%
970120,兴证资管金麒麟恒睿致远一年持有期混合B,混合型-偏债,0.00%,1.53%,3.27%,0.00%,4.80%,3,新易盛(光芯片/光通信) 1.74%; 中际旭创(光芯片/光通信) 1.53%; 兆易创新(存储) 1.53%
970121,兴证资管金麒麟恒睿致远一年持有期混合C,混合型-偏债,0.00%,1.53%,3.27%,0.00%,4.80%,3,新易盛(光芯片/光通信) 1.74%; 中际旭创(光芯片/光通信) 1.53%; 兆易创新(存储) 1.53%
023952,农银平衡价值混合C,混合型-平衡,0.00%,0.00%,2.24%,2.55%,4.79%,2,海光信息(电芯片/核心半导体) 2.55%; 中际旭创(光芯片/光通信) 2.24%
023951,农银平衡价值混合A,混合型-平衡,0.00%,0.00%,2.24%,2.55%,4.79%,2,海光信息(电芯片/核心半导体) 2.55%; 中际旭创(光芯片/光通信) 2.24%
010587,鹏扬先进制造混合A,混合型-偏股,0.00%,0.00%,0.00%,4.78%,4.78%,1,中芯国际(电芯片/核心半导体) 4.78%
010588,鹏扬先进制造混合C,混合型-偏股,0.00%,0.00%,0.00%,4.78%,4.78%,1,中芯国际(电芯片/核心半导体) 4.78%
011523,前海联合产业趋势混合A,混合型-偏股,0.00%,0.00%,4.78%,0.00%,4.78%,1,新易盛(光芯片/光通信) 4.78%
011524,前海联合产业趋势混合C,混合型-偏股,0.00%,0.00%,4.78%,0.00%,4.78%,1,新易盛(光芯片/光通信) 4.78%
003595,长盛盛崇灵活配置混合C,混合型-灵活,0.00%,0.00%,4.78%,0.00%,4.78%,2,中际旭创(光芯片/光通信) 2.85%; 新易盛(光芯片/光通信) 1.93%
003594,长盛盛崇灵活配置混合A,混合型-灵活,0.00%,0.00%,4.78%,0.00%,4.78%,2,中际旭创(光芯片/光通信) 2.85%; 新易盛(光芯片/光通信) 1.93%
660003,农银平衡双利混合,混合型-灵活,0.00%,0.00%,4.77%,0.00%,4.77%,2,中际旭创(光芯片/光通信) 2.58%; 新易盛(光芯片/光通信) 2.19%
009885,新华景气行业混合A,混合型-偏股,0.00%,0.00%,0.00%,4.77%,4.77%,1,海光信息(电芯片/核心半导体) 4.77%
009886,新华景气行业混合C,混合型-偏股,0.00%,0.00%,0.00%,4.77%,4.77%,1,海光信息(电芯片/核心半导体) 4.77%
010559,汇安鑫利优选混合C,混合型-偏股,0.00%,1.99%,0.00%,2.77%,4.76%,2,华海清科(电芯片/核心半导体) 2.77%; 兆易创新(存储) 1.99%
010558,汇安鑫利优选混合A,混合型-偏股,0.00%,1.99%,0.00%,2.77%,4.76%,2,华海清科(电芯片/核心半导体) 2.77%; 兆易创新(存储) 1.99%
022676,富国中证A500指数增强A,指数型-股票,0.00%,0.00%,3.49%,1.27%,4.76%,3,中际旭创(光芯片/光通信) 2.17%; 新易盛(光芯片/光通信) 1.32%; 寒武纪(电芯片/核心半导体) 1.27%
022677,富国中证A500指数增强C,指数型-股票,0.00%,0.00%,3.49%,1.27%,4.76%,3,中际旭创(光芯片/光通信) 2.17%; 新易盛(光芯片/光通信) 1.32%; 寒武纪(电芯片/核心半导体) 1.27%
024318,前海开源研究驱动混合C,混合型-偏股,0.00%,0.00%,0.00%,4.76%,4.76%,1,中微公司(电芯片/核心半导体) 4.76%
024317,前海开源研究驱动混合A,混合型-偏股,0.00%,0.00%,0.00%,4.76%,4.76%,1,中微公司(电芯片/核心半导体) 4.76%
000706,中邮多策略灵活配置混合,混合型-灵活,0.00%,0.00%,0.00%,4.75%,4.75%,1,北方华创(电芯片/核心半导体) 4.75%
010853,中欧内需成长混合C,混合型-偏股,0.00%,0.00%,4.75%,0.00%,4.75%,1,新易盛(光芯片/光通信) 4.75%
010852,中欧内需成长混合A,混合型-偏股,0.00%,0.00%,4.75%,0.00%,4.75%,1,新易盛(光芯片/光通信) 4.75%
011163,博时港股通领先趋势混合C,混合型-偏股,0.00%,0.00%,0.00%,4.75%,4.75%,1,华虹半导体(电芯片/核心半导体) 4.75%
011162,博时港股通领先趋势混合A,混合型-偏股,0.00%,0.00%,0.00%,4.75%,4.75%,1,华虹半导体(电芯片/核心半导体) 4.75%
013916,国联成长先锋一年持有混合A,混合型-偏股,0.00%,0.00%,0.00%,4.75%,4.75%,1,寒武纪(电芯片/核心半导体) 4.75%
013917,国联成长先锋一年持有混合C,混合型-偏股,0.00%,0.00%,0.00%,4.75%,4.75%,1,寒武纪(电芯片/核心半导体) 4.75%
009341,易方达均衡成长股票,股票型,0.00%,0.00%,4.74%,0.00%,4.74%,1,天孚通信(光芯片/光通信) 4.74%
470008,汇添富策略回报混合,混合型-偏股,0.00%,0.00%,4.74%,0.00%,4.74%,1,天孚通信(光芯片/光通信) 4.74%
001743,诺安优选回报混合A,混合型-灵活,0.00%,0.00%,0.00%,4.73%,4.73%,1,晶晨股份(电芯片/核心半导体) 4.73%
025351,诺安优选回报混合C,混合型-灵活,0.00%,0.00%,0.00%,4.73%,4.73%,1,晶晨股份(电芯片/核心半导体) 4.73%
007657,东方红中证竞争力指数A,指数型-股票,0.00%,0.00%,4.72%,0.00%,4.72%,2,天孚通信(光芯片/光通信) 2.68%; 中际旭创(光芯片/光通信) 2.04%
007658,东方红中证竞争力指数C,指数型-股票,0.00%,0.00%,4.72%,0.00%,4.72%,2,天孚通信(光芯片/光通信) 2.68%; 中际旭创(光芯片/光通信) 2.04%
010333,华夏核心资产混合A,混合型-偏股,0.00%,0.00%,0.00%,4.72%,4.72%,2,寒武纪(电芯片/核心半导体) 2.37%; 中芯国际(电芯片/核心半导体) 2.35%
010334,华夏核心资产混合C,混合型-偏股,0.00%,0.00%,0.00%,4.72%,4.72%,2,寒武纪(电芯片/核心半导体) 2.37%; 中芯国际(电芯片/核心半导体) 2.35%
002671,万家沪深300指数增强C,指数型-股票,0.00%,0.00%,4.72%,0.00%,4.72%,2,中际旭创(光芯片/光通信) 2.53%; 新易盛(光芯片/光通信) 2.19%
002670,万家沪深300指数增强A,指数型-股票,0.00%,0.00%,4.72%,0.00%,4.72%,2,中际旭创(光芯片/光通信) 2.53%; 新易盛(光芯片/光通信) 2.19%
016346,长安行业成长混合C,混合型-偏股,0.00%,0.00%,0.00%,4.72%,4.72%,1,中芯国际(电芯片/核心半导体) 4.72%
016345,长安行业成长混合A,混合型-偏股,0.00%,0.00%,0.00%,4.72%,4.72%,1,中芯国际(电芯片/核心半导体) 4.72%
022917,万家沪深300指数增强Y,指数型-股票,0.00%,0.00%,4.72%,0.00%,4.72%,2,中际旭创(光芯片/光通信) 2.53%; 新易盛(光芯片/光通信) 2.19%
011173,银华心享一年持有期混合,混合型-偏股,0.00%,0.00%,0.00%,4.71%,4.71%,3,海光信息(电芯片/核心半导体) 2.11%; 中芯国际(电芯片/核心半导体) 1.39%; 中芯国际(电芯片/核心半导体) 1.21%
010352,诺安沪深300指数增强C,指数型-股票,0.00%,0.00%,3.60%,1.10%,4.70%,3,中际旭创(光芯片/光通信) 2.17%; 新易盛(光芯片/光通信) 1.43%; 寒武纪(电芯片/核心半导体) 1.10%
020647,诺安沪深300增强D,指数型-股票,0.00%,0.00%,3.60%,1.10%,4.70%,3,中际旭创(光芯片/光通信) 2.17%; 新易盛(光芯片/光通信) 1.43%; 寒武纪(电芯片/核心半导体) 1.10%
320014,诺安沪深300指数增强A,指数型-股票,0.00%,0.00%,3.60%,1.10%,4.70%,3,中际旭创(光芯片/光通信) 2.17%; 新易盛(光芯片/光通信) 1.43%; 寒武纪(电芯片/核心半导体) 1.10%
003292,嘉实优势成长混合A,混合型-灵活,0.00%,0.00%,0.00%,4.70%,4.70%,1,中微公司(电芯片/核心半导体) 4.70%
008313,光大研究精选混合A,混合型-偏股,0.00%,0.00%,0.00%,4.70%,4.70%,2,寒武纪(电芯片/核心半导体) 2.55%; 中芯国际(电芯片/核心半导体) 2.15%
016135,嘉实优势成长混合C,混合型-灵活,0.00%,0.00%,0.00%,4.70%,4.70%,1,中微公司(电芯片/核心半导体) 4.70%
019390,光大研究精选混合C,混合型-偏股,0.00%,0.00%,0.00%,4.70%,4.70%,2,寒武纪(电芯片/核心半导体) 2.55%; 中芯国际(电芯片/核心半导体) 2.15%
020352,国富沪深300指数增强C,指数型-股票,0.00%,0.59%,4.09%,0.00%,4.68%,2,中际旭创(光芯片/光通信) 4.09%; 佰维存储(存储) 0.59%
024878,博时中证A500指数增强C,指数型-股票,0.00%,0.00%,4.68%,0.00%,4.68%,2,中际旭创(光芯片/光通信) 2.69%; 新易盛(光芯片/光通信) 1.99%
024877,博时中证A500指数增强A,指数型-股票,0.00%,0.00%,4.68%,0.00%,4.68%,2,中际旭创(光芯片/光通信) 2.69%; 新易盛(光芯片/光通信) 1.99%
450008,国富沪深300指数增强A,指数型-股票,0.00%,0.59%,4.09%,0.00%,4.68%,2,中际旭创(光芯片/光通信) 4.09%; 佰维存储(存储) 0.59%
501203,易方达创新未来混合(LOF),混合型-偏股,0.00%,0.00%,4.68%,0.00%,4.68%,1,天孚通信(光芯片/光通信) 4.68%
004693,前海联合泳隽混合A,混合型-灵活,0.00%,0.00%,4.67%,0.00%,4.67%,1,仕佳光子(光芯片/光通信) 4.67%
007042,前海联合泳隽混合C,混合型-灵活,0.00%,0.00%,4.67%,0.00%,4.67%,1,仕佳光子(光芯片/光通信) 4.67%
020236,施罗德中国动力股票A,股票型,0.00%,0.00%,4.67%,0.00%,4.67%,1,源杰科技(光芯片/光通信) 4.67%
020237,施罗德中国动力股票C,股票型,0.00%,0.00%,4.67%,0.00%,4.67%,1,源杰科技(光芯片/光通信) 4.67%
000309,大摩品质生活精选股票A,股票型,0.00%,0.00%,4.64%,0.00%,4.64%,1,新易盛(光芯片/光通信) 4.64%
019484,大摩品质生活精选股票C,股票型,0.00%,0.00%,4.64%,0.00%,4.64%,1,新易盛(光芯片/光通信) 4.64%
012568,天弘高端制造混合A,混合型-偏股,0.00%,0.00%,0.00%,4.63%,4.63%,1,海光信息(电芯片/核心半导体) 4.63%
012569,天弘高端制造混合C,混合型-偏股,0.00%,0.00%,0.00%,4.63%,4.63%,1,海光信息(电芯片/核心半导体) 4.63%
025184,中银品质新兴混合A,混合型-偏股,0.00%,0.00%,4.62%,0.00%,4.62%,2,新易盛(光芯片/光通信) 2.35%; 中际旭创(光芯片/光通信) 2.27%
025185,中银品质新兴混合C,混合型-偏股,0.00%,0.00%,4.62%,0.00%,4.62%,2,新易盛(光芯片/光通信) 2.35%; 中际旭创(光芯片/光通信) 2.27%
002385,博时沪深300指数C,指数型-股票,0.00%,0.00%,4.61%,0.00%,4.61%,2,中际旭创(光芯片/光通信) 2.70%; 新易盛(光芯片/光通信) 1.91%
010016,华夏科技前沿6个月定开混合A,混合型-偏股,0.00%,0.00%,2.79%,1.82%,4.61%,2,中际旭创(光芯片/光通信) 2.79%; 中芯国际(电芯片/核心半导体) 1.82%
010017,华夏科技前沿6个月定开混合C,混合型-偏股,0.00%,0.00%,2.79%,1.82%,4.61%,2,中际旭创(光芯片/光通信) 2.79%; 中芯国际(电芯片/核心半导体) 1.82%
010265,鹏华成长智选混合C,混合型-偏股,0.00%,0.00%,1.67%,2.94%,4.61%,4,源杰科技(光芯片/光通信) 1.67%; 中芯国际(电芯片/核心半导体) 1.01%; 中芯国际(电芯片/核心半导体) 0.98%; 华虹半导体(电芯片/核心半导体) 0.95%
010264,鹏华成长智选混合A,混合型-偏股,0.00%,0.00%,1.67%,2.94%,4.61%,4,源杰科技(光芯片/光通信) 1.67%; 中芯国际(电芯片/核心半导体) 1.01%; 中芯国际(电芯片/核心半导体) 0.98%; 华虹半导体(电芯片/核心半导体) 0.95%
020975,万家科技量化选股混合发起式A,混合型-偏股,0.00%,0.00%,4.61%,0.00%,4.61%,2,新易盛(光芯片/光通信) 2.48%; 中际旭创(光芯片/光通信) 2.13%
020976,万家科技量化选股混合发起式C,混合型-偏股,0.00%,0.00%,4.61%,0.00%,4.61%,2,新易盛(光芯片/光通信) 2.48%; 中际旭创(光芯片/光通信) 2.13%
022922,博时沪深300指数Y,指数型-股票,0.00%,0.00%,4.61%,0.00%,4.61%,2,中际旭创(光芯片/光通信) 2.70%; 新易盛(光芯片/光通信) 1.91%
024186,博时沪深300指数I,指数型-股票,0.00%,0.00%,4.61%,0.00%,4.61%,2,中际旭创(光芯片/光通信) 2.70%; 新易盛(光芯片/光通信) 1.91%
050002,博时沪深300指数A,指数型-股票,0.00%,0.00%,4.61%,0.00%,4.61%,2,中际旭创(光芯片/光通信) 2.70%; 新易盛(光芯片/光通信) 1.91%
159578,深证主板50ETF南方,指数型-股票,0.00%,0.00%,0.00%,4.61%,4.61%,1,北方华创(电芯片/核心半导体) 4.61%
960022,博时沪深300指数R,指数型-股票,0.00%,0.00%,4.61%,0.00%,4.61%,2,中际旭创(光芯片/光通信) 2.70%; 新易盛(光芯片/光通信) 1.91%
001120,东方睿鑫热点挖掘混合A,混合型-灵活,0.00%,0.00%,0.00%,4.60%,4.60%,1,华海清科(电芯片/核心半导体) 4.60%
001121,东方睿鑫热点挖掘混合C,混合型-灵活,0.00%,0.00%,0.00%,4.60%,4.60%,1,华海清科(电芯片/核心半导体) 4.60%
011851,天弘先进制造混合A,混合型-偏股,0.00%,0.00%,0.00%,4.60%,4.60%,1,海光信息(电芯片/核心半导体) 4.60%
011852,天弘先进制造混合C,混合型-偏股,0.00%,0.00%,0.00%,4.60%,4.60%,1,海光信息(电芯片/核心半导体) 4.60%
023347,苏新中证A500指数增强A,指数型-股票,0.00%,0.00%,3.55%,1.05%,4.60%,3,中际旭创(光芯片/光通信) 2.36%; 新易盛(光芯片/光通信) 1.19%; 寒武纪(电芯片/核心半导体) 1.05%
023348,苏新中证A500指数增强C,指数型-股票,0.00%,0.00%,3.55%,1.05%,4.60%,3,中际旭创(光芯片/光通信) 2.36%; 新易盛(光芯片/光通信) 1.19%; 寒武纪(电芯片/核心半导体) 1.05%
561300,沪深300增强ETF国泰,指数型-股票,0.00%,0.00%,3.15%,1.45%,4.60%,3,中际旭创(光芯片/光通信) 1.80%; 中芯国际(电芯片/核心半导体) 1.45%; 新易盛(光芯片/光通信) 1.35%
002669,华商万众创新混合A,混合型-灵活,0.00%,0.00%,4.59%,0.00%,4.59%,1,新易盛(光芯片/光通信) 4.59%
004889,财通资管鑫逸混合C,混合型-偏债,0.00%,0.00%,4.59%,0.00%,4.59%,3,中际旭创(光芯片/光通信) 2.15%; 新易盛(光芯片/光通信) 1.81%; 源杰科技(光芯片/光通信) 0.63%
004888,财通资管鑫逸混合A,混合型-偏债,0.00%,0.00%,4.59%,0.00%,4.59%,3,中际旭创(光芯片/光通信) 2.15%; 新易盛(光芯片/光通信) 1.81%; 源杰科技(光芯片/光通信) 0.63%
008381,前海开源新兴产业混合A,混合型-偏股,0.00%,0.00%,0.00%,4.59%,4.59%,1,中微公司(电芯片/核心半导体) 4.59%
014729,前海开源新兴产业混合C,混合型-偏股,0.00%,0.00%,0.00%,4.59%,4.59%,1,中微公司(电芯片/核心半导体) 4.59%
015026,鹏华增华混合A,混合型-偏股,0.00%,0.00%,0.00%,4.59%,4.59%,1,翱捷科技(电芯片/核心半导体) 4.59%
015027,鹏华增华混合C,混合型-偏股,0.00%,0.00%,0.00%,4.59%,4.59%,1,翱捷科技(电芯片/核心半导体) 4.59%
016051,华商万众创新混合C,混合型-灵活,0.00%,0.00%,4.59%,0.00%,4.59%,1,新易盛(光芯片/光通信) 4.59%
018041,财通资管鑫逸混合E,混合型-偏债,0.00%,0.00%,4.59%,0.00%,4.59%,3,中际旭创(光芯片/光通信) 2.15%; 新易盛(光芯片/光通信) 1.81%; 源杰科技(光芯片/光通信) 0.63%
006538,东海核心价值,混合型-偏股,0.00%,0.00%,0.00%,4.58%,4.58%,1,复旦微电(电芯片/核心半导体) 4.58%
005815,农银汇理睿选灵活配置混合,混合型-灵活,0.00%,0.00%,0.00%,4.57%,4.57%,1,寒武纪(电芯片/核心半导体) 4.57%
007881,朱雀产业智选混合C,混合型-偏股,0.00%,0.00%,0.00%,4.56%,4.56%,1,中芯国际(电芯片/核心半导体) 4.56%
007880,朱雀产业智选混合A,混合型-偏股,0.00%,0.00%,0.00%,4.56%,4.56%,1,中芯国际(电芯片/核心半导体) 4.56%
000751,嘉实新兴产业股票,股票型,0.00%,0.00%,0.00%,4.55%,4.55%,1,中微公司(电芯片/核心半导体) 4.55%
007533,格林创新成长混合A,混合型-偏股,0.00%,0.00%,0.00%,4.55%,4.55%,1,豪威集团(电芯片/核心半导体) 4.55%
007534,格林创新成长混合C,混合型-偏股,0.00%,0.00%,0.00%,4.55%,4.55%,1,豪威集团(电芯片/核心半导体) 4.55%
013576,鹏扬品质精选混合C,混合型-偏股,0.00%,0.00%,0.00%,4.55%,4.55%,1,思特威(电芯片/核心半导体) 4.55%
013575,鹏扬品质精选混合A,混合型-偏股,0.00%,0.00%,0.00%,4.55%,4.55%,1,思特威(电芯片/核心半导体) 4.55%
022309,国联沪深300指数增强A,指数型-股票,0.00%,0.00%,4.55%,0.00%,4.55%,2,中际旭创(光芯片/光通信) 2.77%; 新易盛(光芯片/光通信) 1.78%
022310,国联沪深300指数增强C,指数型-股票,0.00%,0.00%,4.55%,0.00%,4.55%,2,中际旭创(光芯片/光通信) 2.77%; 新易盛(光芯片/光通信) 1.78%
025724,银河中证800指数增强C,指数型-股票,0.00%,0.00%,2.98%,1.57%,4.55%,3,中际旭创(光芯片/光通信) 1.68%; 寒武纪(电芯片/核心半导体) 1.57%; 新易盛(光芯片/光通信) 1.30%
025723,银河中证800指数增强A,指数型-股票,0.00%,0.00%,2.98%,1.57%,4.55%,3,中际旭创(光芯片/光通信) 1.68%; 寒武纪(电芯片/核心半导体) 1.57%; 新易盛(光芯片/光通信) 1.30%
000167,广发聚优灵活配置混合A,混合型-灵活,0.00%,0.00%,4.54%,0.00%,4.54%,1,中际旭创(光芯片/光通信) 4.54%
001880,长城中国智造灵活配置混合A,混合型-灵活,0.00%,0.00%,4.54%,0.00%,4.54%,2,中际旭创(光芯片/光通信) 2.72%; 天孚通信(光芯片/光通信) 1.82%
010000,长城中国智造灵活配置混合C,混合型-灵活,0.00%,0.00%,4.54%,0.00%,4.54%,2,中际旭创(光芯片/光通信) 2.72%; 天孚通信(光芯片/光通信) 1.82%
960009,广发聚优灵活配置混合H,混合型-灵活,0.00%,0.00%,4.54%,0.00%,4.54%,1,中际旭创(光芯片/光通信) 4.54%
202001,南方稳健成长混合,混合型-偏股,0.00%,0.00%,4.53%,0.00%,4.53%,2,中际旭创(光芯片/光通信) 2.66%; 新易盛(光芯片/光通信) 1.87%
005295,诺德天富灵活配置混合,混合型-灵活,0.00%,0.00%,0.00%,4.53%,4.53%,1,北方华创(电芯片/核心半导体) 4.53%
159519,港股国企ETF国泰,指数型-海外股票,0.00%,0.00%,0.00%,4.53%,4.53%,1,中芯国际(电芯片/核心半导体) 4.53%
010872,博时沪深300指数增强A,指数型-股票,0.00%,0.00%,4.52%,0.00%,4.52%,2,中际旭创(光芯片/光通信) 2.59%; 新易盛(光芯片/光通信) 1.93%
010873,博时沪深300指数增强C,指数型-股票,0.00%,0.00%,4.52%,0.00%,4.52%,2,中际旭创(光芯片/光通信) 2.59%; 新易盛(光芯片/光通信) 1.93%
589220,科创200ETF国泰,指数型-股票,0.00%,0.29%,4.22%,0.00%,4.51%,3,长光华芯(光芯片/光通信) 2.34%; 德科立(光芯片/光通信) 1.88%; 普冉股份(存储) 0.29%
002543,长城久益混合A,混合型-灵活,0.00%,0.00%,4.50%,0.00%,4.50%,2,中际旭创(光芯片/光通信) 2.66%; 新易盛(光芯片/光通信) 1.84%
002544,长城久益混合C,混合型-灵活,0.00%,0.00%,4.50%,0.00%,4.50%,2,中际旭创(光芯片/光通信) 2.66%; 新易盛(光芯片/光通信) 1.84%
024855,天弘沪深300指数量化增强A,指数型-股票,0.00%,0.00%,4.50%,0.00%,4.50%,2,中际旭创(光芯片/光通信) 2.69%; 新易盛(光芯片/光通信) 1.81%
024856,天弘沪深300指数量化增强C,指数型-股票,0.00%,0.00%,4.50%,0.00%,4.50%,2,中际旭创(光芯片/光通信) 2.69%; 新易盛(光芯片/光通信) 1.81%
159661,A100ETF嘉实,指数型-股票,0.00%,0.00%,4.50%,0.00%,4.50%,1,中际旭创(光芯片/光通信) 4.50%
159923,中证A100ETF大成,指数型-股票,0.00%,0.00%,4.49%,0.00%,4.49%,1,中际旭创(光芯片/光通信) 4.49%
000877,华泰柏瑞量化优选混合,混合型-灵活,0.00%,0.00%,4.49%,0.00%,4.49%,2,中际旭创(光芯片/光通信) 3.05%; 新易盛(光芯片/光通信) 1.44%
001294,新华战略新兴产业灵活配置混合,混合型-灵活,0.00%,0.00%,0.00%,4.48%,4.48%,1,海光信息(电芯片/核心半导体) 4.48%
012495,民生加银双核动力混合A,混合型-偏股,0.00%,0.00%,0.00%,4.48%,4.48%,1,复旦微电(电芯片/核心半导体) 4.48%
020206,民生加银双核动力混合C,混合型-偏股,0.00%,0.00%,0.00%,4.48%,4.48%,1,复旦微电(电芯片/核心半导体) 4.48%
070022,嘉实领先成长混合,混合型-偏股,0.00%,0.00%,0.00%,4.48%,4.48%,1,中微公司(电芯片/核心半导体) 4.48%
020361,中海蓝筹混合C,混合型-灵活,0.00%,0.00%,4.46%,0.00%,4.46%,2,中际旭创(光芯片/光通信) 2.99%; 新易盛(光芯片/光通信) 1.47%
398031,中海蓝筹混合A,混合型-灵活,0.00%,0.00%,4.46%,0.00%,4.46%,2,中际旭创(光芯片/光通信) 2.99%; 新易盛(光芯片/光通信) 1.47%
005143,国联沪港深大消费主题C,混合型-灵活,0.00%,0.00%,0.00%,4.44%,4.44%,1,中芯国际(电芯片/核心半导体) 4.44%
005142,国联沪港深大消费主题A,混合型-灵活,0.00%,0.00%,0.00%,4.44%,4.44%,1,中芯国际(电芯片/核心半导体) 4.44%
016444,中泰研究精选6个月持有股票A,股票型,0.00%,0.00%,0.00%,4.43%,4.43%,1,思瑞浦(电芯片/核心半导体) 4.43%
016445,中泰研究精选6个月持有股票C,股票型,0.00%,0.00%,0.00%,4.43%,4.43%,1,思瑞浦(电芯片/核心半导体) 4.43%
012350,万家元贞量化选股股票A,股票型,0.00%,0.00%,4.42%,0.00%,4.42%,4,新易盛(光芯片/光通信) 1.28%; 中际旭创(光芯片/光通信) 1.17%; 源杰科技(光芯片/光通信) 1.16%; 长芯博创(光芯片/光通信) 0.81%
012351,万家元贞量化选股股票C,股票型,0.00%,0.00%,4.42%,0.00%,4.42%,4,新易盛(光芯片/光通信) 1.28%; 中际旭创(光芯片/光通信) 1.17%; 源杰科技(光芯片/光通信) 1.16%; 长芯博创(光芯片/光通信) 0.81%
023342,中海中证A500指数增强C,指数型-股票,0.00%,0.00%,2.82%,1.60%,4.42%,2,中际旭创(光芯片/光通信) 2.82%; 寒武纪(电芯片/核心半导体) 1.60%
023341,中海中证A500指数增强A,指数型-股票,0.00%,0.00%,2.82%,1.60%,4.42%,2,中际旭创(光芯片/光通信) 2.82%; 寒武纪(电芯片/核心半导体) 1.60%
159627,A100ETF华夏,指数型-股票,0.00%,0.00%,4.42%,0.00%,4.42%,1,中际旭创(光芯片/光通信) 4.42%
019092,金鹰核心资源混合C,混合型-偏股,0.00%,0.00%,0.00%,4.41%,4.41%,1,思瑞浦(电芯片/核心半导体) 4.41%
210009,金鹰核心资源混合A,混合型-偏股,0.00%,0.00%,0.00%,4.41%,4.41%,1,思瑞浦(电芯片/核心半导体) 4.41%
004641,万家量化睿选混合A,混合型-灵活,0.00%,0.84%,3.57%,0.00%,4.41%,5,源杰科技(光芯片/光通信) 1.06%; 光迅科技(光芯片/光通信) 0.92%; 新易盛(光芯片/光通信) 0.90%; 佰维存储(存储) 0.84%; 中际旭创(光芯片/光通信) 0.69%
016556,万家量化睿选混合C,混合型-灵活,0.00%,0.84%,3.57%,0.00%,4.41%,5,源杰科技(光芯片/光通信) 1.06%; 光迅科技(光芯片/光通信) 0.92%; 新易盛(光芯片/光通信) 0.90%; 佰维存储(存储) 0.84%; 中际旭创(光芯片/光通信) 0.69%
023824,永赢国企机遇慧选混合发起A,混合型-偏股,0.00%,4.40%,0.00%,0.00%,4.40%,1,长电科技(存储) 4.40%
023825,永赢国企机遇慧选混合发起C,混合型-偏股,0.00%,4.40%,0.00%,0.00%,4.40%,1,长电科技(存储) 4.40%
510360,沪深300ETF广发,指数型-股票,0.00%,0.00%,4.40%,0.00%,4.40%,2,中际旭创(光芯片/光通信) 2.60%; 新易盛(光芯片/光通信) 1.80%
562000,A100ETF华宝,指数型-股票,0.00%,0.00%,4.40%,0.00%,4.40%,1,中际旭创(光芯片/光通信) 4.40%
017847,国金中证1000指数增强C,指数型-股票,0.00%,1.86%,2.54%,0.00%,4.40%,2,源杰科技(光芯片/光通信) 2.54%; 佰维存储(存储) 1.86%
017846,国金中证1000指数增强A,指数型-股票,0.00%,1.86%,2.54%,0.00%,4.40%,2,源杰科技(光芯片/光通信) 2.54%; 佰维存储(存储) 1.86%
018257,国泰海通沪深300指数增强发起A,指数型-股票,0.00%,0.00%,4.40%,0.00%,4.40%,2,中际旭创(光芯片/光通信) 2.39%; 新易盛(光芯片/光通信) 2.01%
018258,国泰海通沪深300指数增强发起C,指数型-股票,0.00%,0.00%,4.40%,0.00%,4.40%,2,中际旭创(光芯片/光通信) 2.39%; 新易盛(光芯片/光通信) 2.01%
159925,沪深300ETF南方,指数型-股票,0.00%,0.00%,4.39%,0.00%,4.39%,2,中际旭创(光芯片/光通信) 2.59%; 新易盛(光芯片/光通信) 1.80%
515660,沪深300ETF国联安,指数型-股票,0.00%,0.00%,4.39%,0.00%,4.39%,2,中际旭创(光芯片/光通信) 2.59%; 新易盛(光芯片/光通信) 1.80%
005273,华商可转债债券A,债券型-混合二级,0.00%,0.00%,0.00%,4.39%,4.39%,2,北方华创(电芯片/核心半导体) 3.07%; 寒武纪(电芯片/核心半导体) 1.32%
005284,华商可转债债券C,债券型-混合二级,0.00%,0.00%,0.00%,4.39%,4.39%,2,北方华创(电芯片/核心半导体) 3.07%; 寒武纪(电芯片/核心半导体) 1.32%
512910,A100ETF广发,指数型-股票,0.00%,0.00%,4.39%,0.00%,4.39%,1,中际旭创(光芯片/光通信) 4.39%
563520,沪深300ETF永赢,指数型-股票,0.00%,0.00%,4.39%,0.00%,4.39%,2,中际旭创(光芯片/光通信) 2.57%; 新易盛(光芯片/光通信) 1.82%
159673,沪深300ETF鹏华,指数型-股票,0.00%,0.00%,4.38%,0.00%,4.38%,2,中际旭创(光芯片/光通信) 2.58%; 新易盛(光芯片/光通信) 1.80%
159919,沪深300ETF嘉实,指数型-股票,0.00%,0.00%,4.38%,0.00%,4.38%,2,中际旭创(光芯片/光通信) 2.58%; 新易盛(光芯片/光通信) 1.80%
202002,南方稳健成长贰号混合,混合型-偏股,0.00%,0.00%,4.38%,0.00%,4.38%,2,中际旭创(光芯片/光通信) 2.52%; 新易盛(光芯片/光通信) 1.86%
159631,A100ETF招商,指数型-股票,0.00%,0.00%,4.38%,0.00%,4.38%,1,中际旭创(光芯片/光通信) 4.38%
510330,沪深300ETF华夏,指数型-股票,0.00%,0.00%,4.38%,0.00%,4.38%,2,中际旭创(光芯片/光通信) 2.59%; 新易盛(光芯片/光通信) 1.79%
560380,A100ETF南方,指数型-股票,0.00%,0.00%,4.38%,0.00%,4.38%,1,中际旭创(光芯片/光通信) 4.38%
159750,港股科技50ETF招商,指数型-海外股票,0.00%,0.00%,0.00%,4.37%,4.37%,1,中芯国际(电芯片/核心半导体) 4.37%
510310,沪深300ETF易方达,指数型-股票,0.00%,0.00%,4.37%,0.00%,4.37%,2,中际旭创(光芯片/光通信) 2.58%; 新易盛(光芯片/光通信) 1.79%
515330,沪深300ETF天弘,指数型-股票,0.00%,0.00%,4.37%,0.00%,4.37%,2,中际旭创(光芯片/光通信) 2.58%; 新易盛(光芯片/光通信) 1.79%
515310,沪深300ETF汇添富,指数型-股票,0.00%,0.00%,4.37%,0.00%,4.37%,2,中际旭创(光芯片/光通信) 2.58%; 新易盛(光芯片/光通信) 1.79%
515380,沪深300ETF泰康,指数型-股票,0.00%,0.00%,4.37%,0.00%,4.37%,2,中际旭创(光芯片/光通信) 2.58%; 新易盛(光芯片/光通信) 1.79%
002802,广发成长智选混合A,混合型-偏股,0.00%,0.00%,4.36%,0.00%,4.36%,2,新易盛(光芯片/光通信) 2.77%; 中际旭创(光芯片/光通信) 1.59%
012475,平安优质企业混合A,混合型-偏股,0.00%,0.00%,2.98%,1.38%,4.36%,3,中际旭创(光芯片/光通信) 1.65%; 北方华创(电芯片/核心半导体) 1.38%; 长芯博创(光芯片/光通信) 1.33%
012476,平安优质企业混合C,混合型-偏股,0.00%,0.00%,2.98%,1.38%,4.36%,3,中际旭创(光芯片/光通信) 1.65%; 北方华创(电芯片/核心半导体) 1.38%; 长芯博创(光芯片/光通信) 1.33%
013489,广发成长智选混合C,混合型-偏股,0.00%,0.00%,4.36%,0.00%,4.36%,2,新易盛(光芯片/光通信) 2.77%; 中际旭创(光芯片/光通信) 1.59%
022687,广发中证A500指数增强C,指数型-股票,0.00%,0.00%,4.36%,0.00%,4.36%,2,中际旭创(光芯片/光通信) 2.65%; 新易盛(光芯片/光通信) 1.71%
022686,广发中证A500指数增强A,指数型-股票,0.00%,0.00%,4.36%,0.00%,4.36%,2,中际旭创(光芯片/光通信) 2.65%; 新易盛(光芯片/光通信) 1.71%
160610,鹏华动力增长混合(LOF),混合型-灵活,0.00%,4.36%,0.00%,0.00%,4.36%,1,澜起科技(存储) 4.36%
510380,沪深300ETF国寿,指数型-股票,0.00%,0.00%,4.36%,0.00%,4.36%,2,中际旭创(光芯片/光通信) 2.57%; 新易盛(光芯片/光通信) 1.79%
563550,A500增强ETF摩根,指数型-股票,0.00%,0.00%,4.36%,0.00%,4.36%,2,中际旭创(光芯片/光通信) 2.63%; 新易盛(光芯片/光通信) 1.73%
009847,圆信永丰研究精选混合A,混合型-偏股,0.00%,0.00%,0.00%,4.35%,4.35%,1,北方华创(电芯片/核心半导体) 4.35%
009848,圆信永丰研究精选混合C,混合型-偏股,0.00%,0.00%,0.00%,4.35%,4.35%,1,北方华创(电芯片/核心半导体) 4.35%
014626,财通资管稳兴丰益六个月持有期混合C,混合型-偏债,0.00%,0.00%,3.17%,1.18%,4.35%,3,新易盛(光芯片/光通信) 1.84%; 中际旭创(光芯片/光通信) 1.33%; 北方华创(电芯片/核心半导体) 1.18%
014625,财通资管稳兴丰益六个月持有期混合A,混合型-偏债,0.00%,0.00%,3.17%,1.18%,4.35%,3,新易盛(光芯片/光通信) 1.84%; 中际旭创(光芯片/光通信) 1.33%; 北方华创(电芯片/核心半导体) 1.18%
019472,长江长宏混合发起A,混合型-偏股,0.00%,0.00%,4.35%,0.00%,4.35%,1,天孚通信(光芯片/光通信) 4.35%
019473,长江长宏混合发起C,混合型-偏股,0.00%,0.00%,4.35%,0.00%,4.35%,1,天孚通信(光芯片/光通信) 4.35%
159300,沪深300ETF富国,指数型-股票,0.00%,0.00%,4.35%,0.00%,4.35%,2,中际旭创(光芯片/光通信) 2.57%; 新易盛(光芯片/光通信) 1.78%
159330,沪深300ETF东财,指数型-股票,0.00%,0.00%,4.35%,0.00%,4.35%,2,中际旭创(光芯片/光通信) 2.57%; 新易盛(光芯片/光通信) 1.78%
510320,沪深300ETF中金,指数型-股票,0.00%,0.00%,4.35%,0.00%,4.35%,2,中际旭创(光芯片/光通信) 2.76%; 新易盛(光芯片/光通信) 1.59%
530003,建信优选成长混合A,混合型-偏股,0.00%,0.00%,0.00%,4.35%,4.35%,1,海光信息(电芯片/核心半导体) 4.35%
561930,沪深300ETF招商,指数型-股票,0.00%,0.00%,4.35%,0.00%,4.35%,2,中际旭创(光芯片/光通信) 2.58%; 新易盛(光芯片/光通信) 1.77%
960028,建信优选成长混合H,混合型-偏股,0.00%,0.00%,0.00%,4.35%,4.35%,1,海光信息(电芯片/核心半导体) 4.35%
001018,易方达新经济混合,混合型-灵活,0.00%,0.00%,4.34%,0.00%,4.34%,1,天孚通信(光芯片/光通信) 4.34%
002271,招商安弘灵活配置混合A,混合型-灵活,0.00%,0.00%,4.34%,0.00%,4.34%,1,中际旭创(光芯片/光通信) 4.34%
006923,前海开源沪港深非周期股票A,股票型,0.00%,0.00%,0.00%,4.34%,4.34%,1,中芯国际(电芯片/核心半导体) 4.34%
006924,前海开源沪港深非周期股票C,股票型,0.00%,0.00%,0.00%,4.34%,4.34%,1,中芯国际(电芯片/核心半导体) 4.34%
024755,招商安弘灵活配置混合C,混合型-灵活,0.00%,0.00%,4.34%,0.00%,4.34%,1,中际旭创(光芯片/光通信) 4.34%
159393,沪深300ETF万家,指数型-股票,0.00%,0.00%,4.34%,0.00%,4.34%,2,中际旭创(光芯片/光通信) 2.56%; 新易盛(光芯片/光通信) 1.78%
013515,汇添富蓝筹稳健混合C,混合型-灵活,0.00%,0.00%,0.00%,4.34%,4.34%,2,北方华创(电芯片/核心半导体) 2.33%; 寒武纪(电芯片/核心半导体) 2.01%
013516,汇添富蓝筹稳健混合E,混合型-灵活,0.00%,0.00%,0.00%,4.34%,4.34%,2,北方华创(电芯片/核心半导体) 2.33%; 寒武纪(电芯片/核心半导体) 2.01%
519066,汇添富蓝筹稳健混合A,混合型-灵活,0.00%,0.00%,0.00%,4.34%,4.34%,2,北方华创(电芯片/核心半导体) 2.33%; 寒武纪(电芯片/核心半导体) 2.01%
515390,沪深300ETF华安,指数型-股票,0.00%,0.00%,4.33%,0.00%,4.33%,2,中际旭创(光芯片/光通信) 2.56%; 新易盛(光芯片/光通信) 1.77%
011189,建信智汇优选一年持有期混合(MOM),混合型-偏股,0.00%,0.00%,4.33%,0.00%,4.33%,2,新易盛(光芯片/光通信) 2.45%; 天孚通信(光芯片/光通信) 1.88%
022122,国泰海通中证香港科技指数发起(QDII)C,指数型-海外股票,0.00%,0.00%,0.00%,4.33%,4.33%,1,中芯国际(电芯片/核心半导体) 4.33%
022121,国泰海通中证香港科技指数发起(QDII)A,指数型-海外股票,0.00%,0.00%,0.00%,4.33%,4.33%,1,中芯国际(电芯片/核心半导体) 4.33%
561880,A100ETF华富,指数型-股票,0.00%,0.00%,4.33%,0.00%,4.33%,1,中际旭创(光芯片/光通信) 4.33%
000529,广发竞争优势混合A,混合型-灵活,0.00%,0.00%,4.32%,0.00%,4.32%,1,中际旭创(光芯片/光通信) 4.32%
011755,广发竞争优势混合C,混合型-灵活,0.00%,0.00%,4.32%,0.00%,4.32%,1,中际旭创(光芯片/光通信) 4.32%
024159,大成港股通机遇混合A,混合型-偏股,0.00%,0.00%,0.00%,4.32%,4.32%,1,中芯国际(电芯片/核心半导体) 4.32%
024160,大成港股通机遇混合C,混合型-偏股,0.00%,0.00%,0.00%,4.32%,4.32%,1,中芯国际(电芯片/核心半导体) 4.32%
510390,沪深300ETF平安,指数型-股票,0.00%,0.00%,4.32%,0.00%,4.32%,2,中际旭创(光芯片/光通信) 2.55%; 新易盛(光芯片/光通信) 1.77%
513810,港股国企ETF华夏,指数型-海外股票,0.00%,0.00%,0.00%,4.32%,4.32%,1,中芯国际(电芯片/核心半导体) 4.32%
515360,沪深300ETF方正富邦,指数型-股票,0.00%,0.00%,4.32%,0.00%,4.32%,2,中际旭创(光芯片/光通信) 2.54%; 新易盛(光芯片/光通信) 1.78%
561180,A100ETF富国,指数型-股票,0.00%,0.00%,4.32%,0.00%,4.32%,1,中际旭创(光芯片/光通信) 4.32%
561770,A100ETF博时,指数型-股票,0.00%,0.00%,4.32%,0.00%,4.32%,1,中际旭创(光芯片/光通信) 4.32%
021877,中欧沪深300指数发起A,指数型-股票,0.00%,0.00%,4.31%,0.00%,4.31%,2,中际旭创(光芯片/光通信) 2.54%; 新易盛(光芯片/光通信) 1.77%
021878,中欧沪深300指数发起C,指数型-股票,0.00%,0.00%,4.31%,0.00%,4.31%,2,中际旭创(光芯片/光通信) 2.54%; 新易盛(光芯片/光通信) 1.77%
022899,中欧沪深300指数发起Y,指数型-股票,0.00%,0.00%,4.31%,0.00%,4.31%,2,中际旭创(光芯片/光通信) 2.54%; 新易盛(光芯片/光通信) 1.77%
159686,A100ETF易方达,指数型-股票,0.00%,0.00%,4.31%,0.00%,4.31%,1,中际旭创(光芯片/光通信) 4.31%
110013,易方达科翔混合,混合型-偏股,0.00%,0.00%,4.30%,0.00%,4.30%,1,天孚通信(光芯片/光通信) 4.30%
159630,A100ETF汇添富,指数型-股票,0.00%,0.00%,4.30%,0.00%,4.30%,1,中际旭创(光芯片/光通信) 4.30%
561200,中证A100ETF工银,指数型-股票,0.00%,0.00%,4.30%,0.00%,4.30%,1,中际旭创(光芯片/光通信) 4.30%
020428,华安先进制造混合发起式A,混合型-偏股,0.00%,0.00%,0.00%,4.29%,4.29%,1,芯动联科(电芯片/核心半导体) 4.29%
020429,华安先进制造混合发起式C,混合型-偏股,0.00%,0.00%,0.00%,4.29%,4.29%,1,芯动联科(电芯片/核心半导体) 4.29%
023404,海富通致远量化选股股票发起A,股票型,0.00%,0.00%,4.28%,0.00%,4.28%,2,中际旭创(光芯片/光通信) 2.51%; 新易盛(光芯片/光通信) 1.77%
023405,海富通致远量化选股股票发起C,股票型,0.00%,0.00%,4.28%,0.00%,4.28%,2,中际旭创(光芯片/光通信) 2.51%; 新易盛(光芯片/光通信) 1.77%
006072,民生加银创新成长混合A,混合型-偏股,0.00%,0.00%,0.00%,4.27%,4.27%,1,海光信息(电芯片/核心半导体) 4.27%
006282,摩根欧洲动力策略股票(QDII)A,QDII-普通股票,0.00%,0.00%,0.00%,4.27%,4.27%,1,阿斯麦控股公司(电芯片/核心半导体) 4.27%
014929,民生加银创新成长混合C,混合型-偏股,0.00%,0.00%,0.00%,4.27%,4.27%,1,海光信息(电芯片/核心半导体) 4.27%
019450,摩根欧洲动力策略股票(QDII)C,QDII-普通股票,0.00%,0.00%,0.00%,4.27%,4.27%,1,阿斯麦控股公司(电芯片/核心半导体) 4.27%
006030,南方昌元可转债债券A,债券型-混合二级,0.00%,2.46%,0.00%,1.80%,4.26%,3,海光信息(电芯片/核心半导体) 1.80%; 澜起科技(存储) 1.48%; 兆易创新(存储) 0.98%
006031,南方昌元可转债债券C,债券型-混合二级,0.00%,2.46%,0.00%,1.80%,4.26%,3,海光信息(电芯片/核心半导体) 1.80%; 澜起科技(存储) 1.48%; 兆易创新(存储) 0.98%
007250,广发养老2050五年持有混合发起式(FOF)A,FOF-均衡型,0.00%,0.00%,4.26%,0.00%,4.26%,2,新易盛(光芯片/光通信) 2.31%; 中际旭创(光芯片/光通信) 1.95%
010129,宝盈发展新动能股票C,股票型,0.00%,0.00%,4.26%,0.00%,4.26%,1,新易盛(光芯片/光通信) 4.26%
010128,宝盈发展新动能股票A,股票型,0.00%,0.00%,4.26%,0.00%,4.26%,1,新易盛(光芯片/光通信) 4.26%
012584,南方中国新兴经济9个月持有期混合(QDII)A,QDII-混合偏股,0.00%,0.00%,4.26%,0.00%,4.26%,1,长飞光纤光缆(光芯片/光通信) 4.26%
012585,南方中国新兴经济9个月持有期混合(QDII)C,QDII-混合偏股,0.00%,0.00%,4.26%,0.00%,4.26%,1,长飞光纤光缆(光芯片/光通信) 4.26%
017403,广发养老2050五年持有混合发起式(FOF)Y,FOF-均衡型,0.00%,0.00%,4.26%,0.00%,4.26%,2,新易盛(光芯片/光通信) 2.31%; 中际旭创(光芯片/光通信) 1.95%
021494,长盛沪深300指数(LOF)C,指数型-股票,0.00%,0.00%,4.26%,0.00%,4.26%,2,中际旭创(光芯片/光通信) 2.48%; 新易盛(光芯片/光通信) 1.78%
021627,华富半导体产业混合发起式C,混合型-偏股,0.00%,0.00%,0.00%,4.26%,4.26%,1,思瑞浦(电芯片/核心半导体) 4.26%
021626,华富半导体产业混合发起式A,混合型-偏股,0.00%,0.00%,0.00%,4.26%,4.26%,1,思瑞浦(电芯片/核心半导体) 4.26%
022224,泓德智选领航混合A,混合型-偏股,0.00%,0.00%,4.26%,0.00%,4.26%,2,中际旭创(光芯片/光通信) 2.48%; 新易盛(光芯片/光通信) 1.78%
022225,泓德智选领航混合C,混合型-偏股,0.00%,0.00%,4.26%,0.00%,4.26%,2,中际旭创(光芯片/光通信) 2.48%; 新易盛(光芯片/光通信) 1.78%
025400,南方昌元可转债债券B,债券型-混合二级,0.00%,2.46%,0.00%,1.80%,4.26%,3,海光信息(电芯片/核心半导体) 1.80%; 澜起科技(存储) 1.48%; 兆易创新(存储) 0.98%
160807,长盛沪深300指数(LOF)A,指数型-股票,0.00%,0.00%,4.26%,0.00%,4.26%,2,中际旭创(光芯片/光通信) 2.48%; 新易盛(光芯片/光通信) 1.78%
510350,沪深300ETF工银,指数型-股票,0.00%,0.00%,4.26%,0.00%,4.26%,2,中际旭创(光芯片/光通信) 2.53%; 新易盛(光芯片/光通信) 1.73%
005865,浦银安盛量化多策略混合A,混合型-灵活,0.00%,0.00%,0.00%,4.25%,4.25%,1,复旦微电(电芯片/核心半导体) 4.25%
005866,浦银安盛量化多策略混合C,混合型-灵活,0.00%,0.00%,0.00%,4.25%,4.25%,1,复旦微电(电芯片/核心半导体) 4.25%
018402,嘉实成长驱动混合C,混合型-偏股,0.00%,0.00%,0.00%,4.25%,4.25%,1,中微公司(电芯片/核心半导体) 4.25%
018401,嘉实成长驱动混合A,混合型-偏股,0.00%,0.00%,0.00%,4.25%,4.25%,1,中微公司(电芯片/核心半导体) 4.25%
513320,港股通新经济ETF易方达,指数型-股票,0.00%,0.00%,0.00%,4.25%,4.25%,1,中芯国际(电芯片/核心半导体) 4.25%
025789,广发质量优选股票C,股票型,0.00%,0.00%,4.25%,0.00%,4.25%,2,新易盛(光芯片/光通信) 2.19%; 中际旭创(光芯片/光通信) 2.06%
025788,广发质量优选股票A,股票型,0.00%,0.00%,4.25%,0.00%,4.25%,2,新易盛(光芯片/光通信) 2.19%; 中际旭创(光芯片/光通信) 2.06%
110028,易方达安心回报债券B,债券型-混合二级,0.00%,0.00%,2.15%,2.10%,4.25%,4,芯原股份(电芯片/核心半导体) 1.19%; 新易盛(光芯片/光通信) 1.15%; 中际旭创(光芯片/光通信) 1.00%; 寒武纪(电芯片/核心半导体) 0.91%
110027,易方达安心回报债券A,债券型-混合二级,0.00%,0.00%,2.15%,2.10%,4.25%,4,芯原股份(电芯片/核心半导体) 1.19%; 新易盛(光芯片/光通信) 1.15%; 中际旭创(光芯片/光通信) 1.00%; 寒武纪(电芯片/核心半导体) 0.91%
014263,鑫元长三角混合A,混合型-偏股,0.00%,0.00%,0.00%,4.24%,4.24%,1,中微公司(电芯片/核心半导体) 4.24%
014264,鑫元长三角混合C,混合型-偏股,0.00%,0.00%,0.00%,4.24%,4.24%,1,中微公司(电芯片/核心半导体) 4.24%
001719,工银国家战略股票,股票型,0.00%,0.00%,4.23%,0.00%,4.23%,1,中际旭创(光芯片/光通信) 4.23%
016606,财通资管臻享成长混合C,混合型-偏股,0.00%,0.00%,0.00%,4.23%,4.23%,1,寒武纪(电芯片/核心半导体) 4.23%
016605,财通资管臻享成长混合A,混合型-偏股,0.00%,0.00%,0.00%,4.23%,4.23%,1,寒武纪(电芯片/核心半导体) 4.23%
512060,A100ETF天弘,指数型-股票,0.00%,0.00%,4.23%,0.00%,4.23%,1,中际旭创(光芯片/光通信) 4.23%
001298,金鹰民族新兴混合A,混合型-灵活,0.00%,0.00%,0.00%,4.22%,4.22%,1,思瑞浦(电芯片/核心半导体) 4.22%
001490,汇添富国企创新股票A,股票型,0.00%,0.00%,0.00%,4.22%,4.22%,1,北方华创(电芯片/核心半导体) 4.22%
015124,汇添富国企创新股票D,股票型,0.00%,0.00%,0.00%,4.22%,4.22%,1,北方华创(电芯片/核心半导体) 4.22%
015123,汇添富国企创新股票C,股票型,0.00%,0.00%,0.00%,4.22%,4.22%,1,北方华创(电芯片/核心半导体) 4.22%
015521,建信兴晟优选一年持有混合A,混合型-偏股,0.00%,4.22%,0.00%,0.00%,4.22%,1,兆易创新(存储) 4.22%
015522,建信兴晟优选一年持有混合C,混合型-偏股,0.00%,4.22%,0.00%,0.00%,4.22%,1,兆易创新(存储) 4.22%
023581,金鹰民族新兴混合C,混合型-灵活,0.00%,0.00%,0.00%,4.22%,4.22%,1,思瑞浦(电芯片/核心半导体) 4.22%
163411,兴全精选混合,混合型-偏股,0.00%,0.00%,0.00%,4.22%,4.22%,1,芯原股份(电芯片/核心半导体) 4.22%
588140,科创200ETF广发,指数型-股票,0.00%,0.00%,4.22%,0.00%,4.22%,2,长光华芯(光芯片/光通信) 2.34%; 德科立(光芯片/光通信) 1.88%
588910,科创价值ETF建信,指数型-股票,0.00%,4.22%,0.00%,0.00%,4.22%,1,晶合集成(存储) 4.22%
024817,东方红中证A500指数增强C,指数型-股票,0.00%,0.00%,4.21%,0.00%,4.21%,2,中际旭创(光芯片/光通信) 2.62%; 新易盛(光芯片/光通信) 1.59%
024816,东方红中证A500指数增强A,指数型-股票,0.00%,0.00%,4.21%,0.00%,4.21%,2,中际旭创(光芯片/光通信) 2.62%; 新易盛(光芯片/光通信) 1.59%
165309,建信沪深300指数(LOF),指数型-股票,0.00%,0.00%,4.21%,0.00%,4.21%,2,中际旭创(光芯片/光通信) 2.48%; 新易盛(光芯片/光通信) 1.73%
519100,长盛中证A100指数,指数型-股票,0.00%,0.00%,4.21%,0.00%,4.21%,1,中际旭创(光芯片/光通信) 4.21%
588270,科创200ETF易方达,指数型-股票,0.00%,0.00%,4.20%,0.00%,4.20%,2,长光华芯(光芯片/光通信) 2.33%; 德科立(光芯片/光通信) 1.87%
005152,农银沪深300指数C,指数型-股票,0.00%,0.00%,4.19%,0.00%,4.19%,2,中际旭创(光芯片/光通信) 2.47%; 新易盛(光芯片/光通信) 1.72%
008063,汇添富大盘核心资产混合A,混合型-偏股,0.00%,0.00%,4.19%,0.00%,4.19%,1,长飞光纤光缆(光芯片/光通信) 4.19%
015116,汇添富大盘核心资产混合C,混合型-偏股,0.00%,0.00%,4.19%,0.00%,4.19%,1,长飞光纤光缆(光芯片/光通信) 4.19%
015117,汇添富大盘核心资产混合D,混合型-偏股,0.00%,0.00%,4.19%,0.00%,4.19%,1,长飞光纤光缆(光芯片/光通信) 4.19%
015219,鹏扬产业智选一年持有混合A,混合型-偏股,0.00%,0.00%,0.00%,4.19%,4.19%,1,中芯国际(电芯片/核心半导体) 4.19%
015220,鹏扬产业智选一年持有混合C,混合型-偏股,0.00%,0.00%,0.00%,4.19%,4.19%,1,中芯国际(电芯片/核心半导体) 4.19%
015634,中金景气驱动混合发起C,混合型-偏股,0.00%,0.00%,4.19%,0.00%,4.19%,2,中际旭创(光芯片/光通信) 2.47%; 新易盛(光芯片/光通信) 1.72%
015633,中金景气驱动混合发起A,混合型-偏股,0.00%,0.00%,4.19%,0.00%,4.19%,2,中际旭创(光芯片/光通信) 2.47%; 新易盛(光芯片/光通信) 1.72%
660008,农银沪深300指数A,指数型-股票,0.00%,0.00%,4.19%,0.00%,4.19%,2,中际旭创(光芯片/光通信) 2.47%; 新易盛(光芯片/光通信) 1.72%
022467,国泰海通中证A500指数增强A,指数型-股票,0.00%,0.00%,4.19%,0.00%,4.19%,2,中际旭创(光芯片/光通信) 2.35%; 新易盛(光芯片/光通信) 1.84%
022468,国泰海通中证A500指数增强C,指数型-股票,0.00%,0.00%,4.19%,0.00%,4.19%,2,中际旭创(光芯片/光通信) 2.35%; 新易盛(光芯片/光通信) 1.84%
025420,国泰海通中证A500指数增强D,指数型-股票,0.00%,0.00%,4.19%,0.00%,4.19%,2,中际旭创(光芯片/光通信) 2.35%; 新易盛(光芯片/光通信) 1.84%
589820,科创200ETF建信,指数型-股票,0.00%,0.00%,4.19%,0.00%,4.19%,2,长光华芯(光芯片/光通信) 2.32%; 德科立(光芯片/光通信) 1.87%
003548,宏利沪深300指数增强C,指数型-股票,0.00%,0.74%,3.44%,0.00%,4.18%,3,新易盛(光芯片/光通信) 1.77%; 中际旭创(光芯片/光通信) 1.67%; 佰维存储(存储) 0.74%
009379,中银成长优选股票A,股票型,0.00%,0.00%,4.18%,0.00%,4.18%,2,中际旭创(光芯片/光通信) 2.14%; 新易盛(光芯片/光通信) 2.04%
014455,中银成长优选股票C,股票型,0.00%,0.00%,4.18%,0.00%,4.18%,2,中际旭创(光芯片/光通信) 2.14%; 新易盛(光芯片/光通信) 2.04%
025008,宏利沪深300指数增强Y,指数型-股票,0.00%,0.74%,3.44%,0.00%,4.18%,3,新易盛(光芯片/光通信) 1.77%; 中际旭创(光芯片/光通信) 1.67%; 佰维存储(存储) 0.74%
162213,宏利沪深300指数增强A,指数型-股票,0.00%,0.74%,3.44%,0.00%,4.18%,3,新易盛(光芯片/光通信) 1.77%; 中际旭创(光芯片/光通信) 1.67%; 佰维存储(存储) 0.74%
588230,科创200ETF华泰柏瑞,指数型-股票,0.00%,0.00%,4.18%,0.00%,4.18%,2,长光华芯(光芯片/光通信) 2.32%; 德科立(光芯片/光通信) 1.86%
589780,科创200ETF富国,指数型-股票,0.00%,0.00%,4.18%,0.00%,4.18%,2,长光华芯(光芯片/光通信) 2.33%; 德科立(光芯片/光通信) 1.85%
000398,华富灵活配置混合A,混合型-灵活,0.00%,0.00%,4.18%,0.00%,4.18%,2,中际旭创(光芯片/光通信) 2.11%; 新易盛(光芯片/光通信) 2.07%
004355,嘉实丰和灵活配置混合A,混合型-灵活,0.00%,0.00%,0.00%,4.18%,4.18%,1,思特威(电芯片/核心半导体) 4.18%
016168,嘉实丰和灵活配置混合C,混合型-灵活,0.00%,0.00%,0.00%,4.18%,4.18%,1,思特威(电芯片/核心半导体) 4.18%
019198,华富灵活配置混合C,混合型-灵活,0.00%,0.00%,4.18%,0.00%,4.18%,2,中际旭创(光芯片/光通信) 2.11%; 新易盛(光芯片/光通信) 2.07%
070021,嘉实主题新动力混合,混合型-偏股,0.00%,0.00%,0.00%,4.18%,4.18%,1,中微公司(电芯片/核心半导体) 4.18%
007096,大成沪深300指数C,指数型-股票,0.00%,0.00%,4.17%,0.00%,4.17%,2,中际旭创(光芯片/光通信) 2.46%; 新易盛(光芯片/光通信) 1.71%
010351,诺安中证A100指数C,指数型-股票,0.00%,0.00%,4.17%,0.00%,4.17%,1,中际旭创(光芯片/光通信) 4.17%
022626,诺安中证A100指数D,指数型-股票,0.00%,0.00%,4.17%,0.00%,4.17%,1,中际旭创(光芯片/光通信) 4.17%
022973,大成沪深300指数Y,指数型-股票,0.00%,0.00%,4.17%,0.00%,4.17%,2,中际旭创(光芯片/光通信) 2.46%; 新易盛(光芯片/光通信) 1.71%
166301,华商新趋势优选灵活配置混合,混合型-灵活,0.00%,0.00%,2.34%,1.83%,4.17%,2,光迅科技(光芯片/光通信) 2.34%; 海光信息(电芯片/核心半导体) 1.83%
320010,诺安中证A100指数A,指数型-股票,0.00%,0.00%,4.17%,0.00%,4.17%,1,中际旭创(光芯片/光通信) 4.17%
519300,大成沪深300指数A,指数型-股票,0.00%,0.00%,4.17%,0.00%,4.17%,2,中际旭创(光芯片/光通信) 2.46%; 新易盛(光芯片/光通信) 1.71%
000117,广发轮动配置混合,混合型-偏股,0.00%,0.00%,4.16%,0.00%,4.16%,1,中际旭创(光芯片/光通信) 4.16%
005984,兴业聚华混合A,混合型-偏债,0.00%,0.00%,0.00%,4.16%,4.16%,2,北方华创(电芯片/核心半导体) 2.18%; 恒玄科技(电芯片/核心半导体) 1.98%
005985,兴业聚华混合C,混合型-偏债,0.00%,0.00%,0.00%,4.16%,4.16%,2,北方华创(电芯片/核心半导体) 2.18%; 恒玄科技(电芯片/核心半导体) 1.98%
013120,中信保诚沪深300指数(LOF)C,指数型-股票,0.00%,0.00%,4.16%,0.00%,4.16%,2,中际旭创(光芯片/光通信) 2.45%; 新易盛(光芯片/光通信) 1.71%
022860,中银沪深300指数C,指数型-股票,0.00%,0.00%,4.16%,0.00%,4.16%,2,中际旭创(光芯片/光通信) 2.50%; 新易盛(光芯片/光通信) 1.66%
022859,中银沪深300指数A,指数型-股票,0.00%,0.00%,4.16%,0.00%,4.16%,2,中际旭创(光芯片/光通信) 2.50%; 新易盛(光芯片/光通信) 1.66%
162509,国联安中证A100指数(LOF),指数型-股票,0.00%,0.00%,4.16%,0.00%,4.16%,1,中际旭创(光芯片/光通信) 4.16%
165515,中信保诚沪深300指数(LOF)A,指数型-股票,0.00%,0.00%,4.16%,0.00%,4.16%,2,中际旭创(光芯片/光通信) 2.45%; 新易盛(光芯片/光通信) 1.71%
589200,科创200ETF工银,指数型-股票,0.00%,0.00%,4.16%,0.00%,4.16%,2,长光华芯(光芯片/光通信) 2.33%; 德科立(光芯片/光通信) 1.83%
006600,人保沪深300A,指数型-股票,0.00%,0.00%,4.15%,0.00%,4.15%,2,中际旭创(光芯片/光通信) 2.45%; 新易盛(光芯片/光通信) 1.70%
021635,人保沪深300C,指数型-股票,0.00%,0.00%,4.15%,0.00%,4.15%,2,中际旭创(光芯片/光通信) 2.45%; 新易盛(光芯片/光通信) 1.70%
025647,平安高端装备混合发起式C,混合型-偏股,0.00%,0.00%,0.00%,4.15%,4.15%,1,复旦微电(电芯片/核心半导体) 4.15%
025646,平安高端装备混合发起式A,混合型-偏股,0.00%,0.00%,0.00%,4.15%,4.15%,1,复旦微电(电芯片/核心半导体) 4.15%
159747,香港科技ETF南方,指数型-海外股票,0.00%,0.00%,0.00%,4.15%,4.15%,1,中芯国际(电芯片/核心半导体) 4.15%
005089,嘉实新添辉定期混合C,混合型-灵活,0.00%,0.00%,1.63%,2.52%,4.15%,3,光迅科技(光芯片/光通信) 1.63%; 中微公司(电芯片/核心半导体) 1.32%; 海光信息(电芯片/核心半导体) 1.20%
005088,嘉实新添辉定期混合A,混合型-灵活,0.00%,0.00%,1.63%,2.52%,4.15%,3,光迅科技(光芯片/光通信) 1.63%; 中微公司(电芯片/核心半导体) 1.32%; 海光信息(电芯片/核心半导体) 1.20%
007044,博道沪深300增强A,指数型-股票,0.00%,0.00%,4.15%,0.00%,4.15%,2,中际旭创(光芯片/光通信) 2.52%; 新易盛(光芯片/光通信) 1.63%
007045,博道沪深300增强C,指数型-股票,0.00%,0.00%,4.15%,0.00%,4.15%,2,中际旭创(光芯片/光通信) 2.52%; 新易盛(光芯片/光通信) 1.63%
025932,博道沪深300增强Y,指数型-股票,0.00%,0.00%,4.15%,0.00%,4.15%,2,中际旭创(光芯片/光通信) 2.52%; 新易盛(光芯片/光通信) 1.63%
588240,科创200ETF鹏华,指数型-股票,0.00%,0.00%,4.15%,0.00%,4.15%,2,长光华芯(光芯片/光通信) 2.32%; 德科立(光芯片/光通信) 1.83%
588820,科创200ETF华夏,指数型-股票,0.00%,0.00%,4.15%,0.00%,4.15%,2,长光华芯(光芯片/光通信) 2.32%; 德科立(光芯片/光通信) 1.83%
001415,中信保诚新锐混合A,混合型-灵活,0.00%,0.00%,4.14%,0.00%,4.14%,2,中际旭创(光芯片/光通信) 2.44%; 新易盛(光芯片/光通信) 1.70%
001506,景顺长城泰和回报混合A,混合型-灵活,0.00%,0.00%,4.14%,0.00%,4.14%,2,中际旭创(光芯片/光通信) 2.44%; 新易盛(光芯片/光通信) 1.70%
001507,景顺长城泰和回报混合C,混合型-灵活,0.00%,0.00%,4.14%,0.00%,4.14%,2,中际旭创(光芯片/光通信) 2.44%; 新易盛(光芯片/光通信) 1.70%
002046,中信保诚新锐混合B,混合型-灵活,0.00%,0.00%,4.14%,0.00%,4.14%,2,中际旭创(光芯片/光通信) 2.44%; 新易盛(光芯片/光通信) 1.70%
004666,长城久嘉创新成长混合A,混合型-灵活,0.00%,0.00%,0.00%,4.14%,4.14%,1,复旦微电(电芯片/核心半导体) 4.14%
005867,国泰沪深300指数C,指数型-股票,0.00%,0.00%,4.14%,0.00%,4.14%,2,中际旭创(光芯片/光通信) 2.44%; 新易盛(光芯片/光通信) 1.70%
006937,工银沪深300指数C,指数型-股票,0.00%,0.00%,4.14%,0.00%,4.14%,2,中际旭创(光芯片/光通信) 2.44%; 新易盛(光芯片/光通信) 1.70%
010052,长城久嘉创新成长混合C,混合型-灵活,0.00%,0.00%,0.00%,4.14%,4.14%,1,复旦微电(电芯片/核心半导体) 4.14%
020011,国泰沪深300指数A,指数型-股票,0.00%,0.00%,4.14%,0.00%,4.14%,2,中际旭创(光芯片/光通信) 2.44%; 新易盛(光芯片/光通信) 1.70%
022936,国泰沪深300指数Y,指数型-股票,0.00%,0.00%,4.14%,0.00%,4.14%,2,中际旭创(光芯片/光通信) 2.44%; 新易盛(光芯片/光通信) 1.70%
022935,工银沪深300指数Y,指数型-股票,0.00%,0.00%,4.14%,0.00%,4.14%,2,中际旭创(光芯片/光通信) 2.44%; 新易盛(光芯片/光通信) 1.70%
481009,工银沪深300指数A,指数型-股票,0.00%,0.00%,4.14%,0.00%,4.14%,2,中际旭创(光芯片/光通信) 2.44%; 新易盛(光芯片/光通信) 1.70%
005121,富国兴利增强债券A,债券型-混合二级,0.00%,0.42%,1.56%,2.16%,4.14%,7,中际旭创(光芯片/光通信) 0.87%; 寒武纪(电芯片/核心半导体) 0.70%; 新易盛(光芯片/光通信) 0.69%; 海光信息(电芯片/核心半导体) 0.63%; 中芯国际(电芯片/核心半导体) 0.52%; 澜起科技(存储) 0.42%; 中微公司(电芯片/核心半导体) 0.31%
022229,富国兴利增强债券E,债券型-混合二级,0.00%,0.42%,1.56%,2.16%,4.14%,7,中际旭创(光芯片/光通信) 0.87%; 寒武纪(电芯片/核心半导体) 0.70%; 新易盛(光芯片/光通信) 0.69%; 海光信息(电芯片/核心半导体) 0.63%; 中芯国际(电芯片/核心半导体) 0.52%; 澜起科技(存储) 0.42%; 中微公司(电芯片/核心半导体) 0.31%
001679,前海开源中国稀缺资产混合A,混合型-灵活,0.00%,0.00%,0.00%,4.12%,4.12%,1,中微公司(电芯片/核心半导体) 4.12%
001914,中信建投聚利混合A,混合型-偏债,0.00%,0.00%,0.00%,4.12%,4.12%,2,北方华创(电芯片/核心半导体) 2.98%; 复旦微电(电芯片/核心半导体) 1.14%
002079,前海开源中国稀缺资产混合C,混合型-灵活,0.00%,0.00%,0.00%,4.12%,4.12%,1,中微公司(电芯片/核心半导体) 4.12%
006845,中信建投聚利混合C,混合型-偏债,0.00%,0.00%,0.00%,4.12%,4.12%,2,北方华创(电芯片/核心半导体) 2.98%; 复旦微电(电芯片/核心半导体) 1.14%
023299,汇添富中证A500指数增强C,指数型-股票,0.00%,0.00%,4.12%,0.00%,4.12%,2,中际旭创(光芯片/光通信) 2.38%; 新易盛(光芯片/光通信) 1.74%
023298,汇添富中证A500指数增强A,指数型-股票,0.00%,0.00%,4.12%,0.00%,4.12%,2,中际旭创(光芯片/光通信) 2.38%; 新易盛(光芯片/光通信) 1.74%
025329,银华沪深300指数C,指数型-股票,0.00%,0.00%,4.12%,0.00%,4.12%,2,中际旭创(光芯片/光通信) 2.44%; 新易盛(光芯片/光通信) 1.68%
161811,银华沪深300指数A,指数型-股票,0.00%,0.00%,4.12%,0.00%,4.12%,2,中际旭创(光芯片/光通信) 2.44%; 新易盛(光芯片/光通信) 1.68%
001476,中银智能制造股票A,股票型,0.00%,0.00%,4.12%,0.00%,4.12%,2,中际旭创(光芯片/光通信) 2.11%; 新易盛(光芯片/光通信) 2.01%
012181,中银智能制造股票C,股票型,0.00%,0.00%,4.12%,0.00%,4.12%,2,中际旭创(光芯片/光通信) 2.11%; 新易盛(光芯片/光通信) 2.01%
002358,国投瑞银瑞祥A,混合型-灵活,0.00%,0.00%,4.11%,0.00%,4.11%,2,中际旭创(光芯片/光通信) 2.43%; 新易盛(光芯片/光通信) 1.68%
002449,民生加银量化中国混合A,混合型-灵活,0.00%,0.00%,4.11%,0.00%,4.11%,2,中际旭创(光芯片/光通信) 2.41%; 新易盛(光芯片/光通信) 1.70%
011616,国投瑞银瑞祥C,混合型-灵活,0.00%,0.00%,4.11%,0.00%,4.11%,2,中际旭创(光芯片/光通信) 2.43%; 新易盛(光芯片/光通信) 1.68%
018517,民生加银量化中国混合C,混合型-灵活,0.00%,0.00%,4.11%,0.00%,4.11%,2,中际旭创(光芯片/光通信) 2.41%; 新易盛(光芯片/光通信) 1.70%
023820,天弘中证A500指数增强C,指数型-股票,0.00%,0.00%,4.11%,0.00%,4.11%,2,中际旭创(光芯片/光通信) 2.07%; 新易盛(光芯片/光通信) 2.04%
023819,天弘中证A500指数增强A,指数型-股票,0.00%,0.00%,4.11%,0.00%,4.11%,2,中际旭创(光芯片/光通信) 2.07%; 新易盛(光芯片/光通信) 2.04%
007580,宝盈中证A100指数增强C,指数型-股票,0.00%,0.00%,4.10%,0.00%,4.10%,1,中际旭创(光芯片/光通信) 4.10%
009548,汇添富中盘价值精选混合A,混合型-偏股,0.00%,0.00%,0.00%,4.10%,4.10%,1,北方华创(电芯片/核心半导体) 4.10%
009549,汇添富中盘价值精选混合C,混合型-偏股,0.00%,0.00%,0.00%,4.10%,4.10%,1,北方华创(电芯片/核心半导体) 4.10%
010224,海富通中证A100指数(LOF)C,指数型-股票,0.00%,0.00%,4.10%,0.00%,4.10%,1,中际旭创(光芯片/光通信) 4.10%
162307,海富通中证A100指数(LOF)A,指数型-股票,0.00%,0.00%,4.10%,0.00%,4.10%,1,中际旭创(光芯片/光通信) 4.10%
213010,宝盈中证A100指数增强A,指数型-股票,0.00%,0.00%,4.10%,0.00%,4.10%,1,中际旭创(光芯片/光通信) 4.10%
516830,沪深300ESGETF富国,指数型-股票,0.00%,0.00%,4.10%,0.00%,4.10%,1,中际旭创(光芯片/光通信) 4.10%
008238,中泰沪深300增强A,指数型-股票,0.00%,0.00%,4.09%,0.00%,4.09%,2,中际旭创(光芯片/光通信) 2.41%; 新易盛(光芯片/光通信) 1.68%
008239,中泰沪深300增强C,指数型-股票,0.00%,0.00%,4.09%,0.00%,4.09%,2,中际旭创(光芯片/光通信) 2.41%; 新易盛(光芯片/光通信) 1.68%
010187,嘉实核心成长混合C,混合型-偏股,0.00%,0.00%,0.00%,4.09%,4.09%,1,中微公司(电芯片/核心半导体) 4.09%
010186,嘉实核心成长混合A,混合型-偏股,0.00%,0.00%,0.00%,4.09%,4.09%,1,中微公司(电芯片/核心半导体) 4.09%
022293,前海开源优选领航股票C,股票型,0.00%,0.00%,4.09%,0.00%,4.09%,1,中际旭创(光芯片/光通信) 4.09%
022292,前海开源优选领航股票A,股票型,0.00%,0.00%,4.09%,0.00%,4.09%,1,中际旭创(光芯片/光通信) 4.09%
018227,瑞达先进制造混合型发起式C,混合型-偏股,0.00%,0.00%,4.08%,0.00%,4.08%,1,长芯博创(光芯片/光通信) 4.08%
018226,瑞达先进制造混合型发起式A,混合型-偏股,0.00%,0.00%,4.08%,0.00%,4.08%,1,长芯博创(光芯片/光通信) 4.08%
022820,融通中证A500指数增强A,指数型-股票,0.00%,0.00%,4.08%,0.00%,4.08%,2,中际旭创(光芯片/光通信) 2.43%; 新易盛(光芯片/光通信) 1.65%
022821,融通中证A500指数增强C,指数型-股票,0.00%,0.00%,4.08%,0.00%,4.08%,2,中际旭创(光芯片/光通信) 2.43%; 新易盛(光芯片/光通信) 1.65%
022850,招商中证A50指数增强发起式C,指数型-股票,0.00%,0.00%,4.08%,0.00%,4.08%,1,中际旭创(光芯片/光通信) 4.08%
022849,招商中证A50指数增强发起式A,指数型-股票,0.00%,0.00%,4.08%,0.00%,4.08%,1,中际旭创(光芯片/光通信) 4.08%
023630,鑫元中证A100指数A,指数型-股票,0.00%,0.00%,4.08%,0.00%,4.08%,1,中际旭创(光芯片/光通信) 4.08%
023631,鑫元中证A100指数C,指数型-股票,0.00%,0.00%,4.08%,0.00%,4.08%,1,中际旭创(光芯片/光通信) 4.08%
159226,中证A500增强ETF国泰,指数型-股票,0.00%,0.00%,1.76%,2.32%,4.08%,3,中际旭创(光芯片/光通信) 1.76%; 寒武纪(电芯片/核心半导体) 1.17%; 中芯国际(电芯片/核心半导体) 1.15%
515130,沪深300ETF博时,指数型-股票,0.00%,0.00%,4.08%,0.00%,4.08%,2,中际旭创(光芯片/光通信) 2.40%; 新易盛(光芯片/光通信) 1.68%
000199,国泰量化策略收益混合A,混合型-偏股,0.00%,1.55%,2.52%,0.00%,4.07%,3,中际旭创(光芯片/光通信) 1.68%; 佰维存储(存储) 1.55%; 新易盛(光芯片/光通信) 0.84%
012388,国金ESG持续增长混合C,混合型-偏股,0.00%,0.00%,4.07%,0.00%,4.07%,1,新易盛(光芯片/光通信) 4.07%
012387,国金ESG持续增长混合A,混合型-偏股,0.00%,0.00%,4.07%,0.00%,4.07%,1,新易盛(光芯片/光通信) 4.07%
015582,国泰量化策略收益混合C,混合型-偏股,0.00%,1.55%,2.52%,0.00%,4.07%,3,中际旭创(光芯片/光通信) 1.68%; 佰维存储(存储) 1.55%; 新易盛(光芯片/光通信) 0.84%
023514,宝盈中证A500指数增强A,指数型-股票,0.00%,0.00%,4.07%,0.00%,4.07%,2,中际旭创(光芯片/光通信) 2.40%; 新易盛(光芯片/光通信) 1.67%
023515,宝盈中证A500指数增强C,指数型-股票,0.00%,0.00%,4.07%,0.00%,4.07%,2,中际旭创(光芯片/光通信) 2.40%; 新易盛(光芯片/光通信) 1.67%
561900,沪深300ESGETF招商,指数型-股票,0.00%,0.00%,4.07%,0.00%,4.07%,1,中际旭创(光芯片/光通信) 4.07%
018730,华夏招鑫鸿瑞混合A,混合型-偏股,0.00%,0.00%,4.06%,0.00%,4.06%,1,源杰科技(光芯片/光通信) 4.06%
018731,华夏招鑫鸿瑞混合C,混合型-偏股,0.00%,0.00%,4.06%,0.00%,4.06%,1,源杰科技(光芯片/光通信) 4.06%
005260,银华稳健增利灵活配置混合A,混合型-灵活,0.00%,0.00%,4.05%,0.00%,4.05%,2,中际旭创(光芯片/光通信) 2.49%; 新易盛(光芯片/光通信) 1.56%
005261,银华稳健增利灵活配置混合C,混合型-灵活,0.00%,0.00%,4.05%,0.00%,4.05%,2,中际旭创(光芯片/光通信) 2.49%; 新易盛(光芯片/光通信) 1.56%
159902,中小100ETF华夏,指数型-股票,0.00%,0.00%,0.00%,4.05%,4.05%,1,北方华创(电芯片/核心半导体) 4.05%
501043,汇添富沪深300指数(LOF)A,指数型-股票,0.00%,0.00%,4.05%,0.00%,4.05%,2,中际旭创(光芯片/光通信) 2.39%; 新易盛(光芯片/光通信) 1.66%
501045,汇添富沪深300指数(LOF)C,指数型-股票,0.00%,0.00%,4.05%,0.00%,4.05%,2,中际旭创(光芯片/光通信) 2.39%; 新易盛(光芯片/光通信) 1.66%
515350,沪深300ETF民生加银,指数型-股票,0.00%,0.00%,4.05%,0.00%,4.05%,2,中际旭创(光芯片/光通信) 2.40%; 新易盛(光芯片/光通信) 1.65%
020160,中信保诚沪深300指数增强A,指数型-股票,0.00%,0.00%,4.04%,0.00%,4.04%,2,中际旭创(光芯片/光通信) 2.73%; 新易盛(光芯片/光通信) 1.31%
020161,中信保诚沪深300指数增强C,指数型-股票,0.00%,0.00%,4.04%,0.00%,4.04%,2,中际旭创(光芯片/光通信) 2.73%; 新易盛(光芯片/光通信) 1.31%
024338,财通中证A500指数增强C,指数型-股票,0.00%,0.00%,4.04%,0.00%,4.04%,2,中际旭创(光芯片/光通信) 2.17%; 新易盛(光芯片/光通信) 1.87%
024337,财通中证A500指数增强A,指数型-股票,0.00%,0.00%,4.04%,0.00%,4.04%,2,中际旭创(光芯片/光通信) 2.17%; 新易盛(光芯片/光通信) 1.87%
001102,前海开源国家比较优势混合A,混合型-灵活,0.00%,0.00%,0.00%,4.04%,4.04%,1,中微公司(电芯片/核心半导体) 4.04%
003735,万家瑞盈灵活配置混合C,混合型-灵活,0.00%,0.00%,4.04%,0.00%,4.04%,2,中际旭创(光芯片/光通信) 2.38%; 新易盛(光芯片/光通信) 1.66%
003734,万家瑞盈灵活配置混合A,混合型-灵活,0.00%,0.00%,4.04%,0.00%,4.04%,2,中际旭创(光芯片/光通信) 2.38%; 新易盛(光芯片/光通信) 1.66%
006614,嘉实港股通新经济指数C,指数型-股票,0.00%,0.00%,0.00%,4.04%,4.04%,1,中芯国际(电芯片/核心半导体) 4.04%
011870,前海开源国家比较优势混合C,混合型-灵活,0.00%,0.00%,0.00%,4.04%,4.04%,1,中微公司(电芯片/核心半导体) 4.04%
012494,长信内需均衡混合C,混合型-偏股,0.00%,0.00%,0.00%,4.04%,4.04%,1,海光信息(电芯片/核心半导体) 4.04%
012493,长信内需均衡混合A,混合型-偏股,0.00%,0.00%,0.00%,4.04%,4.04%,1,海光信息(电芯片/核心半导体) 4.04%
023518,国投瑞银上证科创板200指数发起式A,指数型-股票,0.00%,0.00%,4.04%,0.00%,4.04%,2,长光华芯(光芯片/光通信) 2.21%; 德科立(光芯片/光通信) 1.83%
023519,国投瑞银上证科创板200指数发起式C,指数型-股票,0.00%,0.00%,4.04%,0.00%,4.04%,2,长光华芯(光芯片/光通信) 2.21%; 德科立(光芯片/光通信) 1.83%
050001,博时价值增长混合,混合型-偏股,0.00%,0.00%,0.00%,4.04%,4.04%,1,复旦微电(电芯片/核心半导体) 4.04%
050201,博时价值增长贰号混合,混合型-偏股,0.00%,0.00%,0.00%,4.04%,4.04%,1,复旦微电(电芯片/核心半导体) 4.04%
501311,嘉实港股通新经济指数A,指数型-股票,0.00%,0.00%,0.00%,4.04%,4.04%,1,中芯国际(电芯片/核心半导体) 4.04%
000656,前海开源沪深300指数A,指数型-股票,0.00%,0.00%,4.03%,0.00%,4.03%,2,中际旭创(光芯片/光通信) 2.37%; 新易盛(光芯片/光通信) 1.66%
015671,前海开源沪深300指数C,指数型-股票,0.00%,0.00%,4.03%,0.00%,4.03%,2,中际旭创(光芯片/光通信) 2.37%; 新易盛(光芯片/光通信) 1.66%
019611,财通数字经济智选混合发起C,混合型-偏股,0.00%,0.00%,4.03%,0.00%,4.03%,3,源杰科技(光芯片/光通信) 1.35%; 中际旭创(光芯片/光通信) 1.34%; 新易盛(光芯片/光通信) 1.34%
019610,财通数字经济智选混合发起A,混合型-偏股,0.00%,0.00%,4.03%,0.00%,4.03%,3,源杰科技(光芯片/光通信) 1.35%; 中际旭创(光芯片/光通信) 1.34%; 新易盛(光芯片/光通信) 1.34%
022801,西部利得中证A500指数增强C,指数型-股票,0.00%,0.00%,4.03%,0.00%,4.03%,2,新易盛(光芯片/光通信) 2.15%; 中际旭创(光芯片/光通信) 1.88%
022800,西部利得中证A500指数增强A,指数型-股票,0.00%,0.00%,4.03%,0.00%,4.03%,2,新易盛(光芯片/光通信) 2.15%; 中际旭创(光芯片/光通信) 1.88%
010202,天弘中证科技100指数增强发起A,指数型-股票,0.00%,0.00%,0.00%,4.02%,4.02%,2,中微公司(电芯片/核心半导体) 3.62%; 海光信息(电芯片/核心半导体) 0.40%
010203,天弘中证科技100指数增强发起C,指数型-股票,0.00%,0.00%,0.00%,4.02%,4.02%,2,中微公司(电芯片/核心半导体) 3.62%; 海光信息(电芯片/核心半导体) 0.40%
022544,天弘中证科技100指数增强发起E,指数型-股票,0.00%,0.00%,0.00%,4.02%,4.02%,2,中微公司(电芯片/核心半导体) 3.62%; 海光信息(电芯片/核心半导体) 0.40%
563630,A500增强ETF国联安,指数型-股票,0.00%,0.00%,4.02%,0.00%,4.02%,2,中际旭创(光芯片/光通信) 2.37%; 新易盛(光芯片/光通信) 1.65%
017565,华安产业优选混合C,混合型-偏股,0.00%,0.00%,4.02%,0.00%,4.02%,1,长飞光纤光缆(光芯片/光通信) 4.02%
017564,华安产业优选混合A,混合型-偏股,0.00%,0.00%,4.02%,0.00%,4.02%,1,长飞光纤光缆(光芯片/光通信) 4.02%
515580,科技100ETF华泰柏瑞,指数型-股票,0.00%,0.00%,0.00%,4.02%,4.02%,1,中微公司(电芯片/核心半导体) 4.02%
026118,东财上证科创200指数C,指数型-股票,0.00%,0.00%,4.01%,0.00%,4.01%,2,长光华芯(光芯片/光通信) 2.22%; 德科立(光芯片/光通信) 1.79%
026117,东财上证科创200指数A,指数型-股票,0.00%,0.00%,4.01%,0.00%,4.01%,2,长光华芯(光芯片/光通信) 2.22%; 德科立(光芯片/光通信) 1.79%
002860,前海开源沪港深新机遇混合A,混合型-灵活,0.00%,0.00%,0.00%,4.00%,4.00%,1,中微公司(电芯片/核心半导体) 4.00%
017929,前海开源沪港深新机遇混合C,混合型-灵活,0.00%,0.00%,0.00%,4.00%,4.00%,1,中微公司(电芯片/核心半导体) 4.00%
160125,南方香港优选股票,QDII-普通股票,0.00%,0.00%,4.00%,0.00%,4.00%,1,长飞光纤光缆(光芯片/光通信) 4.00%
011904,南方领航优选混合C,混合型-偏股,0.00%,0.00%,0.00%,3.99%,3.99%,1,复旦微电(电芯片/核心半导体) 3.99%
011903,南方领航优选混合A,混合型-偏股,0.00%,0.00%,0.00%,3.99%,3.99%,1,复旦微电(电芯片/核心半导体) 3.99%
017810,湘财鑫享债券C,债券型-混合二级,0.00%,1.48%,0.00%,2.51%,3.99%,4,北方华创(电芯片/核心半导体) 1.60%; 澜起科技(存储) 1.05%; 翱捷科技(电芯片/核心半导体) 0.91%; 兆易创新(存储) 0.43%
017809,湘财鑫享债券A,债券型-混合二级,0.00%,1.48%,0.00%,2.51%,3.99%,4,北方华创(电芯片/核心半导体) 1.60%; 澜起科技(存储) 1.05%; 翱捷科技(电芯片/核心半导体) 0.91%; 兆易创新(存储) 0.43%
023981,泰信中证A500指数增强A,指数型-股票,0.00%,0.00%,2.45%,1.54%,3.99%,2,中际旭创(光芯片/光通信) 2.45%; 寒武纪(电芯片/核心半导体) 1.54%
023982,泰信中证A500指数增强C,指数型-股票,0.00%,0.00%,2.45%,1.54%,3.99%,2,中际旭创(光芯片/光通信) 2.45%; 寒武纪(电芯片/核心半导体) 1.54%
026429,永赢上证科创板200指数C,指数型-股票,0.00%,0.00%,3.99%,0.00%,3.99%,2,长光华芯(光芯片/光通信) 2.22%; 德科立(光芯片/光通信) 1.77%
026428,永赢上证科创板200指数A,指数型-股票,0.00%,0.00%,3.99%,0.00%,3.99%,2,长光华芯(光芯片/光通信) 2.22%; 德科立(光芯片/光通信) 1.77%
000586,景顺长城中小创精选股票A,股票型,0.00%,0.00%,0.00%,3.98%,3.98%,1,寒武纪(电芯片/核心半导体) 3.98%
008871,大成睿裕六月持有股票A,股票型,0.00%,0.00%,3.98%,0.00%,3.98%,1,中际旭创(光芯片/光通信) 3.98%
008872,大成睿裕六月持有股票C,股票型,0.00%,0.00%,3.98%,0.00%,3.98%,1,中际旭创(光芯片/光通信) 3.98%
018817,景顺长城中小创精选股票C,股票型,0.00%,0.00%,0.00%,3.98%,3.98%,1,寒武纪(电芯片/核心半导体) 3.98%
021202,汇添富均衡回报混合发起式A,混合型-偏股,0.00%,0.00%,0.00%,3.98%,3.98%,1,北方华创(电芯片/核心半导体) 3.98%
021203,汇添富均衡回报混合发起式C,混合型-偏股,0.00%,0.00%,0.00%,3.98%,3.98%,1,北方华创(电芯片/核心半导体) 3.98%
023367,海富通中证A500指数增强A,指数型-股票,0.00%,0.00%,3.08%,0.90%,3.98%,3,中际旭创(光芯片/光通信) 2.01%; 新易盛(光芯片/光通信) 1.07%; 中芯国际(电芯片/核心半导体) 0.90%
023368,海富通中证A500指数增强C,指数型-股票,0.00%,0.00%,3.08%,0.90%,3.98%,3,中际旭创(光芯片/光通信) 2.01%; 新易盛(光芯片/光通信) 1.07%; 中芯国际(电芯片/核心半导体) 0.90%
025277,汇泉中证A500指数量化增强C,指数型-股票,0.00%,0.37%,3.61%,0.00%,3.98%,3,中际旭创(光芯片/光通信) 2.03%; 新易盛(光芯片/光通信) 1.58%; 佰维存储(存储) 0.37%
025276,汇泉中证A500指数量化增强A,指数型-股票,0.00%,0.37%,3.61%,0.00%,3.98%,3,中际旭创(光芯片/光通信) 2.03%; 新易盛(光芯片/光通信) 1.58%; 佰维存储(存储) 0.37%
519908,华夏兴华混合A,混合型-灵活,0.00%,0.00%,0.00%,3.98%,3.98%,1,北方华创(电芯片/核心半导体) 3.98%
560180,沪深300ESGETF南方,指数型-股票,0.00%,0.00%,3.98%,0.00%,3.98%,1,中际旭创(光芯片/光通信) 3.98%
960004,华夏兴华混合H,混合型-灵活,0.00%,0.00%,0.00%,3.98%,3.98%,1,北方华创(电芯片/核心半导体) 3.98%
024992,汇添富上证科创板200指数发起式A,指数型-股票,0.00%,0.00%,3.96%,0.00%,3.96%,2,长光华芯(光芯片/光通信) 2.20%; 德科立(光芯片/光通信) 1.76%
024993,汇添富上证科创板200指数发起式C,指数型-股票,0.00%,0.00%,3.96%,0.00%,3.96%,2,长光华芯(光芯片/光通信) 2.20%; 德科立(光芯片/光通信) 1.76%
012206,中泰沪深300量化优选增强A,指数型-股票,0.00%,0.00%,3.95%,0.00%,3.95%,2,中际旭创(光芯片/光通信) 2.30%; 新易盛(光芯片/光通信) 1.65%
012207,中泰沪深300量化优选增强C,指数型-股票,0.00%,0.00%,3.95%,0.00%,3.95%,2,中际旭创(光芯片/光通信) 2.30%; 新易盛(光芯片/光通信) 1.65%
015729,朱雀碳中和三年持有混合发起,混合型-偏股,0.00%,0.00%,0.00%,3.95%,3.95%,1,中芯国际(电芯片/核心半导体) 3.95%
016277,招商中证800指数增强C,指数型-股票,0.00%,0.00%,3.95%,0.00%,3.95%,2,新易盛(光芯片/光通信) 2.18%; 中际旭创(光芯片/光通信) 1.77%
016276,招商中证800指数增强A,指数型-股票,0.00%,0.00%,3.95%,0.00%,3.95%,2,新易盛(光芯片/光通信) 2.18%; 中际旭创(光芯片/光通信) 1.77%
022093,华商研究驱动混合C,混合型-偏股,0.00%,0.00%,2.10%,1.84%,3.94%,2,光迅科技(光芯片/光通信) 2.10%; 海光信息(电芯片/核心半导体) 1.84%
022092,华商研究驱动混合A,混合型-偏股,0.00%,0.00%,2.10%,1.84%,3.94%,2,光迅科技(光芯片/光通信) 2.10%; 海光信息(电芯片/核心半导体) 1.84%
023112,景顺长城上证科创板200指数C,指数型-股票,0.00%,0.00%,3.94%,0.00%,3.94%,2,长光华芯(光芯片/光通信) 2.19%; 德科立(光芯片/光通信) 1.75%
023111,景顺长城上证科创板200指数A,指数型-股票,0.00%,0.00%,3.94%,0.00%,3.94%,2,长光华芯(光芯片/光通信) 2.19%; 德科立(光芯片/光通信) 1.75%
011345,景顺长城融景一年持有混合C,混合型-偏股,0.00%,0.00%,3.94%,0.00%,3.94%,1,中际旭创(光芯片/光通信) 3.94%
011344,景顺长城融景一年持有混合A,混合型-偏股,0.00%,0.00%,3.94%,0.00%,3.94%,1,中际旭创(光芯片/光通信) 3.94%
012143,新沃内需增长混合A,混合型-偏股,0.00%,0.00%,0.00%,3.94%,3.94%,1,海光信息(电芯片/核心半导体) 3.94%
012144,新沃内需增长混合C,混合型-偏股,0.00%,0.00%,0.00%,3.94%,3.94%,1,海光信息(电芯片/核心半导体) 3.94%
026282,东方红先锋锐选混合发起A,混合型-偏股,0.00%,0.00%,0.00%,3.94%,3.94%,1,晶晨股份(电芯片/核心半导体) 3.94%
026283,东方红先锋锐选混合发起C,混合型-偏股,0.00%,0.00%,0.00%,3.94%,3.94%,1,晶晨股份(电芯片/核心半导体) 3.94%
563600,A500增强ETF易方达,指数型-股票,0.00%,0.00%,3.94%,0.00%,3.94%,2,中际旭创(光芯片/光通信) 2.26%; 新易盛(光芯片/光通信) 1.68%
563500,A500ETF华宝,指数型-股票,0.00%,0.00%,3.94%,0.00%,3.94%,2,中际旭创(光芯片/光通信) 2.34%; 新易盛(光芯片/光通信) 1.60%
023331,华富中证A500指数A,指数型-股票,0.00%,0.00%,3.63%,0.30%,3.93%,3,中际旭创(光芯片/光通信) 2.10%; 新易盛(光芯片/光通信) 1.53%; 芯原股份(电芯片/核心半导体) 0.30%
023332,华富中证A500指数C,指数型-股票,0.00%,0.00%,3.63%,0.30%,3.93%,3,中际旭创(光芯片/光通信) 2.10%; 新易盛(光芯片/光通信) 1.53%; 芯原股份(电芯片/核心半导体) 0.30%
004205,东方支柱产业灵活配置混合,混合型-灵活,0.00%,3.92%,0.00%,0.00%,3.92%,1,兆易创新(存储) 3.92%
070001,嘉实成长收益混合A,混合型-偏股,0.00%,2.04%,1.88%,0.00%,3.92%,2,兆易创新(存储) 2.04%; 中际旭创(光芯片/光通信) 1.88%
960024,嘉实成长收益混合H,混合型-偏股,0.00%,2.04%,1.88%,0.00%,3.92%,2,兆易创新(存储) 2.04%; 中际旭创(光芯片/光通信) 1.88%
022473,兴全中证A500指数增强A,指数型-股票,0.00%,0.00%,2.62%,1.29%,3.91%,3,中际旭创(光芯片/光通信) 1.38%; 寒武纪(电芯片/核心半导体) 1.29%; 天孚通信(光芯片/光通信) 1.24%
022474,兴全中证A500指数增强C,指数型-股票,0.00%,0.00%,2.62%,1.29%,3.91%,3,中际旭创(光芯片/光通信) 1.38%; 寒武纪(电芯片/核心半导体) 1.29%; 天孚通信(光芯片/光通信) 1.24%
006195,国金量化多因子股票A,股票型,0.00%,1.62%,2.28%,0.00%,3.90%,3,佰维存储(存储) 1.62%; 天孚通信(光芯片/光通信) 1.21%; 源杰科技(光芯片/光通信) 1.07%
016858,国金量化多因子股票C,股票型,0.00%,1.62%,2.28%,0.00%,3.90%,3,佰维存储(存储) 1.62%; 天孚通信(光芯片/光通信) 1.21%; 源杰科技(光芯片/光通信) 1.07%
023616,博时中证800指数增强A,指数型-股票,0.00%,0.00%,3.90%,0.00%,3.90%,2,中际旭创(光芯片/光通信) 2.33%; 新易盛(光芯片/光通信) 1.57%
023617,博时中证800指数增强C,指数型-股票,0.00%,0.00%,3.90%,0.00%,3.90%,2,中际旭创(光芯片/光通信) 2.33%; 新易盛(光芯片/光通信) 1.57%
000242,景顺长城策略精选灵活配置混合A,混合型-灵活,0.00%,0.00%,3.90%,0.00%,3.90%,1,中际旭创(光芯片/光通信) 3.90%
014089,永赢稳健增强债券C,债券型-混合二级,0.00%,0.64%,3.26%,0.00%,3.90%,3,中际旭创(光芯片/光通信) 1.79%; 新易盛(光芯片/光通信) 1.47%; 兆易创新(存储) 0.64%
014088,永赢稳健增强债券A,债券型-混合二级,0.00%,0.64%,3.26%,0.00%,3.90%,3,中际旭创(光芯片/光通信) 1.79%; 新易盛(光芯片/光通信) 1.47%; 兆易创新(存储) 0.64%
017167,景顺长城策略精选灵活配置混合C,混合型-灵活,0.00%,0.00%,3.90%,0.00%,3.90%,1,中际旭创(光芯片/光通信) 3.90%
159791,300ESGETF华夏,指数型-股票,0.00%,0.00%,3.90%,0.00%,3.90%,1,中际旭创(光芯片/光通信) 3.90%
163808,中银中证A100指数增强,指数型-股票,0.00%,0.00%,3.90%,0.00%,3.90%,1,中际旭创(光芯片/光通信) 3.90%
006233,万家汽车新趋势混合A,混合型-偏股,0.00%,0.00%,0.00%,3.89%,3.89%,1,芯原股份(电芯片/核心半导体) 3.89%
006234,万家汽车新趋势混合C,混合型-偏股,0.00%,0.00%,0.00%,3.89%,3.89%,1,芯原股份(电芯片/核心半导体) 3.89%
011921,富国均衡成长三年持有期混合A,混合型-偏股,0.00%,0.00%,3.89%,0.00%,3.89%,1,新易盛(光芯片/光通信) 3.89%
011922,富国均衡成长三年持有期混合C,混合型-偏股,0.00%,0.00%,3.89%,0.00%,3.89%,1,新易盛(光芯片/光通信) 3.89%
510060,央企ETF工银,指数型-股票,0.00%,0.00%,0.00%,3.89%,3.89%,1,中芯国际(电芯片/核心半导体) 3.89%
563660,A500ETF银河,指数型-股票,0.00%,0.00%,3.88%,0.00%,3.88%,2,中际旭创(光芯片/光通信) 2.31%; 新易盛(光芯片/光通信) 1.57%
009571,鹏华匠心精选混合C,混合型-偏股,0.00%,0.00%,0.00%,3.87%,3.87%,1,北方华创(电芯片/核心半导体) 3.87%
009570,鹏华匠心精选混合A,混合型-偏股,0.00%,0.00%,0.00%,3.87%,3.87%,1,北方华创(电芯片/核心半导体) 3.87%
010855,汇添富沪深300基本面增强指数C,指数型-股票,0.00%,0.00%,3.87%,0.00%,3.87%,2,中际旭创(光芯片/光通信) 2.95%; 源杰科技(光芯片/光通信) 0.92%
010854,汇添富沪深300基本面增强指数A,指数型-股票,0.00%,0.00%,3.87%,0.00%,3.87%,2,中际旭创(光芯片/光通信) 2.95%; 源杰科技(光芯片/光通信) 0.92%
002049,融通新机遇灵活配置混合,混合型-灵活,0.00%,0.00%,3.86%,0.00%,3.86%,2,中际旭创(光芯片/光通信) 2.04%; 新易盛(光芯片/光通信) 1.82%
005197,工银沪港深精选混合A,混合型-灵活,0.00%,0.00%,3.86%,0.00%,3.86%,1,长飞光纤光缆(光芯片/光通信) 3.86%
005198,工银沪港深精选混合C,混合型-灵活,0.00%,0.00%,3.86%,0.00%,3.86%,1,长飞光纤光缆(光芯片/光通信) 3.86%
020773,中信建投量化选股股票C,股票型,0.00%,0.00%,1.71%,2.15%,3.86%,3,中际旭创(光芯片/光通信) 1.71%; 寒武纪(电芯片/核心半导体) 1.22%; 海光信息(电芯片/核心半导体) 0.93%
020772,中信建投量化选股股票A,股票型,0.00%,0.00%,1.71%,2.15%,3.86%,3,中际旭创(光芯片/光通信) 1.71%; 寒武纪(电芯片/核心半导体) 1.22%; 海光信息(电芯片/核心半导体) 0.93%
501065,汇添富经典成长定开混合,混合型-偏股,0.00%,0.00%,0.00%,3.86%,3.86%,1,北方华创(电芯片/核心半导体) 3.86%
560610,A500ETF招商,指数型-股票,0.00%,0.00%,3.86%,0.00%,3.86%,2,中际旭创(光芯片/光通信) 2.28%; 新易盛(光芯片/光通信) 1.58%
010414,财通资管宸瑞一年持有混合C,混合型-偏股,0.00%,0.00%,0.00%,3.85%,3.85%,1,寒武纪(电芯片/核心半导体) 3.85%
010413,财通资管宸瑞一年持有混合A,混合型-偏股,0.00%,0.00%,0.00%,3.85%,3.85%,1,寒武纪(电芯片/核心半导体) 3.85%
025874,博道盛享品质成长混合,混合型-偏股,0.00%,0.00%,3.85%,0.00%,3.85%,1,中际旭创(光芯片/光通信) 3.85%
159338,中证A500ETF国泰,指数型-股票,0.00%,0.00%,3.84%,0.00%,3.84%,2,中际旭创(光芯片/光通信) 2.26%; 新易盛(光芯片/光通信) 1.58%
563880,A500ETF汇添富,指数型-股票,0.00%,0.00%,3.84%,0.00%,3.84%,2,中际旭创(光芯片/光通信) 2.27%; 新易盛(光芯片/光通信) 1.57%
001985,富国低碳新经济混合A,混合型-偏股,0.00%,0.00%,3.84%,0.00%,3.84%,1,中际旭创(光芯片/光通信) 3.84%
010289,景顺长城产业趋势混合A,混合型-偏股,0.00%,0.00%,3.84%,0.00%,3.84%,1,中际旭创(光芯片/光通信) 3.84%
011306,富国低碳新经济混合C,混合型-偏股,0.00%,0.00%,3.84%,0.00%,3.84%,1,中际旭创(光芯片/光通信) 3.84%
020231,大摩景气智选混合A,混合型-偏股,0.00%,0.00%,0.00%,3.84%,3.84%,1,圣邦股份(电芯片/核心半导体) 3.84%
020233,大摩景气智选混合C,混合型-偏股,0.00%,0.00%,0.00%,3.84%,3.84%,1,圣邦股份(电芯片/核心半导体) 3.84%
023193,景顺长城产业趋势混合C,混合型-偏股,0.00%,0.00%,3.84%,0.00%,3.84%,1,中际旭创(光芯片/光通信) 3.84%
004267,金鹰持久增利债券(LOF)E,债券型-混合二级,0.00%,1.34%,0.69%,1.80%,3.83%,4,兆易创新(存储) 1.34%; 寒武纪(电芯片/核心半导体) 0.93%; 芯原股份(电芯片/核心半导体) 0.87%; 中际旭创(光芯片/光通信) 0.69%
010163,财通资管价值精选一年持有混合A,混合型-偏股,0.00%,0.00%,0.00%,3.83%,3.83%,1,寒武纪(电芯片/核心半导体) 3.83%
010164,财通资管价值精选一年持有混合C,混合型-偏股,0.00%,0.00%,0.00%,3.83%,3.83%,1,寒武纪(电芯片/核心半导体) 3.83%
012872,易方达中小企业100(LOF)C,指数型-股票,0.00%,0.00%,0.00%,3.83%,3.83%,1,北方华创(电芯片/核心半导体) 3.83%
024375,南方中证A500指数增强A,指数型-股票,0.00%,0.00%,3.83%,0.00%,3.83%,2,中际旭创(光芯片/光通信) 2.21%; 新易盛(光芯片/光通信) 1.62%
024376,南方中证A500指数增强C,指数型-股票,0.00%,0.00%,3.83%,0.00%,3.83%,2,中际旭创(光芯片/光通信) 2.21%; 新易盛(光芯片/光通信) 1.62%
159360,A500ETF天弘,指数型-股票,0.00%,0.00%,3.83%,0.00%,3.83%,2,中际旭创(光芯片/光通信) 2.26%; 新易盛(光芯片/光通信) 1.57%
161118,易方达中小企业100(LOF)A,指数型-股票,0.00%,0.00%,0.00%,3.83%,3.83%,1,北方华创(电芯片/核心半导体) 3.83%
162105,金鹰持久增利债券(LOF)C,债券型-混合二级,0.00%,1.34%,0.69%,1.80%,3.83%,4,兆易创新(存储) 1.34%; 寒武纪(电芯片/核心半导体) 0.93%; 芯原股份(电芯片/核心半导体) 0.87%; 中际旭创(光芯片/光通信) 0.69%
007799,申万菱信中小企业100指数(LOF)C,指数型-股票,0.00%,0.00%,0.00%,3.82%,3.82%,1,北方华创(电芯片/核心半导体) 3.82%
159352,A500ETF南方,指数型-股票,0.00%,0.00%,3.82%,0.00%,3.82%,2,中际旭创(光芯片/光通信) 2.25%; 新易盛(光芯片/光通信) 1.57%
163111,申万菱信中小企业100指数(LOF)A,指数型-股票,0.00%,0.00%,0.00%,3.82%,3.82%,1,北方华创(电芯片/核心半导体) 3.82%
159339,A500ETF银华,指数型-股票,0.00%,0.00%,3.81%,0.00%,3.81%,2,中际旭创(光芯片/光通信) 2.24%; 新易盛(光芯片/光通信) 1.57%
011230,创金合信数字经济主题股票C,股票型,0.00%,0.00%,3.81%,0.00%,3.81%,1,光库科技(光芯片/光通信) 3.81%
011229,创金合信数字经济主题股票A,股票型,0.00%,0.00%,3.81%,0.00%,3.81%,1,光库科技(光芯片/光通信) 3.81%
340006,兴全全球视野股票,股票型,0.00%,0.00%,3.81%,0.00%,3.81%,1,中际旭创(光芯片/光通信) 3.81%
560530,中证A500ETF摩根,指数型-股票,0.00%,0.00%,3.81%,0.00%,3.81%,2,中际旭创(光芯片/光通信) 2.25%; 新易盛(光芯片/光通信) 1.56%
003197,光大安诚债券A,债券型-混合二级,0.00%,2.17%,1.64%,0.00%,3.81%,3,中际旭创(光芯片/光通信) 1.64%; 长电科技(存储) 1.11%; 晶合集成(存储) 1.06%
003198,光大安诚债券C,债券型-混合二级,0.00%,2.17%,1.64%,0.00%,3.81%,3,中际旭创(光芯片/光通信) 1.64%; 长电科技(存储) 1.11%; 晶合集成(存储) 1.06%
159386,A500ETF永赢,指数型-股票,0.00%,0.00%,3.81%,0.00%,3.81%,2,中际旭创(光芯片/光通信) 2.26%; 新易盛(光芯片/光通信) 1.55%
159215,A500ETF平安,指数型-股票,0.00%,0.00%,3.80%,0.00%,3.80%,2,中际旭创(光芯片/光通信) 2.24%; 新易盛(光芯片/光通信) 1.56%
159351,A500ETF嘉实,指数型-股票,0.00%,0.00%,3.80%,0.00%,3.80%,2,中际旭创(光芯片/光通信) 2.24%; 新易盛(光芯片/光通信) 1.56%
159361,A500ETF易方达,指数型-股票,0.00%,0.00%,3.80%,0.00%,3.80%,2,中际旭创(光芯片/光通信) 2.24%; 新易盛(光芯片/光通信) 1.56%
159359,A500ETF华安,指数型-股票,0.00%,0.00%,3.80%,0.00%,3.80%,2,中际旭创(光芯片/光通信) 2.24%; 新易盛(光芯片/光通信) 1.56%
563220,A500ETF富国,指数型-股票,0.00%,0.00%,3.80%,0.00%,3.80%,2,中际旭创(光芯片/光通信) 2.23%; 新易盛(光芯片/光通信) 1.57%
563360,A500ETF华泰柏瑞,指数型-股票,0.00%,0.00%,3.80%,0.00%,3.80%,2,中际旭创(光芯片/光通信) 2.24%; 新易盛(光芯片/光通信) 1.56%
563800,A500ETF广发,指数型-股票,0.00%,0.00%,3.80%,0.00%,3.80%,2,中际旭创(光芯片/光通信) 2.24%; 新易盛(光芯片/光通信) 1.56%
013666,银河成长优选一年持有混合C,混合型-偏股,0.00%,0.00%,0.00%,3.80%,3.80%,1,北方华创(电芯片/核心半导体) 3.80%
013665,银河成长优选一年持有混合A,混合型-偏股,0.00%,0.00%,0.00%,3.80%,3.80%,1,北方华创(电芯片/核心半导体) 3.80%
015394,交银科技创新灵活配置混合C,混合型-灵活,0.00%,0.00%,0.00%,3.80%,3.80%,1,芯原股份(电芯片/核心半导体) 3.80%
519767,交银科技创新灵活配置混合A,混合型-灵活,0.00%,0.00%,0.00%,3.80%,3.80%,1,芯原股份(电芯片/核心半导体) 3.80%
001324,华宝新价值混合,混合型-灵活,0.00%,0.00%,3.79%,0.00%,3.79%,2,中际旭创(光芯片/光通信) 2.20%; 新易盛(光芯片/光通信) 1.59%
001708,东兴改革精选混合A,混合型-灵活,0.00%,0.00%,0.00%,3.79%,3.79%,1,中微公司(电芯片/核心半导体) 3.79%
017850,交银启信混合发起A,混合型-偏股,0.00%,0.00%,3.79%,0.00%,3.79%,1,新易盛(光芯片/光通信) 3.79%
017851,交银启信混合发起C,混合型-偏股,0.00%,0.00%,3.79%,0.00%,3.79%,1,新易盛(光芯片/光通信) 3.79%
019151,东兴改革精选混合C,混合型-灵活,0.00%,0.00%,0.00%,3.79%,3.79%,1,中微公司(电芯片/核心半导体) 3.79%
159357,A500ETF博时,指数型-股票,0.00%,0.00%,3.79%,0.00%,3.79%,2,中际旭创(光芯片/光通信) 2.23%; 新易盛(光芯片/光通信) 1.56%
563860,中证A500ETF海富通,指数型-股票,0.00%,0.00%,3.79%,0.00%,3.79%,2,中际旭创(光芯片/光通信) 2.24%; 新易盛(光芯片/光通信) 1.55%
016542,交银启衡混合C,混合型-偏股,0.00%,0.00%,0.00%,3.78%,3.78%,1,芯原股份(电芯片/核心半导体) 3.78%
016541,交银启衡混合A,混合型-偏股,0.00%,0.00%,0.00%,3.78%,3.78%,1,芯原股份(电芯片/核心半导体) 3.78%
159358,中证A500ETF大成,指数型-股票,0.00%,0.00%,3.78%,0.00%,3.78%,2,中际旭创(光芯片/光通信) 2.23%; 新易盛(光芯片/光通信) 1.55%
159353,中证A500ETF景顺,指数型-股票,0.00%,0.00%,3.78%,0.00%,3.78%,2,中际旭创(光芯片/光通信) 2.23%; 新易盛(光芯片/光通信) 1.55%
512080,A500ETF中金,指数型-股票,0.00%,0.00%,3.78%,0.00%,3.78%,2,中际旭创(光芯片/光通信) 2.23%; 新易盛(光芯片/光通信) 1.55%
560510,中证A500ETF泰康,指数型-股票,0.00%,0.00%,3.78%,0.00%,3.78%,2,中际旭创(光芯片/光通信) 2.23%; 新易盛(光芯片/光通信) 1.55%
011498,富国沪深300基本面精选股票A,股票型,0.00%,0.00%,0.00%,3.77%,3.77%,1,中微公司(电芯片/核心半导体) 3.77%
011499,富国沪深300基本面精选股票C,股票型,0.00%,0.00%,0.00%,3.77%,3.77%,1,中微公司(电芯片/核心半导体) 3.77%
012098,华夏成长机会一年持有混合,混合型-偏股,0.00%,0.00%,3.77%,0.00%,3.77%,1,长飞光纤光缆(光芯片/光通信) 3.77%
022854,中航中证智选均衡配置指数发起A,指数型-股票,0.00%,0.00%,3.08%,0.69%,3.77%,4,中际旭创(光芯片/光通信) 1.40%; 新易盛(光芯片/光通信) 0.97%; 源杰科技(光芯片/光通信) 0.71%; 寒武纪(电芯片/核心半导体) 0.69%
022855,中航中证智选均衡配置指数发起C,指数型-股票,0.00%,0.00%,3.08%,0.69%,3.77%,4,中际旭创(光芯片/光通信) 1.40%; 新易盛(光芯片/光通信) 0.97%; 源杰科技(光芯片/光通信) 0.71%; 寒武纪(电芯片/核心半导体) 0.69%
512020,A500ETF鹏华,指数型-股票,0.00%,0.00%,3.77%,0.00%,3.77%,2,中际旭创(光芯片/光通信) 2.22%; 新易盛(光芯片/光通信) 1.55%
512050,A500ETF华夏,指数型-股票,0.00%,0.00%,3.76%,0.00%,3.76%,2,中际旭创(光芯片/光通信) 2.22%; 新易盛(光芯片/光通信) 1.54%
161816,银华中证等权重90指数(LOF),指数型-股票,0.00%,0.00%,2.45%,1.30%,3.75%,3,中微公司(电芯片/核心半导体) 1.30%; 天孚通信(光芯片/光通信) 1.24%; 新易盛(光芯片/光通信) 1.21%
000020,景顺长城品质投资混合A,混合型-偏股,0.00%,0.00%,3.75%,0.00%,3.75%,1,中际旭创(光芯片/光通信) 3.75%
000173,汇添富美丽30混合A,混合型-偏股,0.00%,0.00%,3.75%,0.00%,3.75%,1,源杰科技(光芯片/光通信) 3.75%
005276,中欧创新成长灵活配置混合C,混合型-灵活,0.00%,0.00%,3.75%,0.00%,3.75%,1,中际旭创(光芯片/光通信) 3.75%
005275,中欧创新成长灵活配置混合A,混合型-灵活,0.00%,0.00%,3.75%,0.00%,3.75%,1,中际旭创(光芯片/光通信) 3.75%
008376,中欧启航三年混合C,混合型-偏股,0.00%,0.00%,3.75%,0.00%,3.75%,1,中际旭创(光芯片/光通信) 3.75%
008375,中欧启航三年混合A,混合型-偏股,0.00%,0.00%,3.75%,0.00%,3.75%,1,中际旭创(光芯片/光通信) 3.75%
014420,中欧成长领航一年持有混合A,混合型-偏股,0.00%,0.00%,3.75%,0.00%,3.75%,1,中际旭创(光芯片/光通信) 3.75%
014421,中欧成长领航一年持有混合C,混合型-偏股,0.00%,0.00%,3.75%,0.00%,3.75%,1,中际旭创(光芯片/光通信) 3.75%
015179,汇添富美丽30混合C,混合型-偏股,0.00%,0.00%,3.75%,0.00%,3.75%,1,源杰科技(光芯片/光通信) 3.75%
015180,汇添富美丽30混合D,混合型-偏股,0.00%,0.00%,3.75%,0.00%,3.75%,1,源杰科技(光芯片/光通信) 3.75%
016906,景顺长城品质投资混合C,混合型-偏股,0.00%,0.00%,3.75%,0.00%,3.75%,1,中际旭创(光芯片/光通信) 3.75%
159356,A500ETF万家,指数型-股票,0.00%,0.00%,3.75%,0.00%,3.75%,2,中际旭创(光芯片/光通信) 2.21%; 新易盛(光芯片/光通信) 1.54%
516600,消费服务ETF工银,指数型-股票,0.00%,0.00%,0.00%,3.75%,3.75%,1,寒武纪(电芯片/核心半导体) 3.75%
000172,华泰柏瑞量化增强混合A,混合型-偏股,0.00%,0.00%,3.74%,0.00%,3.74%,2,中际旭创(光芯片/光通信) 2.48%; 新易盛(光芯片/光通信) 1.26%
010234,华泰柏瑞量化增强混合C,混合型-偏股,0.00%,0.00%,3.74%,0.00%,3.74%,2,中际旭创(光芯片/光通信) 2.48%; 新易盛(光芯片/光通信) 1.26%
023192,招商资管中证500指数增强发起A,指数型-股票,0.00%,0.00%,0.00%,3.74%,3.74%,1,思特威(电芯片/核心半导体) 3.74%
023198,招商资管中证500指数增强发起C,指数型-股票,0.00%,0.00%,0.00%,3.74%,3.74%,1,思特威(电芯片/核心半导体) 3.74%
023303,建信中证A500指数增强A,指数型-股票,0.00%,0.00%,3.74%,0.00%,3.74%,2,中际旭创(光芯片/光通信) 2.36%; 新易盛(光芯片/光通信) 1.38%
023304,建信中证A500指数增强C,指数型-股票,0.00%,0.00%,3.74%,0.00%,3.74%,2,中际旭创(光芯片/光通信) 2.36%; 新易盛(光芯片/光通信) 1.38%
004335,华宝新飞跃灵活配置混合,混合型-灵活,0.00%,0.00%,2.23%,1.50%,3.73%,3,北方华创(电芯片/核心半导体) 1.50%; 中际旭创(光芯片/光通信) 1.23%; 新易盛(光芯片/光通信) 1.00%
006768,华安沪港深优选混合,混合型-偏股,0.00%,0.00%,0.00%,3.73%,3.73%,1,华虹半导体(电芯片/核心半导体) 3.73%
009872,中欧责任投资混合A,混合型-偏股,0.00%,0.00%,3.73%,0.00%,3.73%,1,中际旭创(光芯片/光通信) 3.73%
009873,中欧责任投资混合C,混合型-偏股,0.00%,0.00%,3.73%,0.00%,3.73%,1,中际旭创(光芯片/光通信) 3.73%
159380,A500ETF东财,指数型-股票,0.00%,0.00%,3.73%,0.00%,3.73%,2,中际旭创(光芯片/光通信) 2.14%; 新易盛(光芯片/光通信) 1.59%
560750,A500ETF申万菱信,指数型-股票,0.00%,0.00%,3.73%,0.00%,3.73%,2,中际旭创(光芯片/光通信) 2.16%; 新易盛(光芯片/光通信) 1.57%
001886,中欧行业成长混合(LOF)E,混合型-偏股,0.00%,0.00%,3.72%,0.00%,3.72%,1,中际旭创(光芯片/光通信) 3.72%
004231,中欧行业成长混合(LOF)C,混合型-偏股,0.00%,0.00%,3.72%,0.00%,3.72%,1,中际旭创(光芯片/光通信) 3.72%
005681,财通资管价值成长混合C,混合型-灵活,0.00%,0.00%,0.00%,3.72%,3.72%,1,寒武纪(电芯片/核心半导体) 3.72%
005680,财通资管价值成长混合A,混合型-灵活,0.00%,0.00%,0.00%,3.72%,3.72%,1,寒武纪(电芯片/核心半导体) 3.72%
166006,中欧行业成长混合(LOF)A,混合型-偏股,0.00%,0.00%,3.72%,0.00%,3.72%,1,中际旭创(光芯片/光通信) 3.72%
000311,景顺长城沪深300指数增强A,指数型-股票,0.00%,0.00%,3.71%,0.00%,3.71%,2,中际旭创(光芯片/光通信) 2.22%; 新易盛(光芯片/光通信) 1.49%
010821,东方红多元策略混合B,混合型-灵活,0.00%,0.00%,3.71%,0.00%,3.71%,1,新易盛(光芯片/光通信) 3.71%
015679,景顺长城沪深300指数增强C,指数型-股票,0.00%,0.00%,3.71%,0.00%,3.71%,2,中际旭创(光芯片/光通信) 2.22%; 新易盛(光芯片/光通信) 1.49%
017494,东方红多元策略混合C,混合型-灵活,0.00%,0.00%,3.71%,0.00%,3.71%,1,新易盛(光芯片/光通信) 3.71%
022804,中加中证A500指数增强发起式A,指数型-股票,0.00%,0.00%,3.71%,0.00%,3.71%,2,中际旭创(光芯片/光通信) 2.17%; 新易盛(光芯片/光通信) 1.54%
022805,中加中证A500指数增强发起式C,指数型-股票,0.00%,0.00%,3.71%,0.00%,3.71%,2,中际旭创(光芯片/光通信) 2.17%; 新易盛(光芯片/光通信) 1.54%
910017,东方红多元策略混合A,混合型-灵活,0.00%,0.00%,3.71%,0.00%,3.71%,1,新易盛(光芯片/光通信) 3.71%
159379,A500ETF融通,指数型-股票,0.00%,0.00%,3.71%,0.00%,3.71%,2,中际旭创(光芯片/光通信) 2.08%; 新易盛(光芯片/光通信) 1.63%
011703,中金鑫瑞优选一年持有混合,混合型-灵活,0.00%,0.00%,0.00%,3.70%,3.70%,1,晶晨股份(电芯片/核心半导体) 3.70%
011757,博时产业优选混合C,混合型-灵活,0.00%,0.00%,3.70%,0.00%,3.70%,1,新易盛(光芯片/光通信) 3.70%
011756,博时产业优选混合A,混合型-灵活,0.00%,0.00%,3.70%,0.00%,3.70%,1,新易盛(光芯片/光通信) 3.70%
519008,汇添富优势精选混合,混合型-灵活,0.00%,0.00%,3.70%,0.00%,3.70%,1,源杰科技(光芯片/光通信) 3.70%
159376,A500ETF浦银,指数型-股票,0.00%,0.00%,3.70%,0.00%,3.70%,2,中际旭创(光芯片/光通信) 2.34%; 新易盛(光芯片/光通信) 1.36%
001891,中欧成长优选混合E,混合型-灵活,0.00%,0.00%,3.69%,0.00%,3.69%,1,中际旭创(光芯片/光通信) 3.69%
007293,长信利信混合C,混合型-灵活,0.00%,0.00%,0.00%,3.69%,3.69%,1,圣邦股份(电芯片/核心半导体) 3.69%
007294,长信利信混合E,混合型-灵活,0.00%,0.00%,0.00%,3.69%,3.69%,1,圣邦股份(电芯片/核心半导体) 3.69%
011564,淳厚利加混合C,混合型-偏债,0.00%,0.00%,0.00%,3.69%,3.69%,1,北方华创(电芯片/核心半导体) 3.69%
011563,淳厚利加混合A,混合型-偏债,0.00%,0.00%,0.00%,3.69%,3.69%,1,北方华创(电芯片/核心半导体) 3.69%
020842,联博智选混合A,混合型-偏股,0.00%,0.00%,3.69%,0.00%,3.69%,1,中际旭创(光芯片/光通信) 3.69%
020843,联博智选混合C,混合型-偏股,0.00%,0.00%,3.69%,0.00%,3.69%,1,中际旭创(光芯片/光通信) 3.69%
023473,太平中证A500指数增强A,指数型-股票,0.00%,0.00%,3.69%,0.00%,3.69%,4,中际旭创(光芯片/光通信) 1.87%; 新易盛(光芯片/光通信) 1.19%; 源杰科技(光芯片/光通信) 0.33%; 光库科技(光芯片/光通信) 0.30%
023474,太平中证A500指数增强C,指数型-股票,0.00%,0.00%,3.69%,0.00%,3.69%,4,中际旭创(光芯片/光通信) 1.87%; 新易盛(光芯片/光通信) 1.19%; 源杰科技(光芯片/光通信) 0.33%; 光库科技(光芯片/光通信) 0.30%
025048,民生加银增强收益债券E,债券型-混合二级,0.00%,0.53%,0.66%,2.50%,3.69%,4,海光信息(电芯片/核心半导体) 1.27%; 寒武纪(电芯片/核心半导体) 1.23%; 中际旭创(光芯片/光通信) 0.66%; 兆易创新(存储) 0.53%
166020,中欧成长优选混合A,混合型-灵活,0.00%,0.00%,3.69%,0.00%,3.69%,1,中际旭创(光芯片/光通信) 3.69%
519949,长信利信混合A,混合型-灵活,0.00%,0.00%,0.00%,3.69%,3.69%,1,圣邦股份(电芯片/核心半导体) 3.69%
690002,民生增强收益债券A,债券型-混合二级,0.00%,0.53%,0.66%,2.50%,3.69%,4,海光信息(电芯片/核心半导体) 1.27%; 寒武纪(电芯片/核心半导体) 1.23%; 中际旭创(光芯片/光通信) 0.66%; 兆易创新(存储) 0.53%
690202,民生增强收益债券C,债券型-混合二级,0.00%,0.53%,0.66%,2.50%,3.69%,4,海光信息(电芯片/核心半导体) 1.27%; 寒武纪(电芯片/核心半导体) 1.23%; 中际旭创(光芯片/光通信) 0.66%; 兆易创新(存储) 0.53%
004410,招商央视财经50指数C,指数型-股票,0.00%,3.68%,0.00%,0.00%,3.68%,2,兆易创新(存储) 3.63%; 佰维存储(存储) 0.05%
011807,平安研究精选混合A,混合型-偏股,0.00%,0.00%,3.68%,0.00%,3.68%,1,长芯博创(光芯片/光通信) 3.68%
011808,平安研究精选混合C,混合型-偏股,0.00%,0.00%,3.68%,0.00%,3.68%,1,长芯博创(光芯片/光通信) 3.68%
159206,卫星ETF永赢,指数型-股票,0.00%,0.00%,0.00%,3.68%,3.68%,1,复旦微电(电芯片/核心半导体) 3.68%
217027,招商央视财经50指数A,指数型-股票,0.00%,3.68%,0.00%,0.00%,3.68%,2,兆易创新(存储) 3.63%; 佰维存储(存储) 0.05%
001219,摩根动态多因子混合A,混合型-灵活,0.00%,1.78%,1.89%,0.00%,3.67%,2,剑桥科技(光芯片/光通信) 1.89%; 聚辰股份(存储) 1.78%
017176,摩根动态多因子混合C,混合型-灵活,0.00%,1.78%,1.89%,0.00%,3.67%,2,剑桥科技(光芯片/光通信) 1.89%; 聚辰股份(存储) 1.78%
010991,长盛同鑫行业配置混合C,混合型-灵活,0.00%,0.00%,3.66%,0.00%,3.66%,2,中际旭创(光芯片/光通信) 1.85%; 新易盛(光芯片/光通信) 1.81%
080007,长盛同鑫行业配置混合A,混合型-灵活,0.00%,0.00%,3.66%,0.00%,3.66%,2,中际旭创(光芯片/光通信) 1.85%; 新易盛(光芯片/光通信) 1.81%
001581,华安沪港深通精选灵活配置混合A,混合型-灵活,0.00%,0.00%,3.66%,0.00%,3.66%,1,长飞光纤光缆(光芯片/光通信) 3.66%
009801,长盛制造精选混合C,混合型-偏股,0.00%,0.00%,3.66%,0.00%,3.66%,1,中际旭创(光芯片/光通信) 3.66%
009800,长盛制造精选混合A,混合型-偏股,0.00%,0.00%,3.66%,0.00%,3.66%,1,中际旭创(光芯片/光通信) 3.66%
012523,国联高质量成长混合A,混合型-偏股,0.00%,0.00%,0.00%,3.66%,3.66%,1,寒武纪(电芯片/核心半导体) 3.66%
012524,国联高质量成长混合C,混合型-偏股,0.00%,0.00%,0.00%,3.66%,3.66%,1,寒武纪(电芯片/核心半导体) 3.66%
016289,华安沪港深通精选灵活配置混合C,混合型-灵活,0.00%,0.00%,3.66%,0.00%,3.66%,1,长飞光纤光缆(光芯片/光通信) 3.66%
022746,博道中证A500指数增强C,指数型-股票,0.00%,0.00%,3.66%,0.00%,3.66%,2,中际旭创(光芯片/光通信) 2.30%; 新易盛(光芯片/光通信) 1.36%
022745,博道中证A500指数增强A,指数型-股票,0.00%,0.00%,3.66%,0.00%,3.66%,2,中际旭创(光芯片/光通信) 2.30%; 新易盛(光芯片/光通信) 1.36%
000595,嘉实泰和混合,混合型-灵活,0.00%,0.00%,0.00%,3.65%,3.65%,1,中微公司(电芯片/核心半导体) 3.65%
001265,国泰兴益灵活配置混合A,混合型-灵活,0.00%,0.00%,2.76%,0.89%,3.65%,3,中际旭创(光芯片/光通信) 1.58%; 新易盛(光芯片/光通信) 1.18%; 寒武纪(电芯片/核心半导体) 0.89%
002055,国泰兴益灵活配置混合C,混合型-灵活,0.00%,0.00%,2.76%,0.89%,3.65%,3,中际旭创(光芯片/光通信) 1.58%; 新易盛(光芯片/光通信) 1.18%; 寒武纪(电芯片/核心半导体) 0.89%
021369,华夏智胜优选混合发起式A,混合型-偏股,0.00%,0.00%,3.65%,0.00%,3.65%,3,中际旭创(光芯片/光通信) 1.45%; 天孚通信(光芯片/光通信) 1.22%; 新易盛(光芯片/光通信) 0.98%
021370,华夏智胜优选混合发起式C,混合型-偏股,0.00%,0.00%,3.65%,0.00%,3.65%,3,中际旭创(光芯片/光通信) 1.45%; 天孚通信(光芯片/光通信) 1.22%; 新易盛(光芯片/光通信) 0.98%
014677,中信保诚至远动力混合E,混合型-偏股,0.00%,0.00%,3.64%,0.00%,3.64%,1,长芯博创(光芯片/光通信) 3.64%
015017,国泰融丰外延增长混合(LOF)C,混合型-灵活,0.00%,0.00%,0.00%,3.64%,3.64%,2,北方华创(电芯片/核心半导体) 2.48%; 华海清科(电芯片/核心半导体) 1.16%
017532,平安研究优选混合A,混合型-偏股,0.00%,0.00%,3.64%,0.00%,3.64%,1,长芯博创(光芯片/光通信) 3.64%
017533,平安研究优选混合C,混合型-偏股,0.00%,0.00%,3.64%,0.00%,3.64%,1,长芯博创(光芯片/光通信) 3.64%
025066,平安研究驱动混合C,混合型-偏股,0.00%,0.00%,3.64%,0.00%,3.64%,1,长芯博创(光芯片/光通信) 3.64%
025065,平安研究驱动混合A,混合型-偏股,0.00%,0.00%,3.64%,0.00%,3.64%,1,长芯博创(光芯片/光通信) 3.64%
159362,A500ETF工银,指数型-股票,0.00%,0.00%,3.64%,0.00%,3.64%,2,中际旭创(光芯片/光通信) 2.14%; 新易盛(光芯片/光通信) 1.50%
501017,国泰融丰外延增长混合(LOF)A,混合型-灵活,0.00%,0.00%,0.00%,3.64%,3.64%,2,北方华创(电芯片/核心半导体) 2.48%; 华海清科(电芯片/核心半导体) 1.16%
550016,中信保诚至远动力混合C,混合型-偏股,0.00%,0.00%,3.64%,0.00%,3.64%,1,长芯博创(光芯片/光通信) 3.64%
550015,中信保诚至远动力混合A,混合型-偏股,0.00%,0.00%,3.64%,0.00%,3.64%,1,长芯博创(光芯片/光通信) 3.64%
000739,平安新鑫先锋A,混合型-灵活,0.00%,0.00%,3.63%,0.00%,3.63%,1,长芯博创(光芯片/光通信) 3.63%
001515,平安新鑫先锋C,混合型-灵活,0.00%,0.00%,3.63%,0.00%,3.63%,1,长芯博创(光芯片/光通信) 3.63%
006796,富国消费升级混合A,混合型-偏股,0.00%,0.00%,3.63%,0.00%,3.63%,1,新易盛(光芯片/光通信) 3.63%
011567,富国消费升级混合C,混合型-偏股,0.00%,0.00%,3.63%,0.00%,3.63%,1,新易盛(光芯片/光通信) 3.63%
025677,泰康沪深300指数增强C,指数型-股票,0.00%,0.00%,3.63%,0.00%,3.63%,1,中际旭创(光芯片/光通信) 3.63%
025676,泰康沪深300指数增强A,指数型-股票,0.00%,0.00%,3.63%,0.00%,3.63%,1,中际旭创(光芯片/光通信) 3.63%
159335,央企科创ETF融通,指数型-股票,0.00%,3.63%,0.00%,0.00%,3.63%,1,长电科技(存储) 3.63%
159965,央视50ETF国联,指数型-股票,0.00%,3.63%,0.00%,0.00%,3.63%,1,兆易创新(存储) 3.63%
563650,中证A500ETF兴业,指数型-股票,0.00%,0.00%,3.63%,0.00%,3.63%,2,中际旭创(光芯片/光通信) 2.04%; 新易盛(光芯片/光通信) 1.59%
009950,财通资管均衡价值一年持有期混合,混合型-偏股,0.00%,0.00%,0.00%,3.62%,3.62%,1,中微公司(电芯片/核心半导体) 3.62%
022433,中欧中证A500指数发起C,指数型-股票,0.00%,0.00%,3.61%,0.00%,3.61%,2,中际旭创(光芯片/光通信) 2.13%; 新易盛(光芯片/光通信) 1.48%
022432,中欧中证A500指数发起A,指数型-股票,0.00%,0.00%,3.61%,0.00%,3.61%,2,中际旭创(光芯片/光通信) 2.13%; 新易盛(光芯片/光通信) 1.48%
022898,中欧中证A500指数发起Y,指数型-股票,0.00%,0.00%,3.61%,0.00%,3.61%,2,中际旭创(光芯片/光通信) 2.13%; 新易盛(光芯片/光通信) 1.48%
023333,金鹰中证A500指数发起A,指数型-股票,0.00%,0.00%,3.61%,0.00%,3.61%,2,中际旭创(光芯片/光通信) 2.13%; 新易盛(光芯片/光通信) 1.48%
023334,金鹰中证A500指数发起C,指数型-股票,0.00%,0.00%,3.61%,0.00%,3.61%,2,中际旭创(光芯片/光通信) 2.13%; 新易盛(光芯片/光通信) 1.48%
025125,金鹰中证A500指数发起B,指数型-股票,0.00%,0.00%,3.61%,0.00%,3.61%,2,中际旭创(光芯片/光通信) 2.13%; 新易盛(光芯片/光通信) 1.48%
025126,金鹰中证A500指数发起D,指数型-股票,0.00%,0.00%,3.61%,0.00%,3.61%,2,中际旭创(光芯片/光通信) 2.13%; 新易盛(光芯片/光通信) 1.48%
001882,中欧价值发现混合E,混合型-偏股,0.00%,0.00%,3.60%,0.00%,3.60%,1,中际旭创(光芯片/光通信) 3.60%
004232,中欧价值发现混合C,混合型-偏股,0.00%,0.00%,3.60%,0.00%,3.60%,1,中际旭创(光芯片/光通信) 3.60%
004352,华银研究精选股票,股票型,0.00%,0.00%,3.60%,0.00%,3.60%,1,中际旭创(光芯片/光通信) 3.60%
024712,中金新锐股票C,股票型,0.00%,0.00%,0.00%,3.60%,3.60%,1,晶晨股份(电芯片/核心半导体) 3.60%
024711,中金新锐股票A,股票型,0.00%,0.00%,0.00%,3.60%,3.60%,1,晶晨股份(电芯片/核心半导体) 3.60%
166005,中欧价值发现混合A,混合型-偏股,0.00%,0.00%,3.60%,0.00%,3.60%,1,中际旭创(光芯片/光通信) 3.60%
023399,尚正中证A500指数发起A,指数型-股票,0.00%,0.00%,3.60%,0.00%,3.60%,2,中际旭创(光芯片/光通信) 2.13%; 新易盛(光芯片/光通信) 1.47%
023400,尚正中证A500指数发起C,指数型-股票,0.00%,0.00%,3.60%,0.00%,3.60%,2,中际旭创(光芯片/光通信) 2.13%; 新易盛(光芯片/光通信) 1.47%
005983,摩根核心精选股票A,股票型,0.00%,0.00%,3.59%,0.00%,3.59%,1,中际旭创(光芯片/光通信) 3.59%
008276,财通资管价值发现混合A,混合型-偏股,0.00%,0.00%,0.00%,3.59%,3.59%,1,寒武纪(电芯片/核心半导体) 3.59%
012767,财通资管价值发现混合C,混合型-偏股,0.00%,0.00%,0.00%,3.59%,3.59%,1,寒武纪(电芯片/核心半导体) 3.59%
014937,摩根核心精选股票C,股票型,0.00%,0.00%,3.59%,0.00%,3.59%,1,中际旭创(光芯片/光通信) 3.59%
022762,长城中证A500指数A,指数型-股票,0.00%,0.00%,3.59%,0.00%,3.59%,2,中际旭创(光芯片/光通信) 2.15%; 新易盛(光芯片/光通信) 1.44%
022763,长城中证A500指数C,指数型-股票,0.00%,0.00%,3.59%,0.00%,3.59%,2,中际旭创(光芯片/光通信) 2.15%; 新易盛(光芯片/光通信) 1.44%
002885,大摩万众创新混合A,混合型-灵活,0.00%,0.00%,3.58%,0.00%,3.58%,1,新易盛(光芯片/光通信) 3.58%
009986,天弘创新领航A,混合型-偏股,0.00%,3.58%,0.00%,0.00%,3.58%,1,长电科技(存储) 3.58%
009987,天弘创新领航C,混合型-偏股,0.00%,3.58%,0.00%,0.00%,3.58%,1,长电科技(存储) 3.58%
010885,长盛优势企业精选混合A,混合型-偏股,0.00%,0.00%,3.58%,0.00%,3.58%,1,中际旭创(光芯片/光通信) 3.58%
010886,长盛优势企业精选混合C,混合型-偏股,0.00%,0.00%,3.58%,0.00%,3.58%,1,中际旭创(光芯片/光通信) 3.58%
011712,大摩万众创新混合C,混合型-灵活,0.00%,0.00%,3.58%,0.00%,3.58%,1,新易盛(光芯片/光通信) 3.58%
026094,易方达中证A500量化增强C,指数型-股票,0.00%,0.00%,3.58%,0.00%,3.58%,2,中际旭创(光芯片/光通信) 2.17%; 新易盛(光芯片/光通信) 1.41%
026093,易方达中证A500量化增强A,指数型-股票,0.00%,0.00%,3.58%,0.00%,3.58%,2,中际旭创(光芯片/光通信) 2.17%; 新易盛(光芯片/光通信) 1.41%
001850,国泰安益灵活配置混合A,混合型-灵活,0.00%,0.00%,3.57%,0.00%,3.57%,2,中际旭创(光芯片/光通信) 2.18%; 新易盛(光芯片/光通信) 1.39%
004252,国泰安益灵活配置混合C,混合型-灵活,0.00%,0.00%,3.57%,0.00%,3.57%,2,中际旭创(光芯片/光通信) 2.18%; 新易盛(光芯片/光通信) 1.39%
022049,国泰安益灵活配置混合E,混合型-灵活,0.00%,0.00%,3.57%,0.00%,3.57%,2,中际旭创(光芯片/光通信) 2.18%; 新易盛(光芯片/光通信) 1.39%
010064,圆信永丰兴研A,混合型-灵活,0.00%,0.00%,0.00%,3.56%,3.56%,1,北方华创(电芯片/核心半导体) 3.56%
010065,圆信永丰兴研C,混合型-灵活,0.00%,0.00%,0.00%,3.56%,3.56%,1,北方华创(电芯片/核心半导体) 3.56%
022716,贝莱德中证A500指数增强C,指数型-股票,0.00%,0.00%,3.56%,0.00%,3.56%,2,中际旭创(光芯片/光通信) 2.12%; 新易盛(光芯片/光通信) 1.44%
022715,贝莱德中证A500指数增强A,指数型-股票,0.00%,0.00%,3.56%,0.00%,3.56%,2,中际旭创(光芯片/光通信) 2.12%; 新易盛(光芯片/光通信) 1.44%
023154,中银证券中证A500指数C,指数型-股票,0.00%,0.00%,3.56%,0.00%,3.56%,2,中际旭创(光芯片/光通信) 2.08%; 新易盛(光芯片/光通信) 1.48%
023153,中银证券中证A500指数A,指数型-股票,0.00%,0.00%,3.56%,0.00%,3.56%,2,中际旭创(光芯片/光通信) 2.08%; 新易盛(光芯片/光通信) 1.48%
519039,长盛同德主题混合,混合型-偏股,0.00%,0.00%,3.56%,0.00%,3.56%,1,中际旭创(光芯片/光通信) 3.56%
005258,景顺长城量化平衡混合A,混合型-灵活,0.00%,0.00%,3.55%,0.00%,3.55%,2,中际旭创(光芯片/光通信) 1.98%; 新易盛(光芯片/光通信) 1.57%
019215,景顺长城量化平衡混合C,混合型-灵活,0.00%,0.00%,3.55%,0.00%,3.55%,2,中际旭创(光芯片/光通信) 1.98%; 新易盛(光芯片/光通信) 1.57%
008445,融通产业趋势先锋股票,股票型,0.00%,0.00%,3.55%,0.00%,3.55%,1,新易盛(光芯片/光通信) 3.55%
012158,汇添富上证50基本面增强指数C,指数型-股票,0.00%,0.00%,0.00%,3.55%,3.55%,1,中芯国际(电芯片/核心半导体) 3.55%
012157,汇添富上证50基本面增强指数A,指数型-股票,0.00%,0.00%,0.00%,3.55%,3.55%,1,中芯国际(电芯片/核心半导体) 3.55%
019546,汇添富上证50基本面增强指数D,指数型-股票,0.00%,0.00%,0.00%,3.55%,3.55%,1,中芯国际(电芯片/核心半导体) 3.55%
160813,长盛同盛成长优选(LOF),混合型-灵活,0.00%,0.00%,3.55%,0.00%,3.55%,1,中际旭创(光芯片/光通信) 3.55%
501051,圆信永丰汇利混合(LOF),混合型-偏股,0.00%,0.00%,0.00%,3.55%,3.55%,1,北方华创(电芯片/核心半导体) 3.55%
519193,万家消费成长,股票型,0.00%,3.55%,0.00%,0.00%,3.55%,1,兆易创新(存储) 3.55%
010824,天弘创新成长混合发起式A,混合型-偏股,0.00%,3.54%,0.00%,0.00%,3.54%,1,长电科技(存储) 3.54%
010825,天弘创新成长混合发起式C,混合型-偏股,0.00%,3.54%,0.00%,0.00%,3.54%,1,长电科技(存储) 3.54%
011071,鹏华安悦一年持有期混合A,混合型-偏债,0.00%,0.00%,3.54%,0.00%,3.54%,2,中际旭创(光芯片/光通信) 2.59%; 新易盛(光芯片/光通信) 0.95%
011072,鹏华安悦一年持有期混合C,混合型-偏债,0.00%,0.00%,3.54%,0.00%,3.54%,2,中际旭创(光芯片/光通信) 2.59%; 新易盛(光芯片/光通信) 0.95%
023022,交银中证A500指数A,指数型-股票,0.00%,0.00%,3.54%,0.00%,3.54%,2,中际旭创(光芯片/光通信) 2.09%; 新易盛(光芯片/光通信) 1.45%
023023,交银中证A500指数C,指数型-股票,0.00%,0.00%,3.54%,0.00%,3.54%,2,中际旭创(光芯片/光通信) 2.09%; 新易盛(光芯片/光通信) 1.45%
015092,汇安远见成长混合A,混合型-偏股,0.00%,0.00%,0.00%,3.53%,3.53%,1,中芯国际(电芯片/核心半导体) 3.53%
015093,汇安远见成长混合C,混合型-偏股,0.00%,0.00%,0.00%,3.53%,3.53%,1,中芯国际(电芯片/核心半导体) 3.53%
016254,中信保诚精萃成长混合C,混合型-偏股,0.00%,0.00%,3.53%,0.00%,3.53%,1,新易盛(光芯片/光通信) 3.53%
025163,长盛积极配置债券C,债券型-混合二级,0.00%,0.00%,2.83%,0.70%,3.53%,2,中际旭创(光芯片/光通信) 2.83%; 寒武纪(电芯片/核心半导体) 0.70%
080003,长盛积极配置债券A,债券型-混合二级,0.00%,0.00%,2.83%,0.70%,3.53%,2,中际旭创(光芯片/光通信) 2.83%; 寒武纪(电芯片/核心半导体) 0.70%
202107,南方广利回报债券C,债券型-混合二级,0.00%,2.01%,0.00%,1.52%,3.53%,3,海光信息(电芯片/核心半导体) 1.52%; 澜起科技(存储) 1.01%; 兆易创新(存储) 1.00%
202105,南方广利回报债券A/B,债券型-混合二级,0.00%,2.01%,0.00%,1.52%,3.53%,3,海光信息(电芯片/核心半导体) 1.52%; 澜起科技(存储) 1.01%; 兆易创新(存储) 1.00%
550002,中信保诚精萃成长混合A,混合型-偏股,0.00%,0.00%,3.53%,0.00%,3.53%,1,新易盛(光芯片/光通信) 3.53%
026072,广发研究智选混合A,混合型-偏股,0.00%,0.00%,3.52%,0.00%,3.52%,2,新易盛(光芯片/光通信) 2.43%; 中际旭创(光芯片/光通信) 1.09%
026073,广发研究智选混合C,混合型-偏股,0.00%,0.00%,3.52%,0.00%,3.52%,2,新易盛(光芯片/光通信) 2.43%; 中际旭创(光芯片/光通信) 1.09%
005824,泰康颐享混合C,混合型-偏债,0.00%,0.00%,3.51%,0.00%,3.51%,2,新易盛(光芯片/光通信) 1.89%; 中际旭创(光芯片/光通信) 1.62%
005823,泰康颐享混合A,混合型-偏债,0.00%,0.00%,3.51%,0.00%,3.51%,2,新易盛(光芯片/光通信) 1.89%; 中际旭创(光芯片/光通信) 1.62%
202019,南方策略优化混合,混合型-偏股,0.00%,3.51%,0.00%,0.00%,3.51%,1,佰维存储(存储) 3.51%
001924,华夏国企改革混合,混合型-灵活,0.00%,0.00%,3.50%,0.00%,3.50%,1,华工科技(光芯片/光通信) 3.50%
001758,嘉实研究增强混合,混合型-灵活,0.00%,0.00%,0.00%,3.49%,3.49%,1,复旦微电(电芯片/核心半导体) 3.49%
006008,诺安积极配置混合C,混合型-偏股,0.00%,0.00%,0.00%,3.49%,3.49%,1,晶晨股份(电芯片/核心半导体) 3.49%
006007,诺安积极配置混合A,混合型-偏股,0.00%,0.00%,0.00%,3.49%,3.49%,1,晶晨股份(电芯片/核心半导体) 3.49%
025764,工银中证800指数增强发起式C,指数型-股票,0.00%,0.00%,3.49%,0.00%,3.49%,2,中际旭创(光芯片/光通信) 2.01%; 天孚通信(光芯片/光通信) 1.48%
025763,工银中证800指数增强发起式A,指数型-股票,0.00%,0.00%,3.49%,0.00%,3.49%,2,中际旭创(光芯片/光通信) 2.01%; 天孚通信(光芯片/光通信) 1.48%
519690,交银稳健配置混合,混合型-灵活,0.00%,0.00%,0.00%,3.49%,3.49%,1,芯原股份(电芯片/核心半导体) 3.49%
025405,苏新睿见量化选股股票C,股票型,0.00%,0.00%,1.24%,2.24%,3.48%,4,中际旭创(光芯片/光通信) 1.24%; 寒武纪(电芯片/核心半导体) 0.78%; 海光信息(电芯片/核心半导体) 0.78%; 中微公司(电芯片/核心半导体) 0.68%
025404,苏新睿见量化选股股票A,股票型,0.00%,0.00%,1.24%,2.24%,3.48%,4,中际旭创(光芯片/光通信) 1.24%; 寒武纪(电芯片/核心半导体) 0.78%; 海光信息(电芯片/核心半导体) 0.78%; 中微公司(电芯片/核心半导体) 0.68%
007806,建信MSCI中国A股指数增强A,指数型-股票,0.00%,0.00%,1.99%,1.49%,3.48%,2,中际旭创(光芯片/光通信) 1.99%; 海光信息(电芯片/核心半导体) 1.49%
007807,建信MSCI中国A股指数增强C,指数型-股票,0.00%,0.00%,1.99%,1.49%,3.48%,2,中际旭创(光芯片/光通信) 1.99%; 海光信息(电芯片/核心半导体) 1.49%
009563,工银全球股票(QDII)港币,QDII-普通股票,0.00%,0.00%,0.00%,3.48%,3.48%,1,英伟达(电芯片/核心半导体) 3.48%
009562,工银全球股票(QDII)美元,QDII-普通股票,0.00%,0.00%,0.00%,3.48%,3.48%,1,英伟达(电芯片/核心半导体) 3.48%
009720,民生加银景气行业混合C,混合型-偏股,0.00%,0.00%,0.00%,3.48%,3.48%,1,中芯国际(电芯片/核心半导体) 3.48%
011585,博时产业慧选混合A,混合型-偏股,0.00%,0.00%,3.48%,0.00%,3.48%,1,新易盛(光芯片/光通信) 3.48%
011586,博时产业慧选混合C,混合型-偏股,0.00%,0.00%,3.48%,0.00%,3.48%,1,新易盛(光芯片/光通信) 3.48%
023042,民生加银中证A500指数A,指数型-股票,0.00%,0.00%,3.48%,0.00%,3.48%,2,中际旭创(光芯片/光通信) 2.03%; 新易盛(光芯片/光通信) 1.45%
023043,民生加银中证A500指数C,指数型-股票,0.00%,0.00%,3.48%,0.00%,3.48%,2,中际旭创(光芯片/光通信) 2.03%; 新易盛(光芯片/光通信) 1.45%
486001,工银全球股票(QDII)人民币,QDII-普通股票,0.00%,0.00%,0.00%,3.48%,3.48%,1,英伟达(电芯片/核心半导体) 3.48%
690007,民生加银景气行业混合A,混合型-偏股,0.00%,0.00%,0.00%,3.48%,3.48%,1,中芯国际(电芯片/核心半导体) 3.48%
001054,工银新金融股票A,股票型,0.00%,0.00%,3.47%,0.00%,3.47%,1,新易盛(光芯片/光通信) 3.47%
012297,东兴宸瑞量化混合A,混合型-偏股,0.00%,0.00%,0.00%,3.47%,3.47%,1,海光信息(电芯片/核心半导体) 3.47%
012298,东兴宸瑞量化混合C,混合型-偏股,0.00%,0.00%,0.00%,3.47%,3.47%,1,海光信息(电芯片/核心半导体) 3.47%
013355,工银新金融股票C,股票型,0.00%,0.00%,3.47%,0.00%,3.47%,1,新易盛(光芯片/光通信) 3.47%
673081,西部利得祥运混合A,混合型-灵活,0.00%,0.00%,0.00%,3.47%,3.47%,2,寒武纪(电芯片/核心半导体) 1.98%; 圣邦股份(电芯片/核心半导体) 1.49%
673083,西部利得祥运混合C,混合型-灵活,0.00%,0.00%,0.00%,3.47%,3.47%,2,寒武纪(电芯片/核心半导体) 1.98%; 圣邦股份(电芯片/核心半导体) 1.49%
015061,中信建投沪深300指数增强A,指数型-股票,0.00%,0.00%,2.30%,1.16%,3.46%,2,中际旭创(光芯片/光通信) 2.30%; 寒武纪(电芯片/核心半导体) 1.16%
015062,中信建投沪深300指数增强C,指数型-股票,0.00%,0.00%,2.30%,1.16%,3.46%,2,中际旭创(光芯片/光通信) 2.30%; 寒武纪(电芯片/核心半导体) 1.16%
510810,上海国企ETF汇添富,指数型-股票,0.00%,0.00%,0.00%,3.46%,3.46%,1,中微公司(电芯片/核心半导体) 3.46%
023305,永赢中证A500指数增强A,指数型-股票,0.00%,1.27%,2.18%,0.00%,3.45%,3,澜起科技(存储) 1.27%; 华工科技(光芯片/光通信) 1.24%; 源杰科技(光芯片/光通信) 0.94%
023306,永赢中证A500指数增强C,指数型-股票,0.00%,1.27%,2.18%,0.00%,3.45%,3,澜起科技(存储) 1.27%; 华工科技(光芯片/光通信) 1.24%; 源杰科技(光芯片/光通信) 0.94%
160425,华安创业板两年定开混合,混合型-偏股,0.00%,0.00%,3.45%,0.00%,3.45%,1,新易盛(光芯片/光通信) 3.45%
001489,万家瑞丰灵活配置混合C,混合型-灵活,0.00%,0.00%,3.45%,0.00%,3.45%,2,中际旭创(光芯片/光通信) 1.98%; 新易盛(光芯片/光通信) 1.47%
001488,万家瑞丰灵活配置混合A,混合型-灵活,0.00%,0.00%,3.45%,0.00%,3.45%,2,中际旭创(光芯片/光通信) 1.98%; 新易盛(光芯片/光通信) 1.47%
005059,南方安福混合A,混合型-偏债,0.00%,1.28%,0.00%,2.16%,3.44%,2,海光信息(电芯片/核心半导体) 2.16%; 兆易创新(存储) 1.28%
005530,汇添富沪深300指数增强A,指数型-股票,0.00%,0.00%,3.44%,0.00%,3.44%,2,中际旭创(光芯片/光通信) 2.08%; 新易盛(光芯片/光通信) 1.36%
007569,南方安福混合C,混合型-偏债,0.00%,1.28%,0.00%,2.16%,3.44%,2,海光信息(电芯片/核心半导体) 2.16%; 兆易创新(存储) 1.28%
009774,财通资管优选回报一年持有期混合,混合型-偏股,0.00%,0.00%,0.00%,3.44%,3.44%,1,中微公司(电芯片/核心半导体) 3.44%
010556,汇添富沪深300指数增强C,指数型-股票,0.00%,0.00%,3.44%,0.00%,3.44%,2,中际旭创(光芯片/光通信) 2.08%; 新易盛(光芯片/光通信) 1.36%
022949,汇添富沪深300指数增强Y,指数型-股票,0.00%,0.00%,3.44%,0.00%,3.44%,2,中际旭创(光芯片/光通信) 2.08%; 新易盛(光芯片/光通信) 1.36%
110001,易方达平稳增长混合,混合型-平衡,0.00%,0.00%,3.44%,0.00%,3.44%,1,天孚通信(光芯片/光通信) 3.44%
009416,中邮瑞享两年定开混合C,混合型-偏债,0.00%,0.00%,1.59%,1.83%,3.42%,2,中微公司(电芯片/核心半导体) 1.83%; 中际旭创(光芯片/光通信) 1.59%
009415,中邮瑞享两年定开混合A,混合型-偏债,0.00%,0.00%,1.59%,1.83%,3.42%,2,中微公司(电芯片/核心半导体) 1.83%; 中际旭创(光芯片/光通信) 1.59%
023038,汇安中证A500指数A,指数型-股票,0.00%,0.00%,3.42%,0.00%,3.42%,2,中际旭创(光芯片/光通信) 2.03%; 新易盛(光芯片/光通信) 1.39%
023039,汇安中证A500指数C,指数型-股票,0.00%,0.00%,3.42%,0.00%,3.42%,2,中际旭创(光芯片/光通信) 2.03%; 新易盛(光芯片/光通信) 1.39%
009106,嘉合同顺智选股票A,股票型,0.00%,0.00%,3.41%,0.00%,3.41%,1,中际旭创(光芯片/光通信) 3.41%
009107,嘉合同顺智选股票C,股票型,0.00%,0.00%,3.41%,0.00%,3.41%,1,中际旭创(光芯片/光通信) 3.41%
012744,光大品质生活混合A,混合型-偏股,0.00%,0.00%,0.00%,3.41%,3.41%,1,寒武纪(电芯片/核心半导体) 3.41%
012758,光大品质生活混合C,混合型-偏股,0.00%,0.00%,0.00%,3.41%,3.41%,1,寒武纪(电芯片/核心半导体) 3.41%
161123,易方达中证万得并购重组(LOF),指数型-股票,0.00%,0.00%,3.41%,0.00%,3.41%,1,光库科技(光芯片/光通信) 3.41%
560810,央企ESGETF融通,指数型-股票,0.00%,0.00%,3.41%,0.00%,3.41%,1,光迅科技(光芯片/光通信) 3.41%
016199,汇添富全球汽车产业升级混合(QDII)人民币A,QDII-混合偏股,0.00%,0.00%,0.00%,3.40%,3.40%,1,高通(电芯片/核心半导体) 3.40%
016201,汇添富全球汽车产业升级混合(QDII)美元现钞,QDII-混合偏股,0.00%,0.00%,0.00%,3.40%,3.40%,1,高通(电芯片/核心半导体) 3.40%
016202,汇添富全球汽车产业升级混合(QDII)人民币C,QDII-混合偏股,0.00%,0.00%,0.00%,3.40%,3.40%,1,高通(电芯片/核心半导体) 3.40%
016200,汇添富全球汽车产业升级混合(QDII)美元现汇,QDII-混合偏股,0.00%,0.00%,0.00%,3.40%,3.40%,1,高通(电芯片/核心半导体) 3.40%
018949,东方红睿华沪港深混合(LOF)C,混合型-灵活,0.00%,0.00%,3.40%,0.00%,3.40%,1,新易盛(光芯片/光通信) 3.40%
020052,博时惠泽混合发起式A1,混合型-偏股,0.00%,0.00%,3.40%,0.00%,3.40%,1,新易盛(光芯片/光通信) 3.40%
020053,博时惠泽混合发起式A2,混合型-偏股,0.00%,0.00%,3.40%,0.00%,3.40%,1,新易盛(光芯片/光通信) 3.40%
020054,博时惠泽混合发起式A3,混合型-偏股,0.00%,0.00%,3.40%,0.00%,3.40%,1,新易盛(光芯片/光通信) 3.40%
169105,东方红睿华沪港深混合(LOF)A,混合型-灵活,0.00%,0.00%,3.40%,0.00%,3.40%,1,新易盛(光芯片/光通信) 3.40%
025108,南方中证全指电子行业指数C,指数型-股票,0.00%,0.00%,3.39%,0.00%,3.39%,1,华工科技(光芯片/光通信) 3.39%
025107,南方中证全指电子行业指数A,指数型-股票,0.00%,0.00%,3.39%,0.00%,3.39%,1,华工科技(光芯片/光通信) 3.39%
002714,鹏华金城混合D,混合型-灵活,0.00%,0.00%,3.38%,0.00%,3.38%,2,中际旭创(光芯片/光通信) 2.12%; 新易盛(光芯片/光通信) 1.26%
009609,广发中证500指数增强C,指数型-股票,0.00%,1.90%,1.48%,0.00%,3.38%,2,佰维存储(存储) 1.90%; 光迅科技(光芯片/光通信) 1.48%
009608,广发中证500指数增强A,指数型-股票,0.00%,1.90%,1.48%,0.00%,3.38%,2,佰维存储(存储) 1.90%; 光迅科技(光芯片/光通信) 1.48%
022189,鹏华金城混合A,混合型-灵活,0.00%,0.00%,3.38%,0.00%,3.38%,2,中际旭创(光芯片/光通信) 2.12%; 新易盛(光芯片/光通信) 1.26%
022190,鹏华金城混合C,混合型-灵活,0.00%,0.00%,3.38%,0.00%,3.38%,2,中际旭创(光芯片/光通信) 2.12%; 新易盛(光芯片/光通信) 1.26%
026140,财信芙璟混合A,混合型-偏债,0.00%,1.14%,1.06%,1.18%,3.38%,3,中微公司(电芯片/核心半导体) 1.18%; 兆易创新(存储) 1.14%; 新易盛(光芯片/光通信) 1.06%
026141,财信芙璟混合C,混合型-偏债,0.00%,1.14%,1.06%,1.18%,3.38%,3,中微公司(电芯片/核心半导体) 1.18%; 兆易创新(存储) 1.14%; 新易盛(光芯片/光通信) 1.06%
009688,万家鑫动力月月购一年滚动混合,混合型-偏股,0.00%,3.37%,0.00%,0.00%,3.37%,1,兆易创新(存储) 3.37%
011695,华泰紫金信息科技主题6个月持有混合发起C,混合型-偏股,0.00%,0.00%,0.00%,3.37%,3.37%,1,晶晨股份(电芯片/核心半导体) 3.37%
011694,华泰紫金信息科技主题6个月持有混合发起A,混合型-偏股,0.00%,0.00%,0.00%,3.37%,3.37%,1,晶晨股份(电芯片/核心半导体) 3.37%
025525,平安恒生港股通科技主题ETF发起式联接A,指数型-股票,0.00%,0.00%,0.00%,3.37%,3.37%,1,中芯国际(电芯片/核心半导体) 3.37%
025526,平安恒生港股通科技主题ETF发起式联接C,指数型-股票,0.00%,0.00%,0.00%,3.37%,3.37%,1,中芯国际(电芯片/核心半导体) 3.37%
233007,大摩卓越成长混合,混合型-偏股,0.00%,0.00%,0.00%,3.37%,3.37%,1,芯原股份(电芯片/核心半导体) 3.37%
001242,博时中证淘金大数据100A,指数型-股票,0.00%,1.17%,2.20%,0.00%,3.37%,3,佰维存储(存储) 1.17%; 新易盛(光芯片/光通信) 1.17%; 中际旭创(光芯片/光通信) 1.03%
001243,博时中证淘金大数据100I,指数型-股票,0.00%,1.17%,2.20%,0.00%,3.37%,3,佰维存储(存储) 1.17%; 新易盛(光芯片/光通信) 1.17%; 中际旭创(光芯片/光通信) 1.03%
019169,博时中证淘金大数据100C,指数型-股票,0.00%,1.17%,2.20%,0.00%,3.37%,3,佰维存储(存储) 1.17%; 新易盛(光芯片/光通信) 1.17%; 中际旭创(光芯片/光通信) 1.03%
023516,华泰保兴中证A500指数增强A,指数型-股票,0.00%,0.28%,3.09%,0.00%,3.37%,3,中际旭创(光芯片/光通信) 1.90%; 新易盛(光芯片/光通信) 1.19%; 佰维存储(存储) 0.28%
023517,华泰保兴中证A500指数增强C,指数型-股票,0.00%,0.28%,3.09%,0.00%,3.37%,3,中际旭创(光芯片/光通信) 1.90%; 新易盛(光芯片/光通信) 1.19%; 佰维存储(存储) 0.28%
004148,圆信永丰多策略,混合型-偏股,0.00%,0.00%,0.00%,3.36%,3.36%,1,中微公司(电芯片/核心半导体) 3.36%
007275,银河沪深300指数增强A,指数型-股票,0.00%,0.00%,3.36%,0.00%,3.36%,2,中际旭创(光芯片/光通信) 1.89%; 新易盛(光芯片/光通信) 1.47%
007276,银河沪深300指数增强C,指数型-股票,0.00%,0.00%,3.36%,0.00%,3.36%,2,中际旭创(光芯片/光通信) 1.89%; 新易盛(光芯片/光通信) 1.47%
398001,中海优质成长混合,混合型-灵活,0.00%,0.00%,0.00%,3.35%,3.35%,1,海光信息(电芯片/核心半导体) 3.35%
000994,建信睿盈灵活配置混合A,混合型-灵活,0.00%,0.00%,0.00%,3.34%,3.34%,1,中微公司(电芯片/核心半导体) 3.34%
000995,建信睿盈灵活配置混合C,混合型-灵活,0.00%,0.00%,0.00%,3.34%,3.34%,1,中微公司(电芯片/核心半导体) 3.34%
022514,人保中证800指数增强C,指数型-股票,0.00%,0.00%,1.93%,1.41%,3.34%,2,中际旭创(光芯片/光通信) 1.93%; 海光信息(电芯片/核心半导体) 1.41%
022513,人保中证800指数增强A,指数型-股票,0.00%,0.00%,1.93%,1.41%,3.34%,2,中际旭创(光芯片/光通信) 1.93%; 海光信息(电芯片/核心半导体) 1.41%
006992,嘉合锦创优势精选混合,混合型-偏股,0.00%,0.00%,3.33%,0.00%,3.33%,1,中际旭创(光芯片/光通信) 3.33%
010495,创金合信创新驱动股票A,股票型,0.00%,0.00%,0.00%,3.33%,3.33%,1,中微公司(电芯片/核心半导体) 3.33%
010496,创金合信创新驱动股票C,股票型,0.00%,0.00%,0.00%,3.33%,3.33%,1,中微公司(电芯片/核心半导体) 3.33%
023713,国联安主题驱动混合C,混合型-偏股,0.00%,0.00%,0.00%,3.33%,3.33%,1,北方华创(电芯片/核心半导体) 3.33%
257050,国联安主题驱动混合A,混合型-偏股,0.00%,0.00%,0.00%,3.33%,3.33%,1,北方华创(电芯片/核心半导体) 3.33%
024804,华夏量化选股股票A,股票型,0.00%,0.00%,3.32%,0.00%,3.32%,1,新易盛(光芯片/光通信) 3.32%
024805,华夏量化选股股票C,股票型,0.00%,0.00%,3.32%,0.00%,3.32%,1,新易盛(光芯片/光通信) 3.32%
026333,广发盛世精选混合C,混合型-偏股,0.00%,0.00%,3.32%,0.00%,3.32%,1,光库科技(光芯片/光通信) 3.32%
026332,广发盛世精选混合A,混合型-偏股,0.00%,0.00%,3.32%,0.00%,3.32%,1,光库科技(光芯片/光通信) 3.32%
040004,华安宝利配置混合,混合型-偏股,0.00%,0.00%,3.32%,0.00%,3.32%,1,中际旭创(光芯片/光通信) 3.32%
399001,中海上证50指数增强,指数型-股票,0.00%,0.00%,0.00%,3.32%,3.32%,1,海光信息(电芯片/核心半导体) 3.32%
001530,万家瑞富灵活配置混合A,混合型-灵活,0.00%,0.00%,1.19%,2.12%,3.31%,3,芯原股份(电芯片/核心半导体) 1.26%; 中际旭创(光芯片/光通信) 1.19%; 海光信息(电芯片/核心半导体) 0.86%
001547,兴业聚惠混合A,混合型-偏债,0.00%,0.99%,0.72%,1.60%,3.31%,4,中微公司(电芯片/核心半导体) 1.00%; 澜起科技(存储) 0.99%; 长芯博创(光芯片/光通信) 0.72%; 海光信息(电芯片/核心半导体) 0.60%
002923,兴业聚惠混合C,混合型-偏债,0.00%,0.99%,0.72%,1.60%,3.31%,4,中微公司(电芯片/核心半导体) 1.00%; 澜起科技(存储) 0.99%; 长芯博创(光芯片/光通信) 0.72%; 海光信息(电芯片/核心半导体) 0.60%
009865,招商景气优选股票C,股票型,0.00%,0.00%,3.31%,0.00%,3.31%,1,长飞光纤光缆(光芯片/光通信) 3.31%
009864,招商景气优选股票A,股票型,0.00%,0.00%,3.31%,0.00%,3.31%,1,长飞光纤光缆(光芯片/光通信) 3.31%
012007,万家瑞富灵活配置混合C,混合型-灵活,0.00%,0.00%,1.19%,2.12%,3.31%,3,芯原股份(电芯片/核心半导体) 1.26%; 中际旭创(光芯片/光通信) 1.19%; 海光信息(电芯片/核心半导体) 0.86%
620002,金元顺安成长动力混合,混合型-灵活,0.00%,0.00%,0.00%,3.31%,3.31%,1,复旦微电(电芯片/核心半导体) 3.31%
018101,贝莱德卓越远航混合A,混合型-偏股,0.00%,0.00%,0.00%,3.29%,3.29%,1,中微公司(电芯片/核心半导体) 3.29%
018102,贝莱德卓越远航混合C,混合型-偏股,0.00%,0.00%,0.00%,3.29%,3.29%,1,中微公司(电芯片/核心半导体) 3.29%
160518,博时睿远,混合型-灵活,0.00%,0.00%,3.29%,0.00%,3.29%,1,新易盛(光芯片/光通信) 3.29%
001045,华夏可转债增强债券A,债券型-混合二级,0.00%,1.18%,0.00%,2.10%,3.28%,3,中微公司(电芯片/核心半导体) 1.38%; 北京君正(存储) 1.18%; 北方华创(电芯片/核心半导体) 0.72%
001046,华夏可转债增强债券I,债券型-混合二级,0.00%,1.18%,0.00%,2.10%,3.28%,3,中微公司(电芯片/核心半导体) 1.38%; 北京君正(存储) 1.18%; 北方华创(电芯片/核心半导体) 0.72%
001266,国投瑞银招财混合A,混合型-灵活,0.00%,0.00%,3.28%,0.00%,3.28%,1,中际旭创(光芯片/光通信) 3.28%
007674,工银产业升级股票A,股票型,0.00%,0.00%,3.28%,0.00%,3.28%,1,源杰科技(光芯片/光通信) 3.28%
007675,工银产业升级股票C,股票型,0.00%,0.00%,3.28%,0.00%,3.28%,1,源杰科技(光芯片/光通信) 3.28%
009795,嘉实远见精选两年持有期混合,混合型-偏股,0.00%,0.00%,0.00%,3.28%,3.28%,1,中微公司(电芯片/核心半导体) 3.28%
012887,华夏可转债增强债券C,债券型-混合二级,0.00%,1.18%,0.00%,2.10%,3.28%,3,中微公司(电芯片/核心半导体) 1.38%; 北京君正(存储) 1.18%; 北方华创(电芯片/核心半导体) 0.72%
021543,国投瑞银招财混合C,混合型-灵活,0.00%,0.00%,3.28%,0.00%,3.28%,1,中际旭创(光芯片/光通信) 3.28%
001780,诺安改革趋势灵活配置混合,混合型-灵活,0.00%,0.00%,0.00%,3.27%,3.27%,1,晶晨股份(电芯片/核心半导体) 3.27%
007853,华商计算机行业量化股票发起式A,股票型,0.00%,0.00%,0.00%,3.27%,3.27%,1,寒武纪(电芯片/核心半导体) 3.27%
014203,鹏扬产业趋势一年持有混合A,混合型-偏股,0.00%,0.00%,0.00%,3.27%,3.27%,1,思特威(电芯片/核心半导体) 3.27%
014204,鹏扬产业趋势一年持有混合C,混合型-偏股,0.00%,0.00%,0.00%,3.27%,3.27%,1,思特威(电芯片/核心半导体) 3.27%
017628,华商计算机行业量化股票发起式C,股票型,0.00%,0.00%,0.00%,3.27%,3.27%,1,寒武纪(电芯片/核心半导体) 3.27%
023880,浙商汇金中证A500指数C,指数型-股票,0.00%,0.00%,3.26%,0.00%,3.26%,2,中际旭创(光芯片/光通信) 1.87%; 新易盛(光芯片/光通信) 1.39%
023879,浙商汇金中证A500指数A,指数型-股票,0.00%,0.00%,3.26%,0.00%,3.26%,2,中际旭创(光芯片/光通信) 1.87%; 新易盛(光芯片/光通信) 1.39%
025386,万家智胜量化选股股票A,股票型,0.00%,1.57%,1.69%,0.00%,3.26%,2,源杰科技(光芯片/光通信) 1.69%; 佰维存储(存储) 1.57%
025387,万家智胜量化选股股票C,股票型,0.00%,1.57%,1.69%,0.00%,3.26%,2,源杰科技(光芯片/光通信) 1.69%; 佰维存储(存储) 1.57%
000989,嘉实全球互联网股票美元现汇,QDII-普通股票,0.00%,0.00%,0.00%,3.26%,3.26%,1,英伟达(电芯片/核心半导体) 3.26%
000988,嘉实全球互联网股票人民币,QDII-普通股票,0.00%,0.00%,0.00%,3.26%,3.26%,1,英伟达(电芯片/核心半导体) 3.26%
000990,嘉实全球互联网股票美元现钞,QDII-普通股票,0.00%,0.00%,0.00%,3.26%,3.26%,1,英伟达(电芯片/核心半导体) 3.26%
005357,富国国企改革灵活配置混合,混合型-灵活,0.00%,0.00%,0.00%,3.26%,3.26%,1,寒武纪(电芯片/核心半导体) 3.26%
008277,财通资管行业精选混合,混合型-偏股,0.00%,0.00%,0.00%,3.26%,3.26%,1,中微公司(电芯片/核心半导体) 3.26%
013813,景顺长城景气进取混合C,混合型-偏股,0.00%,0.00%,3.26%,0.00%,3.26%,1,中际旭创(光芯片/光通信) 3.26%
013812,景顺长城景气进取混合A,混合型-偏股,0.00%,0.00%,3.26%,0.00%,3.26%,1,中际旭创(光芯片/光通信) 3.26%
011346,淳厚鑫淳一年持有混合,混合型-偏股,0.00%,0.00%,3.25%,0.00%,3.25%,1,长飞光纤光缆(光芯片/光通信) 3.25%
162205,宏利风险预算混合,混合型-偏债,0.00%,0.00%,3.24%,0.00%,3.24%,1,光迅科技(光芯片/光通信) 3.24%
165312,建信央视财经50指数(LOF),指数型-股票,0.00%,3.24%,0.00%,0.00%,3.24%,1,兆易创新(存储) 3.24%
023957,景顺长城中证A500指数增强A,指数型-股票,0.00%,0.00%,3.24%,0.00%,3.24%,2,中际旭创(光芯片/光通信) 2.00%; 新易盛(光芯片/光通信) 1.24%
023958,景顺长城中证A500指数增强C,指数型-股票,0.00%,0.00%,3.24%,0.00%,3.24%,2,中际旭创(光芯片/光通信) 2.00%; 新易盛(光芯片/光通信) 1.24%
002849,金信智能中国2025混合A,混合型-灵活,0.00%,0.00%,0.00%,3.23%,3.23%,1,中芯国际(电芯片/核心半导体) 3.23%
011404,融通鑫新成长混合C,混合型-偏股,0.00%,0.00%,3.23%,0.00%,3.23%,1,剑桥科技(光芯片/光通信) 3.23%
011403,融通鑫新成长混合A,混合型-偏股,0.00%,0.00%,3.23%,0.00%,3.23%,1,剑桥科技(光芯片/光通信) 3.23%
020435,金信智能中国2025混合C,混合型-灵活,0.00%,0.00%,0.00%,3.23%,3.23%,1,中芯国际(电芯片/核心半导体) 3.23%
530300,上证180ETF华泰柏瑞,指数型-股票,0.00%,0.00%,0.00%,3.23%,3.23%,2,寒武纪(电芯片/核心半导体) 1.80%; 海光信息(电芯片/核心半导体) 1.43%
002498,兴业聚鑫灵活配置混合A,混合型-灵活,0.00%,0.00%,0.00%,3.23%,3.23%,2,恒玄科技(电芯片/核心半导体) 1.84%; 北方华创(电芯片/核心半导体) 1.39%
008221,兴业聚鑫灵活配置混合C,混合型-灵活,0.00%,0.00%,0.00%,3.23%,3.23%,2,恒玄科技(电芯片/核心半导体) 1.84%; 北方华创(电芯片/核心半导体) 1.39%
005399,长信量化价值驱动混合A,混合型-偏股,0.00%,0.00%,3.22%,0.00%,3.22%,1,中际旭创(光芯片/光通信) 3.22%
009669,长信量化价值驱动混合C,混合型-偏股,0.00%,0.00%,3.22%,0.00%,3.22%,1,中际旭创(光芯片/光通信) 3.22%
024416,长信沪深300指数量化增强C,指数型-股票,0.00%,0.00%,3.22%,0.00%,3.22%,1,中际旭创(光芯片/光通信) 3.22%
024415,长信沪深300指数量化增强A,指数型-股票,0.00%,0.00%,3.22%,0.00%,3.22%,1,中际旭创(光芯片/光通信) 3.22%
510290,上证380ETF南方,指数型-股票,0.00%,1.19%,0.00%,2.03%,3.22%,3,芯原股份(电芯片/核心半导体) 1.28%; 佰维存储(存储) 1.19%; 华海清科(电芯片/核心半导体) 0.75%
001236,博时丝路主题股票A,股票型,0.00%,0.00%,0.00%,3.21%,3.21%,1,中芯国际(电芯片/核心半导体) 3.21%
001852,融通中国风1号灵活配置混合A/B,混合型-灵活,0.00%,0.00%,3.21%,0.00%,3.21%,1,剑桥科技(光芯片/光通信) 3.21%
002556,博时丝路主题股票C,股票型,0.00%,0.00%,0.00%,3.21%,3.21%,1,中芯国际(电芯片/核心半导体) 3.21%
009273,融通中国风1号灵活配置混合C,混合型-灵活,0.00%,0.00%,3.21%,0.00%,3.21%,1,剑桥科技(光芯片/光通信) 3.21%
018470,国富策略回报混合C,混合型-灵活,0.00%,0.00%,3.21%,0.00%,3.21%,1,中际旭创(光芯片/光通信) 3.21%
022880,汇泉均衡智选混合C,混合型-灵活,0.00%,1.42%,1.79%,0.00%,3.21%,2,天孚通信(光芯片/光通信) 1.79%; 兆易创新(存储) 1.42%
022879,汇泉均衡智选混合A,混合型-灵活,0.00%,1.42%,1.79%,0.00%,3.21%,2,天孚通信(光芯片/光通信) 1.79%; 兆易创新(存储) 1.42%
450010,国富策略回报混合A,混合型-灵活,0.00%,0.00%,3.21%,0.00%,3.21%,1,中际旭创(光芯片/光通信) 3.21%
002145,诺安景鑫灵活配置混合,混合型-灵活,0.00%,0.00%,3.20%,0.00%,3.20%,1,长芯博创(光芯片/光通信) 3.20%
530380,上证380ETF易方达,指数型-股票,0.00%,1.18%,0.00%,2.02%,3.20%,3,芯原股份(电芯片/核心半导体) 1.28%; 佰维存储(存储) 1.18%; 华海清科(电芯片/核心半导体) 0.74%
001370,中银新趋势灵活配置混合A,混合型-灵活,0.00%,0.00%,0.00%,3.19%,3.19%,1,芯原股份(电芯片/核心半导体) 3.19%
002411,华夏新机遇混合A,混合型-灵活,0.00%,0.00%,3.19%,0.00%,3.19%,2,中际旭创(光芯片/光通信) 2.32%; 新易盛(光芯片/光通信) 0.87%
008212,华夏新机遇混合C,混合型-灵活,0.00%,0.00%,3.19%,0.00%,3.19%,2,中际旭创(光芯片/光通信) 2.32%; 新易盛(光芯片/光通信) 0.87%
014845,中银新趋势灵活配置混合C,混合型-灵活,0.00%,0.00%,0.00%,3.19%,3.19%,1,芯原股份(电芯片/核心半导体) 3.19%
022462,华商中证A500指数增强C,指数型-股票,0.00%,3.19%,0.00%,0.00%,3.19%,1,兆易创新(存储) 3.19%
022461,华商中证A500指数增强A,指数型-股票,0.00%,3.19%,0.00%,0.00%,3.19%,1,兆易创新(存储) 3.19%
512550,富时A50ETF嘉实,指数型-股票,0.00%,0.00%,3.19%,0.00%,3.19%,1,中际旭创(光芯片/光通信) 3.19%
000762,汇添富绝对收益定开混合A,混合型-绝对收益,0.00%,0.00%,3.18%,0.00%,3.18%,2,中际旭创(光芯片/光通信) 1.82%; 源杰科技(光芯片/光通信) 1.36%
008140,汇添富绝对收益定开混合C,混合型-绝对收益,0.00%,0.00%,3.18%,0.00%,3.18%,2,中际旭创(光芯片/光通信) 1.82%; 源杰科技(光芯片/光通信) 1.36%
013084,中信保诚中证智能家居指数(LOF)C,指数型-股票,0.00%,1.81%,0.00%,1.37%,3.18%,2,普冉股份(存储) 1.81%; 芯原股份(电芯片/核心半导体) 1.37%
023595,中信保诚中证智能家居指数(LOF)E,指数型-股票,0.00%,1.81%,0.00%,1.37%,3.18%,2,普冉股份(存储) 1.81%; 芯原股份(电芯片/核心半导体) 1.37%
025034,中信保诚中证A500指数增强A,指数型-股票,0.00%,0.00%,3.18%,0.00%,3.18%,2,中际旭创(光芯片/光通信) 1.90%; 新易盛(光芯片/光通信) 1.28%
025035,中信保诚中证A500指数增强C,指数型-股票,0.00%,0.00%,3.18%,0.00%,3.18%,2,中际旭创(光芯片/光通信) 1.90%; 新易盛(光芯片/光通信) 1.28%
159800,中证800ETF鹏华,指数型-股票,0.00%,0.00%,3.18%,0.00%,3.18%,2,中际旭创(光芯片/光通信) 1.87%; 新易盛(光芯片/光通信) 1.31%
165524,中信保诚中证智能家居指数(LOF)A,指数型-股票,0.00%,1.81%,0.00%,1.37%,3.18%,2,普冉股份(存储) 1.81%; 芯原股份(电芯片/核心半导体) 1.37%
011146,创金合信气候变化责任投资股票A,股票型,0.00%,0.00%,0.00%,3.17%,3.17%,1,寒武纪(电芯片/核心半导体) 3.17%
011147,创金合信气候变化责任投资股票C,股票型,0.00%,0.00%,0.00%,3.17%,3.17%,1,寒武纪(电芯片/核心半导体) 3.17%
023175,中邮中小盘灵活配置混合C,混合型-灵活,0.00%,0.00%,3.17%,0.00%,3.17%,1,德科立(光芯片/光通信) 3.17%
590006,中邮中小盘灵活配置混合A,混合型-灵活,0.00%,0.00%,3.17%,0.00%,3.17%,1,德科立(光芯片/光通信) 3.17%
009794,太平智选一年定开股票,股票型,0.00%,0.00%,3.16%,0.00%,3.16%,1,德科立(光芯片/光通信) 3.16%
023475,农银中证A500指数增强A,指数型-股票,0.00%,0.00%,3.16%,0.00%,3.16%,2,中际旭创(光芯片/光通信) 1.99%; 新易盛(光芯片/光通信) 1.17%
023476,农银中证A500指数增强C,指数型-股票,0.00%,0.00%,3.16%,0.00%,3.16%,2,中际旭创(光芯片/光通信) 1.99%; 新易盛(光芯片/光通信) 1.17%
166109,信澳量化先锋(LOF)A,混合型-偏股,0.00%,0.00%,0.00%,3.16%,3.16%,1,恒玄科技(电芯片/核心半导体) 3.16%
166110,信澳量化先锋(LOF)C,混合型-偏股,0.00%,0.00%,0.00%,3.16%,3.16%,1,恒玄科技(电芯片/核心半导体) 3.16%
000939,中银研究精选灵活配置混合A,混合型-灵活,0.00%,0.00%,0.00%,3.15%,3.15%,1,芯原股份(电芯片/核心半导体) 3.15%
009827,民生加银家盈6个月持有期债券C,债券型-混合二级,0.00%,2.08%,0.00%,1.07%,3.15%,2,兆易创新(存储) 2.08%; 北方华创(电芯片/核心半导体) 1.07%
009826,民生加银家盈6个月持有期债券A,债券型-混合二级,0.00%,2.08%,0.00%,1.07%,3.15%,2,兆易创新(存储) 2.08%; 北方华创(电芯片/核心半导体) 1.07%
012264,中银研究精选灵活配置混合C,混合型-灵活,0.00%,0.00%,0.00%,3.15%,3.15%,1,芯原股份(电芯片/核心半导体) 3.15%
530080,上证180ETF天弘,指数型-股票,0.00%,0.00%,0.00%,3.15%,3.15%,2,海光信息(电芯片/核心半导体) 1.68%; 寒武纪(电芯片/核心半导体) 1.47%
004858,长信量化多策略股票C,股票型,0.00%,0.00%,3.14%,0.00%,3.14%,1,中际旭创(光芯片/光通信) 3.14%
519965,长信量化多策略股票A,股票型,0.00%,0.00%,3.14%,0.00%,3.14%,1,中际旭创(光芯片/光通信) 3.14%
005144,东吴优益债券A,债券型-混合二级,0.00%,0.00%,3.14%,0.00%,3.14%,2,中际旭创(光芯片/光通信) 1.87%; 新易盛(光芯片/光通信) 1.27%
005145,东吴优益债券C,债券型-混合二级,0.00%,0.00%,3.14%,0.00%,3.14%,2,中际旭创(光芯片/光通信) 1.87%; 新易盛(光芯片/光通信) 1.27%
010726,鹏华安享一年持有期混合C,混合型-偏债,0.00%,0.00%,0.00%,3.14%,3.14%,2,思特威(电芯片/核心半导体) 1.69%; 北方华创(电芯片/核心半导体) 1.45%
010725,鹏华安享一年持有期混合A,混合型-偏债,0.00%,0.00%,0.00%,3.14%,3.14%,2,思特威(电芯片/核心半导体) 1.69%; 北方华创(电芯片/核心半导体) 1.45%
006299,恒越核心精选混合A,混合型-偏股,0.00%,0.00%,3.13%,0.00%,3.13%,1,中际旭创(光芯片/光通信) 3.13%
007193,恒越核心精选混合C,混合型-偏股,0.00%,0.00%,3.13%,0.00%,3.13%,1,中际旭创(光芯片/光通信) 3.13%
009188,鹏华股息精选混合,混合型-偏股,0.00%,0.00%,3.13%,0.00%,3.13%,1,中际旭创(光芯片/光通信) 3.13%
016998,创金合信产业臻选平衡混合C,混合型-偏股,0.00%,0.00%,3.13%,0.00%,3.13%,1,中际旭创(光芯片/光通信) 3.13%
016997,创金合信产业臻选平衡混合A,混合型-偏股,0.00%,0.00%,3.13%,0.00%,3.13%,1,中际旭创(光芯片/光通信) 3.13%
007895,嘉实价值成长混合,混合型-偏股,0.00%,0.00%,0.00%,3.12%,3.12%,1,豪威集团(电芯片/核心半导体) 3.12%
015437,太平安元债券A,债券型-混合二级,0.00%,1.08%,2.04%,0.00%,3.12%,3,光迅科技(光芯片/光通信) 1.22%; 普冉股份(存储) 1.08%; 中际旭创(光芯片/光通信) 0.82%
015449,太平安元债券C,债券型-混合二级,0.00%,1.08%,2.04%,0.00%,3.12%,3,光迅科技(光芯片/光通信) 1.22%; 普冉股份(存储) 1.08%; 中际旭创(光芯片/光通信) 0.82%
001605,国富沪港深成长精选股票A,股票型,0.00%,0.00%,0.00%,3.11%,3.11%,1,北方华创(电芯片/核心半导体) 3.11%
017946,国富沪港深成长精选股票C,股票型,0.00%,0.00%,0.00%,3.11%,3.11%,1,北方华创(电芯片/核心半导体) 3.11%
512150,富时A50ETF汇安,指数型-股票,0.00%,0.00%,3.11%,0.00%,3.11%,1,中际旭创(光芯片/光通信) 3.11%
019393,嘉实匠心严选混合C,混合型-偏股,0.00%,0.00%,0.00%,3.10%,3.10%,1,中微公司(电芯片/核心半导体) 3.10%
019392,嘉实匠心严选混合A,混合型-偏股,0.00%,0.00%,0.00%,3.10%,3.10%,1,中微公司(电芯片/核心半导体) 3.10%
026359,易方达中证800增强A,指数型-股票,0.00%,0.00%,3.09%,0.00%,3.09%,2,中际旭创(光芯片/光通信) 1.82%; 新易盛(光芯片/光通信) 1.27%
026360,易方达中证800增强C,指数型-股票,0.00%,0.00%,3.09%,0.00%,3.09%,2,中际旭创(光芯片/光通信) 1.82%; 新易盛(光芯片/光通信) 1.27%
005400,万家潜力价值灵活配置混合A,混合型-灵活,0.00%,0.00%,0.00%,3.09%,3.09%,1,海光信息(电芯片/核心半导体) 3.09%
005401,万家潜力价值灵活配置混合C,混合型-灵活,0.00%,0.00%,0.00%,3.09%,3.09%,1,海光信息(电芯片/核心半导体) 3.09%
006402,先锋量化优选混合C,混合型-灵活,0.00%,0.00%,1.45%,1.64%,3.09%,2,中微公司(电芯片/核心半导体) 1.64%; 天孚通信(光芯片/光通信) 1.45%
006401,先锋量化优选混合A,混合型-灵活,0.00%,0.00%,1.45%,1.64%,3.09%,2,中微公司(电芯片/核心半导体) 1.64%; 天孚通信(光芯片/光通信) 1.45%
014347,富国趋势优先混合A,混合型-偏股,0.00%,0.00%,3.09%,0.00%,3.09%,1,中际旭创(光芯片/光通信) 3.09%
014348,富国趋势优先混合C,混合型-偏股,0.00%,0.00%,3.09%,0.00%,3.09%,1,中际旭创(光芯片/光通信) 3.09%
011435,中欧研究精选混合A,混合型-偏股,0.00%,0.00%,3.08%,0.00%,3.08%,1,新易盛(光芯片/光通信) 3.08%
011436,中欧研究精选混合C,混合型-偏股,0.00%,0.00%,3.08%,0.00%,3.08%,1,新易盛(光芯片/光通信) 3.08%
012074,华安均衡优选混合C,混合型-偏股,0.00%,0.00%,3.08%,0.00%,3.08%,1,长飞光纤光缆(光芯片/光通信) 3.08%
012073,华安均衡优选混合A,混合型-偏股,0.00%,0.00%,3.08%,0.00%,3.08%,1,长飞光纤光缆(光芯片/光通信) 3.08%
515800,中证800ETF汇添富,指数型-股票,0.00%,0.00%,3.07%,0.00%,3.07%,2,中际旭创(光芯片/光通信) 1.81%; 新易盛(光芯片/光通信) 1.26%
007777,中邮研究精选混合,混合型-偏股,0.00%,0.00%,0.00%,3.07%,3.07%,1,中微公司(电芯片/核心半导体) 3.07%
010670,兴全合兴混合C,混合型-偏股,0.00%,0.00%,0.00%,3.07%,3.07%,1,芯原股份(电芯片/核心半导体) 3.07%
163418,兴全合兴混合A,混合型-偏股,0.00%,0.00%,0.00%,3.07%,3.07%,1,芯原股份(电芯片/核心半导体) 3.07%
012785,鹏华品质精选混合A,混合型-偏股,0.00%,0.00%,3.06%,0.00%,3.06%,1,中际旭创(光芯片/光通信) 3.06%
012786,鹏华品质精选混合C,混合型-偏股,0.00%,0.00%,3.06%,0.00%,3.06%,1,中际旭创(光芯片/光通信) 3.06%
017061,兴业聚福一年持有期混合C,混合型-偏债,0.00%,0.00%,0.00%,3.06%,3.06%,2,恒玄科技(电芯片/核心半导体) 1.58%; 北方华创(电芯片/核心半导体) 1.48%
017060,兴业聚福一年持有期混合A,混合型-偏债,0.00%,0.00%,0.00%,3.06%,3.06%,2,恒玄科技(电芯片/核心半导体) 1.58%; 北方华创(电芯片/核心半导体) 1.48%
510180,上证180ETF华安,指数型-股票,0.00%,0.00%,0.00%,3.05%,3.05%,2,寒武纪(电芯片/核心半导体) 1.57%; 海光信息(电芯片/核心半导体) 1.48%
002003,工银新机遇灵活配置混合A,混合型-灵活,0.00%,0.00%,3.05%,0.00%,3.05%,1,天孚通信(光芯片/光通信) 3.05%
002004,工银新机遇灵活配置混合C,混合型-灵活,0.00%,0.00%,3.05%,0.00%,3.05%,1,天孚通信(光芯片/光通信) 3.05%
024075,长盛中证A500指数增强A,指数型-股票,0.00%,0.00%,3.05%,0.00%,3.05%,2,中际旭创(光芯片/光通信) 1.77%; 新易盛(光芯片/光通信) 1.28%
024076,长盛中证A500指数增强C,指数型-股票,0.00%,0.00%,3.05%,0.00%,3.05%,2,中际旭创(光芯片/光通信) 1.77%; 新易盛(光芯片/光通信) 1.28%
530680,上证180ETF兴业,指数型-股票,0.00%,0.00%,0.00%,3.05%,3.05%,2,寒武纪(电芯片/核心半导体) 1.60%; 海光信息(电芯片/核心半导体) 1.45%
000512,国泰沪深300指数增强A,指数型-股票,0.00%,0.00%,1.47%,1.57%,3.04%,2,中芯国际(电芯片/核心半导体) 1.57%; 中际旭创(光芯片/光通信) 1.47%
002063,国泰沪深300指数增强C,指数型-股票,0.00%,0.00%,1.47%,1.57%,3.04%,2,中芯国际(电芯片/核心半导体) 1.57%; 中际旭创(光芯片/光通信) 1.47%
016375,招商裕泰混合,混合型-偏股,0.00%,0.00%,0.00%,3.04%,3.04%,1,中芯国际(电芯片/核心半导体) 3.04%
006540,南方绩优成长混合C,混合型-偏股,0.00%,3.03%,0.00%,0.00%,3.03%,1,北京君正(存储) 3.03%
009058,博时科技创新混合C,混合型-偏股,0.00%,0.00%,0.00%,3.03%,3.03%,1,中芯国际(电芯片/核心半导体) 3.03%
009057,博时科技创新混合A,混合型-偏股,0.00%,0.00%,0.00%,3.03%,3.03%,1,中芯国际(电芯片/核心半导体) 3.03%
015137,国富均衡增长混合A,混合型-偏股,0.00%,0.00%,3.03%,0.00%,3.03%,1,中际旭创(光芯片/光通信) 3.03%
015138,国富均衡增长混合C,混合型-偏股,0.00%,0.00%,3.03%,0.00%,3.03%,1,中际旭创(光芯片/光通信) 3.03%
202003,南方绩优成长混合A,混合型-偏股,0.00%,3.03%,0.00%,0.00%,3.03%,1,北京君正(存储) 3.03%
000545,中邮核心竞争力灵活配置混合,混合型-灵活,0.00%,0.00%,0.00%,3.02%,3.02%,1,中微公司(电芯片/核心半导体) 3.02%
005137,长信沪深300指数增强A,指数型-股票,0.00%,0.00%,3.02%,0.00%,3.02%,1,中际旭创(光芯片/光通信) 3.02%
007448,长信沪深300指数增强C,指数型-股票,0.00%,0.00%,3.02%,0.00%,3.02%,1,中际旭创(光芯片/光通信) 3.02%
510670,上证180ETF华夏,指数型-股票,0.00%,0.00%,0.00%,3.02%,3.02%,2,寒武纪(电芯片/核心半导体) 1.55%; 海光信息(电芯片/核心半导体) 1.47%
003876,华宝沪深300增强策略ETF发起式联接A,指数型-股票,0.00%,0.00%,3.01%,0.00%,3.01%,2,中际旭创(光芯片/光通信) 1.71%; 新易盛(光芯片/光通信) 1.30%
007404,华宝沪深300增强策略ETF发起式联接C,指数型-股票,0.00%,0.00%,3.01%,0.00%,3.01%,2,中际旭创(光芯片/光通信) 1.71%; 新易盛(光芯片/光通信) 1.30%
530180,上证180ETF易方达,指数型-股票,0.00%,0.00%,0.00%,3.01%,3.01%,2,寒武纪(电芯片/核心半导体) 1.59%; 海光信息(电芯片/核心半导体) 1.42%
000835,华润元大富时中国A50指数A,指数型-股票,0.00%,0.00%,3.01%,0.00%,3.01%,1,中际旭创(光芯片/光通信) 3.01%
010573,华润元大富时中国A50指数C,指数型-股票,0.00%,0.00%,3.01%,0.00%,3.01%,1,中际旭创(光芯片/光通信) 3.01%
020365,博时卓越成长混合C,混合型-偏股,0.00%,0.00%,3.01%,0.00%,3.01%,1,长飞光纤光缆(光芯片/光通信) 3.01%
020364,博时卓越成长混合A,混合型-偏股,0.00%,0.00%,3.01%,0.00%,3.01%,1,长飞光纤光缆(光芯片/光通信) 3.01%
024577,永赢沪深300指数增强C,指数型-股票,0.00%,0.00%,3.00%,0.00%,3.00%,1,中际旭创(光芯片/光通信) 3.00%
024576,永赢沪深300指数增强A,指数型-股票,0.00%,0.00%,3.00%,0.00%,3.00%,1,中际旭创(光芯片/光通信) 3.00%
002593,富国美丽中国混合A,混合型-偏股,0.00%,0.00%,2.99%,0.00%,2.99%,1,新易盛(光芯片/光通信) 2.99%
004958,圆信永丰优享生活,混合型-灵活,0.00%,0.00%,0.00%,2.99%,2.99%,1,中芯国际(电芯片/核心半导体) 2.99%
011566,富国美丽中国混合C,混合型-偏股,0.00%,0.00%,2.99%,0.00%,2.99%,1,新易盛(光芯片/光通信) 2.99%
025308,国泰海通中证全指指数增强A,指数型-股票,0.00%,0.00%,2.99%,0.00%,2.99%,2,中际旭创(光芯片/光通信) 1.71%; 新易盛(光芯片/光通信) 1.28%
025309,国泰海通中证全指指数增强C,指数型-股票,0.00%,0.00%,2.99%,0.00%,2.99%,2,中际旭创(光芯片/光通信) 1.71%; 新易盛(光芯片/光通信) 1.28%
026082,财通资管优质研选混合发起式C,混合型-偏股,0.00%,0.00%,0.00%,2.99%,2.99%,1,寒武纪(电芯片/核心半导体) 2.99%
026081,财通资管优质研选混合发起式A,混合型-偏股,0.00%,0.00%,0.00%,2.99%,2.99%,1,寒武纪(电芯片/核心半导体) 2.99%
040002,华安中国A股增强指数,指数型-股票,0.00%,0.00%,2.99%,0.00%,2.99%,2,中际旭创(光芯片/光通信) 1.70%; 新易盛(光芯片/光通信) 1.29%
519957,长信睿进混合A,混合型-灵活,0.00%,0.00%,0.00%,2.99%,2.99%,1,中微公司(电芯片/核心半导体) 2.99%
519956,长信睿进混合C,混合型-灵活,0.00%,0.00%,0.00%,2.99%,2.99%,1,中微公司(电芯片/核心半导体) 2.99%
530530,上证580ETF华夏,指数型-股票,0.00%,0.00%,2.99%,0.00%,2.99%,3,源杰科技(光芯片/光通信) 1.61%; 仕佳光子(光芯片/光通信) 0.71%; 长光华芯(光芯片/光通信) 0.67%
530580,上证180ETF南方,指数型-股票,0.00%,0.00%,0.00%,2.99%,2.99%,2,寒武纪(电芯片/核心半导体) 1.52%; 海光信息(电芯片/核心半导体) 1.47%
004716,中信保诚量化阿尔法股票A,股票型,0.00%,0.00%,2.98%,0.00%,2.98%,2,中际旭创(光芯片/光通信) 1.75%; 新易盛(光芯片/光通信) 1.23%
009830,长城优选增强六个月持有混合C,混合型-偏债,0.00%,0.00%,1.93%,1.05%,2.98%,5,源杰科技(光芯片/光通信) 0.79%; 太辰光(光芯片/光通信) 0.66%; 中微公司(电芯片/核心半导体) 0.53%; 中芯国际(电芯片/核心半导体) 0.52%; 长芯博创(光芯片/光通信) 0.48%
009829,长城优选增强六个月持有混合A,混合型-偏债,0.00%,0.00%,1.93%,1.05%,2.98%,5,源杰科技(光芯片/光通信) 0.79%; 太辰光(光芯片/光通信) 0.66%; 中微公司(电芯片/核心半导体) 0.53%; 中芯国际(电芯片/核心半导体) 0.52%; 长芯博创(光芯片/光通信) 0.48%
011295,中信保诚量化阿尔法股票C,股票型,0.00%,0.00%,2.98%,0.00%,2.98%,2,中际旭创(光芯片/光通信) 1.75%; 新易盛(光芯片/光通信) 1.23%
515810,中证800ETF易方达,指数型-股票,0.00%,0.00%,2.98%,0.00%,2.98%,2,中际旭创(光芯片/光通信) 1.76%; 新易盛(光芯片/光通信) 1.22%
530100,上证580ETF易方达,指数型-股票,0.00%,0.00%,2.98%,0.00%,2.98%,3,源杰科技(光芯片/光通信) 1.61%; 仕佳光子(光芯片/光通信) 0.71%; 长光华芯(光芯片/光通信) 0.66%
001588,天弘中证800指数A,指数型-股票,0.00%,0.00%,2.97%,0.00%,2.97%,2,中际旭创(光芯片/光通信) 1.76%; 新易盛(光芯片/光通信) 1.21%
001589,天弘中证800指数C,指数型-股票,0.00%,0.00%,2.97%,0.00%,2.97%,2,中际旭创(光芯片/光通信) 1.76%; 新易盛(光芯片/光通信) 1.21%
003714,英大睿盛C,混合型-灵活,0.00%,0.00%,2.97%,0.00%,2.97%,1,德科立(光芯片/光通信) 2.97%
003713,英大睿盛A,混合型-灵活,0.00%,0.00%,2.97%,0.00%,2.97%,1,德科立(光芯片/光通信) 2.97%
006769,长城研究精选混合A,混合型-偏股,0.00%,0.00%,2.97%,0.00%,2.97%,1,新易盛(光芯片/光通信) 2.97%
014538,长城研究精选混合C,混合型-偏股,0.00%,0.00%,2.97%,0.00%,2.97%,1,新易盛(光芯片/光通信) 2.97%
160806,长盛同庆中证800(LOF),指数型-股票,0.00%,0.00%,2.97%,0.00%,2.97%,2,中际旭创(光芯片/光通信) 1.66%; 新易盛(光芯片/光通信) 1.31%
024254,国联中证800指数增强A,指数型-股票,0.00%,0.00%,2.97%,0.00%,2.97%,2,中际旭创(光芯片/光通信) 1.84%; 新易盛(光芯片/光通信) 1.13%
024255,国联中证800指数增强C,指数型-股票,0.00%,0.00%,2.97%,0.00%,2.97%,2,中际旭创(光芯片/光通信) 1.84%; 新易盛(光芯片/光通信) 1.13%
009208,建信沪深300指数增强(LOF)C,指数型-股票,0.00%,0.00%,2.96%,0.00%,2.96%,1,中际旭创(光芯片/光通信) 2.96%
011006,工银圆丰三年持有期混合,混合型-偏股,0.00%,0.00%,0.00%,2.96%,2.96%,1,海光信息(电芯片/核心半导体) 2.96%
018767,汇添富稳乐回报债券发起式A,债券型-混合二级,0.00%,0.00%,2.96%,0.00%,2.96%,2,中际旭创(光芯片/光通信) 1.49%; 新易盛(光芯片/光通信) 1.47%
018768,汇添富稳乐回报债券发起式C,债券型-混合二级,0.00%,0.00%,2.96%,0.00%,2.96%,2,中际旭创(光芯片/光通信) 1.49%; 新易盛(光芯片/光通信) 1.47%
159717,ESGETF鹏华,指数型-股票,0.00%,0.00%,2.96%,0.00%,2.96%,1,中际旭创(光芯片/光通信) 2.96%
165310,建信沪深300指数增强(LOF)A,指数型-股票,0.00%,0.00%,2.96%,0.00%,2.96%,1,中际旭创(光芯片/光通信) 2.96%
006803,嘉实互通精选股票,股票型,0.00%,0.00%,0.00%,2.95%,2.95%,1,中微公司(电芯片/核心半导体) 2.95%
012904,摩根鑫睿优选一年持有混合,混合型-偏股,0.00%,0.00%,2.95%,0.00%,2.95%,1,新易盛(光芯片/光通信) 2.95%
021623,天弘新兴产业混合发起A,混合型-偏股,0.00%,2.95%,0.00%,0.00%,2.95%,1,长电科技(存储) 2.95%
021624,天弘新兴产业混合发起C,混合型-偏股,0.00%,2.95%,0.00%,0.00%,2.95%,1,长电科技(存储) 2.95%
007047,长城核心优势混合A,混合型-偏股,0.00%,0.00%,2.94%,0.00%,2.94%,1,新易盛(光芯片/光通信) 2.94%
012588,南方港股通优势企业混合A,混合型-偏股,0.00%,0.00%,0.00%,2.94%,2.94%,1,中芯国际(电芯片/核心半导体) 2.94%
012589,南方港股通优势企业混合C,混合型-偏股,0.00%,0.00%,0.00%,2.94%,2.94%,1,中芯国际(电芯片/核心半导体) 2.94%
018152,长城核心优势混合C,混合型-偏股,0.00%,0.00%,2.94%,0.00%,2.94%,1,新易盛(光芯片/光通信) 2.94%
019079,国富招瑞优选股票A,股票型,0.00%,0.00%,2.94%,0.00%,2.94%,1,中际旭创(光芯片/光通信) 2.94%
019080,国富招瑞优选股票C,股票型,0.00%,0.00%,2.94%,0.00%,2.94%,1,中际旭创(光芯片/光通信) 2.94%
005739,富国转型机遇混合,混合型-偏股,0.00%,0.00%,2.93%,0.00%,2.93%,1,中际旭创(光芯片/光通信) 2.93%
014057,富国金安均衡精选混合A,混合型-偏股,0.00%,0.00%,2.93%,0.00%,2.93%,1,中际旭创(光芯片/光通信) 2.93%
014058,富国金安均衡精选混合C,混合型-偏股,0.00%,0.00%,2.93%,0.00%,2.93%,1,中际旭创(光芯片/光通信) 2.93%
005228,汇添富港股通专注成长,混合型-偏股,0.00%,0.00%,0.00%,2.92%,2.92%,1,中芯国际(电芯片/核心半导体) 2.92%
393001,中海优势精选灵活配置混合,混合型-灵活,0.00%,0.00%,2.92%,0.00%,2.92%,1,光迅科技(光芯片/光通信) 2.92%
010438,嘉实竞争力优选混合C,混合型-偏股,0.00%,0.00%,0.00%,2.91%,2.91%,1,中微公司(电芯片/核心半导体) 2.91%
010437,嘉实竞争力优选混合A,混合型-偏股,0.00%,0.00%,0.00%,2.91%,2.91%,1,中微公司(电芯片/核心半导体) 2.91%
013092,摩根均衡优选混合C,混合型-偏股,0.00%,0.00%,2.91%,0.00%,2.91%,1,新易盛(光芯片/光通信) 2.91%
013091,摩根均衡优选混合A,混合型-偏股,0.00%,0.00%,2.91%,0.00%,2.91%,1,新易盛(光芯片/光通信) 2.91%
022741,万家180指数C,指数型-股票,0.00%,0.00%,0.00%,2.91%,2.91%,2,寒武纪(电芯片/核心半导体) 1.50%; 海光信息(电芯片/核心半导体) 1.41%
519180,万家180指数A,指数型-股票,0.00%,0.00%,0.00%,2.91%,2.91%,2,寒武纪(电芯片/核心半导体) 1.50%; 海光信息(电芯片/核心半导体) 1.41%
013899,摩根全景优势股票A,股票型,0.00%,0.00%,2.90%,0.00%,2.90%,1,新易盛(光芯片/光通信) 2.90%
023563,广发中证800指数增强C,指数型-股票,0.00%,0.00%,2.90%,0.00%,2.90%,2,中际旭创(光芯片/光通信) 1.63%; 新易盛(光芯片/光通信) 1.27%
023562,广发中证800指数增强A,指数型-股票,0.00%,0.00%,2.90%,0.00%,2.90%,2,中际旭创(光芯片/光通信) 1.63%; 新易盛(光芯片/光通信) 1.27%
159528,国企改革ETF富国,指数型-股票,0.00%,0.00%,0.00%,2.90%,2.90%,1,北方华创(电芯片/核心半导体) 2.90%
019329,国泰金盛回报混合C,混合型-偏股,0.00%,0.00%,2.89%,0.00%,2.89%,1,中际旭创(光芯片/光通信) 2.89%
019328,国泰金盛回报混合A,混合型-偏股,0.00%,0.00%,2.89%,0.00%,2.89%,1,中际旭创(光芯片/光通信) 2.89%
020158,信澳核心智选混合A,混合型-偏股,0.00%,0.00%,1.60%,1.29%,2.89%,2,中际旭创(光芯片/光通信) 1.60%; 海光信息(电芯片/核心半导体) 1.29%
020159,信澳核心智选混合C,混合型-偏股,0.00%,0.00%,1.60%,1.29%,2.89%,2,中际旭创(光芯片/光通信) 1.60%; 海光信息(电芯片/核心半导体) 1.29%
002653,泰康沪港深精选混合,混合型-灵活,0.00%,0.00%,2.88%,0.00%,2.88%,1,新易盛(光芯片/光通信) 2.88%
006649,汇安多因子混合C,混合型-偏股,0.00%,0.00%,2.87%,0.00%,2.87%,2,中际旭创(光芯片/光通信) 1.51%; 新易盛(光芯片/光通信) 1.36%
006648,汇安多因子混合A,混合型-偏股,0.00%,0.00%,2.87%,0.00%,2.87%,2,中际旭创(光芯片/光通信) 1.51%; 新易盛(光芯片/光通信) 1.36%
001522,博时新策略灵活配置混合A,混合型-灵活,0.00%,0.00%,0.00%,2.87%,2.87%,1,寒武纪(电芯片/核心半导体) 2.87%
001523,博时新策略灵活配置混合C,混合型-灵活,0.00%,0.00%,0.00%,2.87%,2.87%,1,寒武纪(电芯片/核心半导体) 2.87%
019354,易方达平衡视野混合A1,混合型-偏股,0.00%,0.00%,2.87%,0.00%,2.87%,1,新易盛(光芯片/光通信) 2.87%
019355,易方达平衡视野混合A2,混合型-偏股,0.00%,0.00%,2.87%,0.00%,2.87%,1,新易盛(光芯片/光通信) 2.87%
019356,易方达平衡视野混合A3,混合型-偏股,0.00%,0.00%,2.87%,0.00%,2.87%,1,新易盛(光芯片/光通信) 2.87%
021271,华泰紫金远见回报12个月持有混合A,混合型-偏股,0.00%,0.00%,0.00%,2.87%,2.87%,1,晶晨股份(电芯片/核心半导体) 2.87%
021272,华泰紫金远见回报12个月持有混合C,混合型-偏股,0.00%,0.00%,0.00%,2.87%,2.87%,1,晶晨股份(电芯片/核心半导体) 2.87%
011706,长信标普100等权重指数美元,指数型-海外股票,0.00%,1.59%,0.72%,0.56%,2.87%,4,闪迪(存储) 0.96%; Lumentum Holdings Inc(光芯片/光通信) 0.72%; 美光科技(存储) 0.63%; 超威半导体(电芯片/核心半导体) 0.56%
519981,长信标普100等权重指数人民币,指数型-海外股票,0.00%,1.59%,0.72%,0.56%,2.87%,4,闪迪(存储) 0.96%; Lumentum Holdings Inc(光芯片/光通信) 0.72%; 美光科技(存储) 0.63%; 超威半导体(电芯片/核心半导体) 0.56%
025312,嘉实中证A500指数增强C,指数型-股票,0.00%,0.00%,2.86%,0.00%,2.86%,1,中际旭创(光芯片/光通信) 2.86%
025311,嘉实中证A500指数增强A,指数型-股票,0.00%,0.00%,2.86%,0.00%,2.86%,1,中际旭创(光芯片/光通信) 2.86%
001556,天弘中证500指数增强A,指数型-股票,0.00%,1.75%,1.10%,0.00%,2.85%,3,通富微电(存储) 1.12%; 光迅科技(光芯片/光通信) 1.10%; 澜起科技(存储) 0.63%
001557,天弘中证500指数增强C,指数型-股票,0.00%,1.75%,1.10%,0.00%,2.85%,3,通富微电(存储) 1.12%; 光迅科技(光芯片/光通信) 1.10%; 澜起科技(存储) 0.63%
022567,天弘中证500指数增强E,指数型-股票,0.00%,1.75%,1.10%,0.00%,2.85%,3,通富微电(存储) 1.12%; 光迅科技(光芯片/光通信) 1.10%; 澜起科技(存储) 0.63%
025043,天弘中证500指数增强Y,指数型-股票,0.00%,1.75%,1.10%,0.00%,2.85%,3,通富微电(存储) 1.12%; 光迅科技(光芯片/光通信) 1.10%; 澜起科技(存储) 0.63%
001760,嘉实创新成长混合,混合型-灵活,0.00%,0.00%,0.00%,2.85%,2.85%,1,复旦微电(电芯片/核心半导体) 2.85%
202212,南方平衡配置混合,混合型-灵活,0.00%,0.00%,0.00%,2.85%,2.85%,1,海光信息(电芯片/核心半导体) 2.85%
003105,光大永鑫混合A,混合型-灵活,0.00%,2.84%,0.00%,0.00%,2.84%,1,兆易创新(存储) 2.84%
003106,光大永鑫混合C,混合型-灵活,0.00%,2.84%,0.00%,0.00%,2.84%,1,兆易创新(存储) 2.84%
002834,华夏新锦绣混合C,混合型-灵活,0.00%,0.00%,0.00%,2.84%,2.84%,3,中芯国际(电芯片/核心半导体) 1.14%; 中微公司(电芯片/核心半导体) 0.86%; 海光信息(电芯片/核心半导体) 0.84%
002833,华夏新锦绣混合A,混合型-灵活,0.00%,0.00%,0.00%,2.84%,2.84%,3,中芯国际(电芯片/核心半导体) 1.14%; 中微公司(电芯片/核心半导体) 0.86%; 海光信息(电芯片/核心半导体) 0.84%
001136,易方达裕如灵活配置混合A,混合型-灵活,0.00%,0.00%,1.57%,1.25%,2.82%,2,新易盛(光芯片/光通信) 1.57%; 芯原股份(电芯片/核心半导体) 1.25%
017417,易方达裕如灵活配置混合C,混合型-灵活,0.00%,0.00%,1.57%,1.25%,2.82%,2,新易盛(光芯片/光通信) 1.57%; 芯原股份(电芯片/核心半导体) 1.25%
022770,兴业中证A500指数增强A,指数型-股票,0.00%,0.00%,2.82%,0.00%,2.82%,2,中际旭创(光芯片/光通信) 1.48%; 新易盛(光芯片/光通信) 1.34%
022771,兴业中证A500指数增强C,指数型-股票,0.00%,0.00%,2.82%,0.00%,2.82%,2,中际旭创(光芯片/光通信) 1.48%; 新易盛(光芯片/光通信) 1.34%
017426,国富深化价值混合C,混合型-偏股,0.00%,0.00%,2.81%,0.00%,2.81%,1,中际旭创(光芯片/光通信) 2.81%
025911,东方红中证全指指数增强A,指数型-股票,0.00%,0.00%,2.81%,0.00%,2.81%,2,中际旭创(光芯片/光通信) 1.58%; 新易盛(光芯片/光通信) 1.23%
025912,东方红中证全指指数增强C,指数型-股票,0.00%,0.00%,2.81%,0.00%,2.81%,2,中际旭创(光芯片/光通信) 1.58%; 新易盛(光芯片/光通信) 1.23%
450004,国富深化价值混合A,混合型-偏股,0.00%,0.00%,2.81%,0.00%,2.81%,1,中际旭创(光芯片/光通信) 2.81%
009152,南方瑞盛三年混合A,混合型-偏股,0.00%,0.00%,0.00%,2.80%,2.80%,1,中微公司(电芯片/核心半导体) 2.80%
009153,南方瑞盛三年混合C,混合型-偏股,0.00%,0.00%,0.00%,2.80%,2.80%,1,中微公司(电芯片/核心半导体) 2.80%
011863,南方蓝筹成长混合C,混合型-偏股,0.00%,0.00%,2.80%,0.00%,2.80%,1,中际旭创(光芯片/光通信) 2.80%
011862,南方蓝筹成长混合A,混合型-偏股,0.00%,0.00%,2.80%,0.00%,2.80%,1,中际旭创(光芯片/光通信) 2.80%
014174,富国中证国有企业改革指数(LOF)C,指数型-股票,0.00%,0.00%,0.00%,2.80%,2.80%,1,北方华创(电芯片/核心半导体) 2.80%
015057,摩根核心优选混合C,混合型-偏股,0.00%,0.00%,2.80%,0.00%,2.80%,1,新易盛(光芯片/光通信) 2.80%
015077,摩根成长先锋混合C,混合型-偏股,0.00%,0.00%,2.80%,0.00%,2.80%,1,新易盛(光芯片/光通信) 2.80%
159653,ESG300ETF国联安,指数型-股票,0.00%,0.00%,2.80%,0.00%,2.80%,1,中际旭创(光芯片/光通信) 2.80%
161026,富国中证国有企业改革指数(LOF)A,指数型-股票,0.00%,0.00%,0.00%,2.80%,2.80%,1,北方华创(电芯片/核心半导体) 2.80%
370024,摩根核心优选混合A,混合型-偏股,0.00%,0.00%,2.80%,0.00%,2.80%,1,新易盛(光芯片/光通信) 2.80%
378010,摩根成长先锋混合A,混合型-偏股,0.00%,0.00%,2.80%,0.00%,2.80%,1,新易盛(光芯片/光通信) 2.80%
014152,国富鑫享价值混合C,混合型-偏股,0.00%,0.00%,2.79%,0.00%,2.79%,1,中际旭创(光芯片/光通信) 2.79%
014151,国富鑫享价值混合A,混合型-偏股,0.00%,0.00%,2.79%,0.00%,2.79%,1,中际旭创(光芯片/光通信) 2.79%
004609,长信乐信灵活配置混合C,混合型-灵活,0.00%,0.00%,0.00%,2.78%,2.78%,1,中微公司(电芯片/核心半导体) 2.78%
004608,长信乐信灵活配置混合A,混合型-灵活,0.00%,0.00%,0.00%,2.78%,2.78%,1,中微公司(电芯片/核心半导体) 2.78%
012873,易方达中证国企改革(LOF)C,指数型-股票,0.00%,0.00%,0.00%,2.78%,2.78%,1,北方华创(电芯片/核心半导体) 2.78%
022697,长信中证A500指数增强A,指数型-股票,0.00%,0.00%,2.78%,0.00%,2.78%,1,中际旭创(光芯片/光通信) 2.78%
022698,长信中证A500指数增强C,指数型-股票,0.00%,0.00%,2.78%,0.00%,2.78%,1,中际旭创(光芯片/光通信) 2.78%
502006,易方达中证国企改革(LOF)A,指数型-股票,0.00%,0.00%,0.00%,2.78%,2.78%,1,北方华创(电芯片/核心半导体) 2.78%
023494,新华中证A500指数增强A,指数型-股票,0.00%,0.00%,1.79%,0.98%,2.77%,2,中际旭创(光芯片/光通信) 1.79%; 思瑞浦(电芯片/核心半导体) 0.98%
023495,新华中证A500指数增强C,指数型-股票,0.00%,0.00%,1.79%,0.98%,2.77%,2,中际旭创(光芯片/光通信) 1.79%; 思瑞浦(电芯片/核心半导体) 0.98%
017142,华宝远见回报混合A,混合型-偏股,0.00%,0.00%,2.76%,0.00%,2.76%,1,新易盛(光芯片/光通信) 2.76%
017143,华宝远见回报混合C,混合型-偏股,0.00%,0.00%,2.76%,0.00%,2.76%,1,新易盛(光芯片/光通信) 2.76%
202009,南方盛元红利混合,混合型-偏股,0.00%,0.00%,2.76%,0.00%,2.76%,1,中际旭创(光芯片/光通信) 2.76%
001122,鹏华弘利混合A,混合型-灵活,0.00%,0.00%,0.00%,2.75%,2.75%,2,思特威(电芯片/核心半导体) 1.83%; 北方华创(电芯片/核心半导体) 0.92%
001123,鹏华弘利混合C,混合型-灵活,0.00%,0.00%,0.00%,2.75%,2.75%,2,思特威(电芯片/核心半导体) 1.83%; 北方华创(电芯片/核心半导体) 0.92%
003641,长盛盛丰灵活配置混合A,混合型-灵活,0.00%,0.00%,1.55%,1.19%,2.74%,2,华工科技(光芯片/光通信) 1.55%; 芯原股份(电芯片/核心半导体) 1.19%
003642,长盛盛丰灵活配置混合C,混合型-灵活,0.00%,0.00%,1.55%,1.19%,2.74%,2,华工科技(光芯片/光通信) 1.55%; 芯原股份(电芯片/核心半导体) 1.19%
012108,泓德瑞嘉三年持有期混合C,混合型-偏股,0.00%,0.00%,0.00%,2.74%,2.74%,1,思瑞浦(电芯片/核心半导体) 2.74%
012107,泓德瑞嘉三年持有期混合A,混合型-偏股,0.00%,0.00%,0.00%,2.74%,2.74%,1,思瑞浦(电芯片/核心半导体) 2.74%
016477,光大专精特新混合A,混合型-偏股,0.00%,0.00%,2.74%,0.00%,2.74%,1,天孚通信(光芯片/光通信) 2.74%
016478,光大专精特新混合C,混合型-偏股,0.00%,0.00%,2.74%,0.00%,2.74%,1,天孚通信(光芯片/光通信) 2.74%
450007,国富成长动力混合,混合型-偏股,0.00%,0.00%,0.00%,2.74%,2.74%,1,海光信息(电芯片/核心半导体) 2.74%
019189,华商品质价值混合A,混合型-偏股,0.00%,0.00%,0.00%,2.73%,2.73%,1,中芯国际(电芯片/核心半导体) 2.73%
019190,华商品质价值混合C,混合型-偏股,0.00%,0.00%,0.00%,2.73%,2.73%,1,中芯国际(电芯片/核心半导体) 2.73%
011001,中邮兴荣价值一年持有混合,混合型-偏股,0.00%,0.00%,0.00%,2.72%,2.72%,1,中微公司(电芯片/核心半导体) 2.72%
012287,东海启航6个月持有混合A,混合型-偏债,0.00%,0.00%,0.00%,2.72%,2.72%,1,复旦微电(电芯片/核心半导体) 2.72%
013377,东海启航6个月持有混合C,混合型-偏债,0.00%,0.00%,0.00%,2.72%,2.72%,1,复旦微电(电芯片/核心半导体) 2.72%
022867,博道沪深300指数量化增强C,指数型-股票,0.00%,0.00%,2.71%,0.00%,2.71%,1,中际旭创(光芯片/光通信) 2.71%
022866,博道沪深300指数量化增强A,指数型-股票,0.00%,0.00%,2.71%,0.00%,2.71%,1,中际旭创(光芯片/光通信) 2.71%
000541,华商创新成长混合发起式A,混合型-灵活,0.00%,0.00%,0.00%,2.70%,2.70%,1,海光信息(电芯片/核心半导体) 2.70%
008065,汇添富中盘积极成长混合A,混合型-偏股,0.00%,0.00%,2.70%,0.00%,2.70%,1,长飞光纤光缆(光芯片/光通信) 2.70%
008066,汇添富中盘积极成长混合C,混合型-偏股,0.00%,0.00%,2.70%,0.00%,2.70%,1,长飞光纤光缆(光芯片/光通信) 2.70%
016563,金鹰红利价值混合C,混合型-灵活,0.00%,0.00%,0.00%,2.70%,2.70%,1,思瑞浦(电芯片/核心半导体) 2.70%
021813,东兴宸泰量化选股混合发起C,混合型-偏股,0.00%,2.70%,0.00%,0.00%,2.70%,1,聚辰股份(存储) 2.70%
021812,东兴宸泰量化选股混合发起A,混合型-偏股,0.00%,2.70%,0.00%,0.00%,2.70%,1,聚辰股份(存储) 2.70%
024020,华商创新成长混合发起式C,混合型-灵活,0.00%,0.00%,0.00%,2.70%,2.70%,1,海光信息(电芯片/核心半导体) 2.70%
210002,金鹰红利价值混合A,混合型-灵活,0.00%,0.00%,0.00%,2.70%,2.70%,1,思瑞浦(电芯片/核心半导体) 2.70%
023345,信澳星瑞智选混合C,混合型-偏股,0.00%,0.00%,2.70%,0.00%,2.70%,2,中际旭创(光芯片/光通信) 1.73%; 新易盛(光芯片/光通信) 0.97%
023344,信澳星瑞智选混合A,混合型-偏股,0.00%,0.00%,2.70%,0.00%,2.70%,2,中际旭创(光芯片/光通信) 1.73%; 新易盛(光芯片/光通信) 0.97%
000932,前海开源睿远稳健增利混合A,混合型-偏债,0.00%,0.00%,2.69%,0.00%,2.69%,2,中际旭创(光芯片/光通信) 1.67%; 新易盛(光芯片/光通信) 1.02%
000933,前海开源睿远稳健增利混合C,混合型-偏债,0.00%,0.00%,2.69%,0.00%,2.69%,2,中际旭创(光芯片/光通信) 1.67%; 新易盛(光芯片/光通信) 1.02%
002142,博时外延增长混合A,混合型-灵活,0.00%,0.00%,2.69%,0.00%,2.69%,1,新易盛(光芯片/光通信) 2.69%
002537,平安安盈灵活配置混合A,混合型-灵活,0.00%,0.00%,1.33%,1.36%,2.69%,2,海光信息(电芯片/核心半导体) 1.36%; 中际旭创(光芯片/光通信) 1.33%
011820,兴业兴智一年持有期混合A,混合型-偏股,0.00%,0.00%,0.00%,2.69%,2.69%,1,中芯国际(电芯片/核心半导体) 2.69%
011821,兴业兴智一年持有期混合C,混合型-偏股,0.00%,0.00%,0.00%,2.69%,2.69%,1,中芯国际(电芯片/核心半导体) 2.69%
014051,平安安盈灵活配置混合C,混合型-灵活,0.00%,0.00%,1.33%,1.36%,2.69%,2,海光信息(电芯片/核心半导体) 1.36%; 中际旭创(光芯片/光通信) 1.33%
021625,博时外延增长混合C,混合型-灵活,0.00%,0.00%,2.69%,0.00%,2.69%,1,新易盛(光芯片/光通信) 2.69%
563030,中证500增强ETF易方达,指数型-股票,0.00%,1.14%,1.55%,0.00%,2.69%,3,佰维存储(存储) 1.14%; 光迅科技(光芯片/光通信) 0.94%; 源杰科技(光芯片/光通信) 0.61%
000970,东方红睿元混合,混合型-灵活,0.00%,0.00%,0.00%,2.68%,2.68%,1,寒武纪(电芯片/核心半导体) 2.68%
014747,贝莱德港股通远景视野混合C,混合型-偏股,0.00%,0.00%,2.68%,0.00%,2.68%,1,中际旭创(光芯片/光通信) 2.68%
014746,贝莱德港股通远景视野混合A,混合型-偏股,0.00%,0.00%,2.68%,0.00%,2.68%,1,中际旭创(光芯片/光通信) 2.68%
011052,鹏华弘裕一年持有期混合A,混合型-偏债,0.00%,0.00%,0.00%,2.67%,2.67%,2,思特威(电芯片/核心半导体) 1.58%; 北方华创(电芯片/核心半导体) 1.09%
011053,鹏华弘裕一年持有期混合C,混合型-偏债,0.00%,0.00%,0.00%,2.67%,2.67%,2,思特威(电芯片/核心半导体) 1.58%; 北方华创(电芯片/核心半导体) 1.09%
002597,兴业成长动力混合A,混合型-灵活,0.00%,0.00%,0.00%,2.67%,2.67%,1,中芯国际(电芯片/核心半导体) 2.67%
020106,兴业成长动力混合C,混合型-灵活,0.00%,0.00%,0.00%,2.67%,2.67%,1,中芯国际(电芯片/核心半导体) 2.67%
024444,华夏瑞享回报混合C,混合型-偏股,0.00%,0.00%,0.00%,2.66%,2.66%,1,北方华创(电芯片/核心半导体) 2.66%
024443,华夏瑞享回报混合A,混合型-偏股,0.00%,0.00%,0.00%,2.66%,2.66%,1,北方华创(电芯片/核心半导体) 2.66%
510680,上证50ETF万家,指数型-股票,0.00%,0.00%,0.00%,2.66%,2.66%,1,寒武纪(电芯片/核心半导体) 2.66%
000176,嘉实沪深300指数研究增强A,指数型-股票,0.00%,0.00%,2.65%,0.00%,2.65%,1,中际旭创(光芯片/光通信) 2.65%
012553,天弘芯片产业ETF联接C,指数型-股票,0.00%,0.70%,0.00%,1.95%,2.65%,10,海光信息(电芯片/核心半导体) 0.37%; 北方华创(电芯片/核心半导体) 0.36%; 中芯国际(电芯片/核心半导体) 0.36%; 寒武纪(电芯片/核心半导体) 0.33%; 兆易创新(存储) 0.30%; 澜起科技(存储) 0.27%; 中微公司(电芯片/核心半导体) 0.25%; 豪威集团(电芯片/核心半导体) 0.15%; 芯原股份(电芯片/核心半导体) 0.13%; 佰维存储(存储) 0.13%
012552,天弘芯片产业ETF联接A,指数型-股票,0.00%,0.70%,0.00%,1.95%,2.65%,10,海光信息(电芯片/核心半导体) 0.37%; 北方华创(电芯片/核心半导体) 0.36%; 中芯国际(电芯片/核心半导体) 0.36%; 寒武纪(电芯片/核心半导体) 0.33%; 兆易创新(存储) 0.30%; 澜起科技(存储) 0.27%; 中微公司(电芯片/核心半导体) 0.25%; 豪威集团(电芯片/核心半导体) 0.15%; 芯原股份(电芯片/核心半导体) 0.13%; 佰维存储(存储) 0.13%
016134,嘉实沪深300指数研究增强C,指数型-股票,0.00%,0.00%,2.65%,0.00%,2.65%,1,中际旭创(光芯片/光通信) 2.65%
001430,中邮乐享收益灵活配置混合A,混合型-灵活,0.00%,0.00%,2.63%,0.00%,2.63%,1,中际旭创(光芯片/光通信) 2.63%
019519,中邮乐享收益灵活配置混合C,混合型-灵活,0.00%,0.00%,2.63%,0.00%,2.63%,1,中际旭创(光芯片/光通信) 2.63%
024678,东海产业优选混合发起式A,混合型-偏股,0.00%,2.63%,0.00%,0.00%,2.63%,1,通富微电(存储) 2.63%
024679,东海产业优选混合发起式C,混合型-偏股,0.00%,2.63%,0.00%,0.00%,2.63%,1,通富微电(存储) 2.63%
024687,东海产业优选混合发起式E,混合型-偏股,0.00%,2.63%,0.00%,0.00%,2.63%,1,通富微电(存储) 2.63%
024680,东海产业优选混合发起式D,混合型-偏股,0.00%,2.63%,0.00%,0.00%,2.63%,1,通富微电(存储) 2.63%
510130,上证中盘ETF易方达,指数型-股票,0.00%,2.63%,0.00%,0.00%,2.63%,1,兆易创新(存储) 2.63%
003882,易方达瑞弘混合A,混合型-灵活,0.00%,1.74%,0.00%,0.88%,2.62%,3,兆易创新(存储) 0.90%; 寒武纪(电芯片/核心半导体) 0.88%; 澜起科技(存储) 0.84%
003883,易方达瑞弘混合C,混合型-灵活,0.00%,1.74%,0.00%,0.88%,2.62%,3,兆易创新(存储) 0.90%; 寒武纪(电芯片/核心半导体) 0.88%; 澜起科技(存储) 0.84%
007808,华银量化优选灵活配置,混合型-灵活,0.00%,1.39%,1.23%,0.00%,2.62%,2,佰维存储(存储) 1.39%; 中际旭创(光芯片/光通信) 1.23%
008057,南方上证50增强C,指数型-股票,0.00%,0.00%,0.00%,2.62%,2.62%,1,寒武纪(电芯片/核心半导体) 2.62%
008056,南方上证50增强A,指数型-股票,0.00%,0.00%,0.00%,2.62%,2.62%,1,寒武纪(电芯片/核心半导体) 2.62%
021136,广发集享债券A,债券型-混合二级,0.00%,0.00%,2.62%,0.00%,2.62%,2,新易盛(光芯片/光通信) 1.53%; 中际旭创(光芯片/光通信) 1.09%
021137,广发集享债券C,债券型-混合二级,0.00%,0.00%,2.62%,0.00%,2.62%,2,新易盛(光芯片/光通信) 1.53%; 中际旭创(光芯片/光通信) 1.09%
563330,A股ETF华泰柏瑞,指数型-股票,0.00%,0.00%,1.04%,1.58%,2.62%,3,中际旭创(光芯片/光通信) 1.04%; 北方华创(电芯片/核心半导体) 0.81%; 海光信息(电芯片/核心半导体) 0.77%
002924,华商瑞鑫定开债,债券型-混合二级,0.00%,0.96%,0.63%,1.03%,2.62%,3,寒武纪(电芯片/核心半导体) 1.03%; 普冉股份(存储) 0.96%; 中际旭创(光芯片/光通信) 0.63%
025480,华夏沪深300指数量化增强A,指数型-股票,0.00%,0.00%,2.60%,0.00%,2.60%,1,中际旭创(光芯片/光通信) 2.60%
025481,华夏沪深300指数量化增强C,指数型-股票,0.00%,0.00%,2.60%,0.00%,2.60%,1,中际旭创(光芯片/光通信) 2.60%
000973,新华增盈回报债券,债券型-混合二级,0.00%,0.00%,0.00%,2.59%,2.59%,4,北方华创(电芯片/核心半导体) 1.28%; 中微公司(电芯片/核心半导体) 0.45%; 海光信息(电芯片/核心半导体) 0.44%; 寒武纪(电芯片/核心半导体) 0.42%
005717,兴业机遇债券A,债券型-混合二级,0.00%,0.00%,0.00%,2.59%,2.59%,2,北方华创(电芯片/核心半导体) 1.68%; 恒玄科技(电芯片/核心半导体) 0.91%
008222,兴业机遇债券C,债券型-混合二级,0.00%,0.00%,0.00%,2.59%,2.59%,2,北方华创(电芯片/核心半导体) 1.68%; 恒玄科技(电芯片/核心半导体) 0.91%
018766,汇添富稳丰回报债券发起式C,债券型-混合二级,0.00%,0.00%,1.83%,0.76%,2.59%,3,中际旭创(光芯片/光通信) 1.03%; 新易盛(光芯片/光通信) 0.80%; 海光信息(电芯片/核心半导体) 0.76%
018765,汇添富稳丰回报债券发起式A,债券型-混合二级,0.00%,0.00%,1.83%,0.76%,2.59%,3,中际旭创(光芯片/光通信) 1.03%; 新易盛(光芯片/光通信) 0.80%; 海光信息(电芯片/核心半导体) 0.76%
210005,金鹰主题优势混合,混合型-偏股,0.00%,0.00%,2.59%,0.00%,2.59%,1,中际旭创(光芯片/光通信) 2.59%
630109,华商稳定增利债券C,债券型-混合二级,0.00%,0.80%,0.00%,1.79%,2.59%,3,海光信息(电芯片/核心半导体) 1.20%; 兆易创新(存储) 0.80%; 寒武纪(电芯片/核心半导体) 0.59%
630009,华商稳定增利债券A,债券型-混合二级,0.00%,0.80%,0.00%,1.79%,2.59%,3,海光信息(电芯片/核心半导体) 1.20%; 兆易创新(存储) 0.80%; 寒武纪(电芯片/核心半导体) 0.59%
009264,泓德瑞兴三年持有期混合,混合型-偏股,0.00%,0.00%,0.00%,2.58%,2.58%,1,思瑞浦(电芯片/核心半导体) 2.58%
009859,银华乐享混合A,混合型-偏股,0.00%,0.00%,0.00%,2.58%,2.58%,1,华虹半导体(电芯片/核心半导体) 2.58%
015687,银华乐享混合C,混合型-偏股,0.00%,0.00%,0.00%,2.58%,2.58%,1,华虹半导体(电芯片/核心半导体) 2.58%
003958,安信量化精选沪深300增强C,指数型-股票,0.00%,0.00%,2.57%,0.00%,2.57%,1,中际旭创(光芯片/光通信) 2.57%
003957,安信量化精选沪深300增强A,指数型-股票,0.00%,0.00%,2.57%,0.00%,2.57%,1,中际旭创(光芯片/光通信) 2.57%
019470,华夏信兴回报混合A,混合型-偏股,0.00%,0.00%,0.00%,2.57%,2.57%,1,北方华创(电芯片/核心半导体) 2.57%
019471,华夏信兴回报混合C,混合型-偏股,0.00%,0.00%,0.00%,2.57%,2.57%,1,北方华创(电芯片/核心半导体) 2.57%
160812,长盛同益成长回报(LOF),混合型-灵活,0.00%,0.00%,0.00%,2.57%,2.57%,1,海光信息(电芯片/核心半导体) 2.57%
000936,博时产业新动力混合A,混合型-灵活,0.00%,0.00%,2.56%,0.00%,2.56%,1,新易盛(光芯片/光通信) 2.56%
004708,红塔红土盛商一年定开债A,债券型-混合二级,0.00%,0.00%,1.66%,0.90%,2.56%,3,北方华创(电芯片/核心半导体) 0.90%; 华工科技(光芯片/光通信) 0.83%; 长光华芯(光芯片/光通信) 0.83%
004709,红塔红土盛商一年定开债C,债券型-混合二级,0.00%,0.00%,1.66%,0.90%,2.56%,3,北方华创(电芯片/核心半导体) 0.90%; 华工科技(光芯片/光通信) 0.83%; 长光华芯(光芯片/光通信) 0.83%
005878,博时产业新动力混合C,混合型-灵活,0.00%,0.00%,2.56%,0.00%,2.56%,1,新易盛(光芯片/光通信) 2.56%
022366,贝莱德沪深300指数增强A,指数型-股票,0.00%,0.00%,2.56%,0.00%,2.56%,1,中际旭创(光芯片/光通信) 2.56%
022367,贝莱德沪深300指数增强C,指数型-股票,0.00%,0.00%,2.56%,0.00%,2.56%,1,中际旭创(光芯片/光通信) 2.56%
022091,富安达沪深300指数增强C,指数型-股票,0.00%,0.00%,2.07%,0.49%,2.56%,2,中际旭创(光芯片/光通信) 2.07%; 复旦微电(电芯片/核心半导体) 0.49%
022090,富安达沪深300指数增强A,指数型-股票,0.00%,0.00%,2.07%,0.49%,2.56%,2,中际旭创(光芯片/光通信) 2.07%; 复旦微电(电芯片/核心半导体) 0.49%
006147,宝盈融源可转债债券A,债券型-混合二级,0.00%,0.00%,2.55%,0.00%,2.55%,1,中际旭创(光芯片/光通信) 2.55%
006148,宝盈融源可转债债券C,债券型-混合二级,0.00%,0.00%,2.55%,0.00%,2.55%,1,中际旭创(光芯片/光通信) 2.55%
560500,500质量成长ETF鹏扬,指数型-股票,0.00%,2.54%,0.00%,0.00%,2.54%,1,通富微电(存储) 2.54%
162216,宏利500指数增强(LOF),指数型-股票,0.00%,1.47%,1.06%,0.00%,2.53%,2,佰维存储(存储) 1.47%; 新易盛(光芯片/光通信) 1.06%
011028,国寿安保稳弘混合C,混合型-偏债,0.00%,0.00%,2.53%,0.00%,2.53%,2,中际旭创(光芯片/光通信) 1.40%; 德科立(光芯片/光通信) 1.13%
011027,国寿安保稳弘混合A,混合型-偏债,0.00%,0.00%,2.53%,0.00%,2.53%,2,中际旭创(光芯片/光通信) 1.40%; 德科立(光芯片/光通信) 1.13%
015407,国寿安保稳弘混合E,混合型-偏债,0.00%,0.00%,2.53%,0.00%,2.53%,2,中际旭创(光芯片/光通信) 1.40%; 德科立(光芯片/光通信) 1.13%
007904,广发锐意进取3个月持有混合(FOF)A,FOF-进取型,0.00%,0.00%,0.77%,1.75%,2.52%,3,寒武纪(电芯片/核心半导体) 1.14%; 中际旭创(光芯片/光通信) 0.77%; 中微公司(电芯片/核心半导体) 0.61%
008492,万家周期优势企业混合C,混合型-偏股,0.00%,0.00%,0.00%,2.52%,2.52%,1,北方华创(电芯片/核心半导体) 2.52%
008491,万家周期优势企业混合A,混合型-偏股,0.00%,0.00%,0.00%,2.52%,2.52%,1,北方华创(电芯片/核心半导体) 2.52%
009322,广发锐意进取3个月持有混合(FOF)C,FOF-进取型,0.00%,0.00%,0.77%,1.75%,2.52%,3,寒武纪(电芯片/核心半导体) 1.14%; 中际旭创(光芯片/光通信) 0.77%; 中微公司(电芯片/核心半导体) 0.61%
009663,华泰紫金创新先锋混合(LOF)A,混合型-偏股,0.00%,0.00%,0.00%,2.52%,2.52%,1,晶晨股份(电芯片/核心半导体) 2.52%
019757,广发锐意进取3个月持有混合发起式(FOF)E,FOF-进取型,0.00%,0.00%,0.77%,1.75%,2.52%,3,寒武纪(电芯片/核心半导体) 1.14%; 中际旭创(光芯片/光通信) 0.77%; 中微公司(电芯片/核心半导体) 0.61%
159720,智能车ETF泰康,指数型-股票,0.00%,0.00%,0.00%,2.52%,2.52%,1,豪威集团(电芯片/核心半导体) 2.52%
501202,华泰紫金创新先锋混合(LOF)C,混合型-偏股,0.00%,0.00%,0.00%,2.52%,2.52%,1,晶晨股份(电芯片/核心半导体) 2.52%
023005,广发养老目标2055五年持有混合发起式(FOF),FOF-均衡型,0.00%,0.00%,1.24%,1.27%,2.51%,3,寒武纪(电芯片/核心半导体) 1.27%; 新易盛(光芯片/光通信) 0.65%; 中际旭创(光芯片/光通信) 0.59%
009592,博时研究精选持有期混合C,混合型-灵活,0.00%,0.00%,2.51%,0.00%,2.51%,1,新易盛(光芯片/光通信) 2.51%
009591,博时研究精选持有期混合A,混合型-灵活,0.00%,0.00%,2.51%,0.00%,2.51%,1,新易盛(光芯片/光通信) 2.51%
010088,工银优质成长混合A,混合型-偏股,0.00%,0.00%,0.00%,2.51%,2.51%,1,北方华创(电芯片/核心半导体) 2.51%
010089,工银优质成长混合C,混合型-偏股,0.00%,0.00%,0.00%,2.51%,2.51%,1,北方华创(电芯片/核心半导体) 2.51%
019147,农银均衡优选混合C,混合型-平衡,0.00%,0.00%,0.00%,2.50%,2.50%,1,海光信息(电芯片/核心半导体) 2.50%
019146,农银均衡优选混合A,混合型-平衡,0.00%,0.00%,0.00%,2.50%,2.50%,1,海光信息(电芯片/核心半导体) 2.50%
516380,智能电动车ETF华宝,指数型-股票,0.00%,0.00%,0.00%,2.50%,2.50%,1,豪威集团(电芯片/核心半导体) 2.50%
516590,智能汽车ETF易方达,指数型-股票,0.00%,0.00%,0.00%,2.50%,2.50%,1,豪威集团(电芯片/核心半导体) 2.50%
562340,中证500成长ETF银华,指数型-股票,0.00%,2.50%,0.00%,0.00%,2.50%,1,通富微电(存储) 2.50%
010205,国寿安保裕安混合A,混合型-偏债,0.00%,0.00%,0.00%,2.49%,2.49%,1,寒武纪(电芯片/核心半导体) 2.49%
010206,国寿安保裕安混合C,混合型-偏债,0.00%,0.00%,0.00%,2.49%,2.49%,1,寒武纪(电芯片/核心半导体) 2.49%
014372,浙商沪深300指数增强(LOF)C,指数型-股票,0.00%,0.00%,2.49%,0.00%,2.49%,1,新易盛(光芯片/光通信) 2.49%
017650,中庚港股通价值股票,股票型,0.00%,0.00%,2.49%,0.00%,2.49%,1,新易盛(光芯片/光通信) 2.49%
166802,浙商沪深300指数增强(LOF)A,指数型-股票,0.00%,0.00%,2.49%,0.00%,2.49%,1,新易盛(光芯片/光通信) 2.49%
026175,路博迈中证A股指数增强A,指数型-股票,0.00%,0.00%,2.49%,0.00%,2.49%,2,中际旭创(光芯片/光通信) 1.30%; 新易盛(光芯片/光通信) 1.19%
026176,路博迈中证A股指数增强C,指数型-股票,0.00%,0.00%,2.49%,0.00%,2.49%,2,中际旭创(光芯片/光通信) 1.30%; 新易盛(光芯片/光通信) 1.19%
006608,泓德研究优选混合,混合型-偏股,0.00%,0.00%,0.00%,2.48%,2.48%,1,思瑞浦(电芯片/核心半导体) 2.48%
517330,长江保护ETF易方达,指数型-股票,0.00%,0.00%,2.48%,0.00%,2.48%,1,新易盛(光芯片/光通信) 2.48%
517160,长江保护ETF南方,指数型-股票,0.00%,0.00%,2.48%,0.00%,2.48%,1,新易盛(光芯片/光通信) 2.48%
012790,汇添富双享回报债券C,债券型-混合二级,0.00%,0.00%,2.47%,0.00%,2.47%,3,中际旭创(光芯片/光通信) 1.00%; 新易盛(光芯片/光通信) 0.92%; 天孚通信(光芯片/光通信) 0.55%
012789,汇添富双享回报债券A,债券型-混合二级,0.00%,0.00%,2.47%,0.00%,2.47%,3,中际旭创(光芯片/光通信) 1.00%; 新易盛(光芯片/光通信) 0.92%; 天孚通信(光芯片/光通信) 0.55%
025410,汇添富双享回报债券D,债券型-混合二级,0.00%,0.00%,2.47%,0.00%,2.47%,3,中际旭创(光芯片/光通信) 1.00%; 新易盛(光芯片/光通信) 0.92%; 天孚通信(光芯片/光通信) 0.55%
025751,兴证资管金麒麟均衡优选混合E,混合型-偏股,0.00%,0.00%,0.00%,2.47%,2.47%,1,圣邦股份(电芯片/核心半导体) 2.47%
025750,兴证资管金麒麟均衡优选混合D,混合型-偏股,0.00%,0.00%,0.00%,2.47%,2.47%,1,圣邦股份(电芯片/核心半导体) 2.47%
970093,兴证资管金麒麟均衡优选混合A,混合型-偏股,0.00%,0.00%,0.00%,2.47%,2.47%,1,圣邦股份(电芯片/核心半导体) 2.47%
970095,兴证资管金麒麟均衡优选混合C,混合型-偏股,0.00%,0.00%,0.00%,2.47%,2.47%,1,圣邦股份(电芯片/核心半导体) 2.47%
970094,兴证资管金麒麟均衡优选混合B,混合型-偏股,0.00%,0.00%,0.00%,2.47%,2.47%,1,圣邦股份(电芯片/核心半导体) 2.47%
003125,中科沃土沃鑫成长精选混合A,混合型-灵活,0.00%,1.33%,0.00%,1.14%,2.47%,2,长电科技(存储) 1.33%; 中微公司(电芯片/核心半导体) 1.14%
009747,中科沃土沃鑫成长精选混合C,混合型-灵活,0.00%,1.33%,0.00%,1.14%,2.47%,2,长电科技(存储) 1.33%; 中微公司(电芯片/核心半导体) 1.14%
014537,中银中国混合(LOF)C,混合型-灵活,0.00%,0.00%,2.46%,0.00%,2.46%,1,中际旭创(光芯片/光通信) 2.46%
014920,银华心选一年持有期混合C,混合型-偏股,0.00%,0.00%,0.00%,2.46%,2.46%,1,海光信息(电芯片/核心半导体) 2.46%
014919,银华心选一年持有期混合A,混合型-偏股,0.00%,0.00%,0.00%,2.46%,2.46%,1,海光信息(电芯片/核心半导体) 2.46%
163801,中银中国混合(LOF)A,混合型-灵活,0.00%,0.00%,2.46%,0.00%,2.46%,1,中际旭创(光芯片/光通信) 2.46%
005128,华夏永康添福混合A,混合型-偏债,0.00%,1.30%,1.16%,0.00%,2.46%,3,长光华芯(光芯片/光通信) 1.16%; 兆易创新(存储) 0.72%; 澜起科技(存储) 0.58%
015067,华夏永康添福混合C,混合型-偏债,0.00%,1.30%,1.16%,0.00%,2.46%,3,长光华芯(光芯片/光通信) 1.16%; 兆易创新(存储) 0.72%; 澜起科技(存储) 0.58%
005379,汇添富价值创造定开混合,混合型-偏股,0.00%,0.00%,0.00%,2.45%,2.45%,1,北方华创(电芯片/核心半导体) 2.45%
009026,中银高质量发展机遇混合A,混合型-偏股,0.00%,0.00%,0.00%,2.45%,2.45%,1,中芯国际(电芯片/核心半导体) 2.45%
009202,中邮优享一年定开混合C,混合型-偏债,0.00%,0.00%,0.00%,2.45%,2.45%,2,北方华创(电芯片/核心半导体) 1.24%; 中芯国际(电芯片/核心半导体) 1.21%
009201,中邮优享一年定开混合A,混合型-偏债,0.00%,0.00%,0.00%,2.45%,2.45%,2,北方华创(电芯片/核心半导体) 1.24%; 中芯国际(电芯片/核心半导体) 1.21%
017784,中银高质量发展机遇混合C,混合型-偏股,0.00%,0.00%,0.00%,2.45%,2.45%,1,中芯国际(电芯片/核心半导体) 2.45%
019133,广发积极回报3个月持有混合(FOF)C,FOF-进取型,0.00%,0.00%,1.68%,0.77%,2.45%,3,新易盛(光芯片/光通信) 0.95%; 寒武纪(电芯片/核心半导体) 0.77%; 中际旭创(光芯片/光通信) 0.73%
019132,广发积极回报3个月持有混合(FOF)A,FOF-进取型,0.00%,0.00%,1.68%,0.77%,2.45%,3,新易盛(光芯片/光通信) 0.95%; 寒武纪(电芯片/核心半导体) 0.77%; 中际旭创(光芯片/光通信) 0.73%
159606,中证500成长ETF易方达,指数型-股票,0.00%,2.45%,0.00%,0.00%,2.45%,1,通富微电(存储) 2.45%
001633,万家瑞祥混合A,混合型-灵活,0.00%,0.00%,0.87%,1.57%,2.44%,2,北方华创(电芯片/核心半导体) 1.57%; 新易盛(光芯片/光通信) 0.87%
001634,万家瑞祥混合C,混合型-灵活,0.00%,0.00%,0.87%,1.57%,2.44%,2,北方华创(电芯片/核心半导体) 1.57%; 新易盛(光芯片/光通信) 0.87%
025513,德邦中证800指数增强A,指数型-股票,0.00%,0.00%,1.20%,1.24%,2.44%,2,寒武纪(电芯片/核心半导体) 1.24%; 中际旭创(光芯片/光通信) 1.20%
025514,德邦中证800指数增强C,指数型-股票,0.00%,0.00%,1.20%,1.24%,2.44%,2,寒武纪(电芯片/核心半导体) 1.24%; 中际旭创(光芯片/光通信) 1.20%
013861,泓德产业升级混合A,混合型-偏股,0.00%,0.00%,0.00%,2.43%,2.43%,1,中芯国际(电芯片/核心半导体) 2.43%
013862,泓德产业升级混合C,混合型-偏股,0.00%,0.00%,0.00%,2.43%,2.43%,1,中芯国际(电芯片/核心半导体) 2.43%
016467,国泰海通量化选股混合发起C,混合型-偏股,0.00%,0.00%,2.43%,0.00%,2.43%,2,中际旭创(光芯片/光通信) 1.38%; 新易盛(光芯片/光通信) 1.05%
016466,国泰海通量化选股混合发起A,混合型-偏股,0.00%,0.00%,2.43%,0.00%,2.43%,2,中际旭创(光芯片/光通信) 1.38%; 新易盛(光芯片/光通信) 1.05%
018963,国泰海通量化选股混合发起D,混合型-偏股,0.00%,0.00%,2.43%,0.00%,2.43%,2,中际旭创(光芯片/光通信) 1.38%; 新易盛(光芯片/光通信) 1.05%
007470,博道叁佰智航股票A,股票型,0.00%,0.00%,2.40%,0.00%,2.40%,1,中际旭创(光芯片/光通信) 2.40%
007471,博道叁佰智航股票C,股票型,0.00%,0.00%,2.40%,0.00%,2.40%,1,中际旭创(光芯片/光通信) 2.40%
000966,中邮核心科技创新灵活配置混合,混合型-灵活,0.00%,0.00%,0.00%,2.39%,2.39%,1,海光信息(电芯片/核心半导体) 2.39%
010699,东方红创新趋势混合,混合型-偏股,0.00%,2.39%,0.00%,0.00%,2.39%,1,兆易创新(存储) 2.39%
013590,南方比较优势混合A,混合型-偏股,0.00%,0.00%,2.39%,0.00%,2.39%,2,长飞光纤光缆(光芯片/光通信) 1.37%; 天孚通信(光芯片/光通信) 1.02%
013591,南方比较优势混合C,混合型-偏股,0.00%,0.00%,2.39%,0.00%,2.39%,2,长飞光纤光缆(光芯片/光通信) 1.37%; 天孚通信(光芯片/光通信) 1.02%
018672,广发安诚养老目标2040三年持有混合发起式(FOF)A,FOF-均衡型,0.00%,0.00%,1.10%,1.29%,2.39%,4,寒武纪(电芯片/核心半导体) 0.95%; 新易盛(光芯片/光通信) 0.56%; 中际旭创(光芯片/光通信) 0.54%; 中微公司(电芯片/核心半导体) 0.34%
019745,广发安诚养老目标2040三年持有混合发起式(FOF)Y,FOF-均衡型,0.00%,0.00%,1.10%,1.29%,2.39%,4,寒武纪(电芯片/核心半导体) 0.95%; 新易盛(光芯片/光通信) 0.56%; 中际旭创(光芯片/光通信) 0.54%; 中微公司(电芯片/核心半导体) 0.34%
025011,财通华裕量化选股股票A,股票型,0.00%,0.00%,0.00%,2.39%,2.39%,1,晶晨股份(电芯片/核心半导体) 2.39%
025012,财通华裕量化选股股票C,股票型,0.00%,0.00%,0.00%,2.39%,2.39%,1,晶晨股份(电芯片/核心半导体) 2.39%
015467,太平中证1000指数增强C,指数型-股票,0.00%,0.00%,2.39%,0.00%,2.39%,3,源杰科技(光芯片/光通信) 1.04%; 长芯博创(光芯片/光通信) 0.69%; 光库科技(光芯片/光通信) 0.66%
015466,太平中证1000指数增强A,指数型-股票,0.00%,0.00%,2.39%,0.00%,2.39%,3,源杰科技(光芯片/光通信) 1.04%; 长芯博创(光芯片/光通信) 0.69%; 光库科技(光芯片/光通信) 0.66%
005120,摩根量化多因子混合,混合型-灵活,0.00%,1.25%,0.00%,1.13%,2.38%,2,通富微电(存储) 1.25%; 华海清科(电芯片/核心半导体) 1.13%
021199,汇添富优选价值混合发起式C,混合型-偏股,0.00%,0.00%,2.38%,0.00%,2.38%,1,长飞光纤光缆(光芯片/光通信) 2.38%
021198,汇添富优选价值混合发起式A,混合型-偏股,0.00%,0.00%,2.38%,0.00%,2.38%,1,长飞光纤光缆(光芯片/光通信) 2.38%
159270,创业板200ETF南方,指数型-股票,0.00%,0.00%,2.36%,0.00%,2.36%,2,光库科技(光芯片/光通信) 1.35%; 太辰光(光芯片/光通信) 1.01%
007101,中欧远见两年定开混合C,混合型-偏股,0.00%,0.00%,2.36%,0.00%,2.36%,1,中际旭创(光芯片/光通信) 2.36%
159804,创中盘88ETF国寿,指数型-股票,0.00%,0.00%,2.36%,0.00%,2.36%,1,光库科技(光芯片/光通信) 2.36%
159966,创业板价值ETF华夏,指数型-股票,0.00%,0.00%,2.36%,0.00%,2.36%,1,天孚通信(光芯片/光通信) 2.36%
166025,中欧远见两年定开混合A,混合型-偏股,0.00%,0.00%,2.36%,0.00%,2.36%,1,中际旭创(光芯片/光通信) 2.36%
002986,泰康丰盈债券A,债券型-混合二级,0.00%,0.00%,0.00%,2.36%,2.36%,4,北方华创(电芯片/核心半导体) 0.70%; 寒武纪(电芯片/核心半导体) 0.70%; 海光信息(电芯片/核心半导体) 0.48%; 中微公司(电芯片/核心半导体) 0.48%
019109,泰康丰盈债券C,债券型-混合二级,0.00%,0.00%,0.00%,2.36%,2.36%,4,北方华创(电芯片/核心半导体) 0.70%; 寒武纪(电芯片/核心半导体) 0.70%; 海光信息(电芯片/核心半导体) 0.48%; 中微公司(电芯片/核心半导体) 0.48%
001272,兴业聚利灵活配置混合A,混合型-灵活,0.00%,0.00%,2.35%,0.00%,2.35%,2,新易盛(光芯片/光通信) 1.47%; 中际旭创(光芯片/光通信) 0.88%
019247,鹏华易选积极3个月持有期混合(FOF)A,FOF-进取型,0.00%,0.00%,0.00%,2.35%,2.35%,1,寒武纪(电芯片/核心半导体) 2.35%
019248,鹏华易选积极3个月持有期混合(FOF)C,FOF-进取型,0.00%,0.00%,0.00%,2.35%,2.35%,1,寒武纪(电芯片/核心半导体) 2.35%
019712,博时稳合一年持有期混合A,混合型-偏债,0.00%,2.35%,0.00%,0.00%,2.35%,1,澜起科技(存储) 2.35%
019713,博时稳合一年持有期混合C,混合型-偏债,0.00%,2.35%,0.00%,0.00%,2.35%,1,澜起科技(存储) 2.35%
021265,兴业聚利灵活配置混合C,混合型-灵活,0.00%,0.00%,2.35%,0.00%,2.35%,2,新易盛(光芯片/光通信) 1.47%; 中际旭创(光芯片/光通信) 0.88%
159573,创业板200ETF华夏,指数型-股票,0.00%,0.00%,2.35%,0.00%,2.35%,2,光库科技(光芯片/光通信) 1.35%; 太辰光(光芯片/光通信) 1.00%
159572,创业板200ETF易方达,指数型-股票,0.00%,0.00%,2.35%,0.00%,2.35%,2,光库科技(光芯片/光通信) 1.35%; 太辰光(光芯片/光通信) 1.00%
004807,中银证券安弘债券A,债券型-混合二级,0.00%,1.04%,1.30%,0.00%,2.34%,2,中际旭创(光芯片/光通信) 1.30%; 佰维存储(存储) 1.04%
004808,中银证券安弘债券C,债券型-混合二级,0.00%,1.04%,1.30%,0.00%,2.34%,2,中际旭创(光芯片/光通信) 1.30%; 佰维存储(存储) 1.04%
008328,诺安新兴产业混合,混合型-偏股,0.00%,0.00%,0.00%,2.34%,2.34%,1,中芯国际(电芯片/核心半导体) 2.34%
004332,恒生沪港深新兴产业精选混合,混合型-偏股,0.00%,0.00%,2.33%,0.00%,2.33%,1,源杰科技(光芯片/光通信) 2.33%
009737,汇添富稳健收益混合C,混合型-偏债,0.00%,0.00%,0.00%,2.33%,2.33%,1,圣邦股份(电芯片/核心半导体) 2.33%
009736,汇添富稳健收益混合A,混合型-偏债,0.00%,0.00%,0.00%,2.33%,2.33%,1,圣邦股份(电芯片/核心半导体) 2.33%
019245,鹏华易诚积极3个月持有期混合(FOF)A,FOF-进取型,0.00%,0.00%,0.00%,2.33%,2.33%,1,寒武纪(电芯片/核心半导体) 2.33%
019246,鹏华易诚积极3个月持有期混合(FOF)C,FOF-进取型,0.00%,0.00%,0.00%,2.33%,2.33%,1,寒武纪(电芯片/核心半导体) 2.33%
020567,泓德智选启航混合A,混合型-偏股,0.00%,0.00%,2.33%,0.00%,2.33%,2,中际旭创(光芯片/光通信) 1.31%; 新易盛(光芯片/光通信) 1.02%
020568,泓德智选启航混合C,混合型-偏股,0.00%,0.00%,2.33%,0.00%,2.33%,2,中际旭创(光芯片/光通信) 1.31%; 新易盛(光芯片/光通信) 1.02%
020623,汇添富稳健收益混合B,混合型-偏债,0.00%,0.00%,0.00%,2.33%,2.33%,1,圣邦股份(电芯片/核心半导体) 2.33%
159575,创业板200ETF银华,指数型-股票,0.00%,0.00%,2.33%,0.00%,2.33%,2,光库科技(光芯片/光通信) 1.34%; 太辰光(光芯片/光通信) 0.99%
519013,海富通风格优势混合,混合型-偏股,0.00%,2.32%,0.00%,0.00%,2.32%,1,澜起科技(存储) 2.32%
159571,创业板200ETF富国,指数型-股票,0.00%,0.00%,2.31%,0.00%,2.31%,2,光库科技(光芯片/光通信) 1.31%; 太辰光(光芯片/光通信) 1.00%
001074,华泰柏瑞量化驱动混合A,混合型-灵活,0.00%,0.00%,2.31%,0.00%,2.31%,1,中际旭创(光芯片/光通信) 2.31%
001884,中欧互通精选混合E,混合型-偏股,0.00%,0.00%,2.31%,0.00%,2.31%,2,新易盛(光芯片/光通信) 1.16%; 中际旭创(光芯片/光通信) 1.15%
006531,华泰柏瑞量化驱动混合C,混合型-灵活,0.00%,0.00%,2.31%,0.00%,2.31%,1,中际旭创(光芯片/光通信) 2.31%
010546,中加聚隆持有期混合C,混合型-偏债,0.00%,0.00%,1.67%,0.64%,2.31%,2,新易盛(光芯片/光通信) 1.67%; 北方华创(电芯片/核心半导体) 0.64%
010545,中加聚隆持有期混合A,混合型-偏债,0.00%,0.00%,1.67%,0.64%,2.31%,2,新易盛(光芯片/光通信) 1.67%; 北方华创(电芯片/核心半导体) 0.64%
014389,华安产业动力6个月持有混合A,混合型-偏股,0.00%,2.31%,0.00%,0.00%,2.31%,1,长电科技(存储) 2.31%
014390,华安产业动力6个月持有混合C,混合型-偏股,0.00%,2.31%,0.00%,0.00%,2.31%,1,长电科技(存储) 2.31%
023501,安信中证A500指数增强A,指数型-股票,0.00%,0.00%,2.31%,0.00%,2.31%,1,中际旭创(光芯片/光通信) 2.31%
023502,安信中证A500指数增强C,指数型-股票,0.00%,0.00%,2.31%,0.00%,2.31%,1,中际旭创(光芯片/光通信) 2.31%
166007,中欧互通精选混合A,混合型-偏股,0.00%,0.00%,2.31%,0.00%,2.31%,2,新易盛(光芯片/光通信) 1.16%; 中际旭创(光芯片/光通信) 1.15%
006696,汇添富研究优选灵活配置混合,混合型-灵活,0.00%,0.00%,0.00%,2.30%,2.30%,1,北方华创(电芯片/核心半导体) 2.30%
010864,泓德卓远混合A,混合型-偏股,0.00%,0.00%,0.00%,2.30%,2.30%,1,中芯国际(电芯片/核心半导体) 2.30%
010865,泓德卓远混合C,混合型-偏股,0.00%,0.00%,0.00%,2.30%,2.30%,1,中芯国际(电芯片/核心半导体) 2.30%
025013,天弘中证500指数量化增强A,指数型-股票,0.00%,1.57%,0.73%,0.00%,2.30%,3,通富微电(存储) 0.88%; 光迅科技(光芯片/光通信) 0.73%; 佰维存储(存储) 0.69%
025014,天弘中证500指数量化增强C,指数型-股票,0.00%,1.57%,0.73%,0.00%,2.30%,3,通富微电(存储) 0.88%; 光迅科技(光芯片/光通信) 0.73%; 佰维存储(存储) 0.69%
007668,广发养老目标日期2035三年持有期混合发起式(FOF)A,FOF-均衡型,0.00%,0.00%,2.29%,0.00%,2.29%,1,新易盛(光芯片/光通信) 2.29%
018354,广发养老目标日期2035三年持有期混合发起式(FOF)Y,FOF-均衡型,0.00%,0.00%,2.29%,0.00%,2.29%,1,新易盛(光芯片/光通信) 2.29%
023922,联博智远混合C,混合型-偏股,0.00%,0.00%,2.29%,0.00%,2.29%,1,中际旭创(光芯片/光通信) 2.29%
023921,联博智远混合A,混合型-偏股,0.00%,0.00%,2.29%,0.00%,2.29%,1,中际旭创(光芯片/光通信) 2.29%
025904,兴证资管恒睿致胜混合发起式A,混合型-偏债,0.00%,0.00%,2.29%,0.00%,2.29%,2,新易盛(光芯片/光通信) 1.23%; 中际旭创(光芯片/光通信) 1.06%
025905,兴证资管恒睿致胜混合发起式C,混合型-偏债,0.00%,0.00%,2.29%,0.00%,2.29%,2,新易盛(光芯片/光通信) 1.23%; 中际旭创(光芯片/光通信) 1.06%
002971,前海开源鼎安债券A,债券型-混合二级,0.00%,0.00%,2.28%,0.00%,2.28%,2,中际旭创(光芯片/光通信) 1.38%; 新易盛(光芯片/光通信) 0.90%
002972,前海开源鼎安债券C,债券型-混合二级,0.00%,0.00%,2.28%,0.00%,2.28%,2,中际旭创(光芯片/光通信) 1.38%; 新易盛(光芯片/光通信) 0.90%
004265,金鹰民丰回报定期开放混合,混合型-偏债,0.00%,0.00%,2.27%,0.00%,2.27%,1,德科立(光芯片/光通信) 2.27%
016293,华安核心优选混合C,混合型-偏股,0.00%,0.00%,0.00%,2.27%,2.27%,1,海光信息(电芯片/核心半导体) 2.27%
025773,中金丰裕稳健一年持有混合A,混合型-偏债,0.00%,0.00%,0.97%,1.30%,2.27%,2,寒武纪(电芯片/核心半导体) 1.30%; 中际旭创(光芯片/光通信) 0.97%
025774,中金丰裕稳健一年持有混合C,混合型-偏债,0.00%,0.00%,0.97%,1.30%,2.27%,2,寒武纪(电芯片/核心半导体) 1.30%; 中际旭创(光芯片/光通信) 0.97%
040011,华安核心优选混合A,混合型-偏股,0.00%,0.00%,0.00%,2.27%,2.27%,1,海光信息(电芯片/核心半导体) 2.27%
019554,中银中证500指数增强型发起C,指数型-股票,0.00%,0.00%,1.35%,0.91%,2.26%,2,中际旭创(光芯片/光通信) 1.35%; 思特威(电芯片/核心半导体) 0.91%
019553,中银中证500指数增强型发起A,指数型-股票,0.00%,0.00%,1.35%,0.91%,2.26%,2,中际旭创(光芯片/光通信) 1.35%; 思特威(电芯片/核心半导体) 0.91%
001373,易方达新丝路灵活配置混合,混合型-灵活,0.00%,0.00%,0.00%,2.26%,2.26%,1,芯原股份(电芯片/核心半导体) 2.26%
016402,摩根内需动力混合C,混合型-偏股,0.00%,0.00%,2.25%,0.00%,2.25%,1,中际旭创(光芯片/光通信) 2.25%
023862,国投瑞银中证A500指数增强C,指数型-股票,0.00%,0.00%,2.25%,0.00%,2.25%,1,中际旭创(光芯片/光通信) 2.25%
023861,国投瑞银中证A500指数增强A,指数型-股票,0.00%,0.00%,2.25%,0.00%,2.25%,1,中际旭创(光芯片/光通信) 2.25%
023972,博时天颐债券E,债券型-混合二级,0.00%,0.00%,0.00%,2.25%,2.25%,1,寒武纪(电芯片/核心半导体) 2.25%
050023,博时天颐债券A,债券型-混合二级,0.00%,0.00%,0.00%,2.25%,2.25%,1,寒武纪(电芯片/核心半导体) 2.25%
050123,博时天颐债券C,债券型-混合二级,0.00%,0.00%,0.00%,2.25%,2.25%,1,寒武纪(电芯片/核心半导体) 2.25%
377020,摩根内需动力混合A,混合型-偏股,0.00%,0.00%,2.25%,0.00%,2.25%,1,中际旭创(光芯片/光通信) 2.25%
007586,华泰保兴多策略,股票型,0.00%,0.00%,2.24%,0.00%,2.24%,1,中际旭创(光芯片/光通信) 2.24%
010690,万家互联互通核心资产量化A,混合型-偏股,0.00%,0.00%,2.23%,0.00%,2.23%,1,中际旭创(光芯片/光通信) 2.23%
010691,万家互联互通核心资产量化C,混合型-偏股,0.00%,0.00%,2.23%,0.00%,2.23%,1,中际旭创(光芯片/光通信) 2.23%
002307,银华多元视野灵活配置混合,混合型-灵活,0.00%,0.00%,0.00%,2.21%,2.21%,1,海光信息(电芯片/核心半导体) 2.21%
003567,华夏行业景气混合A,混合型-偏股,0.00%,0.00%,2.21%,0.00%,2.21%,1,新易盛(光芯片/光通信) 2.21%
017609,汇添富远景成长一年持有混合C,混合型-偏股,0.00%,0.00%,2.21%,0.00%,2.21%,1,新易盛(光芯片/光通信) 2.21%
020670,易方达科创芯片ETF联接A,指数型-股票,0.00%,0.21%,0.00%,2.00%,2.21%,7,芯原股份(电芯片/核心半导体) 0.84%; 寒武纪(电芯片/核心半导体) 0.33%; 中芯国际(电芯片/核心半导体) 0.26%; 海光信息(电芯片/核心半导体) 0.25%; 澜起科技(存储) 0.21%; 中微公司(电芯片/核心半导体) 0.19%; 翱捷科技(电芯片/核心半导体) 0.13%
020671,易方达科创芯片ETF联接C,指数型-股票,0.00%,0.21%,0.00%,2.00%,2.21%,7,芯原股份(电芯片/核心半导体) 0.84%; 寒武纪(电芯片/核心半导体) 0.33%; 中芯国际(电芯片/核心半导体) 0.26%; 海光信息(电芯片/核心半导体) 0.25%; 澜起科技(存储) 0.21%; 中微公司(电芯片/核心半导体) 0.19%; 翱捷科技(电芯片/核心半导体) 0.13%
025542,华夏行业景气混合C,混合型-偏股,0.00%,0.00%,2.21%,0.00%,2.21%,1,新易盛(光芯片/光通信) 2.21%
002001,华夏回报混合A,混合型-灵活,0.00%,0.00%,0.00%,2.20%,2.20%,1,北方华创(电芯片/核心半导体) 2.20%
011981,国富匠心精选混合C,混合型-偏股,0.00%,0.00%,2.20%,0.00%,2.20%,1,中际旭创(光芯片/光通信) 2.20%
011980,国富匠心精选混合A,混合型-偏股,0.00%,0.00%,2.20%,0.00%,2.20%,1,中际旭创(光芯片/光通信) 2.20%
015134,华安鼎安优选一年持有混合C,混合型-偏债,0.00%,0.00%,2.20%,0.00%,2.20%,1,中际旭创(光芯片/光通信) 2.20%
015133,华安鼎安优选一年持有混合A,混合型-偏债,0.00%,0.00%,2.20%,0.00%,2.20%,1,中际旭创(光芯片/光通信) 2.20%
960002,华夏回报混合H,混合型-灵活,0.00%,0.00%,0.00%,2.20%,2.20%,1,北方华创(电芯片/核心半导体) 2.20%
018747,永赢匠心增利债券C,债券型-混合二级,0.00%,0.61%,1.59%,0.00%,2.20%,2,中际旭创(光芯片/光通信) 1.59%; 兆易创新(存储) 0.61%
018746,永赢匠心增利债券A,债券型-混合二级,0.00%,0.61%,1.59%,0.00%,2.20%,2,中际旭创(光芯片/光通信) 1.59%; 兆易创新(存储) 0.61%
002224,中邮绝对收益策略定期开放混合,混合型-绝对收益,0.00%,0.00%,2.19%,0.00%,2.19%,1,新易盛(光芯片/光通信) 2.19%
002792,景顺长城顺益回报混合A,混合型-偏债,0.00%,0.00%,1.10%,1.08%,2.18%,5,寒武纪(电芯片/核心半导体) 0.75%; 新易盛(光芯片/光通信) 0.67%; 中际旭创(光芯片/光通信) 0.43%; 北方华创(电芯片/核心半导体) 0.17%; 海光信息(电芯片/核心半导体) 0.16%
002793,景顺长城顺益回报混合C,混合型-偏债,0.00%,0.00%,1.10%,1.08%,2.18%,5,寒武纪(电芯片/核心半导体) 0.75%; 新易盛(光芯片/光通信) 0.67%; 中际旭创(光芯片/光通信) 0.43%; 北方华创(电芯片/核心半导体) 0.17%; 海光信息(电芯片/核心半导体) 0.16%
024274,东兴中证A500指数增强A,指数型-股票,0.00%,0.00%,2.18%,0.00%,2.18%,1,中际旭创(光芯片/光通信) 2.18%
024275,东兴中证A500指数增强C,指数型-股票,0.00%,0.00%,2.18%,0.00%,2.18%,1,中际旭创(光芯片/光通信) 2.18%
021905,中银ESG主题混合发起C,混合型-偏股,0.00%,0.00%,2.17%,0.00%,2.17%,1,中际旭创(光芯片/光通信) 2.17%
021904,中银ESG主题混合发起A,混合型-偏股,0.00%,0.00%,2.17%,0.00%,2.17%,1,中际旭创(光芯片/光通信) 2.17%
022818,宏利中证A500指数增强C,指数型-股票,0.00%,0.62%,0.00%,1.55%,2.17%,2,中芯国际(电芯片/核心半导体) 1.55%; 佰维存储(存储) 0.62%
022817,宏利中证A500指数增强A,指数型-股票,0.00%,0.62%,0.00%,1.55%,2.17%,2,中芯国际(电芯片/核心半导体) 1.55%; 佰维存储(存储) 0.62%
001258,兴业收益增强债券C,债券型-混合二级,0.00%,0.00%,0.00%,2.16%,2.16%,2,北方华创(电芯片/核心半导体) 1.18%; 恒玄科技(电芯片/核心半导体) 0.98%
001257,兴业收益增强债券A,债券型-混合二级,0.00%,0.00%,0.00%,2.16%,2.16%,2,北方华创(电芯片/核心半导体) 1.18%; 恒玄科技(电芯片/核心半导体) 0.98%
000297,鹏华可转债债券A,债券型-混合二级,0.00%,0.00%,1.26%,0.89%,2.15%,2,中际旭创(光芯片/光通信) 1.26%; 寒武纪(电芯片/核心半导体) 0.89%
000597,中海积极收益混合,混合型-灵活,0.00%,1.46%,0.69%,0.00%,2.15%,3,澜起科技(存储) 0.76%; 佰维存储(存储) 0.70%; 天孚通信(光芯片/光通信) 0.69%
010964,鹏华可转债债券C,债券型-混合二级,0.00%,0.00%,1.26%,0.89%,2.15%,2,中际旭创(光芯片/光通信) 1.26%; 寒武纪(电芯片/核心半导体) 0.89%
015365,中银动态策略混合C,混合型-偏股,0.00%,0.00%,2.15%,0.00%,2.15%,1,中际旭创(光芯片/光通信) 2.15%
022156,鹏华可转债债券D,债券型-混合二级,0.00%,0.00%,1.26%,0.89%,2.15%,2,中际旭创(光芯片/光通信) 1.26%; 寒武纪(电芯片/核心半导体) 0.89%
163805,中银动态策略混合A,混合型-偏股,0.00%,0.00%,2.15%,0.00%,2.15%,1,中际旭创(光芯片/光通信) 2.15%
002021,华夏回报二号混合,混合型-平衡,0.00%,0.00%,0.00%,2.14%,2.14%,1,北方华创(电芯片/核心半导体) 2.14%
005280,安信稳健阿尔法定开混合A,混合型-绝对收益,0.00%,0.00%,2.14%,0.00%,2.14%,1,中际旭创(光芯片/光通信) 2.14%
009624,安信稳健阿尔法定开混合C,混合型-绝对收益,0.00%,0.00%,2.14%,0.00%,2.14%,1,中际旭创(光芯片/光通信) 2.14%
012318,创金合信聚鑫债券C,债券型-混合二级,0.00%,0.00%,2.14%,0.00%,2.14%,2,中际旭创(光芯片/光通信) 1.08%; 新易盛(光芯片/光通信) 1.06%
012317,创金合信聚鑫债券A,债券型-混合二级,0.00%,0.00%,2.14%,0.00%,2.14%,2,中际旭创(光芯片/光通信) 1.08%; 新易盛(光芯片/光通信) 1.06%
013422,太平智行三个月定开混合发起式,混合型-偏股,0.00%,2.14%,0.00%,0.00%,2.14%,1,兆易创新(存储) 2.14%
021846,创金合信聚鑫债券E,债券型-混合二级,0.00%,0.00%,2.14%,0.00%,2.14%,2,中际旭创(光芯片/光通信) 1.08%; 新易盛(光芯片/光通信) 1.06%
517300,沪港深300ETF国寿,指数型-股票,0.00%,0.00%,2.14%,0.00%,2.14%,1,中际旭创(光芯片/光通信) 2.14%
163823,中银稳健策略混合,混合型-灵活,0.00%,0.00%,0.00%,2.13%,2.13%,1,中芯国际(电芯片/核心半导体) 2.13%
167703,德邦量化优选股票(LOF)C,股票型,0.00%,0.00%,2.13%,0.00%,2.13%,1,中际旭创(光芯片/光通信) 2.13%
167702,德邦量化优选股票(LOF)A,股票型,0.00%,0.00%,2.13%,0.00%,2.13%,1,中际旭创(光芯片/光通信) 2.13%
010481,汇添富高质量成长精选2年持有混合,混合型-偏股,0.00%,0.00%,2.12%,0.00%,2.12%,1,新易盛(光芯片/光通信) 2.12%
011545,长江沪深300指数增强发起式A,指数型-股票,0.00%,0.00%,2.12%,0.00%,2.12%,1,中际旭创(光芯片/光通信) 2.12%
011546,长江沪深300指数增强发起式C,指数型-股票,0.00%,0.00%,2.12%,0.00%,2.12%,1,中际旭创(光芯片/光通信) 2.12%
011511,国寿安保稳鑫一年持有混合C,混合型-偏债,0.00%,0.00%,0.98%,1.13%,2.11%,2,海光信息(电芯片/核心半导体) 1.13%; 中际旭创(光芯片/光通信) 0.98%
011510,国寿安保稳鑫一年持有混合A,混合型-偏债,0.00%,0.00%,0.98%,1.13%,2.11%,2,海光信息(电芯片/核心半导体) 1.13%; 中际旭创(光芯片/光通信) 0.98%
018627,富国兴享回报6个月持有期混合C,混合型-偏债,0.00%,0.50%,0.53%,1.08%,2.11%,5,北方华创(电芯片/核心半导体) 0.59%; 源杰科技(光芯片/光通信) 0.53%; 兆易创新(存储) 0.50%; 中芯国际(电芯片/核心半导体) 0.25%; 中芯国际(电芯片/核心半导体) 0.24%
018626,富国兴享回报6个月持有期混合A,混合型-偏债,0.00%,0.50%,0.53%,1.08%,2.11%,5,北方华创(电芯片/核心半导体) 0.59%; 源杰科技(光芯片/光通信) 0.53%; 兆易创新(存储) 0.50%; 中芯国际(电芯片/核心半导体) 0.25%; 中芯国际(电芯片/核心半导体) 0.24%
013201,南方均衡优选一年持有期混合C,混合型-平衡,0.00%,0.00%,0.00%,2.11%,2.11%,1,海光信息(电芯片/核心半导体) 2.11%
013200,南方均衡优选一年持有期混合A,混合型-平衡,0.00%,0.00%,0.00%,2.11%,2.11%,1,海光信息(电芯片/核心半导体) 2.11%
022757,鹏扬中证A500指数增强C,指数型-股票,0.00%,0.00%,2.11%,0.00%,2.11%,1,中际旭创(光芯片/光通信) 2.11%
022756,鹏扬中证A500指数增强A,指数型-股票,0.00%,0.00%,2.11%,0.00%,2.11%,1,中际旭创(光芯片/光通信) 2.11%
011272,汇添富价值成长均衡投资混合C,混合型-偏股,0.00%,0.00%,2.10%,0.00%,2.10%,1,新易盛(光芯片/光通信) 2.10%
011271,汇添富价值成长均衡投资混合A,混合型-偏股,0.00%,0.00%,2.10%,0.00%,2.10%,1,新易盛(光芯片/光通信) 2.10%
517030,沪港深300ETF易方达,指数型-股票,0.00%,0.00%,2.10%,0.00%,2.10%,1,中际旭创(光芯片/光通信) 2.10%
005313,万家中证1000指数增强A,指数型-股票,0.00%,0.00%,2.09%,0.00%,2.09%,3,源杰科技(光芯片/光通信) 0.81%; 长芯博创(光芯片/光通信) 0.65%; 剑桥科技(光芯片/光通信) 0.63%
005314,万家中证1000指数增强C,指数型-股票,0.00%,0.00%,2.09%,0.00%,2.09%,3,源杰科技(光芯片/光通信) 0.81%; 长芯博创(光芯片/光通信) 0.65%; 剑桥科技(光芯片/光通信) 0.63%
002315,创金合信沪深300指数增强C,指数型-股票,0.00%,0.00%,0.00%,2.09%,2.09%,1,寒武纪(电芯片/核心半导体) 2.09%
002310,创金合信沪深300指数增强A,指数型-股票,0.00%,0.00%,0.00%,2.09%,2.09%,1,寒武纪(电芯片/核心半导体) 2.09%
003842,中邮景泰灵活配置混合A,混合型-灵活,0.00%,0.00%,2.09%,0.00%,2.09%,1,中际旭创(光芯片/光通信) 2.09%
003843,中邮景泰灵活配置混合C,混合型-灵活,0.00%,0.00%,2.09%,0.00%,2.09%,1,中际旭创(光芯片/光通信) 2.09%
004788,富荣沪深300指数增强A,指数型-股票,0.00%,2.09%,0.00%,0.00%,2.09%,1,佰维存储(存储) 2.09%
004789,富荣沪深300指数增强C,指数型-股票,0.00%,2.09%,0.00%,0.00%,2.09%,1,佰维存储(存储) 2.09%
012529,广发鑫睿一年持有期混合C,混合型-偏股,0.00%,0.00%,1.21%,0.87%,2.08%,2,中际旭创(光芯片/光通信) 1.21%; 中芯国际(电芯片/核心半导体) 0.87%
012528,广发鑫睿一年持有期混合A,混合型-偏股,0.00%,0.00%,1.21%,0.87%,2.08%,2,中际旭创(光芯片/光通信) 1.21%; 中芯国际(电芯片/核心半导体) 0.87%
018656,新华行业周期轮换混合C,混合型-偏股,0.00%,0.00%,2.08%,0.00%,2.08%,1,新易盛(光芯片/光通信) 2.08%
021726,泓德智选启诚混合A,混合型-偏股,0.00%,0.00%,2.08%,0.00%,2.08%,2,中际旭创(光芯片/光通信) 1.16%; 新易盛(光芯片/光通信) 0.92%
021727,泓德智选启诚混合C,混合型-偏股,0.00%,0.00%,2.08%,0.00%,2.08%,2,中际旭创(光芯片/光通信) 1.16%; 新易盛(光芯片/光通信) 0.92%
519095,新华行业周期轮换混合A,混合型-偏股,0.00%,0.00%,2.08%,0.00%,2.08%,1,新易盛(光芯片/光通信) 2.08%
013878,圆信永丰中证500指数增强发起A,指数型-股票,0.00%,1.83%,0.24%,0.00%,2.07%,3,佰维存储(存储) 1.09%; 通富微电(存储) 0.74%; 中际旭创(光芯片/光通信) 0.24%
013879,圆信永丰中证500指数增强发起C,指数型-股票,0.00%,1.83%,0.24%,0.00%,2.07%,3,佰维存储(存储) 1.09%; 通富微电(存储) 0.74%; 中际旭创(光芯片/光通信) 0.24%
015007,中欧量化动力混合C,混合型-偏股,0.00%,0.00%,2.07%,0.00%,2.07%,1,新易盛(光芯片/光通信) 2.07%
015006,中欧量化动力混合A,混合型-偏股,0.00%,0.00%,2.07%,0.00%,2.07%,1,新易盛(光芯片/光通信) 2.07%
013174,银华华证ESG领先指数,指数型-股票,0.00%,0.00%,2.06%,0.00%,2.06%,1,中际旭创(光芯片/光通信) 2.06%
012434,银华多元回报一年持有期混合,混合型-偏股,0.00%,0.00%,0.00%,2.05%,2.05%,1,海光信息(电芯片/核心半导体) 2.05%
022674,中欧中证A500指数增强A,指数型-股票,0.00%,2.05%,0.00%,0.00%,2.05%,1,澜起科技(存储) 2.05%
022675,中欧中证A500指数增强C,指数型-股票,0.00%,2.05%,0.00%,0.00%,2.05%,1,澜起科技(存储) 2.05%
001208,诺安低碳经济股票A,股票型,0.00%,0.00%,2.04%,0.00%,2.04%,1,中际旭创(光芯片/光通信) 2.04%
001256,泓德优选成长混合,混合型-偏股,0.00%,0.00%,0.00%,2.04%,2.04%,1,思瑞浦(电芯片/核心半导体) 2.04%
001428,工银瑞信灵活配置混合B,混合型-灵活,0.00%,0.00%,2.04%,0.00%,2.04%,1,天孚通信(光芯片/光通信) 2.04%
009613,上银中证500指数增强型A,指数型-股票,0.00%,2.04%,0.00%,0.00%,2.04%,1,佰维存储(存储) 2.04%
009614,上银中证500指数增强型C,指数型-股票,0.00%,2.04%,0.00%,0.00%,2.04%,1,佰维存储(存储) 2.04%
010349,诺安低碳经济股票C,股票型,0.00%,0.00%,2.04%,0.00%,2.04%,1,中际旭创(光芯片/光通信) 2.04%
015789,永赢高端装备智选混合发起A,混合型-偏股,0.00%,0.00%,0.00%,2.04%,2.04%,1,复旦微电(电芯片/核心半导体) 2.04%
020659,诺安低碳经济股票D,股票型,0.00%,0.00%,2.04%,0.00%,2.04%,1,中际旭创(光芯片/光通信) 2.04%
025430,中金中证全指指数增强A,指数型-股票,0.00%,0.00%,2.04%,0.00%,2.04%,2,中际旭创(光芯片/光通信) 1.23%; 新易盛(光芯片/光通信) 0.81%
025431,中金中证全指指数增强C,指数型-股票,0.00%,0.00%,2.04%,0.00%,2.04%,2,中际旭创(光芯片/光通信) 1.23%; 新易盛(光芯片/光通信) 0.81%
487016,工银瑞信灵活配置混合A,混合型-灵活,0.00%,0.00%,2.04%,0.00%,2.04%,1,天孚通信(光芯片/光通信) 2.04%
008838,德邦量化对冲混合A,混合型-绝对收益,0.00%,0.00%,1.09%,0.94%,2.03%,2,中际旭创(光芯片/光通信) 1.09%; 寒武纪(电芯片/核心半导体) 0.94%
008839,德邦量化对冲混合C,混合型-绝对收益,0.00%,0.00%,1.09%,0.94%,2.03%,2,中际旭创(光芯片/光通信) 1.09%; 寒武纪(电芯片/核心半导体) 0.94%
013291,富国沪深300指数增强C,指数型-股票,0.00%,0.00%,2.03%,0.00%,2.03%,1,中际旭创(光芯片/光通信) 2.03%
015603,国泰海通君得盛债券C,债券型-混合二级,0.00%,0.00%,1.28%,0.75%,2.03%,4,中际旭创(光芯片/光通信) 0.72%; 新易盛(光芯片/光通信) 0.56%; 海光信息(电芯片/核心半导体) 0.39%; 寒武纪(电芯片/核心半导体) 0.36%
021692,招商资管智达量化选股混合发起A,混合型-偏股,0.00%,0.00%,0.00%,2.03%,2.03%,1,思特威(电芯片/核心半导体) 2.03%
021693,招商资管智达量化选股混合发起C,混合型-偏股,0.00%,0.00%,0.00%,2.03%,2.03%,1,思特威(电芯片/核心半导体) 2.03%
022758,国泰海通君得盛债券D,债券型-混合二级,0.00%,0.00%,1.28%,0.75%,2.03%,4,中际旭创(光芯片/光通信) 0.72%; 新易盛(光芯片/光通信) 0.56%; 海光信息(电芯片/核心半导体) 0.39%; 寒武纪(电芯片/核心半导体) 0.36%
022906,富国沪深300指数增强Y,指数型-股票,0.00%,0.00%,2.03%,0.00%,2.03%,1,中际旭创(光芯片/光通信) 2.03%
100038,富国沪深300指数增强A,指数型-股票,0.00%,0.00%,2.03%,0.00%,2.03%,1,中际旭创(光芯片/光通信) 2.03%
952024,国泰海通君得盛债券A,债券型-混合二级,0.00%,0.00%,1.28%,0.75%,2.03%,4,中际旭创(光芯片/光通信) 0.72%; 新易盛(光芯片/光通信) 0.56%; 海光信息(电芯片/核心半导体) 0.39%; 寒武纪(电芯片/核心半导体) 0.36%
018063,华泰紫金中证1000指数增强发起C,指数型-股票,0.00%,0.00%,2.01%,0.00%,2.01%,2,源杰科技(光芯片/光通信) 1.19%; 长芯博创(光芯片/光通信) 0.82%
018062,华泰紫金中证1000指数增强发起A,指数型-股票,0.00%,0.00%,2.01%,0.00%,2.01%,2,源杰科技(光芯片/光通信) 1.19%; 长芯博创(光芯片/光通信) 0.82%
009114,鹏扬景泓回报灵活配置混合A,混合型-灵活,0.00%,0.00%,0.00%,2.01%,2.01%,1,思特威(电芯片/核心半导体) 2.01%
009115,鹏扬景泓回报灵活配置混合C,混合型-灵活,0.00%,0.00%,0.00%,2.01%,2.01%,1,思特威(电芯片/核心半导体) 2.01%
007137,鹏扬元合量化大盘A,股票型,0.00%,0.00%,2.00%,0.00%,2.00%,1,中际旭创(光芯片/光通信) 2.00%
007138,鹏扬元合量化大盘C,股票型,0.00%,0.00%,2.00%,0.00%,2.00%,1,中际旭创(光芯片/光通信) 2.00%
009326,广发稳健增长混合C,混合型-平衡,0.00%,0.00%,0.00%,2.00%,2.00%,1,芯原股份(电芯片/核心半导体) 2.00%
010724,中欧价值成长混合C,混合型-偏股,0.00%,2.00%,0.00%,0.00%,2.00%,1,澜起科技(存储) 2.00%
010723,中欧价值成长混合A,混合型-偏股,0.00%,2.00%,0.00%,0.00%,2.00%,1,澜起科技(存储) 2.00%
270002,广发稳健增长混合A,混合型-平衡,0.00%,0.00%,0.00%,2.00%,2.00%,1,芯原股份(电芯片/核心半导体) 2.00%
021655,海富通量化选股混合A,混合型-偏股,0.00%,0.00%,0.98%,1.00%,1.98%,3,中际旭创(光芯片/光通信) 0.98%; 中芯国际(电芯片/核心半导体) 0.81%; 中芯国际(电芯片/核心半导体) 0.19%
021656,海富通量化选股混合C,混合型-偏股,0.00%,0.00%,0.98%,1.00%,1.98%,3,中际旭创(光芯片/光通信) 0.98%; 中芯国际(电芯片/核心半导体) 0.81%; 中芯国际(电芯片/核心半导体) 0.19%
013884,交银主题优选混合C,混合型-灵活,0.00%,0.00%,0.00%,1.98%,1.98%,1,圣邦股份(电芯片/核心半导体) 1.98%
519700,交银主题优选混合A,混合型-灵活,0.00%,0.00%,0.00%,1.98%,1.98%,1,圣邦股份(电芯片/核心半导体) 1.98%
561090,A500增强ETF华安,指数型-股票,0.00%,0.00%,1.97%,0.00%,1.97%,1,新易盛(光芯片/光通信) 1.97%
008665,嘉实鑫和一年持有期混合C,混合型-偏债,0.00%,0.00%,1.68%,0.28%,1.96%,3,新易盛(光芯片/光通信) 0.90%; 中际旭创(光芯片/光通信) 0.78%; 寒武纪(电芯片/核心半导体) 0.28%
008664,嘉实鑫和一年持有期混合A,混合型-偏债,0.00%,0.00%,1.68%,0.28%,1.96%,3,新易盛(光芯片/光通信) 0.90%; 中际旭创(光芯片/光通信) 0.78%; 寒武纪(电芯片/核心半导体) 0.28%
014188,华夏量化优选股票C,股票型,0.00%,0.00%,0.00%,1.96%,1.96%,2,华海清科(电芯片/核心半导体) 0.98%; 思特威(电芯片/核心半导体) 0.98%
014187,华夏量化优选股票A,股票型,0.00%,0.00%,0.00%,1.96%,1.96%,2,华海清科(电芯片/核心半导体) 0.98%; 思特威(电芯片/核心半导体) 0.98%
001363,长城久惠灵活配置混合A,混合型-灵活,0.00%,0.00%,0.00%,1.95%,1.95%,1,中芯国际(电芯片/核心半导体) 1.95%
002628,招商安博灵活配置混合A,混合型-灵活,0.00%,0.00%,0.00%,1.95%,1.95%,1,复旦微电(电芯片/核心半导体) 1.95%
002629,招商安博灵活配置混合C,混合型-灵活,0.00%,0.00%,0.00%,1.95%,1.95%,1,复旦微电(电芯片/核心半导体) 1.95%
017626,长城久惠灵活配置混合C,混合型-灵活,0.00%,0.00%,0.00%,1.95%,1.95%,1,中芯国际(电芯片/核心半导体) 1.95%
017619,鑫元添鑫回报6个月持有期混合A,混合型-偏债,0.00%,0.00%,0.00%,1.94%,1.94%,1,寒武纪(电芯片/核心半导体) 1.94%
017620,鑫元添鑫回报6个月持有期混合C,混合型-偏债,0.00%,0.00%,0.00%,1.94%,1.94%,1,寒武纪(电芯片/核心半导体) 1.94%
002456,招商安元灵活配置混合A,混合型-灵活,0.00%,0.00%,0.00%,1.93%,1.93%,1,寒武纪(电芯片/核心半导体) 1.93%
002457,招商安元灵活配置混合C,混合型-灵活,0.00%,0.00%,0.00%,1.93%,1.93%,1,寒武纪(电芯片/核心半导体) 1.93%
003862,招商兴福混合C,混合型-灵活,0.00%,0.00%,0.00%,1.93%,1.93%,1,寒武纪(电芯片/核心半导体) 1.93%
003861,招商兴福混合A,混合型-灵活,0.00%,0.00%,0.00%,1.93%,1.93%,1,寒武纪(电芯片/核心半导体) 1.93%
001182,易方达安心回馈混合A,混合型-偏债,0.00%,1.92%,0.00%,0.00%,1.92%,1,长电科技(存储) 1.92%
004319,国寿安保尊裕优化回报债券C,债券型-混合二级,0.00%,0.00%,0.00%,1.92%,1.92%,1,中芯国际(电芯片/核心半导体) 1.92%
004318,国寿安保尊裕优化回报债券A,债券型-混合二级,0.00%,0.00%,0.00%,1.92%,1.92%,1,中芯国际(电芯片/核心半导体) 1.92%
016594,易方达安心回馈混合C,混合型-偏债,0.00%,1.92%,0.00%,0.00%,1.92%,1,长电科技(存储) 1.92%
000414,嘉实绝对收益策略定期混合A,混合型-绝对收益,0.00%,0.00%,1.91%,0.00%,1.91%,1,中际旭创(光芯片/光通信) 1.91%
002006,工银新得益混合,混合型-偏债,0.00%,0.00%,0.00%,1.91%,1.91%,1,北方华创(电芯片/核心半导体) 1.91%
009216,易方达瑞川混合C,混合型-灵活,0.00%,0.00%,1.91%,0.00%,1.91%,1,新易盛(光芯片/光通信) 1.91%
009215,易方达瑞川混合A,混合型-灵活,0.00%,0.00%,1.91%,0.00%,1.91%,1,新易盛(光芯片/光通信) 1.91%
012023,兴业聚乾混合A,混合型-偏债,0.00%,0.96%,0.00%,0.95%,1.91%,2,长电科技(存储) 0.96%; 中微公司(电芯片/核心半导体) 0.95%
012024,兴业聚乾混合C,混合型-偏债,0.00%,0.96%,0.00%,0.95%,1.91%,2,长电科技(存储) 0.96%; 中微公司(电芯片/核心半导体) 0.95%
014216,嘉实绝对收益策略定期混合C,混合型-绝对收益,0.00%,0.00%,1.91%,0.00%,1.91%,1,中际旭创(光芯片/光通信) 1.91%
025356,东海启恒混合发起式C,混合型-偏债,0.00%,0.00%,0.00%,1.91%,1.91%,1,复旦微电(电芯片/核心半导体) 1.91%
025355,东海启恒混合发起式A,混合型-偏债,0.00%,0.00%,0.00%,1.91%,1.91%,1,复旦微电(电芯片/核心半导体) 1.91%
512370,A500增强ETF华夏,指数型-股票,0.00%,0.00%,1.91%,0.00%,1.91%,1,中际旭创(光芯片/光通信) 1.91%
004763,中科沃土沃嘉混合A,混合型-灵活,0.00%,1.90%,0.00%,0.00%,1.90%,1,通富微电(存储) 1.90%
004764,中科沃土沃嘉混合C,混合型-灵活,0.00%,1.90%,0.00%,0.00%,1.90%,1,通富微电(存储) 1.90%
012704,中银兴利稳健回报灵活配置混合A,混合型-灵活,0.00%,0.00%,0.00%,1.90%,1.90%,2,中芯国际(电芯片/核心半导体) 1.22%; 中芯国际(电芯片/核心半导体) 0.68%
012705,中银兴利稳健回报灵活配置混合C,混合型-灵活,0.00%,0.00%,0.00%,1.90%,1.90%,2,中芯国际(电芯片/核心半导体) 1.22%; 中芯国际(电芯片/核心半导体) 0.68%
000143,鹏华双债加利债券A,债券型-混合二级,0.00%,0.00%,1.16%,0.73%,1.89%,2,中际旭创(光芯片/光通信) 1.16%; 寒武纪(电芯片/核心半导体) 0.73%
012069,天弘安康颐享12个月持有A,混合型-偏债,0.00%,0.53%,0.00%,1.36%,1.89%,3,海光信息(电芯片/核心半导体) 0.89%; 澜起科技(存储) 0.53%; 北方华创(电芯片/核心半导体) 0.47%
012070,天弘安康颐享12个月持有C,混合型-偏债,0.00%,0.53%,0.00%,1.36%,1.89%,3,海光信息(电芯片/核心半导体) 0.89%; 澜起科技(存储) 0.53%; 北方华创(电芯片/核心半导体) 0.47%
013149,鹏华双债加利债券C,债券型-混合二级,0.00%,0.00%,1.16%,0.73%,1.89%,2,中际旭创(光芯片/光通信) 1.16%; 寒武纪(电芯片/核心半导体) 0.73%
022226,鹏华双债加利债券D,债券型-混合二级,0.00%,0.00%,1.16%,0.73%,1.89%,2,中际旭创(光芯片/光通信) 1.16%; 寒武纪(电芯片/核心半导体) 0.73%
014627,财通多策略福瑞混合发起式(LOF)C,混合型-偏股,0.00%,0.00%,1.88%,0.00%,1.88%,1,中际旭创(光芯片/光通信) 1.88%
023339,鹏华中证A500指数增强A,指数型-股票,0.00%,0.00%,1.88%,0.00%,1.88%,1,中际旭创(光芯片/光通信) 1.88%
023340,鹏华中证A500指数增强C,指数型-股票,0.00%,0.00%,1.88%,0.00%,1.88%,1,中际旭创(光芯片/光通信) 1.88%
025675,鹏华中证A500指数增强I,指数型-股票,0.00%,0.00%,1.88%,0.00%,1.88%,1,中际旭创(光芯片/光通信) 1.88%
501028,财通多策略福瑞混合发起式(LOF)A,混合型-偏股,0.00%,0.00%,1.88%,0.00%,1.88%,1,中际旭创(光芯片/光通信) 1.88%
009286,泰康招泰尊享一年持有期混合C,混合型-偏债,0.00%,0.00%,1.87%,0.00%,1.87%,1,中际旭创(光芯片/光通信) 1.87%
009285,泰康招泰尊享一年持有期混合A,混合型-偏债,0.00%,0.00%,1.87%,0.00%,1.87%,1,中际旭创(光芯片/光通信) 1.87%
167001,平安鼎泰混合(LOF),混合型-灵活,0.00%,0.00%,1.87%,0.00%,1.87%,1,新易盛(光芯片/光通信) 1.87%
011743,华夏兴源稳健一年持有混合A,混合型-偏债,0.00%,0.00%,1.86%,0.00%,1.86%,2,长芯博创(光芯片/光通信) 1.02%; 光迅科技(光芯片/光通信) 0.84%
011744,华夏兴源稳健一年持有混合C,混合型-偏债,0.00%,0.00%,1.86%,0.00%,1.86%,2,长芯博创(光芯片/光通信) 1.02%; 光迅科技(光芯片/光通信) 0.84%
026202,上银丰泽混合发起式A,混合型-偏债,0.00%,0.46%,0.65%,0.74%,1.85%,3,芯原股份(电芯片/核心半导体) 0.74%; 新易盛(光芯片/光通信) 0.65%; 佰维存储(存储) 0.46%
026203,上银丰泽混合发起式C,混合型-偏债,0.00%,0.46%,0.65%,0.74%,1.85%,3,芯原股份(电芯片/核心半导体) 0.74%; 新易盛(光芯片/光通信) 0.65%; 佰维存储(存储) 0.46%
010404,博道盛利6个月持有期混合,混合型-偏债,0.00%,0.00%,1.12%,0.73%,1.85%,3,寒武纪(电芯片/核心半导体) 0.73%; 中际旭创(光芯片/光通信) 0.63%; 新易盛(光芯片/光通信) 0.49%
019602,鹏华精新添利债券A,债券型-混合二级,0.00%,0.00%,0.00%,1.84%,1.84%,2,海光信息(电芯片/核心半导体) 1.03%; 中微公司(电芯片/核心半导体) 0.81%
019603,鹏华精新添利债券C,债券型-混合二级,0.00%,0.00%,0.00%,1.84%,1.84%,2,海光信息(电芯片/核心半导体) 1.03%; 中微公司(电芯片/核心半导体) 0.81%
530800,上证180ETF银华,指数型-股票,0.00%,0.00%,0.00%,1.84%,1.84%,1,寒武纪(电芯片/核心半导体) 1.84%
008831,海富通安益对冲混合A,混合型-绝对收益,0.00%,0.00%,0.00%,1.83%,1.83%,1,海光信息(电芯片/核心半导体) 1.83%
008830,海富通安益对冲混合C,混合型-绝对收益,0.00%,0.00%,0.00%,1.83%,1.83%,1,海光信息(电芯片/核心半导体) 1.83%
025963,永赢优选增强债券C,债券型-混合二级,0.00%,1.83%,0.00%,0.00%,1.83%,2,佰维存储(存储) 1.21%; 北京君正(存储) 0.62%
025962,永赢优选增强债券A,债券型-混合二级,0.00%,1.83%,0.00%,0.00%,1.83%,2,佰维存储(存储) 1.21%; 北京君正(存储) 0.62%
015714,格林聚鑫增强债券C,债券型-混合二级,0.00%,1.82%,0.00%,0.00%,1.82%,1,长电科技(存储) 1.82%
015713,格林聚鑫增强债券A,债券型-混合二级,0.00%,1.82%,0.00%,0.00%,1.82%,1,长电科技(存储) 1.82%
025634,鹏华易选平衡3个月持有期混合(FOF)A,FOF-均衡型,0.00%,0.00%,0.00%,1.82%,1.82%,1,寒武纪(电芯片/核心半导体) 1.82%
025635,鹏华易选平衡3个月持有期混合(FOF)C,FOF-均衡型,0.00%,0.00%,0.00%,1.82%,1.82%,1,寒武纪(电芯片/核心半导体) 1.82%
001423,景顺长城安享回报混合C,混合型-灵活,0.00%,0.00%,1.46%,0.34%,1.80%,3,中际旭创(光芯片/光通信) 0.74%; 新易盛(光芯片/光通信) 0.72%; 寒武纪(电芯片/核心半导体) 0.34%
001422,景顺长城安享回报混合A,混合型-灵活,0.00%,0.00%,1.46%,0.34%,1.80%,3,中际旭创(光芯片/光通信) 0.74%; 新易盛(光芯片/光通信) 0.72%; 寒武纪(电芯片/核心半导体) 0.34%
010908,大成沪深300增强发起式A,指数型-股票,0.00%,0.00%,1.80%,0.00%,1.80%,1,中际旭创(光芯片/光通信) 1.80%
010909,大成沪深300增强发起式C,指数型-股票,0.00%,0.00%,1.80%,0.00%,1.80%,1,中际旭创(光芯片/光通信) 1.80%
023120,民生加银中证全指指数增强C,指数型-股票,0.00%,0.00%,1.80%,0.00%,1.80%,2,中际旭创(光芯片/光通信) 1.01%; 新易盛(光芯片/光通信) 0.79%
023119,民生加银中证全指指数增强A,指数型-股票,0.00%,0.00%,1.80%,0.00%,1.80%,2,中际旭创(光芯片/光通信) 1.01%; 新易盛(光芯片/光通信) 0.79%
002808,泓德优势领航混合,混合型-灵活,0.00%,0.00%,0.00%,1.79%,1.79%,1,思瑞浦(电芯片/核心半导体) 1.79%
005126,银河量化稳进混合,混合型-偏股,0.00%,0.00%,1.79%,0.00%,1.79%,1,仕佳光子(光芯片/光通信) 1.79%
011913,华夏永泓一年持有混合A,混合型-偏债,0.00%,0.00%,0.00%,1.79%,1.79%,3,中芯国际(电芯片/核心半导体) 0.63%; 海光信息(电芯片/核心半导体) 0.59%; 中微公司(电芯片/核心半导体) 0.57%
011914,华夏永泓一年持有混合C,混合型-偏债,0.00%,0.00%,0.00%,1.79%,1.79%,3,中芯国际(电芯片/核心半导体) 0.63%; 海光信息(电芯片/核心半导体) 0.59%; 中微公司(电芯片/核心半导体) 0.57%
013432,华泰柏瑞景气汇选三年持有期混合C,混合型-偏股,0.00%,0.00%,0.00%,1.79%,1.79%,2,中芯国际(电芯片/核心半导体) 1.77%; 中芯国际(电芯片/核心半导体) 0.02%
013431,华泰柏瑞景气汇选三年持有期混合A,混合型-偏股,0.00%,0.00%,0.00%,1.79%,1.79%,2,中芯国际(电芯片/核心半导体) 1.77%; 中芯国际(电芯片/核心半导体) 0.02%
162210,宏利集利债券A,债券型-混合二级,0.00%,0.00%,1.03%,0.76%,1.79%,2,光迅科技(光芯片/光通信) 1.03%; 北方华创(电芯片/核心半导体) 0.76%
162299,宏利集利债券C,债券型-混合二级,0.00%,0.00%,1.03%,0.76%,1.79%,2,光迅科技(光芯片/光通信) 1.03%; 北方华创(电芯片/核心半导体) 0.76%
006785,东方量化多策略混合A,混合型-偏股,0.00%,0.00%,1.78%,0.00%,1.78%,2,源杰科技(光芯片/光通信) 1.19%; 长芯博创(光芯片/光通信) 0.59%
011610,华泰柏瑞上证科创板50成份ETF联接A,指数型-股票,0.00%,0.40%,0.00%,1.38%,1.78%,7,海光信息(电芯片/核心半导体) 0.36%; 中芯国际(电芯片/核心半导体) 0.33%; 寒武纪(电芯片/核心半导体) 0.30%; 澜起科技(存储) 0.25%; 中微公司(电芯片/核心半导体) 0.23%; 芯原股份(电芯片/核心半导体) 0.16%; 佰维存储(存储) 0.15%
011611,华泰柏瑞上证科创板50成份ETF联接C,指数型-股票,0.00%,0.40%,0.00%,1.38%,1.78%,7,海光信息(电芯片/核心半导体) 0.36%; 中芯国际(电芯片/核心半导体) 0.33%; 寒武纪(电芯片/核心半导体) 0.30%; 澜起科技(存储) 0.25%; 中微公司(电芯片/核心半导体) 0.23%; 芯原股份(电芯片/核心半导体) 0.16%; 佰维存储(存储) 0.15%
014724,东方量化多策略混合C,混合型-偏股,0.00%,0.00%,1.78%,0.00%,1.78%,2,源杰科技(光芯片/光通信) 1.19%; 长芯博创(光芯片/光通信) 0.59%
022679,华泰柏瑞上证科创板50成份ETF联接I,指数型-股票,0.00%,0.40%,0.00%,1.38%,1.78%,7,海光信息(电芯片/核心半导体) 0.36%; 中芯国际(电芯片/核心半导体) 0.33%; 寒武纪(电芯片/核心半导体) 0.30%; 澜起科技(存储) 0.25%; 中微公司(电芯片/核心半导体) 0.23%; 芯原股份(电芯片/核心半导体) 0.16%; 佰维存储(存储) 0.15%
022950,华泰柏瑞上证科创板50成份ETF联接Y,指数型-股票,0.00%,0.40%,0.00%,1.38%,1.78%,7,海光信息(电芯片/核心半导体) 0.36%; 中芯国际(电芯片/核心半导体) 0.33%; 寒武纪(电芯片/核心半导体) 0.30%; 澜起科技(存储) 0.25%; 中微公司(电芯片/核心半导体) 0.23%; 芯原股份(电芯片/核心半导体) 0.16%; 佰维存储(存储) 0.15%
560590,中证1000增强ETF鹏华,指数型-股票,0.00%,0.00%,1.78%,0.00%,1.78%,1,源杰科技(光芯片/光通信) 1.78%
510500,中证500ETF南方,指数型-股票,0.00%,1.19%,0.58%,0.00%,1.77%,4,佰维存储(存储) 0.69%; 通富微电(存储) 0.50%; 光迅科技(光芯片/光通信) 0.41%; 太辰光(光芯片/光通信) 0.17%
001980,中欧量化驱动混合A,混合型-偏股,0.00%,0.00%,1.47%,0.29%,1.76%,3,中际旭创(光芯片/光通信) 0.80%; 新易盛(光芯片/光通信) 0.67%; 华虹半导体(电芯片/核心半导体) 0.29%
020875,中欧量化驱动混合C,混合型-偏股,0.00%,0.00%,1.47%,0.29%,1.76%,3,中际旭创(光芯片/光通信) 0.80%; 新易盛(光芯片/光通信) 0.67%; 华虹半导体(电芯片/核心半导体) 0.29%
023435,富安达中证A500指数增强A,指数型-股票,0.00%,0.00%,1.76%,0.00%,1.76%,1,中际旭创(光芯片/光通信) 1.76%
023436,富安达中证A500指数增强C,指数型-股票,0.00%,0.00%,1.76%,0.00%,1.76%,1,中际旭创(光芯片/光通信) 1.76%
001447,天弘惠利混合A,混合型-灵活,0.00%,0.80%,0.00%,0.96%,1.76%,2,海光信息(电芯片/核心半导体) 0.96%; 澜起科技(存储) 0.80%
019896,天弘惠利混合C,混合型-灵活,0.00%,0.80%,0.00%,0.96%,1.76%,2,海光信息(电芯片/核心半导体) 0.96%; 澜起科技(存储) 0.80%
012906,金鹰睿选成长六个月持有混合C,混合型-偏股,0.00%,0.00%,1.75%,0.00%,1.75%,1,中际旭创(光芯片/光通信) 1.75%
012905,金鹰睿选成长六个月持有混合A,混合型-偏股,0.00%,0.00%,1.75%,0.00%,1.75%,1,中际旭创(光芯片/光通信) 1.75%
024314,华商沪深300指数增强C,指数型-股票,0.00%,0.00%,1.75%,0.00%,1.75%,1,中际旭创(光芯片/光通信) 1.75%
024313,华商沪深300指数增强A,指数型-股票,0.00%,0.00%,1.75%,0.00%,1.75%,1,中际旭创(光芯片/光通信) 1.75%
026737,交银中证A500指数增强发起C,指数型-股票,0.00%,0.00%,1.75%,0.00%,1.75%,1,中际旭创(光芯片/光通信) 1.75%
026736,交银中证A500指数增强发起A,指数型-股票,0.00%,0.00%,1.75%,0.00%,1.75%,1,中际旭创(光芯片/光通信) 1.75%
530280,上证180ETF平安,指数型-股票,0.00%,0.00%,0.00%,1.75%,1.75%,1,寒武纪(电芯片/核心半导体) 1.75%
516300,中证1000ETF华泰柏瑞,指数型-股票,0.00%,0.39%,1.36%,0.00%,1.75%,4,源杰科技(光芯片/光通信) 0.66%; 东芯股份(存储) 0.39%; 长芯博创(光芯片/光通信) 0.38%; 长光华芯(光芯片/光通信) 0.32%
510990,180ESGETF工银,指数型-股票,0.00%,0.00%,0.00%,1.74%,1.74%,1,中芯国际(电芯片/核心半导体) 1.74%
000897,鑫元聚鑫收益增强C,债券型-混合二级,0.00%,0.00%,1.68%,0.05%,1.73%,2,中际旭创(光芯片/光通信) 1.68%; 芯原股份(电芯片/核心半导体) 0.05%
000896,鑫元聚鑫收益增强A,债券型-混合二级,0.00%,0.00%,1.68%,0.05%,1.73%,2,中际旭创(光芯片/光通信) 1.68%; 芯原股份(电芯片/核心半导体) 0.05%
008720,德邦安顺混合C,混合型-偏债,0.00%,0.00%,0.00%,1.73%,1.73%,2,寒武纪(电芯片/核心半导体) 1.18%; 海光信息(电芯片/核心半导体) 0.55%
008719,德邦安顺混合A,混合型-偏债,0.00%,0.00%,0.00%,1.73%,1.73%,2,寒武纪(电芯片/核心半导体) 1.18%; 海光信息(电芯片/核心半导体) 0.55%
017584,鑫元聚鑫收益增强D,债券型-混合二级,0.00%,0.00%,1.68%,0.05%,1.73%,2,中际旭创(光芯片/光通信) 1.68%; 芯原股份(电芯片/核心半导体) 0.05%
005870,鹏华沪深300指数增强A,指数型-股票,0.00%,0.00%,1.72%,0.00%,1.72%,1,中际旭创(光芯片/光通信) 1.72%
016690,鹏华沪深300指数增强C,指数型-股票,0.00%,0.00%,1.72%,0.00%,1.72%,1,中际旭创(光芯片/光通信) 1.72%
022824,鹏华沪深300指数增强I,指数型-股票,0.00%,0.00%,1.72%,0.00%,1.72%,1,中际旭创(光芯片/光通信) 1.72%
002116,广发安享混合A,混合型-灵活,0.00%,0.00%,1.39%,0.32%,1.71%,3,中际旭创(光芯片/光通信) 0.78%; 新易盛(光芯片/光通信) 0.61%; 芯原股份(电芯片/核心半导体) 0.32%
002117,广发安享混合C,混合型-灵活,0.00%,0.00%,1.39%,0.32%,1.71%,3,中际旭创(光芯片/光通信) 0.78%; 新易盛(光芯片/光通信) 0.61%; 芯原股份(电芯片/核心半导体) 0.32%
530020,建信转债增强债券A,债券型-混合二级,0.00%,0.00%,1.01%,0.70%,1.71%,2,中际旭创(光芯片/光通信) 1.01%; 芯原股份(电芯片/核心半导体) 0.70%
531020,建信转债增强债券C,债券型-混合二级,0.00%,0.00%,1.01%,0.70%,1.71%,2,中际旭创(光芯片/光通信) 1.01%; 芯原股份(电芯片/核心半导体) 0.70%
003144,华宝新机遇混合(LOF)C,混合型-灵活,0.00%,0.00%,0.68%,1.02%,1.70%,2,中微公司(电芯片/核心半导体) 1.02%; 中际旭创(光芯片/光通信) 0.68%
008887,华夏国证半导体芯片ETF联接A,指数型-股票,0.00%,0.40%,0.00%,1.30%,1.70%,9,海光信息(电芯片/核心半导体) 0.26%; 北方华创(电芯片/核心半导体) 0.24%; 中芯国际(电芯片/核心半导体) 0.22%; 兆易创新(存储) 0.21%; 寒武纪(电芯片/核心半导体) 0.19%; 中微公司(电芯片/核心半导体) 0.19%; 澜起科技(存储) 0.19%; 豪威集团(电芯片/核心半导体) 0.11%; 芯原股份(电芯片/核心半导体) 0.09%
008888,华夏国证半导体芯片ETF联接C,指数型-股票,0.00%,0.40%,0.00%,1.30%,1.70%,9,海光信息(电芯片/核心半导体) 0.26%; 北方华创(电芯片/核心半导体) 0.24%; 中芯国际(电芯片/核心半导体) 0.22%; 兆易创新(存储) 0.21%; 寒武纪(电芯片/核心半导体) 0.19%; 中微公司(电芯片/核心半导体) 0.19%; 澜起科技(存储) 0.19%; 豪威集团(电芯片/核心半导体) 0.11%; 芯原股份(电芯片/核心半导体) 0.09%
024245,广发上证科创板人工智能ETF发起式联接A,指数型-股票,0.00%,0.39%,0.00%,1.31%,1.70%,6,芯原股份(电芯片/核心半导体) 0.53%; 澜起科技(存储) 0.39%; 寒武纪(电芯片/核心半导体) 0.26%; 晶晨股份(电芯片/核心半导体) 0.19%; 复旦微电(电芯片/核心半导体) 0.18%; 恒玄科技(电芯片/核心半导体) 0.15%
024246,广发上证科创板人工智能ETF发起式联接C,指数型-股票,0.00%,0.39%,0.00%,1.31%,1.70%,6,芯原股份(电芯片/核心半导体) 0.53%; 澜起科技(存储) 0.39%; 寒武纪(电芯片/核心半导体) 0.26%; 晶晨股份(电芯片/核心半导体) 0.19%; 复旦微电(电芯片/核心半导体) 0.18%; 恒玄科技(电芯片/核心半导体) 0.15%
159621,ESGETF国泰,指数型-股票,0.00%,0.00%,1.70%,0.00%,1.70%,1,中际旭创(光芯片/光通信) 1.70%
162414,华宝新机遇混合(LOF)A,混合型-灵活,0.00%,0.00%,0.68%,1.02%,1.70%,2,中微公司(电芯片/核心半导体) 1.02%; 中际旭创(光芯片/光通信) 0.68%
014020,诺德量化先锋一年持有混合A,混合型-偏股,0.00%,0.00%,1.69%,0.00%,1.69%,1,光迅科技(光芯片/光通信) 1.69%
014021,诺德量化先锋一年持有混合C,混合型-偏股,0.00%,0.00%,1.69%,0.00%,1.69%,1,光迅科技(光芯片/光通信) 1.69%
017913,华夏稳进增益一年持有混合C,混合型-偏债,0.00%,0.00%,1.69%,0.00%,1.69%,3,中际旭创(光芯片/光通信) 0.68%; 新易盛(光芯片/光通信) 0.53%; 天孚通信(光芯片/光通信) 0.48%
017912,华夏稳进增益一年持有混合A,混合型-偏债,0.00%,0.00%,1.69%,0.00%,1.69%,3,中际旭创(光芯片/光通信) 0.68%; 新易盛(光芯片/光通信) 0.53%; 天孚通信(光芯片/光通信) 0.48%
024137,中加聚享昭利120天持有债券A,债券型-混合二级,0.00%,0.00%,1.12%,0.57%,1.69%,3,新易盛(光芯片/光通信) 0.65%; 北方华创(电芯片/核心半导体) 0.57%; 中际旭创(光芯片/光通信) 0.47%
024138,中加聚享昭利120天持有债券C,债券型-混合二级,0.00%,0.00%,1.12%,0.57%,1.69%,3,新易盛(光芯片/光通信) 0.65%; 北方华创(电芯片/核心半导体) 0.57%; 中际旭创(光芯片/光通信) 0.47%
005246,国泰可转债债券A,债券型-混合二级,0.00%,0.00%,1.67%,0.00%,1.67%,1,天孚通信(光芯片/光通信) 1.67%
025464,国泰可转债债券D,债券型-混合二级,0.00%,0.00%,1.67%,0.00%,1.67%,1,天孚通信(光芯片/光通信) 1.67%
025706,广发沪深300指数量化增强C,指数型-股票,0.00%,0.00%,1.67%,0.00%,1.67%,1,中际旭创(光芯片/光通信) 1.67%
025705,广发沪深300指数量化增强A,指数型-股票,0.00%,0.00%,1.67%,0.00%,1.67%,1,中际旭创(光芯片/光通信) 1.67%
005248,新华沪深300指数增强A,指数型-股票,0.00%,0.00%,1.66%,0.00%,1.66%,1,新易盛(光芯片/光通信) 1.66%
008184,新华沪深300指数增强C,指数型-股票,0.00%,0.00%,1.66%,0.00%,1.66%,1,新易盛(光芯片/光通信) 1.66%
009810,易方达悦通一年持有期混合A,混合型-偏债,0.00%,0.00%,0.92%,0.74%,1.66%,2,新易盛(光芯片/光通信) 0.92%; 芯原股份(电芯片/核心半导体) 0.74%
009811,易方达悦通一年持有期混合C,混合型-偏债,0.00%,0.00%,0.92%,0.74%,1.66%,2,新易盛(光芯片/光通信) 0.92%; 芯原股份(电芯片/核心半导体) 0.74%
012894,天弘中证科创创业50ETF联接A,指数型-股票,0.00%,0.13%,0.98%,0.54%,1.65%,7,中际旭创(光芯片/光通信) 0.44%; 新易盛(光芯片/光通信) 0.42%; 寒武纪(电芯片/核心半导体) 0.19%; 海光信息(电芯片/核心半导体) 0.18%; 中芯国际(电芯片/核心半导体) 0.17%; 澜起科技(存储) 0.13%; 天孚通信(光芯片/光通信) 0.12%
012895,天弘中证科创创业50ETF联接C,指数型-股票,0.00%,0.13%,0.98%,0.54%,1.65%,7,中际旭创(光芯片/光通信) 0.44%; 新易盛(光芯片/光通信) 0.42%; 寒武纪(电芯片/核心半导体) 0.19%; 海光信息(电芯片/核心半导体) 0.18%; 中芯国际(电芯片/核心半导体) 0.17%; 澜起科技(存储) 0.13%; 天孚通信(光芯片/光通信) 0.12%
016993,长江惠盈9个月持有债券发起式A,债券型-混合二级,0.00%,0.00%,1.31%,0.34%,1.65%,3,中际旭创(光芯片/光通信) 0.77%; 新易盛(光芯片/光通信) 0.54%; 北方华创(电芯片/核心半导体) 0.34%
016994,长江惠盈9个月持有债券发起式C,债券型-混合二级,0.00%,0.00%,1.31%,0.34%,1.65%,3,中际旭创(光芯片/光通信) 0.77%; 新易盛(光芯片/光通信) 0.54%; 北方华创(电芯片/核心半导体) 0.34%
022981,天弘中证科创创业50ETF联接Y,指数型-股票,0.00%,0.13%,0.98%,0.54%,1.65%,7,中际旭创(光芯片/光通信) 0.44%; 新易盛(光芯片/光通信) 0.42%; 寒武纪(电芯片/核心半导体) 0.19%; 海光信息(电芯片/核心半导体) 0.18%; 中芯国际(电芯片/核心半导体) 0.17%; 澜起科技(存储) 0.13%; 天孚通信(光芯片/光通信) 0.12%
017607,华泰柏瑞轮动精选混合C,混合型-偏股,0.00%,0.00%,0.00%,1.64%,1.64%,2,中芯国际(电芯片/核心半导体) 1.62%; 中芯国际(电芯片/核心半导体) 0.02%
017606,华泰柏瑞轮动精选混合A,混合型-偏股,0.00%,0.00%,0.00%,1.64%,1.64%,2,中芯国际(电芯片/核心半导体) 1.62%; 中芯国际(电芯片/核心半导体) 0.02%
023290,鹏华沪深300指数量化增强A,指数型-股票,0.00%,0.00%,1.64%,0.00%,1.64%,1,中际旭创(光芯片/光通信) 1.64%
023291,鹏华沪深300指数量化增强C,指数型-股票,0.00%,0.00%,1.64%,0.00%,1.64%,1,中际旭创(光芯片/光通信) 1.64%
024158,鹏华沪深300指数量化增强I,指数型-股票,0.00%,0.00%,1.64%,0.00%,1.64%,1,中际旭创(光芯片/光通信) 1.64%
007729,招商普盛全球配置(QDII)人民币A,QDII-混合灵活,0.00%,0.93%,0.00%,0.70%,1.63%,4,闪迪(存储) 0.59%; Arm Holdings plc ADR(电芯片/核心半导体) 0.35%; 博通(电芯片/核心半导体) 0.35%; 美光科技(存储) 0.34%
007975,招商普盛全球配置(QDII-FOF)美元现汇,QDII-混合灵活,0.00%,0.93%,0.00%,0.70%,1.63%,4,闪迪(存储) 0.59%; Arm Holdings plc ADR(电芯片/核心半导体) 0.35%; 博通(电芯片/核心半导体) 0.35%; 美光科技(存储) 0.34%
008183,招商普盛全球配置(QDII-FOF)美元现钞,QDII-混合灵活,0.00%,0.93%,0.00%,0.70%,1.63%,4,闪迪(存储) 0.59%; Arm Holdings plc ADR(电芯片/核心半导体) 0.35%; 博通(电芯片/核心半导体) 0.35%; 美光科技(存储) 0.34%
023559,招商普盛全球配置(QDII)人民币C,QDII-混合灵活,0.00%,0.93%,0.00%,0.70%,1.63%,4,闪迪(存储) 0.59%; Arm Holdings plc ADR(电芯片/核心半导体) 0.35%; 博通(电芯片/核心半导体) 0.35%; 美光科技(存储) 0.34%
025339,招商普盛全球配置(QDII)人民币D,QDII-混合灵活,0.00%,0.93%,0.00%,0.70%,1.63%,4,闪迪(存储) 0.59%; Arm Holdings plc ADR(电芯片/核心半导体) 0.35%; 博通(电芯片/核心半导体) 0.35%; 美光科技(存储) 0.34%
023870,摩根中证A500指数增强C,指数型-股票,0.00%,0.00%,1.62%,0.00%,1.62%,1,中际旭创(光芯片/光通信) 1.62%
023869,摩根中证A500指数增强A,指数型-股票,0.00%,0.00%,1.62%,0.00%,1.62%,1,中际旭创(光芯片/光通信) 1.62%
021821,兴业聚享6个月持有期混合A,混合型-偏债,0.00%,0.00%,0.00%,1.62%,1.62%,2,恒玄科技(电芯片/核心半导体) 1.06%; 北方华创(电芯片/核心半导体) 0.56%
021871,兴业聚享6个月持有期混合C,混合型-偏债,0.00%,0.00%,0.00%,1.62%,1.62%,2,恒玄科技(电芯片/核心半导体) 1.06%; 北方华创(电芯片/核心半导体) 0.56%
013787,交银智选星光混合(FOF-LOF)C,FOF-进取型,0.00%,0.00%,1.61%,0.00%,1.61%,2,源杰科技(光芯片/光通信) 0.95%; 中际旭创(光芯片/光通信) 0.66%
501210,交银智选星光混合(FOF-LOF)A,FOF-进取型,0.00%,0.00%,1.61%,0.00%,1.61%,2,源杰科技(光芯片/光通信) 0.95%; 中际旭创(光芯片/光通信) 0.66%
005887,华夏鼎沛债券C,债券型-混合二级,0.00%,0.00%,1.60%,0.00%,1.60%,2,长飞光纤光缆(光芯片/光通信) 0.83%; 天孚通信(光芯片/光通信) 0.77%
005886,华夏鼎沛债券A,债券型-混合二级,0.00%,0.00%,1.60%,0.00%,1.60%,2,长飞光纤光缆(光芯片/光通信) 0.83%; 天孚通信(光芯片/光通信) 0.77%
008795,海富通阿尔法对冲混合C,混合型-绝对收益,0.00%,0.00%,1.60%,0.00%,1.60%,2,中际旭创(光芯片/光通信) 0.91%; 新易盛(光芯片/光通信) 0.69%
010905,博时双季鑫6个月持有混合C,混合型-偏债,0.00%,0.00%,0.00%,1.60%,1.60%,1,中芯国际(电芯片/核心半导体) 1.60%
010904,博时双季鑫6个月持有混合A,混合型-偏债,0.00%,0.00%,0.00%,1.60%,1.60%,1,中芯国际(电芯片/核心半导体) 1.60%
010924,博时双季鑫6个月持有混合B,混合型-偏债,0.00%,0.00%,0.00%,1.60%,1.60%,1,中芯国际(电芯片/核心半导体) 1.60%
015306,银华鑫峰混合C,混合型-偏股,0.00%,0.00%,0.00%,1.60%,1.60%,1,华海清科(电芯片/核心半导体) 1.60%
015305,银华鑫峰混合A,混合型-偏股,0.00%,0.00%,0.00%,1.60%,1.60%,1,华海清科(电芯片/核心半导体) 1.60%
022408,鑫元睿鑫添益债券A,债券型-混合二级,0.00%,0.00%,0.00%,1.60%,1.60%,1,寒武纪(电芯片/核心半导体) 1.60%
022409,鑫元睿鑫添益债券C,债券型-混合二级,0.00%,0.00%,0.00%,1.60%,1.60%,1,寒武纪(电芯片/核心半导体) 1.60%
519062,海富通阿尔法对冲混合A,混合型-绝对收益,0.00%,0.00%,1.60%,0.00%,1.60%,2,中际旭创(光芯片/光通信) 0.91%; 新易盛(光芯片/光通信) 0.69%
007126,博道远航混合A,混合型-偏股,0.00%,0.00%,1.59%,0.00%,1.59%,1,中际旭创(光芯片/光通信) 1.59%
007127,博道远航混合C,混合型-偏股,0.00%,0.00%,1.59%,0.00%,1.59%,1,中际旭创(光芯片/光通信) 1.59%
008726,平安添裕债券A,债券型-混合二级,0.00%,0.00%,1.59%,0.00%,1.59%,2,中际旭创(光芯片/光通信) 0.91%; 新易盛(光芯片/光通信) 0.68%
008727,平安添裕债券C,债券型-混合二级,0.00%,0.00%,1.59%,0.00%,1.59%,2,中际旭创(光芯片/光通信) 0.91%; 新易盛(光芯片/光通信) 0.68%
014803,汇安添利18个月持有混合A,混合型-偏债,0.00%,1.59%,0.00%,0.00%,1.59%,1,佰维存储(存储) 1.59%
014804,汇安添利18个月持有混合C,混合型-偏债,0.00%,1.59%,0.00%,0.00%,1.59%,1,佰维存储(存储) 1.59%
023203,兴全中证沪港深300指数增强A,指数型-股票,0.00%,0.00%,0.00%,1.59%,1.59%,1,寒武纪(电芯片/核心半导体) 1.59%
023204,兴全中证沪港深300指数增强C,指数型-股票,0.00%,0.00%,0.00%,1.59%,1.59%,1,寒武纪(电芯片/核心半导体) 1.59%
023578,平安添裕债券E,债券型-混合二级,0.00%,0.00%,1.59%,0.00%,1.59%,2,中际旭创(光芯片/光通信) 0.91%; 新易盛(光芯片/光通信) 0.68%
003205,财通可转债债券C,债券型-混合二级,0.00%,0.00%,1.58%,0.00%,1.58%,1,新易盛(光芯片/光通信) 1.58%
020190,农银上证180指数A,指数型-股票,0.00%,0.00%,0.00%,1.58%,1.58%,1,寒武纪(电芯片/核心半导体) 1.58%
020191,农银上证180指数C,指数型-股票,0.00%,0.00%,0.00%,1.58%,1.58%,1,寒武纪(电芯片/核心半导体) 1.58%
720002,财通可转债债券A,债券型-混合二级,0.00%,0.00%,1.58%,0.00%,1.58%,1,新易盛(光芯片/光通信) 1.58%
004513,海富通沪深300指数增强A,指数型-股票,0.00%,0.00%,1.57%,0.00%,1.57%,1,中际旭创(光芯片/光通信) 1.57%
004512,海富通沪深300指数增强C,指数型-股票,0.00%,0.00%,1.57%,0.00%,1.57%,1,中际旭创(光芯片/光通信) 1.57%
007130,中庚小盘价值股票,股票型,0.00%,0.00%,1.57%,0.00%,1.57%,1,新易盛(光芯片/光通信) 1.57%
026275,海富通沪深300增强Y,指数型-股票,0.00%,0.00%,1.57%,0.00%,1.57%,1,中际旭创(光芯片/光通信) 1.57%
159678,500增强ETF博时,指数型-股票,0.00%,1.57%,0.00%,0.00%,1.57%,1,佰维存储(存储) 1.57%
018837,广发养老目标2060五年持有混合发起式(FOF)A,FOF-进取型,0.00%,0.00%,0.96%,0.61%,1.57%,3,寒武纪(电芯片/核心半导体) 0.61%; 新易盛(光芯片/光通信) 0.48%; 中际旭创(光芯片/光通信) 0.48%
022046,广发养老目标2060五年持有混合发起式(FOF)Y,FOF-进取型,0.00%,0.00%,0.96%,0.61%,1.57%,3,寒武纪(电芯片/核心半导体) 0.61%; 新易盛(光芯片/光通信) 0.48%; 中际旭创(光芯片/光通信) 0.48%
006254,长城久悦债券A,债券型-混合二级,0.00%,0.00%,1.56%,0.00%,1.56%,2,仕佳光子(光芯片/光通信) 1.00%; 太辰光(光芯片/光通信) 0.56%
015723,长城久悦债券C,债券型-混合二级,0.00%,0.00%,1.56%,0.00%,1.56%,2,仕佳光子(光芯片/光通信) 1.00%; 太辰光(光芯片/光通信) 0.56%
001834,长盛战略新兴产业混合C,混合型-灵活,0.00%,1.55%,0.00%,0.00%,1.55%,1,泰凌微(存储) 1.55%
004996,广发恒生中型股指数C,指数型-股票,0.00%,0.00%,0.00%,1.55%,1.55%,1,华虹半导体(电芯片/核心半导体) 1.55%
018238,广发恒生中型股指数(LOF)E,指数型-股票,0.00%,0.00%,0.00%,1.55%,1.55%,1,华虹半导体(电芯片/核心半导体) 1.55%
023932,银华中证A500指数增强A,指数型-股票,0.00%,0.00%,1.55%,0.00%,1.55%,1,中际旭创(光芯片/光通信) 1.55%
023933,银华中证A500指数增强C,指数型-股票,0.00%,0.00%,1.55%,0.00%,1.55%,1,中际旭创(光芯片/光通信) 1.55%
080008,长盛战略新兴产业混合A,混合型-灵活,0.00%,1.55%,0.00%,0.00%,1.55%,1,泰凌微(存储) 1.55%
501303,广发恒生中型股指数(LOF)A,指数型-股票,0.00%,0.00%,0.00%,1.55%,1.55%,1,华虹半导体(电芯片/核心半导体) 1.55%
018885,建信开元惠享6个月持有期债券发起式C,债券型-混合二级,0.00%,0.57%,0.46%,0.50%,1.53%,3,兆易创新(存储) 0.57%; 芯原股份(电芯片/核心半导体) 0.50%; 中际旭创(光芯片/光通信) 0.46%
018884,建信开元惠享6个月持有期债券发起式A,债券型-混合二级,0.00%,0.57%,0.46%,0.50%,1.53%,3,兆易创新(存储) 0.57%; 芯原股份(电芯片/核心半导体) 0.50%; 中际旭创(光芯片/光通信) 0.46%
018347,富安达智优量化选股混合型发起式A,混合型-偏股,0.00%,0.00%,1.52%,0.00%,1.52%,1,中际旭创(光芯片/光通信) 1.52%
018404,富安达智优量化选股混合型发起式C,混合型-偏股,0.00%,0.00%,1.52%,0.00%,1.52%,1,中际旭创(光芯片/光通信) 1.52%
023499,博道中证800指数增强A,指数型-股票,0.00%,0.00%,1.52%,0.00%,1.52%,1,中际旭创(光芯片/光通信) 1.52%
023500,博道中证800指数增强C,指数型-股票,0.00%,0.00%,1.52%,0.00%,1.52%,1,中际旭创(光芯片/光通信) 1.52%
025534,光大阳光优选一年持有混合C,混合型-偏股,0.00%,0.00%,1.52%,0.00%,1.52%,1,中际旭创(光芯片/光通信) 1.52%
025536,光大阳光优选一年持有混合E,混合型-偏股,0.00%,0.00%,1.52%,0.00%,1.52%,1,中际旭创(光芯片/光通信) 1.52%
025540,光大阳光优选一年持有混合F,混合型-偏股,0.00%,0.00%,1.52%,0.00%,1.52%,1,中际旭创(光芯片/光通信) 1.52%
025533,光大阳光优选一年持有混合A,混合型-偏股,0.00%,0.00%,1.52%,0.00%,1.52%,1,中际旭创(光芯片/光通信) 1.52%
025535,光大阳光优选一年持有混合D,混合型-偏股,0.00%,0.00%,1.52%,0.00%,1.52%,1,中际旭创(光芯片/光通信) 1.52%
013824,汇丰晋信慧悦混合,混合型-偏债,0.00%,0.00%,0.00%,1.51%,1.51%,1,中芯国际(电芯片/核心半导体) 1.51%
003986,申万菱信中证500指数优选增强A,指数型-股票,0.00%,0.00%,1.50%,0.00%,1.50%,1,光迅科技(光芯片/光通信) 1.50%
007794,申万菱信中证500指数优选增强C,指数型-股票,0.00%,0.00%,1.50%,0.00%,1.50%,1,光迅科技(光芯片/光通信) 1.50%
011812,财通安华混合发起C,混合型-偏债,0.00%,0.00%,0.00%,1.50%,1.50%,1,中微公司(电芯片/核心半导体) 1.50%
011811,财通安华混合发起A,混合型-偏债,0.00%,0.00%,0.00%,1.50%,1.50%,1,中微公司(电芯片/核心半导体) 1.50%
022919,申万菱信中证500指数优选增强Y,指数型-股票,0.00%,0.00%,1.50%,0.00%,1.50%,1,光迅科技(光芯片/光通信) 1.50%
512100,中证1000ETF南方,指数型-股票,0.00%,0.39%,1.11%,0.00%,1.50%,3,源杰科技(光芯片/光通信) 0.70%; 长芯博创(光芯片/光通信) 0.41%; 东芯股份(存储) 0.39%
000870,嘉实新收益混合,混合型-灵活,0.00%,1.49%,0.00%,0.00%,1.49%,1,兆易创新(存储) 1.49%
159629,中证1000ETF富国,指数型-股票,0.00%,0.39%,1.10%,0.00%,1.49%,3,源杰科技(光芯片/光通信) 0.69%; 长芯博创(光芯片/光通信) 0.41%; 东芯股份(存储) 0.39%
630007,华商稳健双利债券A,债券型-混合二级,0.00%,0.00%,0.00%,1.49%,1.49%,2,海光信息(电芯片/核心半导体) 0.80%; 寒武纪(电芯片/核心半导体) 0.69%
630107,华商稳健双利债券B,债券型-混合二级,0.00%,0.00%,0.00%,1.49%,1.49%,2,海光信息(电芯片/核心半导体) 0.80%; 寒武纪(电芯片/核心半导体) 0.69%
007271,鹏华养老2045三年持有混合发起式(FOF)A,FOF-均衡型,0.00%,0.00%,0.00%,1.48%,1.48%,1,寒武纪(电芯片/核心半导体) 1.48%
017381,鹏华养老2045三年持有混合发起式(FOF)Y,FOF-均衡型,0.00%,0.00%,0.00%,1.48%,1.48%,1,寒武纪(电芯片/核心半导体) 1.48%
023619,华夏中证A500指数增强A,指数型-股票,0.00%,0.00%,1.48%,0.00%,1.48%,1,中际旭创(光芯片/光通信) 1.48%
023620,华夏中证A500指数增强C,指数型-股票,0.00%,0.00%,1.48%,0.00%,1.48%,1,中际旭创(光芯片/光通信) 1.48%
011803,景顺长城宁景6个月持有混合A,混合型-偏债,0.00%,0.00%,0.00%,1.48%,1.48%,2,中芯国际(电芯片/核心半导体) 0.87%; 北方华创(电芯片/核心半导体) 0.61%
011804,景顺长城宁景6个月持有混合C,混合型-偏债,0.00%,0.00%,0.00%,1.48%,1.48%,2,中芯国际(电芯片/核心半导体) 0.87%; 北方华创(电芯片/核心半导体) 0.61%
560110,中证1000ETF汇添富,指数型-股票,0.00%,0.38%,1.10%,0.00%,1.48%,3,源杰科技(光芯片/光通信) 0.70%; 长芯博创(光芯片/光通信) 0.40%; 东芯股份(存储) 0.38%
560010,中证1000ETF广发,指数型-股票,0.00%,0.38%,1.09%,0.00%,1.47%,3,源杰科技(光芯片/光通信) 0.68%; 长芯博创(光芯片/光通信) 0.41%; 东芯股份(存储) 0.38%
005961,博时量化价值股票C,股票型,0.00%,0.00%,1.46%,0.00%,1.46%,1,中际旭创(光芯片/光通信) 1.46%
005960,博时量化价值股票A,股票型,0.00%,0.00%,1.46%,0.00%,1.46%,1,中际旭创(光芯片/光通信) 1.46%
025718,富国兴和混合C,混合型-偏股,0.00%,0.00%,1.46%,0.00%,1.46%,1,新易盛(光芯片/光通信) 1.46%
025717,富国兴和混合A,混合型-偏股,0.00%,0.00%,1.46%,0.00%,1.46%,1,新易盛(光芯片/光通信) 1.46%
159845,中证1000ETF华夏,指数型-股票,0.00%,0.38%,1.08%,0.00%,1.46%,3,源杰科技(光芯片/光通信) 0.68%; 长芯博创(光芯片/光通信) 0.40%; 东芯股份(存储) 0.38%
501088,嘉实瑞虹三年定期混合,混合型-偏股,0.00%,1.46%,0.00%,0.00%,1.46%,1,兆易创新(存储) 1.46%
016367,嘉实多利收益债券C,债券型-混合二级,0.00%,0.63%,0.00%,0.81%,1.44%,2,中微公司(电芯片/核心半导体) 0.81%; 兆易创新(存储) 0.63%
160718,嘉实多利收益债券A,债券型-混合二级,0.00%,0.63%,0.00%,0.81%,1.44%,2,中微公司(电芯片/核心半导体) 0.81%; 兆易创新(存储) 0.63%
001017,宏利改革动力混合A,混合型-灵活,0.00%,0.00%,1.44%,0.00%,1.44%,1,中际旭创(光芯片/光通信) 1.44%
003550,宏利改革动力混合C,混合型-灵活,0.00%,0.00%,1.44%,0.00%,1.44%,1,中际旭创(光芯片/光通信) 1.44%
002932,圆信永丰强化收益A,债券型-混合二级,0.00%,0.00%,0.00%,1.43%,1.43%,2,寒武纪(电芯片/核心半导体) 0.80%; 中芯国际(电芯片/核心半导体) 0.63%
002933,圆信永丰强化收益C,债券型-混合二级,0.00%,0.00%,0.00%,1.43%,1.43%,2,寒武纪(电芯片/核心半导体) 0.80%; 中芯国际(电芯片/核心半导体) 0.63%
007316,交银可转债债券A,债券型-混合二级,0.00%,0.00%,1.43%,0.00%,1.43%,1,中际旭创(光芯片/光通信) 1.43%
007317,交银可转债债券C,债券型-混合二级,0.00%,0.00%,1.43%,0.00%,1.43%,1,中际旭创(光芯片/光通信) 1.43%
022382,建信中证A股指数增强发起A,指数型-股票,0.00%,0.00%,1.43%,0.00%,1.43%,1,中际旭创(光芯片/光通信) 1.43%
022383,建信中证A股指数增强发起C,指数型-股票,0.00%,0.00%,1.43%,0.00%,1.43%,1,中际旭创(光芯片/光通信) 1.43%
023210,国泰海通君得盈债券D,债券型-混合二级,0.00%,0.00%,1.43%,0.00%,1.43%,2,中际旭创(光芯片/光通信) 0.78%; 新易盛(光芯片/光通信) 0.65%
024094,圆信永丰强化收益E,债券型-混合二级,0.00%,0.00%,0.00%,1.43%,1.43%,2,寒武纪(电芯片/核心半导体) 0.80%; 中芯国际(电芯片/核心半导体) 0.63%
510570,中证500ETF兴业,指数型-股票,0.00%,0.77%,0.00%,0.66%,1.43%,2,佰维存储(存储) 0.77%; 华海清科(电芯片/核心半导体) 0.66%
952020,国泰海通君得盈债券A,债券型-混合二级,0.00%,0.00%,1.43%,0.00%,1.43%,2,中际旭创(光芯片/光通信) 0.78%; 新易盛(光芯片/光通信) 0.65%
952320,国泰海通君得盈债券C,债券型-混合二级,0.00%,0.00%,1.43%,0.00%,1.43%,2,中际旭创(光芯片/光通信) 0.78%; 新易盛(光芯片/光通信) 0.65%
009932,永赢稳健增长一年持有混合A,混合型-偏债,0.00%,0.00%,1.42%,0.00%,1.42%,2,中际旭创(光芯片/光通信) 0.75%; 新易盛(光芯片/光通信) 0.67%
012442,永赢稳健增长一年持有混合E,混合型-偏债,0.00%,0.00%,1.42%,0.00%,1.42%,2,中际旭创(光芯片/光通信) 0.75%; 新易盛(光芯片/光通信) 0.67%
159633,中证1000ETF易方达,指数型-股票,0.00%,0.39%,1.03%,0.00%,1.42%,3,源杰科技(光芯片/光通信) 0.63%; 长芯博创(光芯片/光通信) 0.40%; 东芯股份(存储) 0.39%
001116,广发聚安混合C,混合型-偏债,0.00%,0.00%,0.41%,1.01%,1.42%,3,北方华创(电芯片/核心半导体) 0.61%; 中际旭创(光芯片/光通信) 0.41%; 寒武纪(电芯片/核心半导体) 0.40%
001115,广发聚安混合A,混合型-偏债,0.00%,0.00%,0.41%,1.01%,1.42%,3,北方华创(电芯片/核心半导体) 0.61%; 中际旭创(光芯片/光通信) 0.41%; 寒武纪(电芯片/核心半导体) 0.40%
004945,长信中证500指数增强A,指数型-股票,0.00%,1.42%,0.00%,0.00%,1.42%,1,通富微电(存储) 1.42%
013881,长信中证500指数增强C,指数型-股票,0.00%,1.42%,0.00%,0.00%,1.42%,1,通富微电(存储) 1.42%
023319,华宝中证A500指数增强A,指数型-股票,0.00%,0.00%,1.42%,0.00%,1.42%,1,中际旭创(光芯片/光通信) 1.42%
023320,华宝中证A500指数增强C,指数型-股票,0.00%,0.00%,1.42%,0.00%,1.42%,1,中际旭创(光芯片/光通信) 1.42%
159517,中证800增强ETF银华,指数型-股票,0.00%,0.00%,1.42%,0.00%,1.42%,1,中际旭创(光芯片/光通信) 1.42%
006034,富国MSCI中国A股国际通指数增强A,指数型-股票,0.00%,0.00%,1.41%,0.00%,1.41%,1,中际旭创(光芯片/光通信) 1.41%
014170,富国MSCI中国A股国际通指数增强C,指数型-股票,0.00%,0.00%,1.41%,0.00%,1.41%,1,中际旭创(光芯片/光通信) 1.41%
510040,上证180ETF鹏华,指数型-股票,0.00%,0.00%,0.00%,1.41%,1.41%,1,中芯国际(电芯片/核心半导体) 1.41%
010068,工银双盈债券A,债券型-混合二级,0.00%,0.00%,1.40%,0.00%,1.40%,1,中际旭创(光芯片/光通信) 1.40%
010069,工银双盈债券C,债券型-混合二级,0.00%,0.00%,1.40%,0.00%,1.40%,1,中际旭创(光芯片/光通信) 1.40%
001789,国泰量化收益灵活配置混合A,混合型-灵活,0.00%,0.00%,0.00%,1.39%,1.39%,1,思特威(电芯片/核心半导体) 1.39%
011907,国泰量化收益灵活配置混合C,混合型-灵活,0.00%,0.00%,0.00%,1.39%,1.39%,1,思特威(电芯片/核心半导体) 1.39%
024716,大成中证800指数增强发起式C,指数型-股票,0.00%,0.00%,1.39%,0.00%,1.39%,1,中际旭创(光芯片/光通信) 1.39%
024715,大成中证800指数增强发起式A,指数型-股票,0.00%,0.00%,1.39%,0.00%,1.39%,1,中际旭创(光芯片/光通信) 1.39%
025716,安联睿利6个月持有混合C,混合型-偏债,0.00%,0.00%,0.62%,0.77%,1.39%,2,北方华创(电芯片/核心半导体) 0.77%; 中际旭创(光芯片/光通信) 0.62%
025715,安联睿利6个月持有混合A,混合型-偏债,0.00%,0.00%,0.62%,0.77%,1.39%,2,北方华创(电芯片/核心半导体) 0.77%; 中际旭创(光芯片/光通信) 0.62%
004726,先锋聚优A,混合型-灵活,0.00%,0.00%,0.00%,1.38%,1.38%,1,盛美上海(电芯片/核心半导体) 1.38%
004727,先锋聚优C,混合型-灵活,0.00%,0.00%,0.00%,1.38%,1.38%,1,盛美上海(电芯片/核心半导体) 1.38%
007833,长盛稳怡添利债券A,债券型-混合二级,0.00%,0.00%,1.38%,0.00%,1.38%,1,中际旭创(光芯片/光通信) 1.38%
007834,长盛稳怡添利债券C,债券型-混合二级,0.00%,0.00%,1.38%,0.00%,1.38%,1,中际旭创(光芯片/光通信) 1.38%
021176,东方红中证500指数增强发起C,指数型-股票,0.00%,1.38%,0.00%,0.00%,1.38%,1,佰维存储(存储) 1.38%
021175,东方红中证500指数增强发起A,指数型-股票,0.00%,1.38%,0.00%,0.00%,1.38%,1,佰维存储(存储) 1.38%
003761,国泰中证500指数增强C,指数型-股票,0.00%,1.37%,0.00%,0.00%,1.37%,1,通富微电(存储) 1.37%
003760,国泰中证500指数增强A,指数型-股票,0.00%,1.37%,0.00%,0.00%,1.37%,1,通富微电(存储) 1.37%
012006,信澳恒盛混合C,混合型-偏债,0.00%,0.00%,0.65%,0.71%,1.36%,2,恒玄科技(电芯片/核心半导体) 0.71%; 中际旭创(光芯片/光通信) 0.65%
012005,信澳恒盛混合A,混合型-偏债,0.00%,0.00%,0.65%,0.71%,1.36%,2,恒玄科技(电芯片/核心半导体) 0.71%; 中际旭创(光芯片/光通信) 0.65%
023647,广发科技智选股票发起式A,股票型,0.00%,0.00%,1.36%,0.00%,1.36%,1,新易盛(光芯片/光通信) 1.36%
023648,广发科技智选股票发起式C,股票型,0.00%,0.00%,1.36%,0.00%,1.36%,1,新易盛(光芯片/光通信) 1.36%
512180,MSCIA股ETF建信,指数型-股票,0.00%,0.00%,1.36%,0.00%,1.36%,1,中际旭创(光芯片/光通信) 1.36%
010513,淳厚益加债券A,债券型-混合二级,0.00%,0.00%,0.00%,1.35%,1.35%,1,芯原股份(电芯片/核心半导体) 1.35%
010514,淳厚益加债券C,债券型-混合二级,0.00%,0.00%,0.00%,1.35%,1.35%,1,芯原股份(电芯片/核心半导体) 1.35%
010669,工银优选对冲灵活配置混合发起C,混合型-绝对收益,0.00%,0.00%,0.00%,1.35%,1.35%,2,寒武纪(电芯片/核心半导体) 0.77%; 中微公司(电芯片/核心半导体) 0.58%
010668,工银优选对冲灵活配置混合发起A,混合型-绝对收益,0.00%,0.00%,0.00%,1.35%,1.35%,2,寒武纪(电芯片/核心半导体) 0.77%; 中微公司(电芯片/核心半导体) 0.58%
011615,工银科创50ETF联接C,指数型-股票,0.00%,0.29%,0.00%,1.06%,1.35%,7,寒武纪(电芯片/核心半导体) 0.27%; 海光信息(电芯片/核心半导体) 0.25%; 中芯国际(电芯片/核心半导体) 0.25%; 澜起科技(存储) 0.19%; 中微公司(电芯片/核心半导体) 0.18%; 芯原股份(电芯片/核心半导体) 0.11%; 佰维存储(存储) 0.10%
011614,工银科创50ETF联接A,指数型-股票,0.00%,0.29%,0.00%,1.06%,1.35%,7,寒武纪(电芯片/核心半导体) 0.27%; 海光信息(电芯片/核心半导体) 0.25%; 中芯国际(电芯片/核心半导体) 0.25%; 澜起科技(存储) 0.19%; 中微公司(电芯片/核心半导体) 0.18%; 芯原股份(电芯片/核心半导体) 0.11%; 佰维存储(存储) 0.10%
016580,万家双利债券C,债券型-混合二级,0.00%,0.21%,0.00%,1.14%,1.35%,7,北方华创(电芯片/核心半导体) 0.25%; 澜起科技(存储) 0.21%; 海光信息(电芯片/核心半导体) 0.20%; 寒武纪(电芯片/核心半导体) 0.18%; 中芯国际(电芯片/核心半导体) 0.18%; 中微公司(电芯片/核心半导体) 0.17%; 华海清科(电芯片/核心半导体) 0.16%
020750,工银科创50ETF联接E,指数型-股票,0.00%,0.29%,0.00%,1.06%,1.35%,7,寒武纪(电芯片/核心半导体) 0.27%; 海光信息(电芯片/核心半导体) 0.25%; 中芯国际(电芯片/核心半导体) 0.25%; 澜起科技(存储) 0.19%; 中微公司(电芯片/核心半导体) 0.18%; 芯原股份(电芯片/核心半导体) 0.11%; 佰维存储(存储) 0.10%
022932,工银科创ETF联接Y,指数型-股票,0.00%,0.29%,0.00%,1.06%,1.35%,7,寒武纪(电芯片/核心半导体) 0.27%; 海光信息(电芯片/核心半导体) 0.25%; 中芯国际(电芯片/核心半导体) 0.25%; 澜起科技(存储) 0.19%; 中微公司(电芯片/核心半导体) 0.18%; 芯原股份(电芯片/核心半导体) 0.11%; 佰维存储(存储) 0.10%
519190,万家双利债券A,债券型-混合二级,0.00%,0.21%,0.00%,1.14%,1.35%,7,北方华创(电芯片/核心半导体) 0.25%; 澜起科技(存储) 0.21%; 海光信息(电芯片/核心半导体) 0.20%; 寒武纪(电芯片/核心半导体) 0.18%; 中芯国际(电芯片/核心半导体) 0.18%; 中微公司(电芯片/核心半导体) 0.17%; 华海清科(电芯片/核心半导体) 0.16%
016805,格林聚享增强债券C,债券型-混合二级,0.00%,0.93%,0.00%,0.41%,1.34%,3,佰维存储(存储) 0.56%; 海光信息(电芯片/核心半导体) 0.41%; 澜起科技(存储) 0.37%
016804,格林聚享增强债券A,债券型-混合二级,0.00%,0.93%,0.00%,0.41%,1.34%,3,佰维存储(存储) 0.56%; 海光信息(电芯片/核心半导体) 0.41%; 澜起科技(存储) 0.37%
017985,华夏中证800指数增强A,指数型-股票,0.00%,0.00%,1.34%,0.00%,1.34%,1,中际旭创(光芯片/光通信) 1.34%
017986,华夏中证800指数增强C,指数型-股票,0.00%,0.00%,1.34%,0.00%,1.34%,1,中际旭创(光芯片/光通信) 1.34%
016720,富国稳健双盈债券发起式C,债券型-混合二级,0.00%,0.00%,1.33%,0.00%,1.33%,1,中际旭创(光芯片/光通信) 1.33%
016719,富国稳健双盈债券发起式A,债券型-混合二级,0.00%,0.00%,1.33%,0.00%,1.33%,1,中际旭创(光芯片/光通信) 1.33%
512160,MSCI中国A股ETF南方,指数型-股票,0.00%,0.00%,1.33%,0.00%,1.33%,1,中际旭创(光芯片/光通信) 1.33%
512990,MSCIA股ETF华夏,指数型-股票,0.00%,0.00%,1.33%,0.00%,1.33%,1,中际旭创(光芯片/光通信) 1.33%
020356,华夏半导体材料设备ETF联接A,指数型-股票,0.00%,0.00%,0.00%,1.33%,1.33%,3,中微公司(电芯片/核心半导体) 0.60%; 北方华创(电芯片/核心半导体) 0.52%; 华海清科(电芯片/核心半导体) 0.21%
020357,华夏半导体材料设备ETF联接C,指数型-股票,0.00%,0.00%,0.00%,1.33%,1.33%,3,中微公司(电芯片/核心半导体) 0.60%; 北方华创(电芯片/核心半导体) 0.52%; 华海清科(电芯片/核心半导体) 0.21%
026060,联博中证500指数增强C,指数型-股票,0.00%,0.94%,0.39%,0.00%,1.33%,2,佰维存储(存储) 0.94%; 中际旭创(光芯片/光通信) 0.39%
026059,联博中证500指数增强A,指数型-股票,0.00%,0.94%,0.39%,0.00%,1.33%,2,佰维存储(存储) 0.94%; 中际旭创(光芯片/光通信) 0.39%
515160,MSCI中国ETF招商,指数型-股票,0.00%,0.00%,1.32%,0.00%,1.32%,1,中际旭创(光芯片/光通信) 1.32%
002796,景顺长城景盈双利债券A,债券型-混合二级,0.00%,0.00%,0.00%,1.31%,1.31%,2,寒武纪(电芯片/核心半导体) 0.69%; 中芯国际(电芯片/核心半导体) 0.62%
002797,景顺长城景盈双利债券C,债券型-混合二级,0.00%,0.00%,0.00%,1.31%,1.31%,2,寒武纪(电芯片/核心半导体) 0.69%; 中芯国际(电芯片/核心半导体) 0.62%
004406,国寿安保稳寿混合C,混合型-偏债,0.00%,0.00%,1.31%,0.00%,1.31%,1,新易盛(光芯片/光通信) 1.31%
004405,国寿安保稳寿混合A,混合型-偏债,0.00%,0.00%,1.31%,0.00%,1.31%,1,新易盛(光芯片/光通信) 1.31%
005656,光大安泽债券A,债券型-混合二级,0.00%,0.00%,1.31%,0.00%,1.31%,1,中际旭创(光芯片/光通信) 1.31%
005657,光大安泽债券C,债券型-混合二级,0.00%,0.00%,1.31%,0.00%,1.31%,1,中际旭创(光芯片/光通信) 1.31%
009300,西部利得中证500指数增强(LOF)C,指数型-股票,0.00%,1.31%,0.00%,0.00%,1.31%,1,通富微电(存储) 1.31%
015507,兴业中证500指数增强A,指数型-股票,0.00%,1.31%,0.00%,0.00%,1.31%,1,通富微电(存储) 1.31%
015508,兴业中证500指数增强C,指数型-股票,0.00%,1.31%,0.00%,0.00%,1.31%,1,通富微电(存储) 1.31%
022937,西部利得中证500指数增强(LOF)Y,指数型-股票,0.00%,1.31%,0.00%,0.00%,1.31%,1,通富微电(存储) 1.31%
502000,西部利得中证500指数增强(LOF)A,指数型-股票,0.00%,1.31%,0.00%,0.00%,1.31%,1,通富微电(存储) 1.31%
512380,MSCI中国ETF银华,指数型-股票,0.00%,0.00%,1.31%,0.00%,1.31%,1,中际旭创(光芯片/光通信) 1.31%
512360,MSCIA股ETF平安,指数型-股票,0.00%,0.00%,1.31%,0.00%,1.31%,1,中际旭创(光芯片/光通信) 1.31%
512520,MSCI中国ETF华泰柏瑞,指数型-股票,0.00%,0.00%,1.31%,0.00%,1.31%,1,中际旭创(光芯片/光通信) 1.31%
515770,MSCI中国A股ETF摩根,指数型-股票,0.00%,0.00%,1.31%,0.00%,1.31%,1,中际旭创(光芯片/光通信) 1.31%
000841,富国新回报灵活配置混合A/B,混合型-灵活,0.00%,0.80%,0.00%,0.49%,1.29%,2,佰维存储(存储) 0.80%; 寒武纪(电芯片/核心半导体) 0.49%
000843,富国新回报灵活配置混合C,混合型-灵活,0.00%,0.80%,0.00%,0.49%,1.29%,2,佰维存储(存储) 0.80%; 寒武纪(电芯片/核心半导体) 0.49%
000028,华富安鑫债券A,债券型-混合二级,0.00%,0.00%,0.72%,0.57%,1.29%,2,中际旭创(光芯片/光通信) 0.72%; 寒武纪(电芯片/核心半导体) 0.57%
022830,华富安鑫债券C,债券型-混合二级,0.00%,0.00%,0.72%,0.57%,1.29%,2,中际旭创(光芯片/光通信) 0.72%; 寒武纪(电芯片/核心半导体) 0.57%
002804,华泰柏瑞量化对冲,混合型-绝对收益,0.00%,0.00%,0.00%,1.28%,1.28%,1,海光信息(电芯片/核心半导体) 1.28%
015149,华安中证1000指数增强C,指数型-股票,0.00%,0.00%,1.28%,0.00%,1.28%,2,长芯博创(光芯片/光通信) 0.68%; 新易盛(光芯片/光通信) 0.60%
015148,华安中证1000指数增强A,指数型-股票,0.00%,0.00%,1.28%,0.00%,1.28%,2,长芯博创(光芯片/光通信) 0.68%; 新易盛(光芯片/光通信) 0.60%
019186,泰康中证1000指数增强发起C,指数型-股票,0.00%,0.46%,0.82%,0.00%,1.28%,2,源杰科技(光芯片/光通信) 0.82%; 普冉股份(存储) 0.46%
019185,泰康中证1000指数增强发起A,指数型-股票,0.00%,0.46%,0.82%,0.00%,1.28%,2,源杰科技(光芯片/光通信) 0.82%; 普冉股份(存储) 0.46%
018492,格林聚合增强债券C,债券型-混合二级,0.00%,0.82%,0.00%,0.45%,1.27%,3,佰维存储(存储) 0.45%; 海光信息(电芯片/核心半导体) 0.45%; 澜起科技(存储) 0.37%
018491,格林聚合增强债券A,债券型-混合二级,0.00%,0.82%,0.00%,0.45%,1.27%,3,佰维存储(存储) 0.45%; 海光信息(电芯片/核心半导体) 0.45%; 澜起科技(存储) 0.37%
000754,华宝量化对冲混合C,混合型-绝对收益,0.00%,0.00%,1.27%,0.00%,1.27%,1,中际旭创(光芯片/光通信) 1.27%
000753,华宝量化对冲混合A,混合型-绝对收益,0.00%,0.00%,1.27%,0.00%,1.27%,1,中际旭创(光芯片/光通信) 1.27%
006525,前海开源MSCI中国A股指数C,指数型-股票,0.00%,0.00%,1.27%,0.00%,1.27%,1,中际旭创(光芯片/光通信) 1.27%
006524,前海开源MSCI中国A股指数A,指数型-股票,0.00%,0.00%,1.27%,0.00%,1.27%,1,中际旭创(光芯片/光通信) 1.27%
021381,华宝量化对冲混合D,混合型-绝对收益,0.00%,0.00%,1.27%,0.00%,1.27%,1,中际旭创(光芯片/光通信) 1.27%
512090,MSCIA股ETF易方达,指数型-股票,0.00%,0.00%,1.27%,0.00%,1.27%,1,中际旭创(光芯片/光通信) 1.27%
002455,民生加银鑫喜混合A,混合型-灵活,0.00%,1.26%,0.00%,0.00%,1.26%,1,兆易创新(存储) 1.26%
014095,南方誉盈一年持有混合C,混合型-偏债,0.00%,0.00%,0.00%,1.26%,1.26%,1,中芯国际(电芯片/核心半导体) 1.26%
014094,南方誉盈一年持有混合A,混合型-偏债,0.00%,0.00%,0.00%,1.26%,1.26%,1,中芯国际(电芯片/核心半导体) 1.26%
019609,鹏华养老2050五年持有期混合发起式(FOF),FOF-进取型,0.00%,0.00%,0.00%,1.26%,1.26%,1,寒武纪(电芯片/核心半导体) 1.26%
025049,民生加银鑫喜混合C,混合型-灵活,0.00%,1.26%,0.00%,0.00%,1.26%,1,兆易创新(存储) 1.26%
004206,华商元亨混合A,混合型-灵活,0.00%,1.25%,0.00%,0.00%,1.25%,1,泰凌微(存储) 1.25%
563930,上证增强ETF招商,指数型-股票,0.00%,0.00%,0.00%,1.25%,1.25%,1,海光信息(电芯片/核心半导体) 1.25%
010624,富国稳健增长混合A,混合型-偏股,0.00%,0.00%,1.24%,0.00%,1.24%,1,中际旭创(光芯片/光通信) 1.24%
010625,富国稳健增长混合C,混合型-偏股,0.00%,0.00%,1.24%,0.00%,1.24%,1,中际旭创(光芯片/光通信) 1.24%
013810,广发科创50ETF发起式联接A,指数型-股票,0.00%,0.26%,0.00%,0.98%,1.24%,7,寒武纪(电芯片/核心半导体) 0.25%; 海光信息(电芯片/核心半导体) 0.24%; 中芯国际(电芯片/核心半导体) 0.23%; 澜起科技(存储) 0.17%; 中微公司(电芯片/核心半导体) 0.16%; 芯原股份(电芯片/核心半导体) 0.10%; 佰维存储(存储) 0.09%
013811,广发科创50ETF发起式联接C,指数型-股票,0.00%,0.26%,0.00%,0.98%,1.24%,7,寒武纪(电芯片/核心半导体) 0.25%; 海光信息(电芯片/核心半导体) 0.24%; 中芯国际(电芯片/核心半导体) 0.23%; 澜起科技(存储) 0.17%; 中微公司(电芯片/核心半导体) 0.16%; 芯原股份(电芯片/核心半导体) 0.10%; 佰维存储(存储) 0.09%
014698,南方誉稳一年持有混合C,混合型-偏债,0.00%,0.00%,0.00%,1.24%,1.24%,1,中芯国际(电芯片/核心半导体) 1.24%
014697,南方誉稳一年持有混合A,混合型-偏债,0.00%,0.00%,0.00%,1.24%,1.24%,1,中芯国际(电芯片/核心半导体) 1.24%
021768,广发科创50ETF发起式联接F,指数型-股票,0.00%,0.26%,0.00%,0.98%,1.24%,7,寒武纪(电芯片/核心半导体) 0.25%; 海光信息(电芯片/核心半导体) 0.24%; 中芯国际(电芯片/核心半导体) 0.23%; 澜起科技(存储) 0.17%; 中微公司(电芯片/核心半导体) 0.16%; 芯原股份(电芯片/核心半导体) 0.10%; 佰维存储(存储) 0.09%
003598,华商润丰灵活配置混合A,混合型-灵活,0.00%,1.23%,0.00%,0.00%,1.23%,1,泰凌微(存储) 1.23%
562520,中证1000成长ETF华夏,指数型-股票,0.00%,0.00%,0.00%,1.23%,1.23%,1,思瑞浦(电芯片/核心半导体) 1.23%
010868,华宝安盈混合A,混合型-偏债,0.00%,0.00%,1.22%,0.00%,1.22%,2,源杰科技(光芯片/光通信) 0.77%; 新易盛(光芯片/光通信) 0.45%
023868,华宝安盈混合C,混合型-偏债,0.00%,0.00%,1.22%,0.00%,1.22%,2,源杰科技(光芯片/光通信) 0.77%; 新易盛(光芯片/光通信) 0.45%
025425,华宝安盈混合E,混合型-偏债,0.00%,0.00%,1.22%,0.00%,1.22%,2,源杰科技(光芯片/光通信) 0.77%; 新易盛(光芯片/光通信) 0.45%
000030,长城核心优选混合A,混合型-灵活,0.00%,0.00%,1.22%,0.00%,1.22%,1,中际旭创(光芯片/光通信) 1.22%
012195,万家瑞泽回报一年持有混合,混合型-偏债,0.00%,0.00%,0.00%,1.22%,1.22%,1,北方华创(电芯片/核心半导体) 1.22%
017897,汇添富中证800指数增强C,指数型-股票,0.00%,0.00%,1.22%,0.00%,1.22%,1,中际旭创(光芯片/光通信) 1.22%
017896,汇添富中证800指数增强A,指数型-股票,0.00%,0.00%,1.22%,0.00%,1.22%,1,中际旭创(光芯片/光通信) 1.22%
019274,长城核心优选混合C,混合型-灵活,0.00%,0.00%,1.22%,0.00%,1.22%,1,中际旭创(光芯片/光通信) 1.22%
004225,国寿安保稳诚混合A,混合型-偏债,0.00%,0.00%,1.21%,0.00%,1.21%,1,新易盛(光芯片/光通信) 1.21%
004226,国寿安保稳诚混合C,混合型-偏债,0.00%,0.00%,1.21%,0.00%,1.21%,1,新易盛(光芯片/光通信) 1.21%
006048,长城中证500指数增强A,指数型-股票,0.00%,0.00%,0.00%,1.21%,1.21%,1,华海清科(电芯片/核心半导体) 1.21%
007413,长城中证500指数增强C,指数型-股票,0.00%,0.00%,0.00%,1.21%,1.21%,1,华海清科(电芯片/核心半导体) 1.21%
019555,中银中证1000指数增强A,指数型-股票,0.00%,0.00%,1.21%,0.00%,1.21%,2,源杰科技(光芯片/光通信) 0.83%; 中际旭创(光芯片/光通信) 0.38%
019556,中银中证1000指数增强C,指数型-股票,0.00%,0.00%,1.21%,0.00%,1.21%,2,源杰科技(光芯片/光通信) 0.83%; 中际旭创(光芯片/光通信) 0.38%
022685,中银中证1000指数增强E,指数型-股票,0.00%,0.00%,1.21%,0.00%,1.21%,2,源杰科技(光芯片/光通信) 0.83%; 中际旭创(光芯片/光通信) 0.38%
007146,鹏华研究智选混合,混合型-偏股,0.00%,0.00%,1.20%,0.00%,1.20%,1,源杰科技(光芯片/光通信) 1.20%
024188,富国均衡投资混合,混合型-偏股,0.00%,0.00%,1.20%,0.00%,1.20%,1,新易盛(光芯片/光通信) 1.20%
026243,中银证券安怡债券C,债券型-混合二级,0.00%,0.30%,0.90%,0.00%,1.20%,3,中际旭创(光芯片/光通信) 0.47%; 新易盛(光芯片/光通信) 0.43%; 佰维存储(存储) 0.30%
026242,中银证券安怡债券A,债券型-混合二级,0.00%,0.30%,0.90%,0.00%,1.20%,3,中际旭创(光芯片/光通信) 0.47%; 新易盛(光芯片/光通信) 0.43%; 佰维存储(存储) 0.30%
011784,天弘招添利混合发起A,混合型-偏债,0.00%,0.38%,0.00%,0.82%,1.20%,3,海光信息(电芯片/核心半导体) 0.48%; 澜起科技(存储) 0.38%; 北方华创(电芯片/核心半导体) 0.34%
011785,天弘招添利混合发起C,混合型-偏债,0.00%,0.38%,0.00%,0.82%,1.20%,3,海光信息(电芯片/核心半导体) 0.48%; 澜起科技(存储) 0.38%; 北方华创(电芯片/核心半导体) 0.34%
022047,天弘招添利混合发起E,混合型-偏债,0.00%,0.38%,0.00%,0.82%,1.20%,3,海光信息(电芯片/核心半导体) 0.48%; 澜起科技(存储) 0.38%; 北方华创(电芯片/核心半导体) 0.34%
025001,国泰海通稳健泰裕债券发起C,债券型-混合二级,0.00%,0.00%,0.91%,0.28%,1.19%,5,中际旭创(光芯片/光通信) 0.44%; 新易盛(光芯片/光通信) 0.33%; 海光信息(电芯片/核心半导体) 0.15%; 天孚通信(光芯片/光通信) 0.14%; 圣邦股份(电芯片/核心半导体) 0.13%
025000,国泰海通稳健泰裕债券发起A,债券型-混合二级,0.00%,0.00%,0.91%,0.28%,1.19%,5,中际旭创(光芯片/光通信) 0.44%; 新易盛(光芯片/光通信) 0.33%; 海光信息(电芯片/核心半导体) 0.15%; 天孚通信(光芯片/光通信) 0.14%; 圣邦股份(电芯片/核心半导体) 0.13%
017623,同泰恒盛债券C,债券型-混合二级,0.00%,0.00%,1.19%,0.00%,1.19%,1,长飞光纤光缆(光芯片/光通信) 1.19%
017622,同泰恒盛债券A,债券型-混合二级,0.00%,0.00%,1.19%,0.00%,1.19%,1,长飞光纤光缆(光芯片/光通信) 1.19%
017676,广发积极养老目标五年持有期混合发起式(FOF)A,FOF-进取型,0.00%,0.00%,0.00%,1.19%,1.19%,2,寒武纪(电芯片/核心半导体) 0.95%; 中微公司(电芯片/核心半导体) 0.24%
019746,广发积极养老目标五年持有期混合发起式(FOF)Y,FOF-进取型,0.00%,0.00%,0.00%,1.19%,1.19%,2,寒武纪(电芯片/核心半导体) 0.95%; 中微公司(电芯片/核心半导体) 0.24%
020709,同泰恒盛债券D,债券型-混合二级,0.00%,0.00%,1.19%,0.00%,1.19%,1,长飞光纤光缆(光芯片/光通信) 1.19%
026256,国寿安保中证800指数增强C,指数型-股票,0.00%,0.00%,1.19%,0.00%,1.19%,1,中际旭创(光芯片/光通信) 1.19%
026255,国寿安保中证800指数增强A,指数型-股票,0.00%,0.00%,1.19%,0.00%,1.19%,1,中际旭创(光芯片/光通信) 1.19%
020957,中银全球策略(QDII-FOF)C,QDII-FOF,0.00%,0.00%,0.17%,1.01%,1.18%,4,英伟达(电芯片/核心半导体) 0.45%; 阿斯麦(电芯片/核心半导体) 0.34%; 应用材料(电芯片/核心半导体) 0.22%; 康宁(光芯片/光通信) 0.17%
163813,中银全球策略(QDII-FOF)A,QDII-FOF,0.00%,0.00%,0.17%,1.01%,1.18%,4,英伟达(电芯片/核心半导体) 0.45%; 阿斯麦(电芯片/核心半导体) 0.34%; 应用材料(电芯片/核心半导体) 0.22%; 康宁(光芯片/光通信) 0.17%
005994,国投瑞银中证500指数量化增强A,指数型-股票,0.00%,1.18%,0.00%,0.00%,1.18%,1,通富微电(存储) 1.18%
007089,国投瑞银中证500指数量化增强C,指数型-股票,0.00%,1.18%,0.00%,0.00%,1.18%,1,通富微电(存储) 1.18%
010268,太平睿安混合A,混合型-偏债,0.00%,0.00%,0.00%,1.18%,1.18%,1,中芯国际(电芯片/核心半导体) 1.18%
010269,太平睿安混合C,混合型-偏债,0.00%,0.00%,0.00%,1.18%,1.18%,1,中芯国际(电芯片/核心半导体) 1.18%
022909,国投瑞银中证500指数量化增强Y,指数型-股票,0.00%,1.18%,0.00%,0.00%,1.18%,1,通富微电(存储) 1.18%
024945,国联稳健鑫益债券A,债券型-混合二级,0.00%,0.39%,0.79%,0.00%,1.18%,3,源杰科技(光芯片/光通信) 0.41%; 佰维存储(存储) 0.39%; 长光华芯(光芯片/光通信) 0.38%
024946,国联稳健鑫益债券C,债券型-混合二级,0.00%,0.39%,0.79%,0.00%,1.18%,3,源杰科技(光芯片/光通信) 0.41%; 佰维存储(存储) 0.39%; 长光华芯(光芯片/光通信) 0.38%
001974,景顺长城量化新动力股票A,股票型,0.00%,0.00%,1.17%,0.00%,1.17%,1,中际旭创(光芯片/光通信) 1.17%
002518,民生加银鑫福混合A,混合型-灵活,0.00%,0.00%,0.00%,1.17%,1.17%,1,芯原股份(电芯片/核心半导体) 1.17%
007072,民生加银鑫福混合C,混合型-灵活,0.00%,0.00%,0.00%,1.17%,1.17%,1,芯原股份(电芯片/核心半导体) 1.17%
011481,广发瑞锦一年定期开放混合,混合型-偏股,0.00%,0.00%,1.17%,0.00%,1.17%,1,中际旭创(光芯片/光通信) 1.17%
023188,景顺长城量化新动力股票C,股票型,0.00%,0.00%,1.17%,0.00%,1.17%,1,中际旭创(光芯片/光通信) 1.17%
025064,民生加银鑫福混合E,混合型-灵活,0.00%,0.00%,0.00%,1.17%,1.17%,1,芯原股份(电芯片/核心半导体) 1.17%
006160,博道启航混合A,混合型-偏股,0.00%,0.00%,1.16%,0.00%,1.16%,1,中际旭创(光芯片/光通信) 1.16%
006161,博道启航混合C,混合型-偏股,0.00%,0.00%,1.16%,0.00%,1.16%,1,中际旭创(光芯片/光通信) 1.16%
009358,兴业稳健双利一年持有期债券A,债券型-混合二级,0.00%,0.00%,0.00%,1.16%,1.16%,1,恒玄科技(电芯片/核心半导体) 1.16%
009359,兴业稳健双利一年持有期债券C,债券型-混合二级,0.00%,0.00%,0.00%,1.16%,1.16%,1,恒玄科技(电芯片/核心半导体) 1.16%
010640,财通稳进回报6个月持有混合A,混合型-偏债,0.00%,0.00%,1.16%,0.00%,1.16%,1,新易盛(光芯片/光通信) 1.16%
010641,财通稳进回报6个月持有混合C,混合型-偏债,0.00%,0.00%,1.16%,0.00%,1.16%,1,新易盛(光芯片/光通信) 1.16%
013639,光大中证500指数增强A,指数型-股票,0.00%,1.16%,0.00%,0.00%,1.16%,1,通富微电(存储) 1.16%
013640,光大中证500指数增强C,指数型-股票,0.00%,1.16%,0.00%,0.00%,1.16%,1,通富微电(存储) 1.16%
015147,华夏兴融混合(LOF)C,混合型-灵活,0.00%,0.00%,1.16%,0.00%,1.16%,1,中际旭创(光芯片/光通信) 1.16%
501186,华夏兴融混合(LOF)A,混合型-灵活,0.00%,0.00%,1.16%,0.00%,1.16%,1,中际旭创(光芯片/光通信) 1.16%
002305,光大风格轮动混合A,混合型-偏股,0.00%,1.15%,0.00%,0.00%,1.15%,1,通富微电(存储) 1.15%
002801,泓德泓信混合,混合型-灵活,0.00%,0.00%,1.15%,0.00%,1.15%,2,中际旭创(光芯片/光通信) 0.75%; 新易盛(光芯片/光通信) 0.40%
007499,光大风格轮动混合C,混合型-偏股,0.00%,1.15%,0.00%,0.00%,1.15%,1,通富微电(存储) 1.15%
010542,国寿安保稳和6个月持有期混合C,混合型-偏债,0.00%,0.00%,1.15%,0.00%,1.15%,2,新易盛(光芯片/光通信) 0.62%; 中际旭创(光芯片/光通信) 0.53%
010541,国寿安保稳和6个月持有期混合A,混合型-偏债,0.00%,0.00%,1.15%,0.00%,1.15%,2,新易盛(光芯片/光通信) 0.62%; 中际旭创(光芯片/光通信) 0.53%
016554,南方鑫悦15个月持有混合C,混合型-偏股,0.00%,0.00%,1.15%,0.00%,1.15%,1,长飞光纤光缆(光芯片/光通信) 1.15%
016553,南方鑫悦15个月持有混合A,混合型-偏股,0.00%,0.00%,1.15%,0.00%,1.15%,1,长飞光纤光缆(光芯片/光通信) 1.15%
561590,中证1000增强ETF华泰柏瑞,指数型-股票,0.00%,0.00%,1.15%,0.00%,1.15%,1,长光华芯(光芯片/光通信) 1.15%
004129,国联安鑫汇混合A,混合型-偏债,0.00%,0.00%,1.14%,0.00%,1.14%,1,中际旭创(光芯片/光通信) 1.14%
004130,国联安鑫汇混合C,混合型-偏债,0.00%,0.00%,1.14%,0.00%,1.14%,1,中际旭创(光芯片/光通信) 1.14%
023803,华宝安睿债券C,债券型-混合二级,0.00%,0.00%,0.89%,0.24%,1.13%,3,中际旭创(光芯片/光通信) 0.50%; 新易盛(光芯片/光通信) 0.39%; 北方华创(电芯片/核心半导体) 0.24%
023802,华宝安睿债券A,债券型-混合二级,0.00%,0.00%,0.89%,0.24%,1.13%,3,中际旭创(光芯片/光通信) 0.50%; 新易盛(光芯片/光通信) 0.39%; 北方华创(电芯片/核心半导体) 0.24%
011168,嘉实睿享安久双利18个月持有期债券,债券型-混合二级,0.00%,0.56%,0.00%,0.56%,1.12%,2,中微公司(电芯片/核心半导体) 0.56%; 兆易创新(存储) 0.56%
011409,天弘益新混合C,混合型-偏债,0.00%,0.56%,0.00%,0.56%,1.12%,2,澜起科技(存储) 0.56%; 北方华创(电芯片/核心半导体) 0.56%
011408,天弘益新混合A,混合型-偏债,0.00%,0.56%,0.00%,0.56%,1.12%,2,澜起科技(存储) 0.56%; 北方华创(电芯片/核心半导体) 0.56%
012052,财通资管新聚益6个月持有混合发起式A,混合型-偏债,0.00%,0.00%,0.48%,0.64%,1.12%,5,中际旭创(光芯片/光通信) 0.27%; 中微公司(电芯片/核心半导体) 0.22%; 北方华创(电芯片/核心半导体) 0.22%; 新易盛(光芯片/光通信) 0.21%; 海光信息(电芯片/核心半导体) 0.20%
012053,财通资管新聚益6个月持有混合发起式C,混合型-偏债,0.00%,0.00%,0.48%,0.64%,1.12%,5,中际旭创(光芯片/光通信) 0.27%; 中微公司(电芯片/核心半导体) 0.22%; 北方华创(电芯片/核心半导体) 0.22%; 新易盛(光芯片/光通信) 0.21%; 海光信息(电芯片/核心半导体) 0.20%
015495,景顺长城中证1000指数增强A,指数型-股票,0.00%,0.00%,1.12%,0.00%,1.12%,2,源杰科技(光芯片/光通信) 0.58%; 长芯博创(光芯片/光通信) 0.54%
015496,景顺长城中证1000指数增强C,指数型-股票,0.00%,0.00%,1.12%,0.00%,1.12%,2,源杰科技(光芯片/光通信) 0.58%; 长芯博创(光芯片/光通信) 0.54%
001067,鹏华弘盛混合A,混合型-灵活,0.00%,0.00%,1.11%,0.00%,1.11%,2,新易盛(光芯片/光通信) 0.56%; 中际旭创(光芯片/光通信) 0.55%
001380,鹏华弘盛混合C,混合型-灵活,0.00%,0.00%,1.11%,0.00%,1.11%,2,新易盛(光芯片/光通信) 0.56%; 中际旭创(光芯片/光通信) 0.55%
022259,鹏华弘盛混合E,混合型-灵活,0.00%,0.00%,1.11%,0.00%,1.11%,2,新易盛(光芯片/光通信) 0.56%; 中际旭创(光芯片/光通信) 0.55%
000407,汇添富双利增强债券C,债券型-混合二级,0.00%,0.00%,0.00%,1.11%,1.11%,1,圣邦股份(电芯片/核心半导体) 1.11%
000406,汇添富双利增强债券A,债券型-混合二级,0.00%,0.00%,0.00%,1.11%,1.11%,1,圣邦股份(电芯片/核心半导体) 1.11%
014085,浙商聚潮新思维混合C,混合型-灵活,0.00%,0.00%,1.11%,0.00%,1.11%,1,中际旭创(光芯片/光通信) 1.11%
021772,汇添富双利增强债券D,债券型-混合二级,0.00%,0.00%,0.00%,1.11%,1.11%,1,圣邦股份(电芯片/核心半导体) 1.11%
023167,浦银盛世E,混合型-灵活,0.00%,0.00%,0.00%,1.11%,1.11%,1,海光信息(电芯片/核心半导体) 1.11%
025414,汇添富双利增强债券B,债券型-混合二级,0.00%,0.00%,0.00%,1.11%,1.11%,1,圣邦股份(电芯片/核心半导体) 1.11%
166801,浙商聚潮新思维混合A,混合型-灵活,0.00%,0.00%,1.11%,0.00%,1.11%,1,中际旭创(光芯片/光通信) 1.11%
519127,浦银盛世A,混合型-灵活,0.00%,0.00%,0.00%,1.11%,1.11%,1,海光信息(电芯片/核心半导体) 1.11%
519177,浦银盛世C,混合型-灵活,0.00%,0.00%,0.00%,1.11%,1.11%,1,海光信息(电芯片/核心半导体) 1.11%
000810,富国收益增强债券A,债券型-混合二级,0.00%,0.00%,0.00%,1.11%,1.11%,2,海光信息(电芯片/核心半导体) 0.62%; 北方华创(电芯片/核心半导体) 0.49%
000812,富国收益增强债券C,债券型-混合二级,0.00%,0.00%,0.00%,1.11%,1.11%,2,海光信息(电芯片/核心半导体) 0.62%; 北方华创(电芯片/核心半导体) 0.49%
002612,融通通慧混合A/B,混合型-偏债,0.00%,0.00%,0.00%,1.11%,1.11%,2,中芯国际(电芯片/核心半导体) 0.58%; 北方华创(电芯片/核心半导体) 0.53%
007387,融通通慧混合C,混合型-偏债,0.00%,0.00%,0.00%,1.11%,1.11%,2,中芯国际(电芯片/核心半导体) 0.58%; 北方华创(电芯片/核心半导体) 0.53%
018954,富国收益增强债券E,债券型-混合二级,0.00%,0.00%,0.00%,1.11%,1.11%,2,海光信息(电芯片/核心半导体) 0.62%; 北方华创(电芯片/核心半导体) 0.49%
013225,景顺长城安景一年持有期混合A,混合型-偏债,0.00%,0.12%,0.98%,0.00%,1.10%,3,中际旭创(光芯片/光通信) 0.56%; 新易盛(光芯片/光通信) 0.42%; 兆易创新(存储) 0.12%
013226,景顺长城安景一年持有期混合C,混合型-偏债,0.00%,0.12%,0.98%,0.00%,1.10%,3,中际旭创(光芯片/光通信) 0.56%; 新易盛(光芯片/光通信) 0.42%; 兆易创新(存储) 0.12%
002902,财通资管积极收益债券C,债券型-混合二级,0.00%,0.41%,0.00%,0.68%,1.09%,5,中微公司(电芯片/核心半导体) 0.23%; 北方华创(电芯片/核心半导体) 0.23%; 寒武纪(电芯片/核心半导体) 0.22%; 兆易创新(存储) 0.21%; 澜起科技(存储) 0.20%
002901,财通资管积极收益债券A,债券型-混合二级,0.00%,0.41%,0.00%,0.68%,1.09%,5,中微公司(电芯片/核心半导体) 0.23%; 北方华创(电芯片/核心半导体) 0.23%; 寒武纪(电芯片/核心半导体) 0.22%; 兆易创新(存储) 0.21%; 澜起科技(存储) 0.20%
006162,财通资管积极收益债券E,债券型-混合二级,0.00%,0.41%,0.00%,0.68%,1.09%,5,中微公司(电芯片/核心半导体) 0.23%; 北方华创(电芯片/核心半导体) 0.23%; 寒武纪(电芯片/核心半导体) 0.22%; 兆易创新(存储) 0.21%; 澜起科技(存储) 0.20%
006952,中银景元回报混合,混合型-偏债,0.00%,0.00%,0.00%,1.09%,1.09%,2,中芯国际(电芯片/核心半导体) 0.72%; 中芯国际(电芯片/核心半导体) 0.37%
008513,南方宝丰混合A,混合型-偏债,0.00%,0.00%,0.59%,0.49%,1.08%,2,长飞光纤光缆(光芯片/光通信) 0.59%; 中芯国际(电芯片/核心半导体) 0.49%
008514,南方宝丰混合C,混合型-偏债,0.00%,0.00%,0.59%,0.49%,1.08%,2,长飞光纤光缆(光芯片/光通信) 0.59%; 中芯国际(电芯片/核心半导体) 0.49%
009165,中加聚庆六个月定开混合C,混合型-偏债,0.00%,0.00%,0.71%,0.37%,1.08%,2,新易盛(光芯片/光通信) 0.71%; 北方华创(电芯片/核心半导体) 0.37%
009164,中加聚庆六个月定开混合A,混合型-偏债,0.00%,0.00%,0.71%,0.37%,1.08%,2,新易盛(光芯片/光通信) 0.71%; 北方华创(电芯片/核心半导体) 0.37%
019170,天弘沪港深云计算ETF联接C,指数型-股票,0.00%,0.00%,1.08%,0.00%,1.08%,2,新易盛(光芯片/光通信) 0.55%; 中际旭创(光芯片/光通信) 0.53%
019171,天弘沪港深云计算ETF联接A,指数型-股票,0.00%,0.00%,1.08%,0.00%,1.08%,2,新易盛(光芯片/光通信) 0.55%; 中际旭创(光芯片/光通信) 0.53%
024033,嘉实上证科创板综合ETF联接A,指数型-股票,0.00%,0.07%,0.00%,1.01%,1.08%,7,海光信息(电芯片/核心半导体) 0.32%; 寒武纪(电芯片/核心半导体) 0.29%; 中微公司(电芯片/核心半导体) 0.13%; 中芯国际(电芯片/核心半导体) 0.12%; 芯原股份(电芯片/核心半导体) 0.09%; 澜起科技(存储) 0.07%; 盛美上海(电芯片/核心半导体) 0.06%
024034,嘉实上证科创板综合ETF联接C,指数型-股票,0.00%,0.07%,0.00%,1.01%,1.08%,7,海光信息(电芯片/核心半导体) 0.32%; 寒武纪(电芯片/核心半导体) 0.29%; 中微公司(电芯片/核心半导体) 0.13%; 中芯国际(电芯片/核心半导体) 0.12%; 芯原股份(电芯片/核心半导体) 0.09%; 澜起科技(存储) 0.07%; 盛美上海(电芯片/核心半导体) 0.06%
159680,中证1000增强ETF招商,指数型-股票,0.00%,1.07%,0.00%,0.00%,1.07%,1,普冉股份(存储) 1.07%
023429,嘉实创业板50ETF联接A,指数型-股票,0.00%,0.00%,1.07%,0.00%,1.07%,3,中际旭创(光芯片/光通信) 0.53%; 新易盛(光芯片/光通信) 0.41%; 天孚通信(光芯片/光通信) 0.13%
023430,嘉实创业板50ETF联接C,指数型-股票,0.00%,0.00%,1.07%,0.00%,1.07%,3,中际旭创(光芯片/光通信) 0.53%; 新易盛(光芯片/光通信) 0.41%; 天孚通信(光芯片/光通信) 0.13%
018736,景顺长城景颐裕利债券A,债券型-混合二级,0.00%,0.00%,0.79%,0.27%,1.06%,4,中际旭创(光芯片/光通信) 0.42%; 新易盛(光芯片/光通信) 0.37%; 寒武纪(电芯片/核心半导体) 0.16%; 中芯国际(电芯片/核心半导体) 0.11%
018737,景顺长城景颐裕利债券C,债券型-混合二级,0.00%,0.00%,0.79%,0.27%,1.06%,4,中际旭创(光芯片/光通信) 0.42%; 新易盛(光芯片/光通信) 0.37%; 寒武纪(电芯片/核心半导体) 0.16%; 中芯国际(电芯片/核心半导体) 0.11%
025372,景顺长城景颐裕利债券F,债券型-混合二级,0.00%,0.00%,0.79%,0.27%,1.06%,4,中际旭创(光芯片/光通信) 0.42%; 新易盛(光芯片/光通信) 0.37%; 寒武纪(电芯片/核心半导体) 0.16%; 中芯国际(电芯片/核心半导体) 0.11%
012170,华夏永顺一年持有混合A,混合型-偏债,0.00%,0.00%,0.00%,1.06%,1.06%,1,中芯国际(电芯片/核心半导体) 1.06%
012171,华夏永顺一年持有混合C,混合型-偏债,0.00%,0.00%,0.00%,1.06%,1.06%,1,中芯国际(电芯片/核心半导体) 1.06%
009336,平安中证500指数增强A,指数型-股票,0.00%,0.62%,0.20%,0.22%,1.04%,4,佰维存储(存储) 0.46%; 中微公司(电芯片/核心半导体) 0.22%; 中际旭创(光芯片/光通信) 0.20%; 普冉股份(存储) 0.16%
009337,平安中证500指数增强C,指数型-股票,0.00%,0.62%,0.20%,0.22%,1.04%,4,佰维存储(存储) 0.46%; 中微公司(电芯片/核心半导体) 0.22%; 中际旭创(光芯片/光通信) 0.20%; 普冉股份(存储) 0.16%
009842,东方红明鉴优选两年定开混合,混合型-偏债,0.00%,0.00%,0.51%,0.53%,1.04%,3,中际旭创(光芯片/光通信) 0.51%; 中芯国际(电芯片/核心半导体) 0.34%; 中芯国际(电芯片/核心半导体) 0.19%
000507,宏利宏达混合A,混合型-偏债,0.00%,1.03%,0.00%,0.00%,1.03%,1,兆易创新(存储) 1.03%
000508,宏利宏达混合B,混合型-偏债,0.00%,1.03%,0.00%,0.00%,1.03%,1,兆易创新(存储) 1.03%
025434,宏利宏达混合C,混合型-偏债,0.00%,1.03%,0.00%,0.00%,1.03%,1,兆易创新(存储) 1.03%
001421,南方量化成长股票A,股票型,0.00%,0.00%,1.02%,0.00%,1.02%,1,天孚通信(光芯片/光通信) 1.02%
006594,博道中证500增强C,指数型-股票,0.00%,1.02%,0.00%,0.00%,1.02%,1,佰维存储(存储) 1.02%
006593,博道中证500增强A,指数型-股票,0.00%,1.02%,0.00%,0.00%,1.02%,1,佰维存储(存储) 1.02%
010539,浙商智多金稳健一年持有期A,混合型-偏债,0.00%,0.00%,1.02%,0.00%,1.02%,1,长飞光纤光缆(光芯片/光通信) 1.02%
010540,浙商智多金稳健一年持有期C,混合型-偏债,0.00%,0.00%,1.02%,0.00%,1.02%,1,长飞光纤光缆(光芯片/光通信) 1.02%
012926,民生加银中证500指数增强A,指数型-股票,0.00%,0.00%,1.02%,0.00%,1.02%,2,光迅科技(光芯片/光通信) 0.88%; 新易盛(光芯片/光通信) 0.14%
012927,民生加银中证500指数增强C,指数型-股票,0.00%,0.00%,1.02%,0.00%,1.02%,2,光迅科技(光芯片/光通信) 0.88%; 新易盛(光芯片/光通信) 0.14%
016785,鹏华中证1000指数增强A,指数型-股票,0.00%,0.00%,1.02%,0.00%,1.02%,1,长芯博创(光芯片/光通信) 1.02%
016786,鹏华中证1000指数增强C,指数型-股票,0.00%,0.00%,1.02%,0.00%,1.02%,1,长芯博创(光芯片/光通信) 1.02%
018014,长信中证1000指数增强C,指数型-股票,0.00%,0.00%,1.02%,0.00%,1.02%,1,光库科技(光芯片/光通信) 1.02%
018013,长信中证1000指数增强A,指数型-股票,0.00%,0.00%,1.02%,0.00%,1.02%,1,光库科技(光芯片/光通信) 1.02%
022822,鹏华中证1000指数增强I,指数型-股票,0.00%,0.00%,1.02%,0.00%,1.02%,1,长芯博创(光芯片/光通信) 1.02%
025038,博道中证500增强Y,指数型-股票,0.00%,1.02%,0.00%,0.00%,1.02%,1,佰维存储(存储) 1.02%
026553,南方量化成长股票C,股票型,0.00%,0.00%,1.02%,0.00%,1.02%,1,天孚通信(光芯片/光通信) 1.02%
005372,中加心悦混合C,混合型-灵活,0.00%,0.00%,0.63%,0.38%,1.01%,2,中际旭创(光芯片/光通信) 0.63%; 北方华创(电芯片/核心半导体) 0.38%
005371,中加心悦混合A,混合型-灵活,0.00%,0.00%,0.63%,0.38%,1.01%,2,中际旭创(光芯片/光通信) 0.63%; 北方华创(电芯片/核心半导体) 0.38%
007177,浙商智能行业优选混合A,混合型-偏股,0.00%,1.01%,0.00%,0.00%,1.01%,1,聚辰股份(存储) 1.01%
007217,浙商智能行业优选混合C,混合型-偏股,0.00%,1.01%,0.00%,0.00%,1.01%,1,聚辰股份(存储) 1.01%
013531,浙商聚潮产业成长混合C,混合型-偏股,0.00%,1.01%,0.00%,0.00%,1.01%,1,聚辰股份(存储) 1.01%
021171,大成中证500指数增强C,指数型-股票,0.00%,1.01%,0.00%,0.00%,1.01%,1,通富微电(存储) 1.01%
021170,大成中证500指数增强A,指数型-股票,0.00%,1.01%,0.00%,0.00%,1.01%,1,通富微电(存储) 1.01%
688888,浙商聚潮产业成长混合A,混合型-偏股,0.00%,1.01%,0.00%,0.00%,1.01%,1,聚辰股份(存储) 1.01%
970204,兴证资管金麒麟兴享增利六个月持有期债券A,债券型-混合二级,0.00%,0.00%,1.00%,0.00%,1.00%,2,中际旭创(光芯片/光通信) 0.56%; 新易盛(光芯片/光通信) 0.44%
970205,兴证资管金麒麟兴享增利六个月持有期债券C,债券型-混合二级,0.00%,0.00%,1.00%,0.00%,1.00%,2,中际旭创(光芯片/光通信) 0.56%; 新易盛(光芯片/光通信) 0.44%
020598,格林聚利增强一个月持有期债券A,债券型-混合二级,0.00%,0.64%,0.00%,0.36%,1.00%,3,佰维存储(存储) 0.37%; 海光信息(电芯片/核心半导体) 0.36%; 澜起科技(存储) 0.27%
020599,格林聚利增强一个月持有期债券C,债券型-混合二级,0.00%,0.64%,0.00%,0.36%,1.00%,3,佰维存储(存储) 0.37%; 海光信息(电芯片/核心半导体) 0.36%; 澜起科技(存储) 0.27%
560950,中证500增强ETF汇添富,指数型-股票,0.00%,1.00%,0.00%,0.00%,1.00%,1,通富微电(存储) 1.00%
001073,华泰柏瑞量化绝对收益混合,混合型-绝对收益,0.00%,0.00%,0.99%,0.00%,0.99%,1,中际旭创(光芯片/光通信) 0.99%
005607,华宝中证500增强A,指数型-股票,0.00%,0.86%,0.07%,0.06%,0.99%,3,通富微电(存储) 0.86%; 新易盛(光芯片/光通信) 0.07%; 海光信息(电芯片/核心半导体) 0.06%
005608,华宝中证500增强C,指数型-股票,0.00%,0.86%,0.07%,0.06%,0.99%,3,通富微电(存储) 0.86%; 新易盛(光芯片/光通信) 0.07%; 海光信息(电芯片/核心半导体) 0.06%
012014,工银聚润6个月持有混合A,混合型-偏债,0.00%,0.00%,0.00%,0.99%,0.99%,1,中芯国际(电芯片/核心半导体) 0.99%
012015,工银聚润6个月持有混合C,混合型-偏债,0.00%,0.00%,0.00%,0.99%,0.99%,1,中芯国际(电芯片/核心半导体) 0.99%
024047,富国致享量化选股股票C,股票型,0.00%,0.00%,0.99%,0.00%,0.99%,1,中际旭创(光芯片/光通信) 0.99%
024046,富国致享量化选股股票A,股票型,0.00%,0.00%,0.99%,0.00%,0.99%,1,中际旭创(光芯片/光通信) 0.99%
025413,汇添富可转换债券D,债券型-混合二级,0.00%,0.00%,0.99%,0.00%,0.99%,1,中际旭创(光芯片/光通信) 0.99%
159521,国证2000ETF平安,指数型-股票,0.00%,0.00%,0.99%,0.00%,0.99%,2,剑桥科技(光芯片/光通信) 0.53%; 光库科技(光芯片/光通信) 0.46%
159685,1000增强ETF天弘,指数型-股票,0.00%,0.00%,0.99%,0.00%,0.99%,1,剑桥科技(光芯片/光通信) 0.99%
470058,汇添富可转换债券A,债券型-混合二级,0.00%,0.00%,0.99%,0.00%,0.99%,1,中际旭创(光芯片/光通信) 0.99%
470059,汇添富可转换债券C,债券型-混合二级,0.00%,0.00%,0.99%,0.00%,0.99%,1,中际旭创(光芯片/光通信) 0.99%
001657,长安鑫富领先混合A,混合型-灵活,0.00%,0.98%,0.00%,0.00%,0.98%,1,长电科技(存储) 0.98%
016796,长安鑫富领先混合C,混合型-灵活,0.00%,0.98%,0.00%,0.00%,0.98%,1,长电科技(存储) 0.98%
002907,南方中证500量化增强C,指数型-股票,0.00%,0.97%,0.00%,0.00%,0.97%,1,通富微电(存储) 0.97%
002906,南方中证500量化增强A,指数型-股票,0.00%,0.97%,0.00%,0.00%,0.97%,1,通富微电(存储) 0.97%
009395,鑫元安鑫回报混合A,混合型-偏债,0.00%,0.00%,0.00%,0.97%,0.97%,2,北方华创(电芯片/核心半导体) 0.52%; 中芯国际(电芯片/核心半导体) 0.45%
010230,南方宝昌混合A,混合型-偏债,0.00%,0.00%,0.97%,0.00%,0.97%,1,长飞光纤光缆(光芯片/光通信) 0.97%
010231,南方宝昌混合C,混合型-偏债,0.00%,0.00%,0.97%,0.00%,0.97%,1,长飞光纤光缆(光芯片/光通信) 0.97%
016259,鑫元安鑫回报混合C,混合型-偏债,0.00%,0.00%,0.00%,0.97%,0.97%,2,北方华创(电芯片/核心半导体) 0.52%; 中芯国际(电芯片/核心半导体) 0.45%
025756,华泰保兴中证全指指数增强C,指数型-股票,0.00%,0.00%,0.97%,0.00%,0.97%,1,中际旭创(光芯片/光通信) 0.97%
025755,华泰保兴中证全指指数增强A,指数型-股票,0.00%,0.00%,0.97%,0.00%,0.97%,1,中际旭创(光芯片/光通信) 0.97%
018514,南方康乐养老目标日期2045三年持有混合发起(FOF)A,FOF-均衡型,0.00%,0.52%,0.44%,0.00%,0.96%,2,兆易创新(存储) 0.52%; 剑桥科技(光芯片/光通信) 0.44%
025394,南方康乐养老目标日期2045三年持有混合发起(FOF)Y,FOF-均衡型,0.00%,0.52%,0.44%,0.00%,0.96%,2,兆易创新(存储) 0.52%; 剑桥科技(光芯片/光通信) 0.44%
008319,博道久航混合C,混合型-偏股,0.00%,0.96%,0.00%,0.00%,0.96%,1,佰维存储(存储) 0.96%
008318,博道久航混合A,混合型-偏股,0.00%,0.96%,0.00%,0.00%,0.96%,1,佰维存储(存储) 0.96%
015868,国泰海通中证1000指数增强C,指数型-股票,0.00%,0.00%,0.96%,0.00%,0.96%,1,长芯博创(光芯片/光通信) 0.96%
015867,国泰海通中证1000指数增强A,指数型-股票,0.00%,0.00%,0.96%,0.00%,0.96%,1,长芯博创(光芯片/光通信) 0.96%
016832,东方红锦惠甄选18个月持有混合A,混合型-偏债,0.00%,0.00%,0.00%,0.95%,0.95%,2,中微公司(电芯片/核心半导体) 0.62%; 芯原股份(电芯片/核心半导体) 0.33%
016833,东方红锦惠甄选18个月持有混合C,混合型-偏债,0.00%,0.00%,0.00%,0.95%,0.95%,2,中微公司(电芯片/核心半导体) 0.62%; 芯原股份(电芯片/核心半导体) 0.33%
017121,南方贤元一年持有债券A,债券型-混合二级,0.00%,0.00%,0.00%,0.95%,0.95%,1,海光信息(电芯片/核心半导体) 0.95%
017122,南方贤元一年持有债券C,债券型-混合二级,0.00%,0.00%,0.00%,0.95%,0.95%,1,海光信息(电芯片/核心半导体) 0.95%
019506,国泰海通中证1000优选股票发起C,股票型,0.00%,0.00%,0.95%,0.00%,0.95%,1,长芯博创(光芯片/光通信) 0.95%
019505,国泰海通中证1000优选股票发起A,股票型,0.00%,0.00%,0.95%,0.00%,0.95%,1,长芯博创(光芯片/光通信) 0.95%
021323,博道和裕多元稳健30天持有期债券A,债券型-混合二级,0.00%,0.00%,0.95%,0.00%,0.95%,3,中际旭创(光芯片/光通信) 0.41%; 新易盛(光芯片/光通信) 0.32%; 天孚通信(光芯片/光通信) 0.22%
021324,博道和裕多元稳健30天持有期债券C,债券型-混合二级,0.00%,0.00%,0.95%,0.00%,0.95%,3,中际旭创(光芯片/光通信) 0.41%; 新易盛(光芯片/光通信) 0.32%; 天孚通信(光芯片/光通信) 0.22%
002639,天弘价值精选混合发起A,混合型-灵活,0.00%,0.00%,0.00%,0.94%,0.94%,2,北方华创(电芯片/核心半导体) 0.55%; 海光信息(电芯片/核心半导体) 0.39%
019216,天弘价值精选混合发起C,混合型-灵活,0.00%,0.00%,0.00%,0.94%,0.94%,2,北方华创(电芯片/核心半导体) 0.55%; 海光信息(电芯片/核心半导体) 0.39%
022578,天弘价值精选混合发起E,混合型-灵活,0.00%,0.00%,0.00%,0.94%,0.94%,2,北方华创(电芯片/核心半导体) 0.55%; 海光信息(电芯片/核心半导体) 0.39%
005461,南方希元可转债债券A,债券型-混合二级,0.00%,0.00%,0.00%,0.94%,0.94%,1,海光信息(电芯片/核心半导体) 0.94%
024077,南方希元可转债债券D,债券型-混合二级,0.00%,0.00%,0.00%,0.94%,0.94%,1,海光信息(电芯片/核心半导体) 0.94%
159628,国证2000ETF万家,指数型-股票,0.00%,0.00%,0.93%,0.00%,0.93%,1,源杰科技(光芯片/光通信) 0.93%
561780,1000增强ETF博时,指数型-股票,0.00%,0.00%,0.93%,0.00%,0.93%,1,源杰科技(光芯片/光通信) 0.93%
007660,招商和悦均衡养老三年持有混合(FOF)A,FOF-均衡型,0.00%,0.00%,0.00%,0.93%,0.93%,2,中微公司(电芯片/核心半导体) 0.61%; 中芯国际(电芯片/核心半导体) 0.32%
017395,招商和悦均衡养老三年持有混合(FOF)Y,FOF-均衡型,0.00%,0.00%,0.00%,0.93%,0.93%,2,中微公司(电芯片/核心半导体) 0.61%; 中芯国际(电芯片/核心半导体) 0.32%
002510,申万菱信中证500指数增强A,指数型-股票,0.00%,0.00%,0.00%,0.92%,0.92%,1,思特威(电芯片/核心半导体) 0.92%
004571,万家家瑞债券A,债券型-混合二级,0.00%,0.00%,0.92%,0.00%,0.92%,5,长芯博创(光芯片/光通信) 0.20%; 中际旭创(光芯片/光通信) 0.19%; 仕佳光子(光芯片/光通信) 0.19%; 剑桥科技(光芯片/光通信) 0.17%; 源杰科技(光芯片/光通信) 0.17%
004572,万家家瑞债券C,债券型-混合二级,0.00%,0.00%,0.92%,0.00%,0.92%,5,长芯博创(光芯片/光通信) 0.20%; 中际旭创(光芯片/光通信) 0.19%; 仕佳光子(光芯片/光通信) 0.19%; 剑桥科技(光芯片/光通信) 0.17%; 源杰科技(光芯片/光通信) 0.17%
007795,申万菱信中证500指数增强C,指数型-股票,0.00%,0.00%,0.00%,0.92%,0.92%,1,思特威(电芯片/核心半导体) 0.92%
011775,格林鑫悦一年持有期混合A,混合型-偏债,0.00%,0.34%,0.00%,0.58%,0.92%,2,海光信息(电芯片/核心半导体) 0.58%; 通富微电(存储) 0.34%
011776,格林鑫悦一年持有期混合C,混合型-偏债,0.00%,0.34%,0.00%,0.58%,0.92%,2,海光信息(电芯片/核心半导体) 0.58%; 通富微电(存储) 0.34%
015954,信澳鑫享债券C,债券型-混合二级,0.00%,0.00%,0.92%,0.00%,0.92%,1,长飞光纤光缆(光芯片/光通信) 0.92%
015953,信澳鑫享债券A,债券型-混合二级,0.00%,0.00%,0.92%,0.00%,0.92%,1,长飞光纤光缆(光芯片/光通信) 0.92%
005457,景顺长城量化小盘股票A,股票型,0.00%,0.00%,0.91%,0.00%,0.91%,2,长芯博创(光芯片/光通信) 0.51%; 源杰科技(光芯片/光通信) 0.40%
008586,华夏人工智能ETF联接C,指数型-股票,0.00%,0.13%,0.48%,0.30%,0.91%,6,新易盛(光芯片/光通信) 0.25%; 中际旭创(光芯片/光通信) 0.23%; 寒武纪(电芯片/核心半导体) 0.16%; 澜起科技(存储) 0.13%; 豪威集团(电芯片/核心半导体) 0.07%; 芯原股份(电芯片/核心半导体) 0.07%
008585,华夏人工智能ETF联接A,指数型-股票,0.00%,0.13%,0.48%,0.30%,0.91%,6,新易盛(光芯片/光通信) 0.25%; 中际旭创(光芯片/光通信) 0.23%; 寒武纪(电芯片/核心半导体) 0.16%; 澜起科技(存储) 0.13%; 豪威集团(电芯片/核心半导体) 0.07%; 芯原股份(电芯片/核心半导体) 0.07%
017499,淳厚添益债券C,债券型-混合二级,0.00%,0.00%,0.91%,0.00%,0.91%,2,新易盛(光芯片/光通信) 0.50%; 中际旭创(光芯片/光通信) 0.41%
021580,华夏人工智能ETF联接D,指数型-股票,0.00%,0.13%,0.48%,0.30%,0.91%,6,新易盛(光芯片/光通信) 0.25%; 中际旭创(光芯片/光通信) 0.23%; 寒武纪(电芯片/核心半导体) 0.16%; 澜起科技(存储) 0.13%; 豪威集团(电芯片/核心半导体) 0.07%; 芯原股份(电芯片/核心半导体) 0.07%
023855,景顺长城量化小盘股票C,股票型,0.00%,0.00%,0.91%,0.00%,0.91%,2,长芯博创(光芯片/光通信) 0.51%; 源杰科技(光芯片/光通信) 0.40%
010045,汇添富稳健添盈一年持有混合,混合型-偏债,0.00%,0.00%,0.90%,0.00%,0.90%,1,新易盛(光芯片/光通信) 0.90%
010552,浙商智选领航三年持有混合A,混合型-偏股,0.00%,0.90%,0.00%,0.00%,0.90%,1,聚辰股份(存储) 0.90%
010553,浙商智选领航三年持有混合C,混合型-偏股,0.00%,0.90%,0.00%,0.00%,0.90%,1,聚辰股份(存储) 0.90%
016777,嘉实中证1000指数增强发起C,指数型-股票,0.00%,0.00%,0.00%,0.90%,0.90%,1,思瑞浦(电芯片/核心半导体) 0.90%
016776,嘉实中证1000指数增强发起A,指数型-股票,0.00%,0.00%,0.00%,0.90%,0.90%,1,思瑞浦(电芯片/核心半导体) 0.90%
000478,建信中证500指数增强A,指数型-股票,0.00%,0.89%,0.00%,0.00%,0.89%,1,佰维存储(存储) 0.89%
005633,建信中证500指数增强C,指数型-股票,0.00%,0.89%,0.00%,0.00%,0.89%,1,佰维存储(存储) 0.89%
021852,建信中证500指数增强E,指数型-股票,0.00%,0.89%,0.00%,0.00%,0.89%,1,佰维存储(存储) 0.89%
022946,建信中证500指数增强Y,指数型-股票,0.00%,0.89%,0.00%,0.00%,0.89%,1,佰维存储(存储) 0.89%
009572,南方养老2040三年持有混合发起(FOF)A,FOF-均衡型,0.00%,0.45%,0.00%,0.43%,0.88%,2,兆易创新(存储) 0.45%; 中芯国际(电芯片/核心半导体) 0.43%
016424,广发集汇债券A,债券型-混合二级,0.00%,0.00%,0.88%,0.00%,0.88%,2,中际旭创(光芯片/光通信) 0.56%; 高伟电子(光芯片/光通信) 0.32%
016425,广发集汇债券C,债券型-混合二级,0.00%,0.00%,0.88%,0.00%,0.88%,2,中际旭创(光芯片/光通信) 0.56%; 高伟电子(光芯片/光通信) 0.32%
017377,南方养老2040三年持有混合发起(FOF)Y,FOF-均衡型,0.00%,0.45%,0.00%,0.43%,0.88%,2,兆易创新(存储) 0.45%; 中芯国际(电芯片/核心半导体) 0.43%
025271,浦银安盛稳健双利债券C,债券型-混合二级,0.00%,0.00%,0.28%,0.60%,0.88%,3,中微公司(电芯片/核心半导体) 0.31%; 北方华创(电芯片/核心半导体) 0.29%; 新易盛(光芯片/光通信) 0.28%
025270,浦银安盛稳健双利债券A,债券型-混合二级,0.00%,0.00%,0.28%,0.60%,0.88%,3,中微公司(电芯片/核心半导体) 0.31%; 北方华创(电芯片/核心半导体) 0.29%; 新易盛(光芯片/光通信) 0.28%
013261,太平睿享混合C,混合型-偏债,0.00%,0.53%,0.00%,0.35%,0.88%,2,兆易创新(存储) 0.53%; 中芯国际(电芯片/核心半导体) 0.35%
013260,太平睿享混合A,混合型-偏债,0.00%,0.53%,0.00%,0.35%,0.88%,2,兆易创新(存储) 0.53%; 中芯国际(电芯片/核心半导体) 0.35%
240012,华宝增强收益债券A,债券型-混合二级,0.00%,0.00%,0.88%,0.00%,0.88%,2,源杰科技(光芯片/光通信) 0.46%; 新易盛(光芯片/光通信) 0.42%
240013,华宝增强收益债券B,债券型-混合二级,0.00%,0.00%,0.88%,0.00%,0.88%,2,源杰科技(光芯片/光通信) 0.46%; 新易盛(光芯片/光通信) 0.42%
012488,博时恒玺一年持有期混合C,混合型-偏债,0.00%,0.17%,0.70%,0.00%,0.87%,3,源杰科技(光芯片/光通信) 0.48%; 长芯博创(光芯片/光通信) 0.22%; 佰维存储(存储) 0.17%
012487,博时恒玺一年持有期混合A,混合型-偏债,0.00%,0.17%,0.70%,0.00%,0.87%,3,源杰科技(光芯片/光通信) 0.48%; 长芯博创(光芯片/光通信) 0.22%; 佰维存储(存储) 0.17%
013144,富国安诚回报12个月持有期混合C,混合型-偏债,0.00%,0.87%,0.00%,0.00%,0.87%,1,佰维存储(存储) 0.87%
013143,富国安诚回报12个月持有期混合A,混合型-偏债,0.00%,0.87%,0.00%,0.00%,0.87%,1,佰维存储(存储) 0.87%
018571,华宝安元债券C,债券型-混合二级,0.00%,0.00%,0.00%,0.87%,0.87%,1,北方华创(电芯片/核心半导体) 0.87%
018570,华宝安元债券A,债券型-混合二级,0.00%,0.00%,0.00%,0.87%,0.87%,1,北方华创(电芯片/核心半导体) 0.87%
024305,华宝安元债券D,债券型-混合二级,0.00%,0.00%,0.00%,0.87%,0.87%,1,北方华创(电芯片/核心半导体) 0.87%
026305,西部利得汇和债券A,债券型-混合二级,0.00%,0.00%,0.00%,0.87%,0.87%,1,寒武纪(电芯片/核心半导体) 0.87%
026306,西部利得汇和债券C,债券型-混合二级,0.00%,0.00%,0.00%,0.87%,0.87%,1,寒武纪(电芯片/核心半导体) 0.87%
560100,中证500增强ETF南方,指数型-股票,0.00%,0.87%,0.00%,0.00%,0.87%,1,佰维存储(存储) 0.87%
675123,西部利得汇逸债券C,债券型-混合二级,0.00%,0.00%,0.00%,0.87%,0.87%,1,寒武纪(电芯片/核心半导体) 0.87%
675121,西部利得汇逸债券A,债券型-混合二级,0.00%,0.00%,0.00%,0.87%,0.87%,1,寒武纪(电芯片/核心半导体) 0.87%
006296,鹏华养老2035三年持有混合(FOF)A,FOF-均衡型,0.00%,0.00%,0.00%,0.86%,0.86%,1,寒武纪(电芯片/核心半导体) 0.86%
009064,鹏扬景沃六个月持有期混合A,混合型-偏债,0.00%,0.32%,0.54%,0.00%,0.86%,3,兆易创新(存储) 0.32%; 长飞光纤光缆(光芯片/光通信) 0.29%; 中际旭创(光芯片/光通信) 0.25%
009065,鹏扬景沃六个月持有期混合C,混合型-偏债,0.00%,0.32%,0.54%,0.00%,0.86%,3,兆易创新(存储) 0.32%; 长飞光纤光缆(光芯片/光通信) 0.29%; 中际旭创(光芯片/光通信) 0.25%
013850,同泰优选配置3个月持有混合(FOF)C,FOF-进取型,0.00%,0.86%,0.00%,0.00%,0.86%,1,佰维存储(存储) 0.86%
013849,同泰优选配置3个月持有混合(FOF)A,FOF-进取型,0.00%,0.86%,0.00%,0.00%,0.86%,1,佰维存储(存储) 0.86%
017380,鹏华养老2035三年持有混合(FOF)Y,FOF-均衡型,0.00%,0.00%,0.00%,0.86%,0.86%,1,寒武纪(电芯片/核心半导体) 0.86%
005274,中银景福回报混合A,混合型-偏债,0.00%,0.00%,0.00%,0.85%,0.85%,1,中芯国际(电芯片/核心半导体) 0.85%
015089,中银景福回报混合C,混合型-偏债,0.00%,0.00%,0.00%,0.85%,0.85%,1,中芯国际(电芯片/核心半导体) 0.85%
519730,交银定期支付月月丰债券A,债券型-混合二级,0.00%,0.00%,0.00%,0.85%,0.85%,1,寒武纪(电芯片/核心半导体) 0.85%
519731,交银定期支付月月丰债券C,债券型-混合二级,0.00%,0.00%,0.00%,0.85%,0.85%,1,寒武纪(电芯片/核心半导体) 0.85%
006115,人保鑫利债券C,债券型-混合二级,0.00%,0.00%,0.00%,0.84%,0.84%,2,中微公司(电芯片/核心半导体) 0.49%; 北方华创(电芯片/核心半导体) 0.35%
006114,人保鑫利债券A,债券型-混合二级,0.00%,0.00%,0.00%,0.84%,0.84%,2,中微公司(电芯片/核心半导体) 0.49%; 北方华创(电芯片/核心半导体) 0.35%
012299,浦银安盛安裕回报一年持有混合A,混合型-偏债,0.00%,0.00%,0.00%,0.84%,0.84%,1,海光信息(电芯片/核心半导体) 0.84%
012300,浦银安盛安裕回报一年持有混合C,混合型-偏债,0.00%,0.00%,0.00%,0.84%,0.84%,1,海光信息(电芯片/核心半导体) 0.84%
014441,博时恒鑫稳健一年持有混合C,混合型-偏债,0.00%,0.00%,0.84%,0.00%,0.84%,2,中际旭创(光芯片/光通信) 0.46%; 新易盛(光芯片/光通信) 0.38%
014440,博时恒鑫稳健一年持有混合A,混合型-偏债,0.00%,0.00%,0.84%,0.00%,0.84%,2,中际旭创(光芯片/光通信) 0.46%; 新易盛(光芯片/光通信) 0.38%
024588,人保鑫利债券E,债券型-混合二级,0.00%,0.00%,0.00%,0.84%,0.84%,2,中微公司(电芯片/核心半导体) 0.49%; 北方华创(电芯片/核心半导体) 0.35%
001351,诺安中证500指数增强A,指数型-股票,0.00%,0.00%,0.00%,0.83%,0.83%,1,华海清科(电芯片/核心半导体) 0.83%
008470,朱雀安鑫回报债券C,债券型-混合二级,0.00%,0.00%,0.00%,0.83%,0.83%,1,中芯国际(电芯片/核心半导体) 0.83%
008469,朱雀安鑫回报债券A,债券型-混合二级,0.00%,0.00%,0.00%,0.83%,0.83%,1,中芯国际(电芯片/核心半导体) 0.83%
010355,诺安中证500指数增强C,指数型-股票,0.00%,0.00%,0.00%,0.83%,0.83%,1,华海清科(电芯片/核心半导体) 0.83%
025316,摩根上证科创板新一代信息技术ETF联接C,指数型-股票,0.00%,0.21%,0.00%,0.62%,0.83%,7,海光信息(电芯片/核心半导体) 0.19%; 澜起科技(存储) 0.14%; 中芯国际(电芯片/核心半导体) 0.13%; 中微公司(电芯片/核心半导体) 0.13%; 寒武纪(电芯片/核心半导体) 0.09%; 芯原股份(电芯片/核心半导体) 0.08%; 佰维存储(存储) 0.07%
025315,摩根上证科创板新一代信息技术ETF联接A,指数型-股票,0.00%,0.21%,0.00%,0.62%,0.83%,7,海光信息(电芯片/核心半导体) 0.19%; 澜起科技(存储) 0.14%; 中芯国际(电芯片/核心半导体) 0.13%; 中微公司(电芯片/核心半导体) 0.13%; 寒武纪(电芯片/核心半导体) 0.09%; 芯原股份(电芯片/核心半导体) 0.08%; 佰维存储(存储) 0.07%
010015,华夏鼎清债券C,债券型-混合二级,0.00%,0.00%,0.82%,0.00%,0.82%,2,长光华芯(光芯片/光通信) 0.45%; 长芯博创(光芯片/光通信) 0.37%
010014,华夏鼎清债券A,债券型-混合二级,0.00%,0.00%,0.82%,0.00%,0.82%,2,长光华芯(光芯片/光通信) 0.45%; 长芯博创(光芯片/光通信) 0.37%
014739,广发恒祥债券C,债券型-混合二级,0.00%,0.00%,0.82%,0.00%,0.82%,2,中际旭创(光芯片/光通信) 0.50%; 高伟电子(光芯片/光通信) 0.32%
014738,广发恒祥债券A,债券型-混合二级,0.00%,0.00%,0.82%,0.00%,0.82%,2,中际旭创(光芯片/光通信) 0.50%; 高伟电子(光芯片/光通信) 0.32%
005741,南方君信混合A,混合型-灵活,0.00%,0.00%,0.82%,0.00%,0.82%,1,长飞光纤光缆(光芯片/光通信) 0.82%
010150,南方君信混合C,混合型-灵活,0.00%,0.00%,0.82%,0.00%,0.82%,1,长飞光纤光缆(光芯片/光通信) 0.82%
011515,中海海誉混合C,混合型-偏债,0.00%,0.00%,0.82%,0.00%,0.82%,1,新易盛(光芯片/光通信) 0.82%
011514,中海海誉混合A,混合型-偏债,0.00%,0.00%,0.82%,0.00%,0.82%,1,新易盛(光芯片/光通信) 0.82%
017135,博道和祥多元稳健债券C,债券型-混合二级,0.00%,0.00%,0.57%,0.25%,0.82%,4,中际旭创(光芯片/光通信) 0.32%; 新易盛(光芯片/光通信) 0.25%; 北方华创(电芯片/核心半导体) 0.13%; 海光信息(电芯片/核心半导体) 0.12%
017134,博道和祥多元稳健债券A,债券型-混合二级,0.00%,0.00%,0.57%,0.25%,0.82%,4,中际旭创(光芯片/光通信) 0.32%; 新易盛(光芯片/光通信) 0.25%; 北方华创(电芯片/核心半导体) 0.13%; 海光信息(电芯片/核心半导体) 0.12%
020043,施罗德恒享债券C,债券型-混合二级,0.00%,0.00%,0.82%,0.00%,0.82%,1,源杰科技(光芯片/光通信) 0.82%
020042,施罗德恒享债券A,债券型-混合二级,0.00%,0.00%,0.82%,0.00%,0.82%,1,源杰科技(光芯片/光通信) 0.82%
023067,安联安裕债券C,债券型-混合二级,0.00%,0.00%,0.34%,0.48%,0.82%,2,北方华创(电芯片/核心半导体) 0.48%; 中际旭创(光芯片/光通信) 0.34%
023066,安联安裕债券A,债券型-混合二级,0.00%,0.00%,0.34%,0.48%,0.82%,2,北方华创(电芯片/核心半导体) 0.48%; 中际旭创(光芯片/光通信) 0.34%
008895,申万菱信量化对冲策略灵活配置混合发起式A,混合型-绝对收益,0.00%,0.00%,0.81%,0.00%,0.81%,1,中际旭创(光芯片/光通信) 0.81%
010515,富国天兴回报混合A,混合型-偏债,0.00%,0.00%,0.00%,0.81%,0.81%,1,寒武纪(电芯片/核心半导体) 0.81%
010525,富国天兴回报混合C,混合型-偏债,0.00%,0.00%,0.00%,0.81%,0.81%,1,寒武纪(电芯片/核心半导体) 0.81%
014306,华泰柏瑞中证500指数增强C,指数型-股票,0.00%,0.81%,0.00%,0.00%,0.81%,1,佰维存储(存储) 0.81%
014305,华泰柏瑞中证500指数增强A,指数型-股票,0.00%,0.81%,0.00%,0.00%,0.81%,1,佰维存储(存储) 0.81%
023605,申万菱信量化对冲策略灵活配置混合发起式C,混合型-绝对收益,0.00%,0.00%,0.81%,0.00%,0.81%,1,中际旭创(光芯片/光通信) 0.81%
000236,工银月月薪定期支付债券A,债券型-混合二级,0.00%,0.80%,0.00%,0.00%,0.80%,1,兆易创新(存储) 0.80%
001050,汇添富中证500指数增强A,指数型-股票,0.00%,0.80%,0.00%,0.00%,0.80%,1,通富微电(存储) 0.80%
002492,工银月月薪定期支付债券C,债券型-混合二级,0.00%,0.80%,0.00%,0.00%,0.80%,1,兆易创新(存储) 0.80%
009978,银华招利一年持有期混合C,混合型-偏债,0.00%,0.00%,0.00%,0.80%,0.80%,1,中芯国际(电芯片/核心半导体) 0.80%
009977,银华招利一年持有期混合A,混合型-偏债,0.00%,0.00%,0.00%,0.80%,0.80%,1,中芯国际(电芯片/核心半导体) 0.80%
015959,太平嘉和三个月定开债发起,债券型-混合二级,0.00%,0.00%,0.67%,0.13%,0.80%,4,新易盛(光芯片/光通信) 0.28%; 中际旭创(光芯片/光通信) 0.26%; 北方华创(电芯片/核心半导体) 0.13%; 源杰科技(光芯片/光通信) 0.13%
016854,汇添富中证500指数增强C,指数型-股票,0.00%,0.80%,0.00%,0.00%,0.80%,1,通富微电(存储) 0.80%
022893,汇添富中证500指数增强Y,指数型-股票,0.00%,0.80%,0.00%,0.00%,0.80%,1,通富微电(存储) 0.80%
026608,德邦沪深300指数增强A,指数型-股票,0.00%,0.00%,0.80%,0.00%,0.80%,1,中际旭创(光芯片/光通信) 0.80%
026675,德邦沪深300指数增强C,指数型-股票,0.00%,0.00%,0.80%,0.00%,0.80%,1,中际旭创(光芯片/光通信) 0.80%
005216,南方全天候策略(FOF)C,FOF-稳健型,0.00%,0.00%,0.00%,0.79%,0.79%,2,寒武纪(电芯片/核心半导体) 0.50%; 中微公司(电芯片/核心半导体) 0.29%
005215,南方全天候策略(FOF)A,FOF-稳健型,0.00%,0.00%,0.00%,0.79%,0.79%,2,寒武纪(电芯片/核心半导体) 0.50%; 中微公司(电芯片/核心半导体) 0.29%
007943,富安达中证500指数增强A,指数型-股票,0.00%,0.00%,0.42%,0.37%,0.79%,2,中际旭创(光芯片/光通信) 0.42%; 中芯国际(电芯片/核心半导体) 0.37%
012833,交银鸿信一年持有期混合A,混合型-偏债,0.00%,0.00%,0.00%,0.79%,0.79%,1,海光信息(电芯片/核心半导体) 0.79%
012834,交银鸿信一年持有期混合C,混合型-偏债,0.00%,0.00%,0.00%,0.79%,0.79%,1,海光信息(电芯片/核心半导体) 0.79%
019808,富安达中证500指数增强C,指数型-股票,0.00%,0.00%,0.42%,0.37%,0.79%,2,中际旭创(光芯片/光通信) 0.42%; 中芯国际(电芯片/核心半导体) 0.37%
010782,兴业聚申一年持有期混合C,混合型-偏债,0.00%,0.00%,0.00%,0.78%,0.78%,1,北方华创(电芯片/核心半导体) 0.78%
010781,兴业聚申一年持有期混合A,混合型-偏债,0.00%,0.00%,0.00%,0.78%,0.78%,1,北方华创(电芯片/核心半导体) 0.78%
012427,南方价值臻选混合C,混合型-灵活,0.00%,0.00%,0.78%,0.00%,0.78%,1,长飞光纤光缆(光芯片/光通信) 0.78%
012426,南方价值臻选混合A,混合型-灵活,0.00%,0.00%,0.78%,0.00%,0.78%,1,长飞光纤光缆(光芯片/光通信) 0.78%
013714,方正富邦泰利12个月持有混合A,混合型-偏债,0.00%,0.00%,0.78%,0.00%,0.78%,1,华工科技(光芯片/光通信) 0.78%
013715,方正富邦泰利12个月持有混合C,混合型-偏债,0.00%,0.00%,0.78%,0.00%,0.78%,1,华工科技(光芯片/光通信) 0.78%
006441,中信建投中证500增强C,指数型-股票,0.00%,0.00%,0.32%,0.46%,0.78%,2,寒武纪(电芯片/核心半导体) 0.46%; 中际旭创(光芯片/光通信) 0.32%
006440,中信建投中证500增强A,指数型-股票,0.00%,0.00%,0.32%,0.46%,0.78%,2,寒武纪(电芯片/核心半导体) 0.46%; 中际旭创(光芯片/光通信) 0.32%
020857,嘉实多益债券A,债券型-混合二级,0.00%,0.35%,0.00%,0.43%,0.78%,2,中微公司(电芯片/核心半导体) 0.43%; 兆易创新(存储) 0.35%
020858,嘉实多益债券C,债券型-混合二级,0.00%,0.35%,0.00%,0.43%,0.78%,2,中微公司(电芯片/核心半导体) 0.43%; 兆易创新(存储) 0.35%
017045,达诚腾益债券A,债券型-混合二级,0.00%,0.00%,0.24%,0.53%,0.77%,2,寒武纪(电芯片/核心半导体) 0.53%; 新易盛(光芯片/光通信) 0.24%
017046,达诚腾益债券C,债券型-混合二级,0.00%,0.00%,0.24%,0.53%,0.77%,2,寒武纪(电芯片/核心半导体) 0.53%; 新易盛(光芯片/光通信) 0.24%
019943,兴业恒益6个月持有期债券A,债券型-混合二级,0.00%,0.00%,0.42%,0.35%,0.77%,4,长飞光纤光缆(光芯片/光通信) 0.26%; 海光信息(电芯片/核心半导体) 0.20%; 中际旭创(光芯片/光通信) 0.16%; 中微公司(电芯片/核心半导体) 0.15%
019944,兴业恒益6个月持有期债券C,债券型-混合二级,0.00%,0.00%,0.42%,0.35%,0.77%,4,长飞光纤光缆(光芯片/光通信) 0.26%; 海光信息(电芯片/核心半导体) 0.20%; 中际旭创(光芯片/光通信) 0.16%; 中微公司(电芯片/核心半导体) 0.15%
021159,天弘沪港深物联网ETF联接A,指数型-股票,0.00%,0.16%,0.48%,0.13%,0.77%,4,中际旭创(光芯片/光通信) 0.38%; 兆易创新(存储) 0.16%; 芯原股份(电芯片/核心半导体) 0.13%; 华工科技(光芯片/光通信) 0.10%
021160,天弘沪港深物联网ETF联接C,指数型-股票,0.00%,0.16%,0.48%,0.13%,0.77%,4,中际旭创(光芯片/光通信) 0.38%; 兆易创新(存储) 0.16%; 芯原股份(电芯片/核心半导体) 0.13%; 华工科技(光芯片/光通信) 0.10%
159907,国证2000ETF广发,指数型-股票,0.00%,0.00%,0.77%,0.00%,0.77%,1,源杰科技(光芯片/光通信) 0.77%
013204,恒生前海恒源天利债券A,债券型-混合二级,0.00%,0.25%,0.51%,0.00%,0.76%,3,源杰科技(光芯片/光通信) 0.26%; 长光华芯(光芯片/光通信) 0.25%; 佰维存储(存储) 0.25%
013205,恒生前海恒源天利债券C,债券型-混合二级,0.00%,0.25%,0.51%,0.00%,0.76%,3,源杰科技(光芯片/光通信) 0.26%; 长光华芯(光芯片/光通信) 0.25%; 佰维存储(存储) 0.25%
025643,恒生前海恒源天利债E,债券型-混合二级,0.00%,0.25%,0.51%,0.00%,0.76%,3,源杰科技(光芯片/光通信) 0.26%; 长光华芯(光芯片/光通信) 0.25%; 佰维存储(存储) 0.25%
003647,创金合信中证1000指数增强C,指数型-股票,0.00%,0.00%,0.76%,0.00%,0.76%,1,中际旭创(光芯片/光通信) 0.76%
003646,创金合信中证1000指数增强A,指数型-股票,0.00%,0.00%,0.76%,0.00%,0.76%,1,中际旭创(光芯片/光通信) 0.76%
014125,华夏中证1000指数增强A,指数型-股票,0.00%,0.00%,0.76%,0.00%,0.76%,1,光库科技(光芯片/光通信) 0.76%
014126,华夏中证1000指数增强C,指数型-股票,0.00%,0.00%,0.76%,0.00%,0.76%,1,光库科技(光芯片/光通信) 0.76%
015257,鹏华畅享债券C,债券型-混合二级,0.00%,0.00%,0.58%,0.18%,0.76%,2,源杰科技(光芯片/光通信) 0.58%; 芯动联科(电芯片/核心半导体) 0.18%
015256,鹏华畅享债券A,债券型-混合二级,0.00%,0.00%,0.58%,0.18%,0.76%,2,源杰科技(光芯片/光通信) 0.58%; 芯动联科(电芯片/核心半导体) 0.18%
024428,鹏华畅享债券D,债券型-混合二级,0.00%,0.00%,0.58%,0.18%,0.76%,2,源杰科技(光芯片/光通信) 0.58%; 芯动联科(电芯片/核心半导体) 0.18%
006682,景顺长城中证500指数增强A,指数型-股票,0.00%,0.60%,0.15%,0.00%,0.75%,2,通富微电(存储) 0.60%; 中际旭创(光芯片/光通信) 0.15%
016420,国泰安璟债券C,债券型-混合二级,0.00%,0.00%,0.00%,0.75%,0.75%,1,北方华创(电芯片/核心半导体) 0.75%
016419,国泰安璟债券A,债券型-混合二级,0.00%,0.00%,0.00%,0.75%,0.75%,1,北方华创(电芯片/核心半导体) 0.75%
016935,景顺长城中证500指数增强C,指数型-股票,0.00%,0.60%,0.15%,0.00%,0.75%,2,通富微电(存储) 0.60%; 中际旭创(光芯片/光通信) 0.15%
022399,东海增益债券发起式A,债券型-混合二级,0.00%,0.00%,0.00%,0.75%,0.75%,1,复旦微电(电芯片/核心半导体) 0.75%
022400,东海增益债券发起式C,债券型-混合二级,0.00%,0.00%,0.00%,0.75%,0.75%,1,复旦微电(电芯片/核心半导体) 0.75%
023256,东海增益债券发起式E,债券型-混合二级,0.00%,0.00%,0.00%,0.75%,0.75%,1,复旦微电(电芯片/核心半导体) 0.75%
024288,兴业福盛债券A,债券型-混合二级,0.00%,0.34%,0.00%,0.41%,0.75%,2,海光信息(电芯片/核心半导体) 0.41%; 澜起科技(存储) 0.34%
024289,兴业福盛债券C,债券型-混合二级,0.00%,0.34%,0.00%,0.41%,0.75%,2,海光信息(电芯片/核心半导体) 0.41%; 澜起科技(存储) 0.34%
008856,华夏安泰对冲策略3个月定开混合,混合型-绝对收益,0.00%,0.00%,0.74%,0.00%,0.74%,1,中际旭创(光芯片/光通信) 0.74%
009938,东方欣益一年持有期混合C,混合型-偏债,0.00%,0.00%,0.00%,0.74%,0.74%,1,晶晨股份(电芯片/核心半导体) 0.74%
009937,东方欣益一年持有期混合A,混合型-偏债,0.00%,0.00%,0.00%,0.74%,0.74%,1,晶晨股份(电芯片/核心半导体) 0.74%
013264,金鹰年年邮享一年持有债券C,债券型-混合二级,0.00%,0.74%,0.00%,0.00%,0.74%,1,兆易创新(存储) 0.74%
013263,金鹰年年邮享一年持有债券A,债券型-混合二级,0.00%,0.74%,0.00%,0.00%,0.74%,1,兆易创新(存储) 0.74%
022230,金鹰年年邮享一年持有债券D,债券型-混合二级,0.00%,0.74%,0.00%,0.00%,0.74%,1,兆易创新(存储) 0.74%
510550,中证500ETF方正富邦,指数型-股票,0.00%,0.74%,0.00%,0.00%,0.74%,1,佰维存储(存储) 0.74%
515190,中证500ETF中银证券,指数型-股票,0.00%,0.74%,0.00%,0.00%,0.74%,1,佰维存储(存储) 0.74%
561350,中证500ETF国泰,指数型-股票,0.00%,0.74%,0.00%,0.00%,0.74%,1,佰维存储(存储) 0.74%
020815,圆信永丰瑞盈债券A,债券型-混合二级,0.00%,0.00%,0.39%,0.34%,0.73%,2,联特科技(光芯片/光通信) 0.39%; 海光信息(电芯片/核心半导体) 0.34%
020832,圆信永丰瑞盈债券C,债券型-混合二级,0.00%,0.00%,0.39%,0.34%,0.73%,2,联特科技(光芯片/光通信) 0.39%; 海光信息(电芯片/核心半导体) 0.34%
024008,圆信永丰瑞盈债券E,债券型-混合二级,0.00%,0.00%,0.39%,0.34%,0.73%,2,联特科技(光芯片/光通信) 0.39%; 海光信息(电芯片/核心半导体) 0.34%
003177,德邦景颐债券C,债券型-混合二级,0.00%,0.00%,0.00%,0.73%,0.73%,1,海光信息(电芯片/核心半导体) 0.73%
003176,德邦景颐债券A,债券型-混合二级,0.00%,0.00%,0.00%,0.73%,0.73%,1,海光信息(电芯片/核心半导体) 0.73%
008086,华夏中证5G通信主题ETF联接A,指数型-股票,0.00%,0.11%,0.62%,0.00%,0.73%,5,新易盛(光芯片/光通信) 0.23%; 中际旭创(光芯片/光通信) 0.21%; 兆易创新(存储) 0.11%; 天孚通信(光芯片/光通信) 0.10%; 华工科技(光芯片/光通信) 0.08%
008087,华夏中证5G通信主题ETF联接C,指数型-股票,0.00%,0.11%,0.62%,0.00%,0.73%,5,新易盛(光芯片/光通信) 0.23%; 中际旭创(光芯片/光通信) 0.21%; 兆易创新(存储) 0.11%; 天孚通信(光芯片/光通信) 0.10%; 华工科技(光芯片/光通信) 0.08%
021025,德邦景颐债券E,债券型-混合二级,0.00%,0.00%,0.00%,0.73%,0.73%,1,海光信息(电芯片/核心半导体) 0.73%
021024,德邦景颐债券D,债券型-混合二级,0.00%,0.00%,0.00%,0.73%,0.73%,1,海光信息(电芯片/核心半导体) 0.73%
023765,华夏中证5G通信主题ETF联接D,指数型-股票,0.00%,0.11%,0.62%,0.00%,0.73%,5,新易盛(光芯片/光通信) 0.23%; 中际旭创(光芯片/光通信) 0.21%; 兆易创新(存储) 0.11%; 天孚通信(光芯片/光通信) 0.10%; 华工科技(光芯片/光通信) 0.08%
512510,中证500ETF华泰柏瑞,指数型-股票,0.00%,0.73%,0.00%,0.00%,0.73%,1,佰维存储(存储) 0.73%
002494,兴业聚盈混合A,混合型-偏债,0.00%,0.00%,0.00%,0.72%,0.72%,1,北方华创(电芯片/核心半导体) 0.72%
002665,万家瑞和灵活配置混合C,混合型-灵活,0.00%,0.00%,0.36%,0.36%,0.72%,2,新易盛(光芯片/光通信) 0.36%; 北方华创(电芯片/核心半导体) 0.36%
002664,万家瑞和灵活配置混合A,混合型-灵活,0.00%,0.00%,0.36%,0.36%,0.72%,2,新易盛(光芯片/光通信) 0.36%; 北方华创(电芯片/核心半导体) 0.36%
013748,兴业聚盈混合C,混合型-偏债,0.00%,0.00%,0.00%,0.72%,0.72%,1,北方华创(电芯片/核心半导体) 0.72%
159922,中证500ETF嘉实,指数型-股票,0.00%,0.72%,0.00%,0.00%,0.72%,1,佰维存储(存储) 0.72%
510590,中证500ETF平安,指数型-股票,0.00%,0.72%,0.00%,0.00%,0.72%,1,佰维存储(存储) 0.72%
025304,东方红汇诚债券C,债券型-混合二级,0.00%,0.00%,0.52%,0.19%,0.71%,4,新易盛(光芯片/光通信) 0.27%; 中际旭创(光芯片/光通信) 0.25%; 中芯国际(电芯片/核心半导体) 0.11%; 中芯国际(电芯片/核心半导体) 0.08%
025303,东方红汇诚债券A,债券型-混合二级,0.00%,0.00%,0.52%,0.19%,0.71%,4,新易盛(光芯片/光通信) 0.27%; 中际旭创(光芯片/光通信) 0.25%; 中芯国际(电芯片/核心半导体) 0.11%; 中芯国际(电芯片/核心半导体) 0.08%
003093,华商丰利增强定开债C,债券型-混合二级,0.00%,0.00%,0.00%,0.71%,0.71%,1,海光信息(电芯片/核心半导体) 0.71%
003092,华商丰利增强定开债A,债券型-混合二级,0.00%,0.00%,0.00%,0.71%,0.71%,1,海光信息(电芯片/核心半导体) 0.71%
006611,人保中证500A,指数型-股票,0.00%,0.71%,0.00%,0.00%,0.71%,1,佰维存储(存储) 0.71%
017548,天弘国证2000指数增强C,指数型-股票,0.00%,0.00%,0.71%,0.00%,0.71%,1,源杰科技(光芯片/光通信) 0.71%
017547,天弘国证2000指数增强A,指数型-股票,0.00%,0.00%,0.71%,0.00%,0.71%,1,源杰科技(光芯片/光通信) 0.71%
019013,景顺长城国证2000指数增强A,指数型-股票,0.00%,0.00%,0.71%,0.00%,0.71%,1,源杰科技(光芯片/光通信) 0.71%
019014,景顺长城国证2000指数增强C,指数型-股票,0.00%,0.00%,0.71%,0.00%,0.71%,1,源杰科技(光芯片/光通信) 0.71%
019241,华泰柏瑞中证1000指数增强C,指数型-股票,0.00%,0.00%,0.71%,0.00%,0.71%,1,长芯博创(光芯片/光通信) 0.71%
019240,华泰柏瑞中证1000指数增强A,指数型-股票,0.00%,0.00%,0.71%,0.00%,0.71%,1,长芯博创(光芯片/光通信) 0.71%
023498,人保中证500C,指数型-股票,0.00%,0.71%,0.00%,0.00%,0.71%,1,佰维存储(存储) 0.71%
159337,中证500ETF东财,指数型-股票,0.00%,0.71%,0.00%,0.00%,0.71%,1,佰维存储(存储) 0.71%
159679,中证1000增强ETF国泰,指数型-股票,0.00%,0.00%,0.00%,0.71%,0.71%,1,中芯国际(电芯片/核心半导体) 0.71%
510560,中证500ETF国寿,指数型-股票,0.00%,0.71%,0.00%,0.00%,0.71%,1,佰维存储(存储) 0.71%
016417,南方稳鑫6个月持有债券C,债券型-混合二级,0.00%,0.45%,0.00%,0.25%,0.70%,2,兆易创新(存储) 0.45%; 海光信息(电芯片/核心半导体) 0.25%
016416,南方稳鑫6个月持有债券A,债券型-混合二级,0.00%,0.45%,0.00%,0.25%,0.70%,2,兆易创新(存储) 0.45%; 海光信息(电芯片/核心半导体) 0.25%
008851,景顺长城量化对冲策略三个月定期开放混合A,混合型-绝对收益,0.00%,0.00%,0.70%,0.00%,0.70%,2,中际旭创(光芯片/光通信) 0.43%; 新易盛(光芯片/光通信) 0.27%
023270,景顺长城量化对冲策略三个月定期开放混合C,混合型-绝对收益,0.00%,0.00%,0.70%,0.00%,0.70%,2,中际旭创(光芯片/光通信) 0.43%; 新易盛(光芯片/光通信) 0.27%
001752,华商信用增强债券C,债券型-混合二级,0.00%,0.00%,0.00%,0.70%,0.70%,1,海光信息(电芯片/核心半导体) 0.70%
001751,华商信用增强债券A,债券型-混合二级,0.00%,0.00%,0.00%,0.70%,0.70%,1,海光信息(电芯片/核心半导体) 0.70%
014202,天弘中证1000指数增强C,指数型-股票,0.00%,0.00%,0.70%,0.00%,0.70%,1,光迅科技(光芯片/光通信) 0.70%
014201,天弘中证1000指数增强A,指数型-股票,0.00%,0.00%,0.70%,0.00%,0.70%,1,光迅科技(光芯片/光通信) 0.70%
015161,南方宝嘉混合C,混合型-偏债,0.00%,0.00%,0.70%,0.00%,0.70%,1,长飞光纤光缆(光芯片/光通信) 0.70%
015160,南方宝嘉混合A,混合型-偏债,0.00%,0.00%,0.70%,0.00%,0.70%,1,长飞光纤光缆(光芯片/光通信) 0.70%
017323,农银中证1000指数增强A,指数型-股票,0.00%,0.00%,0.70%,0.00%,0.70%,1,源杰科技(光芯片/光通信) 0.70%
017324,农银中证1000指数增强C,指数型-股票,0.00%,0.00%,0.70%,0.00%,0.70%,1,源杰科技(光芯片/光通信) 0.70%
510510,中证500ETF广发,指数型-股票,0.00%,0.70%,0.00%,0.00%,0.70%,1,佰维存储(存储) 0.70%
510580,中证500ETF易方达,指数型-股票,0.00%,0.70%,0.00%,0.00%,0.70%,1,佰维存储(存储) 0.70%
512500,中证500ETF华夏,指数型-股票,0.00%,0.70%,0.00%,0.00%,0.70%,1,佰维存储(存储) 0.70%
563750,中证500ETF汇添富,指数型-股票,0.00%,0.70%,0.00%,0.00%,0.70%,1,佰维存储(存储) 0.70%
001863,东方红收益增强债券C,债券型-混合二级,0.00%,0.00%,0.69%,0.00%,0.69%,1,新易盛(光芯片/光通信) 0.69%
001862,东方红收益增强债券A,债券型-混合二级,0.00%,0.00%,0.69%,0.00%,0.69%,1,新易盛(光芯片/光通信) 0.69%
002766,新华双利债券C,债券型-混合二级,0.00%,0.00%,0.00%,0.69%,0.69%,2,华海清科(电芯片/核心半导体) 0.35%; 思特威(电芯片/核心半导体) 0.34%
002765,新华双利债券A,债券型-混合二级,0.00%,0.00%,0.00%,0.69%,0.69%,2,华海清科(电芯片/核心半导体) 0.35%; 思特威(电芯片/核心半导体) 0.34%
011390,华安添祥6个月持有混合A,混合型-偏债,0.00%,0.00%,0.00%,0.69%,0.69%,1,北方华创(电芯片/核心半导体) 0.69%
013119,中信保诚中证500指数(LOF)C,指数型-股票,0.00%,0.69%,0.00%,0.00%,0.69%,1,佰维存储(存储) 0.69%
016181,华安添祥6个月持有混合C,混合型-偏债,0.00%,0.00%,0.00%,0.69%,0.69%,1,北方华创(电芯片/核心半导体) 0.69%
018980,富国优化增强债券E,债券型-混合二级,0.00%,0.31%,0.00%,0.38%,0.69%,2,北方华创(电芯片/核心半导体) 0.38%; 兆易创新(存储) 0.31%
021992,新华双利债券E,债券型-混合二级,0.00%,0.00%,0.00%,0.69%,0.69%,2,华海清科(电芯片/核心半导体) 0.35%; 思特威(电芯片/核心半导体) 0.34%
100037,富国优化增强债券C,债券型-混合二级,0.00%,0.31%,0.00%,0.38%,0.69%,2,北方华创(电芯片/核心半导体) 0.38%; 兆易创新(存储) 0.31%
100035,富国优化增强债券A/B,债券型-混合二级,0.00%,0.31%,0.00%,0.38%,0.69%,2,北方华创(电芯片/核心半导体) 0.38%; 兆易创新(存储) 0.31%
159820,中证500ETF天弘,指数型-股票,0.00%,0.69%,0.00%,0.00%,0.69%,1,佰维存储(存储) 0.69%
165511,中信保诚中证500指数(LOF)A,指数型-股票,0.00%,0.69%,0.00%,0.00%,0.69%,1,佰维存储(存储) 0.69%
006938,鹏华中证500指数(LOF)C,指数型-股票,0.00%,0.68%,0.00%,0.00%,0.68%,1,佰维存储(存储) 0.68%
022992,鹏华中证500指数(LOF)I,指数型-股票,0.00%,0.68%,0.00%,0.00%,0.68%,1,佰维存储(存储) 0.68%
159500,中证500ETF富国,指数型-股票,0.00%,0.68%,0.00%,0.00%,0.68%,1,佰维存储(存储) 0.68%
159968,中证500ETF博时,指数型-股票,0.00%,0.68%,0.00%,0.00%,0.68%,1,佰维存储(存储) 0.68%
159982,中证500ETF鹏华,指数型-股票,0.00%,0.68%,0.00%,0.00%,0.68%,1,佰维存储(存储) 0.68%
160616,鹏华中证500指数(LOF)A,指数型-股票,0.00%,0.68%,0.00%,0.00%,0.68%,1,佰维存储(存储) 0.68%
660011,农银中证500指数A,指数型-股票,0.00%,0.68%,0.00%,0.00%,0.68%,1,佰维存储(存储) 0.68%
004747,富国新优享灵活配置混合C,混合型-灵活,0.00%,0.67%,0.00%,0.00%,0.67%,1,佰维存储(存储) 0.67%
004737,富国新优享灵活配置混合A,混合型-灵活,0.00%,0.67%,0.00%,0.00%,0.67%,1,佰维存储(存储) 0.67%
008345,南华瑞泽债券A,债券型-混合二级,0.00%,0.00%,0.00%,0.67%,0.67%,1,寒武纪(电芯片/核心半导体) 0.67%
008346,南华瑞泽债券C,债券型-混合二级,0.00%,0.00%,0.00%,0.67%,0.67%,1,寒武纪(电芯片/核心半导体) 0.67%
010843,富国天润回报混合A,混合型-偏债,0.00%,0.67%,0.00%,0.00%,0.67%,1,佰维存储(存储) 0.67%
010844,富国天润回报混合C,混合型-偏债,0.00%,0.67%,0.00%,0.00%,0.67%,1,佰维存储(存储) 0.67%
159935,中证500ETF景顺,指数型-股票,0.00%,0.67%,0.00%,0.00%,0.67%,1,佰维存储(存储) 0.67%
510530,中证500ETF工银,指数型-股票,0.00%,0.67%,0.00%,0.00%,0.67%,1,佰维存储(存储) 0.67%
515530,中证500ETF泰康,指数型-股票,0.00%,0.67%,0.00%,0.00%,0.67%,1,佰维存储(存储) 0.67%
009573,南方养老2045三年持有混合(FOF)A,FOF-均衡型,0.00%,0.00%,0.35%,0.31%,0.66%,2,新易盛(光芯片/光通信) 0.35%; 寒武纪(电芯片/核心半导体) 0.31%
014492,浙商汇金兴利增强债券A,债券型-混合二级,0.00%,0.00%,0.66%,0.00%,0.66%,1,中际旭创(光芯片/光通信) 0.66%
014493,浙商汇金兴利增强债券C,债券型-混合二级,0.00%,0.00%,0.66%,0.00%,0.66%,1,中际旭创(光芯片/光通信) 0.66%
017242,南方养老2045三年持有混合(FOF)Y,FOF-均衡型,0.00%,0.00%,0.35%,0.31%,0.66%,2,新易盛(光芯片/光通信) 0.35%; 寒武纪(电芯片/核心半导体) 0.31%
020225,创金合信均益量化选股混合C,混合型-偏股,0.00%,0.00%,0.00%,0.66%,0.66%,1,盛美上海(电芯片/核心半导体) 0.66%
020224,创金合信均益量化选股混合A,混合型-偏股,0.00%,0.00%,0.00%,0.66%,0.66%,1,盛美上海(电芯片/核心半导体) 0.66%
020385,信澳恒瑞9个月持有期混合A,混合型-偏债,0.00%,0.00%,0.66%,0.00%,0.66%,1,长飞光纤光缆(光芯片/光通信) 0.66%
020386,信澳恒瑞9个月持有期混合C,混合型-偏债,0.00%,0.00%,0.66%,0.00%,0.66%,1,长飞光纤光缆(光芯片/光通信) 0.66%
000142,融通增强收益债券A,债券型-混合二级,0.00%,0.00%,0.65%,0.00%,0.65%,1,新易盛(光芯片/光通信) 0.65%
001124,融通增强收益债券C,债券型-混合二级,0.00%,0.00%,0.65%,0.00%,0.65%,1,新易盛(光芯片/光通信) 0.65%
007705,长城恒康稳健养老一年持有混合发起式(FOF)A,FOF-稳健型,0.00%,0.00%,0.25%,0.40%,0.65%,2,海光信息(电芯片/核心半导体) 0.40%; 光迅科技(光芯片/光通信) 0.25%
010942,招商瑞乐6个月持有期混合A,混合型-偏债,0.00%,0.00%,0.65%,0.00%,0.65%,1,天孚通信(光芯片/光通信) 0.65%
010943,招商瑞乐6个月持有期混合C,混合型-偏债,0.00%,0.00%,0.65%,0.00%,0.65%,1,天孚通信(光芯片/光通信) 0.65%
017295,长城恒康稳健养老一年持有混合发起式(FOF)Y,FOF-稳健型,0.00%,0.00%,0.25%,0.40%,0.65%,2,海光信息(电芯片/核心半导体) 0.40%; 光迅科技(光芯片/光通信) 0.25%
320009,诺安增利债券B,债券型-混合二级,0.00%,0.00%,0.65%,0.00%,0.65%,1,中际旭创(光芯片/光通信) 0.65%
320008,诺安增利债券A,债券型-混合二级,0.00%,0.00%,0.65%,0.00%,0.65%,1,中际旭创(光芯片/光通信) 0.65%
018157,西部利得中证1000指数增强A,指数型-股票,0.00%,0.00%,0.64%,0.00%,0.64%,1,长芯博创(光芯片/光通信) 0.64%
018158,西部利得中证1000指数增强C,指数型-股票,0.00%,0.00%,0.64%,0.00%,0.64%,1,长芯博创(光芯片/光通信) 0.64%
003380,中信保诚至选混合C,混合型-灵活,0.00%,0.00%,0.63%,0.00%,0.63%,2,中际旭创(光芯片/光通信) 0.37%; 新易盛(光芯片/光通信) 0.26%
003379,中信保诚至选混合A,混合型-灵活,0.00%,0.00%,0.63%,0.00%,0.63%,2,中际旭创(光芯片/光通信) 0.37%; 新易盛(光芯片/光通信) 0.26%
018456,建信开元耀享9个月持有期混合发起C,混合型-偏债,0.00%,0.00%,0.00%,0.63%,0.63%,1,芯原股份(电芯片/核心半导体) 0.63%
018455,建信开元耀享9个月持有期混合发起A,混合型-偏债,0.00%,0.00%,0.00%,0.63%,0.63%,1,芯原股份(电芯片/核心半导体) 0.63%
022006,中信保诚至选混合E,混合型-灵活,0.00%,0.00%,0.63%,0.00%,0.63%,2,中际旭创(光芯片/光通信) 0.37%; 新易盛(光芯片/光通信) 0.26%
005138,前海开源弘丰债券A,债券型-混合二级,0.00%,0.00%,0.62%,0.00%,0.62%,1,中际旭创(光芯片/光通信) 0.62%
005139,前海开源弘丰债券C,债券型-混合二级,0.00%,0.00%,0.62%,0.00%,0.62%,1,中际旭创(光芯片/光通信) 0.62%
008035,蜂巢恒利债券A,债券型-混合二级,0.00%,0.00%,0.00%,0.62%,0.62%,1,海光信息(电芯片/核心半导体) 0.62%
008036,蜂巢恒利债券C,债券型-混合二级,0.00%,0.00%,0.00%,0.62%,0.62%,1,海光信息(电芯片/核心半导体) 0.62%
008112,中泰中证500指数增强A,指数型-股票,0.00%,0.62%,0.00%,0.00%,0.62%,2,佰维存储(存储) 0.62%; 思瑞浦(电芯片/核心半导体) 0.00%
008113,中泰中证500指数增强C,指数型-股票,0.00%,0.62%,0.00%,0.00%,0.62%,2,佰维存储(存储) 0.62%; 思瑞浦(电芯片/核心半导体) 0.00%
013360,华夏磐泰混合C,混合型-偏债,0.00%,0.00%,0.00%,0.62%,0.62%,2,中微公司(电芯片/核心半导体) 0.31%; 中芯国际(电芯片/核心半导体) 0.31%
160323,华夏磐泰混合(LOF)A,混合型-偏债,0.00%,0.00%,0.00%,0.62%,0.62%,2,中微公司(电芯片/核心半导体) 0.31%; 中芯国际(电芯片/核心半导体) 0.31%
515550,中证500ETF国联,指数型-股票,0.00%,0.62%,0.00%,0.00%,0.62%,1,佰维存储(存储) 0.62%
880011,招商资管智远增利债券D,债券型-混合二级,0.00%,0.00%,0.35%,0.27%,0.62%,2,中际旭创(光芯片/光通信) 0.35%; 北方华创(电芯片/核心半导体) 0.27%
881012,招商资管智远增利债券A,债券型-混合二级,0.00%,0.00%,0.35%,0.27%,0.62%,2,中际旭创(光芯片/光通信) 0.35%; 北方华创(电芯片/核心半导体) 0.27%
881013,招商资管智远增利债券C,债券型-混合二级,0.00%,0.00%,0.35%,0.27%,0.62%,2,中际旭创(光芯片/光通信) 0.35%; 北方华创(电芯片/核心半导体) 0.27%
000189,易方达丰华债券A,债券型-混合二级,0.00%,0.61%,0.00%,0.00%,0.61%,1,长电科技(存储) 0.61%
006867,易方达丰华债券C,债券型-混合二级,0.00%,0.61%,0.00%,0.00%,0.61%,1,长电科技(存储) 0.61%
009520,中欧鼎利债券C,债券型-混合二级,0.00%,0.00%,0.61%,0.00%,0.61%,1,中际旭创(光芯片/光通信) 0.61%
009519,中欧鼎利债券E,债券型-混合二级,0.00%,0.00%,0.61%,0.00%,0.61%,1,中际旭创(光芯片/光通信) 0.61%
010158,汇安中证500增强C,指数型-股票,0.00%,0.00%,0.00%,0.61%,0.61%,1,华海清科(电芯片/核心半导体) 0.61%
010157,汇安中证500增强A,指数型-股票,0.00%,0.00%,0.00%,0.61%,0.61%,1,华海清科(电芯片/核心半导体) 0.61%
166010,中欧鼎利债券A,债券型-混合二级,0.00%,0.00%,0.61%,0.00%,0.61%,1,中际旭创(光芯片/光通信) 0.61%
180026,银华信用双利债券C,债券型-混合二级,0.00%,0.00%,0.00%,0.61%,0.61%,1,寒武纪(电芯片/核心半导体) 0.61%
180025,银华信用双利债券A,债券型-混合二级,0.00%,0.00%,0.00%,0.61%,0.61%,1,寒武纪(电芯片/核心半导体) 0.61%
010684,国联景颐6个月持有混合C,混合型-偏债,0.00%,0.00%,0.00%,0.60%,0.60%,1,北方华创(电芯片/核心半导体) 0.60%
010683,国联景颐6个月持有混合A,混合型-偏债,0.00%,0.00%,0.00%,0.60%,0.60%,1,北方华创(电芯片/核心半导体) 0.60%
001617,天弘中证电子ETF联接A,指数型-股票,0.00%,0.17%,0.00%,0.42%,0.59%,6,寒武纪(电芯片/核心半导体) 0.12%; 海光信息(电芯片/核心半导体) 0.10%; 北方华创(电芯片/核心半导体) 0.10%; 中芯国际(电芯片/核心半导体) 0.10%; 兆易创新(存储) 0.09%; 澜起科技(存储) 0.08%
001618,天弘中证电子ETF联接C,指数型-股票,0.00%,0.17%,0.00%,0.42%,0.59%,6,寒武纪(电芯片/核心半导体) 0.12%; 海光信息(电芯片/核心半导体) 0.10%; 北方华创(电芯片/核心半导体) 0.10%; 中芯国际(电芯片/核心半导体) 0.10%; 兆易创新(存储) 0.09%; 澜起科技(存储) 0.08%
011898,长城悦享回报债券C,债券型-混合二级,0.00%,0.00%,0.00%,0.59%,0.59%,1,中芯国际(电芯片/核心半导体) 0.59%
011897,长城悦享回报债券A,债券型-混合二级,0.00%,0.00%,0.00%,0.59%,0.59%,1,中芯国际(电芯片/核心半导体) 0.59%
012081,易方达中证500指数量化增强C,指数型-股票,0.00%,0.00%,0.59%,0.00%,0.59%,1,光迅科技(光芯片/光通信) 0.59%
012080,易方达中证500指数量化增强A,指数型-股票,0.00%,0.00%,0.59%,0.00%,0.59%,1,光迅科技(光芯片/光通信) 0.59%
012485,建信汇益一年持有混合A,混合型-偏债,0.00%,0.00%,0.59%,0.00%,0.59%,1,新易盛(光芯片/光通信) 0.59%
012486,建信汇益一年持有混合C,混合型-偏债,0.00%,0.00%,0.59%,0.00%,0.59%,1,新易盛(光芯片/光通信) 0.59%
018393,富国稳健添利债券A,债券型-混合二级,0.00%,0.59%,0.00%,0.00%,0.59%,1,兆易创新(存储) 0.59%
018394,富国稳健添利债券C,债券型-混合二级,0.00%,0.59%,0.00%,0.00%,0.59%,1,兆易创新(存储) 0.59%
018403,富国稳健添利债券E,债券型-混合二级,0.00%,0.59%,0.00%,0.00%,0.59%,1,兆易创新(存储) 0.59%
021854,博时稳健恒利债券C,债券型-混合二级,0.00%,0.00%,0.43%,0.16%,0.59%,3,中际旭创(光芯片/光通信) 0.23%; 新易盛(光芯片/光通信) 0.20%; 北方华创(电芯片/核心半导体) 0.16%
021853,博时稳健恒利债券A,债券型-混合二级,0.00%,0.00%,0.43%,0.16%,0.59%,3,中际旭创(光芯片/光通信) 0.23%; 新易盛(光芯片/光通信) 0.20%; 北方华创(电芯片/核心半导体) 0.16%
002222,嘉实新趋势混合A,混合型-灵活,0.00%,0.00%,0.00%,0.58%,0.58%,1,中微公司(电芯片/核心半导体) 0.58%
003294,嘉实新趋势混合C,混合型-灵活,0.00%,0.00%,0.00%,0.58%,0.58%,1,中微公司(电芯片/核心半导体) 0.58%
007128,天弘增强回报债券A,债券型-混合二级,0.00%,0.00%,0.00%,0.58%,0.58%,1,北方华创(电芯片/核心半导体) 0.58%
007129,天弘增强回报债券C,债券型-混合二级,0.00%,0.00%,0.00%,0.58%,0.58%,1,北方华创(电芯片/核心半导体) 0.58%
009735,天弘增强回报债券E,债券型-混合二级,0.00%,0.00%,0.00%,0.58%,0.58%,1,北方华创(电芯片/核心半导体) 0.58%
004750,广发鑫和A,混合型-灵活,0.00%,0.00%,0.57%,0.00%,0.57%,2,中际旭创(光芯片/光通信) 0.55%; 新易盛(光芯片/光通信) 0.02%
004751,广发鑫和C,混合型-灵活,0.00%,0.00%,0.57%,0.00%,0.57%,2,中际旭创(光芯片/光通信) 0.55%; 新易盛(光芯片/光通信) 0.02%
007159,南方富元稳健养老目标一年持有混合(FOF)A,FOF-稳健型,0.00%,0.00%,0.26%,0.31%,0.57%,2,寒武纪(电芯片/核心半导体) 0.31%; 新易盛(光芯片/光通信) 0.26%
007160,南方富元稳健养老目标一年持有混合(FOF)C,FOF-稳健型,0.00%,0.00%,0.26%,0.31%,0.57%,2,寒武纪(电芯片/核心半导体) 0.31%; 新易盛(光芯片/光通信) 0.26%
017236,南方富元稳健养老目标一年持有混合(FOF)Y,FOF-稳健型,0.00%,0.00%,0.26%,0.31%,0.57%,2,寒武纪(电芯片/核心半导体) 0.31%; 新易盛(光芯片/光通信) 0.26%
015012,浦银安盛安弘回报一年持有混合A,混合型-偏债,0.00%,0.57%,0.00%,0.00%,0.57%,1,兆易创新(存储) 0.57%
015013,浦银安盛安弘回报一年持有混合C,混合型-偏债,0.00%,0.57%,0.00%,0.00%,0.57%,1,兆易创新(存储) 0.57%
025260,华安沣泰债券A,债券型-混合二级,0.00%,0.00%,0.00%,0.57%,0.57%,1,豪威集团(电芯片/核心半导体) 0.57%
025261,华安沣泰债券C,债券型-混合二级,0.00%,0.00%,0.00%,0.57%,0.57%,1,豪威集团(电芯片/核心半导体) 0.57%
008476,招商民安增益债券C,债券型-混合二级,0.00%,0.00%,0.00%,0.56%,0.56%,1,晶晨股份(电芯片/核心半导体) 0.56%
008475,招商民安增益债券A,债券型-混合二级,0.00%,0.00%,0.00%,0.56%,0.56%,1,晶晨股份(电芯片/核心半导体) 0.56%
016109,南方振元债券发起A,债券型-混合二级,0.00%,0.00%,0.56%,0.00%,0.56%,1,长飞光纤光缆(光芯片/光通信) 0.56%
016110,南方振元债券发起C,债券型-混合二级,0.00%,0.00%,0.56%,0.00%,0.56%,1,长飞光纤光缆(光芯片/光通信) 0.56%
019707,鹏扬平衡养老目标三年持有混合发起式(FOF)A,FOF-均衡型,0.00%,0.56%,0.00%,0.00%,0.56%,1,北京君正(存储) 0.56%
023150,鹏扬平衡养老目标三年持有混合发起式(FOF)Y,FOF-均衡型,0.00%,0.56%,0.00%,0.00%,0.56%,1,北京君正(存储) 0.56%
012106,广发安泰稳健养老一年持有混合(FOF)A,FOF-稳健型,0.00%,0.00%,0.35%,0.21%,0.56%,3,寒武纪(电芯片/核心半导体) 0.21%; 中际旭创(光芯片/光通信) 0.19%; 新易盛(光芯片/光通信) 0.16%
017280,广发安泰稳健养老一年持有混合(FOF)Y,FOF-稳健型,0.00%,0.00%,0.35%,0.21%,0.56%,3,寒武纪(电芯片/核心半导体) 0.21%; 中际旭创(光芯片/光通信) 0.19%; 新易盛(光芯片/光通信) 0.16%
004486,嘉实稳怡债券,债券型-混合二级,0.00%,0.00%,0.00%,0.55%,0.55%,1,海光信息(电芯片/核心半导体) 0.55%
014576,农银汇理瑞丰6个月持有混合,混合型-偏债,0.00%,0.55%,0.00%,0.00%,0.55%,1,通富微电(存储) 0.55%
024150,长城丰泽债券A,债券型-混合二级,0.00%,0.00%,0.55%,0.00%,0.55%,1,仕佳光子(光芯片/光通信) 0.55%
024151,长城丰泽债券C,债券型-混合二级,0.00%,0.00%,0.55%,0.00%,0.55%,1,仕佳光子(光芯片/光通信) 0.55%
001470,融通通鑫灵活配置混合,混合型-灵活,0.00%,0.00%,0.00%,0.53%,0.53%,1,中芯国际(电芯片/核心半导体) 0.53%
009413,易方达招易一年持有期混合C,混合型-偏债,0.00%,0.53%,0.00%,0.00%,0.53%,1,兆易创新(存储) 0.53%
009412,易方达招易一年持有期混合A,混合型-偏债,0.00%,0.53%,0.00%,0.00%,0.53%,1,兆易创新(存储) 0.53%
018297,南方浩稳优选9个月持有混合(FOF)A,FOF-稳健型,0.00%,0.00%,0.35%,0.18%,0.53%,2,新易盛(光芯片/光通信) 0.35%; 中芯国际(电芯片/核心半导体) 0.18%
018298,南方浩稳优选9个月持有混合(FOF)C,FOF-稳健型,0.00%,0.00%,0.35%,0.18%,0.53%,2,新易盛(光芯片/光通信) 0.35%; 中芯国际(电芯片/核心半导体) 0.18%
012734,易方达中证人工智能主题ETF联接C,指数型-股票,0.00%,0.08%,0.25%,0.19%,0.52%,6,新易盛(光芯片/光通信) 0.14%; 中际旭创(光芯片/光通信) 0.11%; 寒武纪(电芯片/核心半导体) 0.10%; 澜起科技(存储) 0.08%; 豪威集团(电芯片/核心半导体) 0.05%; 芯原股份(电芯片/核心半导体) 0.04%
012733,易方达中证人工智能主题ETF联接A,指数型-股票,0.00%,0.08%,0.25%,0.19%,0.52%,6,新易盛(光芯片/光通信) 0.14%; 中际旭创(光芯片/光通信) 0.11%; 寒武纪(电芯片/核心半导体) 0.10%; 澜起科技(存储) 0.08%; 豪威集团(电芯片/核心半导体) 0.05%; 芯原股份(电芯片/核心半导体) 0.04%
013258,南方通元6个月持有债券C,债券型-混合二级,0.00%,0.00%,0.00%,0.52%,0.52%,1,海光信息(电芯片/核心半导体) 0.52%
013257,南方通元6个月持有债券A,债券型-混合二级,0.00%,0.00%,0.00%,0.52%,0.52%,1,海光信息(电芯片/核心半导体) 0.52%
013615,泰信鑫瑞债券发起式C,债券型-混合二级,0.00%,0.00%,0.52%,0.00%,0.52%,1,中际旭创(光芯片/光通信) 0.52%
013614,泰信鑫瑞债券发起式A,债券型-混合二级,0.00%,0.00%,0.52%,0.00%,0.52%,1,中际旭创(光芯片/光通信) 0.52%
022311,永赢中证500指数增强发起A,指数型-股票,0.00%,0.00%,0.52%,0.00%,0.52%,1,源杰科技(光芯片/光通信) 0.52%
022312,永赢中证500指数增强发起C,指数型-股票,0.00%,0.00%,0.52%,0.00%,0.52%,1,源杰科技(光芯片/光通信) 0.52%
000072,华安稳健回报混合A,混合型-灵活,0.00%,0.00%,0.30%,0.21%,0.51%,2,新易盛(光芯片/光通信) 0.30%; 中芯国际(电芯片/核心半导体) 0.21%
003613,南方卓元债券C,债券型-混合二级,0.00%,0.00%,0.00%,0.51%,0.51%,2,寒武纪(电芯片/核心半导体) 0.31%; 海光信息(电芯片/核心半导体) 0.20%
003612,南方卓元债券A,债券型-混合二级,0.00%,0.00%,0.00%,0.51%,0.51%,2,寒武纪(电芯片/核心半导体) 0.31%; 海光信息(电芯片/核心半导体) 0.20%
015540,富国元利债券C,债券型-混合二级,0.00%,0.00%,0.51%,0.00%,0.51%,1,新易盛(光芯片/光通信) 0.51%
015539,富国元利债券A,债券型-混合二级,0.00%,0.00%,0.51%,0.00%,0.51%,1,新易盛(光芯片/光通信) 0.51%
016042,华安稳健回报混合C,混合型-灵活,0.00%,0.00%,0.30%,0.21%,0.51%,2,新易盛(光芯片/光通信) 0.30%; 中芯国际(电芯片/核心半导体) 0.21%
024181,泰信双息双利债券A,债券型-混合二级,0.00%,0.00%,0.51%,0.00%,0.51%,1,中际旭创(光芯片/光通信) 0.51%
026056,东方红汇裕债券C,债券型-混合二级,0.00%,0.00%,0.34%,0.17%,0.51%,3,中际旭创(光芯片/光通信) 0.17%; 新易盛(光芯片/光通信) 0.17%; 寒武纪(电芯片/核心半导体) 0.17%
026055,东方红汇裕债券A,债券型-混合二级,0.00%,0.00%,0.34%,0.17%,0.51%,3,中际旭创(光芯片/光通信) 0.17%; 新易盛(光芯片/光通信) 0.17%; 寒武纪(电芯片/核心半导体) 0.17%
290003,泰信双息双利债券C,债券型-混合二级,0.00%,0.00%,0.51%,0.00%,0.51%,1,中际旭创(光芯片/光通信) 0.51%
001418,宏利创益混合A,混合型-灵活,0.00%,0.00%,0.00%,0.50%,0.50%,1,北方华创(电芯片/核心半导体) 0.50%
002273,宏利创益混合B,混合型-灵活,0.00%,0.00%,0.00%,0.50%,0.50%,1,北方华创(电芯片/核心半导体) 0.50%
005434,鹏华睿投混合A,混合型-灵活,0.00%,0.50%,0.00%,0.00%,0.50%,1,佰维存储(存储) 0.50%
011176,平安恒鑫混合C,混合型-偏债,0.00%,0.00%,0.50%,0.00%,0.50%,1,中际旭创(光芯片/光通信) 0.50%
011175,平安恒鑫混合A,混合型-偏债,0.00%,0.00%,0.50%,0.00%,0.50%,1,中际旭创(光芯片/光通信) 0.50%
016950,鹏华睿投混合C,混合型-灵活,0.00%,0.50%,0.00%,0.00%,0.50%,1,佰维存储(存储) 0.50%
023543,平安恒鑫混合E,混合型-偏债,0.00%,0.00%,0.50%,0.00%,0.50%,1,中际旭创(光芯片/光通信) 0.50%
001763,广发多策略混合,混合型-灵活,0.00%,0.00%,0.49%,0.00%,0.49%,1,源杰科技(光芯片/光通信) 0.49%
004093,金元顺安桉盛债券A,债券型-混合二级,0.00%,0.00%,0.00%,0.49%,0.49%,1,华润微(电芯片/核心半导体) 0.49%
004900,财通资管鑫锐混合A,混合型-偏债,0.00%,0.00%,0.00%,0.49%,0.49%,1,中微公司(电芯片/核心半导体) 0.49%
004901,财通资管鑫锐混合C,混合型-偏债,0.00%,0.00%,0.00%,0.49%,0.49%,1,中微公司(电芯片/核心半导体) 0.49%
005746,国泰聚利价值定开混合,混合型-灵活,0.00%,0.49%,0.00%,0.00%,0.49%,1,北京君正(存储) 0.49%
007115,金元顺安桉盛债券C,债券型-混合二级,0.00%,0.00%,0.00%,0.49%,0.49%,1,华润微(电芯片/核心半导体) 0.49%
010548,博时恒进持有期混合C,混合型-偏债,0.00%,0.00%,0.49%,0.00%,0.49%,1,中际旭创(光芯片/光通信) 0.49%
010547,博时恒进持有期混合A,混合型-偏债,0.00%,0.00%,0.49%,0.00%,0.49%,1,中际旭创(光芯片/光通信) 0.49%
014769,财通资管双福9个月持有债券发起式A,债券型-混合二级,0.00%,0.12%,0.25%,0.12%,0.49%,4,新易盛(光芯片/光通信) 0.14%; 兆易创新(存储) 0.12%; 北方华创(电芯片/核心半导体) 0.12%; 中际旭创(光芯片/光通信) 0.11%
014770,财通资管双福9个月持有债券发起式C,债券型-混合二级,0.00%,0.12%,0.25%,0.12%,0.49%,4,新易盛(光芯片/光通信) 0.14%; 兆易创新(存储) 0.12%; 北方华创(电芯片/核心半导体) 0.12%; 中际旭创(光芯片/光通信) 0.11%
018040,财通资管鑫锐混合E,混合型-偏债,0.00%,0.00%,0.00%,0.49%,0.49%,1,中微公司(电芯片/核心半导体) 0.49%
024041,光大阳光三个月持有期混合(FOF)C,FOF-进取型,0.00%,0.00%,0.30%,0.19%,0.49%,2,新易盛(光芯片/光通信) 0.30%; 圣邦股份(电芯片/核心半导体) 0.19%
024040,光大阳光三个月持有期混合(FOF)A,FOF-进取型,0.00%,0.00%,0.30%,0.19%,0.49%,2,新易盛(光芯片/光通信) 0.30%; 圣邦股份(电芯片/核心半导体) 0.19%
017953,汇添富中证1000指数增强A,指数型-股票,0.00%,0.00%,0.48%,0.00%,0.48%,1,光库科技(光芯片/光通信) 0.48%
017954,汇添富中证1000指数增强C,指数型-股票,0.00%,0.00%,0.48%,0.00%,0.48%,1,光库科技(光芯片/光通信) 0.48%
024126,太平嘉裕债券A,债券型-混合二级,0.00%,0.00%,0.48%,0.00%,0.48%,2,中际旭创(光芯片/光通信) 0.29%; 新易盛(光芯片/光通信) 0.19%
024127,太平嘉裕债券C,债券型-混合二级,0.00%,0.00%,0.48%,0.00%,0.48%,2,中际旭创(光芯片/光通信) 0.29%; 新易盛(光芯片/光通信) 0.19%
003301,华夏鼎融债券A,债券型-混合二级,0.00%,0.00%,0.47%,0.00%,0.47%,2,中际旭创(光芯片/光通信) 0.24%; 新易盛(光芯片/光通信) 0.23%
003302,华夏鼎融债券C,债券型-混合二级,0.00%,0.00%,0.47%,0.00%,0.47%,2,中际旭创(光芯片/光通信) 0.24%; 新易盛(光芯片/光通信) 0.23%
006102,浙商丰利增强债券,债券型-混合二级,0.00%,0.47%,0.00%,0.00%,0.47%,1,聚辰股份(存储) 0.47%
017095,易方达中证1000量化增强C,指数型-股票,0.00%,0.00%,0.47%,0.00%,0.47%,1,源杰科技(光芯片/光通信) 0.47%
017094,易方达中证1000量化增强A,指数型-股票,0.00%,0.00%,0.47%,0.00%,0.47%,1,源杰科技(光芯片/光通信) 0.47%
003142,鹏华弘达混合A,混合型-灵活,0.00%,0.28%,0.18%,0.00%,0.46%,2,佰维存储(存储) 0.28%; 中际旭创(光芯片/光通信) 0.18%
003143,鹏华弘达混合C,混合型-灵活,0.00%,0.28%,0.18%,0.00%,0.46%,2,佰维存储(存储) 0.28%; 中际旭创(光芯片/光通信) 0.18%
007315,汇安嘉盈一年持有期债券A,债券型-混合二级,0.00%,0.00%,0.46%,0.00%,0.46%,1,中际旭创(光芯片/光通信) 0.46%
007318,中银民丰回报混合,混合型-偏债,0.00%,0.00%,0.00%,0.46%,0.46%,2,中芯国际(电芯片/核心半导体) 0.32%; 中芯国际(电芯片/核心半导体) 0.14%
010270,汇安嘉盈一年持有期债券C,债券型-混合二级,0.00%,0.00%,0.46%,0.00%,0.46%,1,中际旭创(光芯片/光通信) 0.46%
010877,浙商智选先锋一年持有混合C,混合型-偏股,0.00%,0.00%,0.46%,0.00%,0.46%,1,源杰科技(光芯片/光通信) 0.46%
010876,浙商智选先锋一年持有混合A,混合型-偏股,0.00%,0.00%,0.46%,0.00%,0.46%,1,源杰科技(光芯片/光通信) 0.46%
011190,招商瑞安1年持有期混合A,混合型-偏债,0.00%,0.00%,0.46%,0.00%,0.46%,1,高伟电子(光芯片/光通信) 0.46%
011191,招商瑞安1年持有期混合C,混合型-偏债,0.00%,0.00%,0.46%,0.00%,0.46%,1,高伟电子(光芯片/光通信) 0.46%
014620,财通资管稳兴增益六个月持有期混合C,混合型-偏债,0.00%,0.18%,0.28%,0.00%,0.46%,3,澜起科技(存储) 0.18%; 新易盛(光芯片/光通信) 0.14%; 天孚通信(光芯片/光通信) 0.14%
014619,财通资管稳兴增益六个月持有期混合A,混合型-偏债,0.00%,0.18%,0.28%,0.00%,0.46%,3,澜起科技(存储) 0.18%; 新易盛(光芯片/光通信) 0.14%; 天孚通信(光芯片/光通信) 0.14%
018595,华商利欣回报债券A,债券型-混合二级,0.00%,0.00%,0.00%,0.46%,0.46%,1,寒武纪(电芯片/核心半导体) 0.46%
018596,华商利欣回报债券C,债券型-混合二级,0.00%,0.00%,0.00%,0.46%,0.46%,1,寒武纪(电芯片/核心半导体) 0.46%
022248,鹏华弘达混合E,混合型-灵活,0.00%,0.28%,0.18%,0.00%,0.46%,2,佰维存储(存储) 0.28%; 中际旭创(光芯片/光通信) 0.18%
022682,平安盈弘6个月持有债券(FOF)A,FOF-稳健型,0.00%,0.00%,0.00%,0.46%,0.46%,2,中芯国际(电芯片/核心半导体) 0.25%; 北方华创(电芯片/核心半导体) 0.21%
022683,平安盈弘6个月持有债券(FOF)C,FOF-稳健型,0.00%,0.00%,0.00%,0.46%,0.46%,2,中芯国际(电芯片/核心半导体) 0.25%; 北方华创(电芯片/核心半导体) 0.21%
023822,泓德中证500指数增强C,指数型-股票,0.00%,0.00%,0.46%,0.00%,0.46%,1,中际旭创(光芯片/光通信) 0.46%
023821,泓德中证500指数增强A,指数型-股票,0.00%,0.00%,0.46%,0.00%,0.46%,1,中际旭创(光芯片/光通信) 0.46%
023953,汇安嘉盈一年持有期债券E,债券型-混合二级,0.00%,0.00%,0.46%,0.00%,0.46%,1,中际旭创(光芯片/光通信) 0.46%
000579,鑫元恒鑫收益增强债券型发起式C,债券型-混合二级,0.00%,0.00%,0.00%,0.45%,0.45%,1,中芯国际(电芯片/核心半导体) 0.45%
000578,鑫元恒鑫收益增强债券型发起式A,债券型-混合二级,0.00%,0.00%,0.00%,0.45%,0.45%,1,中芯国际(电芯片/核心半导体) 0.45%
006059,鹏扬泓利债券A,债券型-混合二级,0.00%,0.00%,0.00%,0.45%,0.45%,1,海光信息(电芯片/核心半导体) 0.45%
006060,鹏扬泓利债券C,债券型-混合二级,0.00%,0.00%,0.00%,0.45%,0.45%,1,海光信息(电芯片/核心半导体) 0.45%
012037,招商和惠养老目标2040三年持有期混合(FOF)A,FOF-均衡型,0.00%,0.00%,0.00%,0.45%,0.45%,1,中微公司(电芯片/核心半导体) 0.45%
017272,招商和惠养老目标2040三年持有期混合(FOF)Y,FOF-均衡型,0.00%,0.00%,0.00%,0.45%,0.45%,1,中微公司(电芯片/核心半导体) 0.45%
017583,鑫元恒鑫收益增强债券型发起式D,债券型-混合二级,0.00%,0.00%,0.00%,0.45%,0.45%,1,中芯国际(电芯片/核心半导体) 0.45%
018849,鑫元恒鑫收益增强债券型发起式E,债券型-混合二级,0.00%,0.00%,0.00%,0.45%,0.45%,1,中芯国际(电芯片/核心半导体) 0.45%
026414,国富强化收益债券D,债券型-混合二级,0.00%,0.00%,0.45%,0.00%,0.45%,1,中际旭创(光芯片/光通信) 0.45%
450005,国富强化收益债券A,债券型-混合二级,0.00%,0.00%,0.45%,0.00%,0.45%,1,中际旭创(光芯片/光通信) 0.45%
450006,国富强化收益债券C,债券型-混合二级,0.00%,0.00%,0.45%,0.00%,0.45%,1,中际旭创(光芯片/光通信) 0.45%
002016,南方荣光C,混合型-偏债,0.00%,0.00%,0.00%,0.45%,0.45%,2,寒武纪(电芯片/核心半导体) 0.24%; 海光信息(电芯片/核心半导体) 0.21%
002015,南方荣光A,混合型-偏债,0.00%,0.00%,0.00%,0.45%,0.45%,2,寒武纪(电芯片/核心半导体) 0.24%; 海光信息(电芯片/核心半导体) 0.21%
016797,嘉实双利债券A,债券型-混合二级,0.00%,0.00%,0.00%,0.44%,0.44%,1,中微公司(电芯片/核心半导体) 0.44%
016798,嘉实双利债券C,债券型-混合二级,0.00%,0.00%,0.00%,0.44%,0.44%,1,中微公司(电芯片/核心半导体) 0.44%
020678,广发集盛债券A,债券型-混合二级,0.00%,0.00%,0.44%,0.00%,0.44%,1,长飞光纤光缆(光芯片/光通信) 0.44%
020679,广发集盛债券C,债券型-混合二级,0.00%,0.00%,0.44%,0.00%,0.44%,1,长飞光纤光缆(光芯片/光通信) 0.44%
002339,海富通安颐收益混合C,混合型-灵活,0.00%,0.00%,0.43%,0.00%,0.43%,1,新易盛(光芯片/光通信) 0.43%
007221,摩根锦程均衡养老三年持有混合(FOF)A,FOF-均衡型,0.00%,0.00%,0.00%,0.43%,0.43%,1,寒武纪(电芯片/核心半导体) 0.43%
013999,中欧瑾添混合C,混合型-偏债,0.00%,0.00%,0.43%,0.00%,0.43%,1,天孚通信(光芯片/光通信) 0.43%
013998,中欧瑾添混合A,混合型-偏债,0.00%,0.00%,0.43%,0.00%,0.43%,1,天孚通信(光芯片/光通信) 0.43%
017342,摩根锦程均衡养老三年持有混合(FOF)Y,FOF-均衡型,0.00%,0.00%,0.00%,0.43%,0.43%,1,寒武纪(电芯片/核心半导体) 0.43%
018300,华夏消费电子ETF联接A,指数型-股票,0.00%,0.33%,0.00%,0.10%,0.43%,4,兆易创新(存储) 0.18%; 豪威集团(电芯片/核心半导体) 0.10%; 佰维存储(存储) 0.08%; 长电科技(存储) 0.07%
018301,华夏消费电子ETF联接C,指数型-股票,0.00%,0.33%,0.00%,0.10%,0.43%,4,兆易创新(存储) 0.18%; 豪威集团(电芯片/核心半导体) 0.10%; 佰维存储(存储) 0.08%; 长电科技(存储) 0.07%
519050,海富通安颐收益混合A,混合型-灵活,0.00%,0.00%,0.43%,0.00%,0.43%,1,新易盛(光芯片/光通信) 0.43%
010222,大摩民丰盈和一年持有混合,混合型-偏债,0.00%,0.00%,0.00%,0.42%,0.42%,1,中芯国际(电芯片/核心半导体) 0.42%
012219,博时乐享混合C,混合型-偏债,0.00%,0.00%,0.42%,0.00%,0.42%,1,中际旭创(光芯片/光通信) 0.42%
012218,博时乐享混合A,混合型-偏债,0.00%,0.00%,0.42%,0.00%,0.42%,1,中际旭创(光芯片/光通信) 0.42%
020350,景顺长城养老2055五年持有混合FOF,FOF-进取型,0.00%,0.42%,0.00%,0.00%,0.42%,1,泰凌微(存储) 0.42%
025155,华富安和债券C,债券型-混合二级,0.00%,0.16%,0.00%,0.26%,0.42%,2,中微公司(电芯片/核心半导体) 0.26%; 兆易创新(存储) 0.16%
025154,华富安和债券A,债券型-混合二级,0.00%,0.16%,0.00%,0.26%,0.42%,2,中微公司(电芯片/核心半导体) 0.26%; 兆易创新(存储) 0.16%
519615,银河君尚混合I,混合型-灵活,0.00%,0.00%,0.42%,0.00%,0.42%,1,新易盛(光芯片/光通信) 0.42%
519614,银河君尚混合C,混合型-灵活,0.00%,0.00%,0.42%,0.00%,0.42%,1,新易盛(光芯片/光通信) 0.42%
519613,银河君尚混合A,混合型-灵活,0.00%,0.00%,0.42%,0.00%,0.42%,1,新易盛(光芯片/光通信) 0.42%
660009,农银增强收益债券A,债券型-混合二级,0.00%,0.42%,0.00%,0.00%,0.42%,1,通富微电(存储) 0.42%
660109,农银增强收益债券C,债券型-混合二级,0.00%,0.42%,0.00%,0.00%,0.42%,1,通富微电(存储) 0.42%
001721,工银新增益混合,混合型-偏债,0.00%,0.00%,0.00%,0.41%,0.41%,1,海光信息(电芯片/核心半导体) 0.41%
006298,广发稳健养老目标一年持有混合(FOF)A,FOF-稳健型,0.00%,0.00%,0.00%,0.41%,0.41%,1,寒武纪(电芯片/核心半导体) 0.41%
009157,海富通富泽混合C,混合型-偏债,0.00%,0.00%,0.41%,0.00%,0.41%,1,新易盛(光芯片/光通信) 0.41%
009156,海富通富泽混合A,混合型-偏债,0.00%,0.00%,0.41%,0.00%,0.41%,1,新易盛(光芯片/光通信) 0.41%
017279,广发稳健养老目标一年持有混合(FOF)Y,FOF-稳健型,0.00%,0.00%,0.00%,0.41%,0.41%,1,寒武纪(电芯片/核心半导体) 0.41%
022018,景顺长城景颐合利债券A,债券型-混合二级,0.00%,0.00%,0.00%,0.41%,0.41%,1,晶晨股份(电芯片/核心半导体) 0.41%
022019,景顺长城景颐合利债券C,债券型-混合二级,0.00%,0.00%,0.00%,0.41%,0.41%,1,晶晨股份(电芯片/核心半导体) 0.41%
004738,摩根安隆回报混合A,混合型-偏债,0.00%,0.00%,0.00%,0.40%,0.40%,1,海光信息(电芯片/核心半导体) 0.40%
004739,摩根安隆回报混合C,混合型-偏债,0.00%,0.00%,0.00%,0.40%,0.40%,1,海光信息(电芯片/核心半导体) 0.40%
005771,银华可转债债券A,债券型-混合二级,0.00%,0.00%,0.00%,0.40%,0.40%,1,海光信息(电芯片/核心半导体) 0.40%
008162,浦银经济带崛起混合C,混合型-灵活,0.00%,0.00%,0.40%,0.00%,0.40%,1,仕佳光子(光芯片/光通信) 0.40%
012480,汇安信泰稳健一年持有期混合C,混合型-偏债,0.00%,0.00%,0.00%,0.40%,0.40%,1,北方华创(电芯片/核心半导体) 0.40%
012479,汇安信泰稳健一年持有期混合A,混合型-偏债,0.00%,0.00%,0.00%,0.40%,0.40%,1,北方华创(电芯片/核心半导体) 0.40%
012746,富国双利增强债券A,债券型-混合二级,0.00%,0.00%,0.00%,0.40%,0.40%,2,中芯国际(电芯片/核心半导体) 0.20%; 中芯国际(电芯片/核心半导体) 0.20%
012747,富国双利增强债券C,债券型-混合二级,0.00%,0.00%,0.00%,0.40%,0.40%,2,中芯国际(电芯片/核心半导体) 0.20%; 中芯国际(电芯片/核心半导体) 0.20%
013529,南方富誉稳健养老一年持有混合(FOF)A,FOF-稳健型,0.00%,0.00%,0.00%,0.40%,0.40%,1,寒武纪(电芯片/核心半导体) 0.40%
016474,交银稳固收益债券C,债券型-混合二级,0.00%,0.00%,0.00%,0.40%,0.40%,1,圣邦股份(电芯片/核心半导体) 0.40%
016889,鹏华稳健增利债券A,债券型-混合二级,0.00%,0.00%,0.40%,0.00%,0.40%,1,中际旭创(光芯片/光通信) 0.40%
016890,鹏华稳健增利债券C,债券型-混合二级,0.00%,0.00%,0.40%,0.00%,0.40%,1,中际旭创(光芯片/光通信) 0.40%
017374,南方富誉稳健养老一年持有混合(FOF)Y,FOF-稳健型,0.00%,0.00%,0.00%,0.40%,0.40%,1,寒武纪(电芯片/核心半导体) 0.40%
018587,汇添富双享增利债券C,债券型-混合二级,0.00%,0.00%,0.40%,0.00%,0.40%,1,中际旭创(光芯片/光通信) 0.40%
018586,汇添富双享增利债券A,债券型-混合二级,0.00%,0.00%,0.40%,0.00%,0.40%,1,中际旭创(光芯片/光通信) 0.40%
020746,泰信添安增利九个月持有期债券A,债券型-混合二级,0.00%,0.00%,0.40%,0.00%,0.40%,1,中际旭创(光芯片/光通信) 0.40%
020747,泰信添安增利九个月持有期债券C,债券型-混合二级,0.00%,0.00%,0.40%,0.00%,0.40%,1,中际旭创(光芯片/光通信) 0.40%
022221,鹏华稳健增利债券E,债券型-混合二级,0.00%,0.00%,0.40%,0.00%,0.40%,1,中际旭创(光芯片/光通信) 0.40%
022372,汇安信泰稳健一年持有期混合E,混合型-偏债,0.00%,0.00%,0.00%,0.40%,0.40%,1,北方华创(电芯片/核心半导体) 0.40%
023086,浦银经济带崛起混合E,混合型-灵活,0.00%,0.00%,0.40%,0.00%,0.40%,1,仕佳光子(光芯片/光通信) 0.40%
023702,银华可转债债券D,债券型-混合二级,0.00%,0.00%,0.00%,0.40%,0.40%,1,海光信息(电芯片/核心半导体) 0.40%
024412,华夏上证科创板人工智能ETF联接C,指数型-股票,0.00%,0.09%,0.00%,0.31%,0.40%,6,芯原股份(电芯片/核心半导体) 0.09%; 寒武纪(电芯片/核心半导体) 0.09%; 澜起科技(存储) 0.09%; 晶晨股份(电芯片/核心半导体) 0.05%; 复旦微电(电芯片/核心半导体) 0.04%; 恒玄科技(电芯片/核心半导体) 0.04%
024411,华夏上证科创板人工智能ETF联接A,指数型-股票,0.00%,0.09%,0.00%,0.31%,0.40%,6,芯原股份(电芯片/核心半导体) 0.09%; 寒武纪(电芯片/核心半导体) 0.09%; 澜起科技(存储) 0.09%; 晶晨股份(电芯片/核心半导体) 0.05%; 复旦微电(电芯片/核心半导体) 0.04%; 恒玄科技(电芯片/核心半导体) 0.04%
024731,富国双利增强债券E,债券型-混合二级,0.00%,0.00%,0.00%,0.40%,0.40%,2,中芯国际(电芯片/核心半导体) 0.20%; 中芯国际(电芯片/核心半导体) 0.20%
025019,交银稳固收益债券D,债券型-混合二级,0.00%,0.00%,0.00%,0.40%,0.40%,1,圣邦股份(电芯片/核心半导体) 0.40%
519175,浦银经济带崛起混合A,混合型-灵活,0.00%,0.00%,0.40%,0.00%,0.40%,1,仕佳光子(光芯片/光通信) 0.40%
519726,交银稳固收益债券A,债券型-混合二级,0.00%,0.00%,0.00%,0.40%,0.40%,1,圣邦股份(电芯片/核心半导体) 0.40%
009378,招商瑞恒一年持有期混合C,混合型-偏债,0.00%,0.00%,0.00%,0.39%,0.39%,1,寒武纪(电芯片/核心半导体) 0.39%
009377,招商瑞恒一年持有期混合A,混合型-偏债,0.00%,0.00%,0.00%,0.39%,0.39%,1,寒武纪(电芯片/核心半导体) 0.39%
012521,英大稳固增强核心一年持有混合A,混合型-偏债,0.00%,0.00%,0.00%,0.39%,0.39%,1,思瑞浦(电芯片/核心半导体) 0.39%
012522,英大稳固增强核心一年持有混合C,混合型-偏债,0.00%,0.00%,0.00%,0.39%,0.39%,1,思瑞浦(电芯片/核心半导体) 0.39%
017980,南方养老目标2055五年持有混合发起(FOF)A,FOF-进取型,0.00%,0.22%,0.00%,0.17%,0.39%,2,兆易创新(存储) 0.22%; 中芯国际(电芯片/核心半导体) 0.17%
018635,嘉实稳健增利6个月持有混合A,混合型-偏债,0.00%,0.00%,0.00%,0.39%,0.39%,1,中微公司(电芯片/核心半导体) 0.39%
018636,嘉实稳健增利6个月持有混合C,混合型-偏债,0.00%,0.00%,0.00%,0.39%,0.39%,1,中微公司(电芯片/核心半导体) 0.39%
019270,财通中证1000指数增强A,指数型-股票,0.00%,0.00%,0.39%,0.00%,0.39%,1,新易盛(光芯片/光通信) 0.39%
019271,财通中证1000指数增强C,指数型-股票,0.00%,0.00%,0.39%,0.00%,0.39%,1,新易盛(光芯片/光通信) 0.39%
019814,民生加银国证2000指数增强A,指数型-股票,0.00%,0.00%,0.39%,0.00%,0.39%,1,新易盛(光芯片/光通信) 0.39%
019815,民生加银国证2000指数增强C,指数型-股票,0.00%,0.00%,0.39%,0.00%,0.39%,1,新易盛(光芯片/光通信) 0.39%
020756,南方养老目标2055五年持有混合发起(FOF)Y,FOF-进取型,0.00%,0.22%,0.00%,0.17%,0.39%,2,兆易创新(存储) 0.22%; 中芯国际(电芯片/核心半导体) 0.17%
009423,招商瑞信稳健配置混合A,混合型-偏债,0.00%,0.00%,0.38%,0.00%,0.38%,1,高伟电子(光芯片/光通信) 0.38%
009424,招商瑞信稳健配置混合C,混合型-偏债,0.00%,0.00%,0.38%,0.00%,0.38%,1,高伟电子(光芯片/光通信) 0.38%
018772,南方惠享稳健添利债券A,债券型-混合二级,0.00%,0.00%,0.00%,0.38%,0.38%,1,海光信息(电芯片/核心半导体) 0.38%
018773,南方惠享稳健添利债券C,债券型-混合二级,0.00%,0.00%,0.00%,0.38%,0.38%,1,海光信息(电芯片/核心半导体) 0.38%
021317,民生加银智选成长股票C,股票型,0.00%,0.00%,0.38%,0.00%,0.38%,1,光迅科技(光芯片/光通信) 0.38%
021316,民生加银智选成长股票A,股票型,0.00%,0.00%,0.38%,0.00%,0.38%,1,光迅科技(光芯片/光通信) 0.38%
023455,汇添富增强回报债券A,债券型-混合二级,0.00%,0.00%,0.38%,0.00%,0.38%,1,中际旭创(光芯片/光通信) 0.38%
023456,汇添富增强回报债券C,债券型-混合二级,0.00%,0.00%,0.38%,0.00%,0.38%,1,中际旭创(光芯片/光通信) 0.38%
023812,兴业恒泰债券C,债券型-混合二级,0.00%,0.00%,0.38%,0.00%,0.38%,1,新易盛(光芯片/光通信) 0.38%
023811,兴业恒泰债券A,债券型-混合二级,0.00%,0.00%,0.38%,0.00%,0.38%,1,新易盛(光芯片/光通信) 0.38%
024995,汇添富稳颐优选债券A,债券型-混合二级,0.00%,0.00%,0.38%,0.00%,0.38%,1,中际旭创(光芯片/光通信) 0.38%
024996,汇添富稳颐优选债券C,债券型-混合二级,0.00%,0.00%,0.38%,0.00%,0.38%,1,中际旭创(光芯片/光通信) 0.38%
001139,华安新动力灵活配置混合A,混合型-灵活,0.00%,0.00%,0.00%,0.37%,0.37%,1,北方华创(电芯片/核心半导体) 0.37%
016040,华安新动力灵活配置混合C,混合型-灵活,0.00%,0.00%,0.00%,0.37%,0.37%,1,北方华创(电芯片/核心半导体) 0.37%
018507,创金合信益久9个月持有期债券C,债券型-混合二级,0.00%,0.00%,0.00%,0.37%,0.37%,1,中芯国际(电芯片/核心半导体) 0.37%
018506,创金合信益久9个月持有期债券A,债券型-混合二级,0.00%,0.00%,0.00%,0.37%,0.37%,1,中芯国际(电芯片/核心半导体) 0.37%
018508,创金合信益久9个月持有期债券E,债券型-混合二级,0.00%,0.00%,0.00%,0.37%,0.37%,1,中芯国际(电芯片/核心半导体) 0.37%
019982,泓德智选启元混合A,混合型-偏股,0.00%,0.00%,0.37%,0.00%,0.37%,1,中际旭创(光芯片/光通信) 0.37%
019983,泓德智选启元混合C,混合型-偏股,0.00%,0.00%,0.37%,0.00%,0.37%,1,中际旭创(光芯片/光通信) 0.37%
014887,招商安福1年定开债发起式,债券型-混合二级,0.00%,0.00%,0.37%,0.00%,0.37%,3,新易盛(光芯片/光通信) 0.21%; 长飞光纤光缆(光芯片/光通信) 0.11%; 中际旭创(光芯片/光通信) 0.05%
009385,天弘永裕平衡养老三年持有期混合发起式(FOF)A,FOF-均衡型,0.00%,0.00%,0.36%,0.00%,0.36%,1,新易盛(光芯片/光通信) 0.36%
016869,景顺长城稳健增益债券A,债券型-混合二级,0.00%,0.00%,0.00%,0.36%,0.36%,1,中芯国际(电芯片/核心半导体) 0.36%
016870,景顺长城稳健增益债券C,债券型-混合二级,0.00%,0.00%,0.00%,0.36%,0.36%,1,中芯国际(电芯片/核心半导体) 0.36%
017355,天弘永裕平衡养老三年持有期混合发起式(FOF)Y,FOF-均衡型,0.00%,0.00%,0.36%,0.00%,0.36%,1,新易盛(光芯片/光通信) 0.36%
021796,广发稳信六个月持有期混合C,混合型-偏债,0.00%,0.00%,0.36%,0.00%,0.36%,1,高伟电子(光芯片/光通信) 0.36%
021795,广发稳信六个月持有期混合A,混合型-偏债,0.00%,0.00%,0.36%,0.00%,0.36%,1,高伟电子(光芯片/光通信) 0.36%
023392,景顺长城稳健增益债券F,债券型-混合二级,0.00%,0.00%,0.00%,0.36%,0.36%,1,中芯国际(电芯片/核心半导体) 0.36%
025902,天弘盈悦稳健配置6个月持有混合(FOF)A,FOF-稳健型,0.00%,0.00%,0.36%,0.00%,0.36%,1,新易盛(光芯片/光通信) 0.36%
025903,天弘盈悦稳健配置6个月持有混合(FOF)C,FOF-稳健型,0.00%,0.00%,0.36%,0.00%,0.36%,1,新易盛(光芯片/光通信) 0.36%
515590,500等权ETF前海开源,指数型-股票,0.00%,0.36%,0.00%,0.00%,0.36%,1,佰维存储(存储) 0.36%
675081,西部利得祥盈债券A,债券型-混合二级,0.00%,0.00%,0.00%,0.36%,0.36%,1,华海清科(电芯片/核心半导体) 0.36%
675083,西部利得祥盈债券C,债券型-混合二级,0.00%,0.00%,0.00%,0.36%,0.36%,1,华海清科(电芯片/核心半导体) 0.36%
021933,富国中证通信设备主题ETF发起式联接A,指数型-股票,0.00%,0.00%,0.35%,0.00%,0.35%,6,新易盛(光芯片/光通信) 0.12%; 中际旭创(光芯片/光通信) 0.10%; 天孚通信(光芯片/光通信) 0.07%; 光迅科技(光芯片/光通信) 0.02%; 长芯博创(光芯片/光通信) 0.02%; 光库科技(光芯片/光通信) 0.02%
021934,富国中证通信设备主题ETF发起式联接C,指数型-股票,0.00%,0.00%,0.35%,0.00%,0.35%,6,新易盛(光芯片/光通信) 0.12%; 中际旭创(光芯片/光通信) 0.10%; 天孚通信(光芯片/光通信) 0.07%; 光迅科技(光芯片/光通信) 0.02%; 长芯博创(光芯片/光通信) 0.02%; 光库科技(光芯片/光通信) 0.02%
004495,博时量化平衡混合A,混合型-偏债,0.00%,0.00%,0.35%,0.00%,0.35%,1,中际旭创(光芯片/光通信) 0.35%
011250,嘉实稳裕混合C,混合型-偏债,0.00%,0.00%,0.00%,0.35%,0.35%,1,中微公司(电芯片/核心半导体) 0.35%
011249,嘉实稳裕混合A,混合型-偏债,0.00%,0.00%,0.00%,0.35%,0.35%,1,中微公司(电芯片/核心半导体) 0.35%
012114,融通稳健增长一年持有期混合C,混合型-偏债,0.00%,0.00%,0.00%,0.35%,0.35%,1,海光信息(电芯片/核心半导体) 0.35%
012113,融通稳健增长一年持有期混合A,混合型-偏债,0.00%,0.00%,0.00%,0.35%,0.35%,1,海光信息(电芯片/核心半导体) 0.35%
014400,中银民利一年持有期债券C,债券型-混合二级,0.00%,0.00%,0.35%,0.00%,0.35%,1,新易盛(光芯片/光通信) 0.35%
014399,中银民利一年持有期债券A,债券型-混合二级,0.00%,0.00%,0.35%,0.00%,0.35%,1,新易盛(光芯片/光通信) 0.35%
019195,博时量化平衡混合C,混合型-偏债,0.00%,0.00%,0.35%,0.00%,0.35%,1,中际旭创(光芯片/光通信) 0.35%
020766,嘉实中证A100ETF发起联接A,指数型-股票,0.00%,0.00%,0.35%,0.00%,0.35%,1,中际旭创(光芯片/光通信) 0.35%
020767,嘉实中证A100ETF发起联接C,指数型-股票,0.00%,0.00%,0.35%,0.00%,0.35%,1,中际旭创(光芯片/光通信) 0.35%
001800,华安新乐享灵活配置混合A,混合型-灵活,0.00%,0.00%,0.00%,0.34%,0.34%,1,豪威集团(电芯片/核心半导体) 0.34%
004100,鹏华安益增强混合D,混合型-偏债,0.00%,0.00%,0.22%,0.12%,0.34%,2,中际旭创(光芯片/光通信) 0.22%; 寒武纪(电芯片/核心半导体) 0.12%
010620,华安添利6个月债券C,债券型-混合二级,0.00%,0.00%,0.00%,0.34%,0.34%,1,北方华创(电芯片/核心半导体) 0.34%
010619,华安添利6个月债券A,债券型-混合二级,0.00%,0.00%,0.00%,0.34%,0.34%,1,北方华创(电芯片/核心半导体) 0.34%
012660,华安新乐享灵活配置混合C,混合型-灵活,0.00%,0.00%,0.00%,0.34%,0.34%,1,豪威集团(电芯片/核心半导体) 0.34%
022369,鹏华安益增强混合A,混合型-偏债,0.00%,0.00%,0.22%,0.12%,0.34%,2,中际旭创(光芯片/光通信) 0.22%; 寒武纪(电芯片/核心半导体) 0.12%
022370,鹏华安益增强混合C,混合型-偏债,0.00%,0.00%,0.22%,0.12%,0.34%,2,中际旭创(光芯片/光通信) 0.22%; 寒武纪(电芯片/核心半导体) 0.12%
000378,摩根双债增利债券C,债券型-混合二级,0.00%,0.00%,0.33%,0.00%,0.33%,1,中际旭创(光芯片/光通信) 0.33%
000377,摩根双债增利债券A,债券型-混合二级,0.00%,0.00%,0.33%,0.00%,0.33%,1,中际旭创(光芯片/光通信) 0.33%
009460,安信禧悦稳健养老一年持有混合(FOF)A,FOF-稳健型,0.00%,0.00%,0.33%,0.00%,0.33%,1,中际旭创(光芯片/光通信) 0.33%
010980,华夏鼎润债券C,债券型-混合二级,0.00%,0.00%,0.33%,0.00%,0.33%,1,中际旭创(光芯片/光通信) 0.33%
010979,华夏鼎润债券A,债券型-混合二级,0.00%,0.00%,0.33%,0.00%,0.33%,1,中际旭创(光芯片/光通信) 0.33%
014865,南方富祥稳健养老目标一年持有混合(FOF)A,FOF-稳健型,0.00%,0.00%,0.33%,0.00%,0.33%,1,剑桥科技(光芯片/光通信) 0.33%
017364,南方富祥稳健养老目标一年持有混合(FOF)Y,FOF-稳健型,0.00%,0.00%,0.33%,0.00%,0.33%,1,剑桥科技(光芯片/光通信) 0.33%
017469,嘉实上证科创板芯片ETF发起联接A,指数型-股票,0.00%,0.07%,0.02%,0.24%,0.33%,8,中芯国际(电芯片/核心半导体) 0.06%; 海光信息(电芯片/核心半导体) 0.06%; 寒武纪(电芯片/核心半导体) 0.06%; 澜起科技(存储) 0.05%; 中微公司(电芯片/核心半导体) 0.04%; 芯原股份(电芯片/核心半导体) 0.02%; 佰维存储(存储) 0.02%; 源杰科技(光芯片/光通信) 0.02%
017470,嘉实上证科创板芯片ETF发起联接C,指数型-股票,0.00%,0.07%,0.02%,0.24%,0.33%,8,中芯国际(电芯片/核心半导体) 0.06%; 海光信息(电芯片/核心半导体) 0.06%; 寒武纪(电芯片/核心半导体) 0.06%; 澜起科技(存储) 0.05%; 中微公司(电芯片/核心半导体) 0.04%; 芯原股份(电芯片/核心半导体) 0.02%; 佰维存储(存储) 0.02%; 源杰科技(光芯片/光通信) 0.02%
018361,安信禧悦稳健养老一年持有混合(FOF)Y,FOF-稳健型,0.00%,0.00%,0.33%,0.00%,0.33%,1,中际旭创(光芯片/光通信) 0.33%
020836,招商进取策略优选3个月持有期混合发起式(FOF)C,FOF-进取型,0.00%,0.00%,0.00%,0.33%,0.33%,1,中芯国际(电芯片/核心半导体) 0.33%
020835,招商进取策略优选3个月持有期混合发起式(FOF)A,FOF-进取型,0.00%,0.00%,0.00%,0.33%,0.33%,1,中芯国际(电芯片/核心半导体) 0.33%
021870,嘉实上证科创板芯片ETF发起联接I,指数型-股票,0.00%,0.07%,0.02%,0.24%,0.33%,8,中芯国际(电芯片/核心半导体) 0.06%; 海光信息(电芯片/核心半导体) 0.06%; 寒武纪(电芯片/核心半导体) 0.06%; 澜起科技(存储) 0.05%; 中微公司(电芯片/核心半导体) 0.04%; 芯原股份(电芯片/核心半导体) 0.02%; 佰维存储(存储) 0.02%; 源杰科技(光芯片/光通信) 0.02%
023813,摩根双债增利债券D,债券型-混合二级,0.00%,0.00%,0.33%,0.00%,0.33%,1,中际旭创(光芯片/光通信) 0.33%
024128,宏利嘉利债券A,债券型-混合二级,0.00%,0.00%,0.00%,0.33%,0.33%,1,北方华创(电芯片/核心半导体) 0.33%
024129,宏利嘉利债券C,债券型-混合二级,0.00%,0.00%,0.00%,0.33%,0.33%,1,北方华创(电芯片/核心半导体) 0.33%
024417,华夏上证科创板半导体材料设备主题ETF发起式联接A,指数型-股票,0.00%,0.00%,0.00%,0.33%,0.33%,2,华海清科(电芯片/核心半导体) 0.17%; 中微公司(电芯片/核心半导体) 0.16%
024418,华夏上证科创板半导体材料设备主题ETF发起式联接C,指数型-股票,0.00%,0.00%,0.00%,0.33%,0.33%,2,华海清科(电芯片/核心半导体) 0.17%; 中微公司(电芯片/核心半导体) 0.16%
024506,长城睿达多元稳健3个月持有混合发起(FOF)A,FOF-稳健型,0.00%,0.00%,0.33%,0.00%,0.33%,3,新易盛(光芯片/光通信) 0.13%; 中际旭创(光芯片/光通信) 0.11%; 天孚通信(光芯片/光通信) 0.09%
024507,长城睿达多元稳健3个月持有混合发起(FOF)C,FOF-稳健型,0.00%,0.00%,0.33%,0.00%,0.33%,3,新易盛(光芯片/光通信) 0.13%; 中际旭创(光芯片/光通信) 0.11%; 天孚通信(光芯片/光通信) 0.09%
165526,中信保诚新旺混合(LOF)A,混合型-灵活,0.00%,0.00%,0.33%,0.00%,0.33%,1,中际旭创(光芯片/光通信) 0.33%
165527,中信保诚新旺混合(LOF)C,混合型-灵活,0.00%,0.00%,0.33%,0.00%,0.33%,1,中际旭创(光芯片/光通信) 0.33%
485011,工银瑞信双利债券B,债券型-混合二级,0.00%,0.00%,0.33%,0.00%,0.33%,1,天孚通信(光芯片/光通信) 0.33%
485111,工银瑞信双利债券A,债券型-混合二级,0.00%,0.00%,0.33%,0.00%,0.33%,1,天孚通信(光芯片/光通信) 0.33%
020175,国泰海通稳债增利债券发起A,债券型-混合二级,0.00%,0.06%,0.27%,0.00%,0.33%,4,中际旭创(光芯片/光通信) 0.12%; 新易盛(光芯片/光通信) 0.09%; 天孚通信(光芯片/光通信) 0.06%; 澜起科技(存储) 0.06%
020176,国泰海通稳债增利债券发起C,债券型-混合二级,0.00%,0.06%,0.27%,0.00%,0.33%,4,中际旭创(光芯片/光通信) 0.12%; 新易盛(光芯片/光通信) 0.09%; 天孚通信(光芯片/光通信) 0.06%; 澜起科技(存储) 0.06%
006862,招商和悦稳健养老一年持有期混合(FOF)C,FOF-稳健型,0.00%,0.00%,0.00%,0.32%,0.32%,1,中微公司(电芯片/核心半导体) 0.32%
006861,招商和悦稳健养老一年持有期混合(FOF)A,FOF-稳健型,0.00%,0.00%,0.00%,0.32%,0.32%,1,中微公司(电芯片/核心半导体) 0.32%
015318,南方浩誉稳健18个月持有混合(FOF)A,FOF-稳健型,0.00%,0.00%,0.32%,0.00%,0.32%,1,新易盛(光芯片/光通信) 0.32%
015319,南方浩誉稳健18个月持有混合(FOF)C,FOF-稳健型,0.00%,0.00%,0.32%,0.00%,0.32%,1,新易盛(光芯片/光通信) 0.32%
017270,招商和悦稳健养老一年持有期混合(FOF)Y,FOF-稳健型,0.00%,0.00%,0.00%,0.32%,0.32%,1,中微公司(电芯片/核心半导体) 0.32%
019176,汇添富添添乐双鑫债券A,债券型-混合二级,0.00%,0.00%,0.32%,0.00%,0.32%,1,中际旭创(光芯片/光通信) 0.32%
019177,汇添富添添乐双鑫债券C,债券型-混合二级,0.00%,0.00%,0.32%,0.00%,0.32%,1,中际旭创(光芯片/光通信) 0.32%
022550,平安瑞利6个月持有混合A,混合型-偏债,0.00%,0.00%,0.32%,0.00%,0.32%,2,光库科技(光芯片/光通信) 0.16%; 新易盛(光芯片/光通信) 0.16%
022551,平安瑞利6个月持有混合C,混合型-偏债,0.00%,0.00%,0.32%,0.00%,0.32%,2,光库科技(光芯片/光通信) 0.16%; 新易盛(光芯片/光通信) 0.16%
011612,华夏科创50ETF联接A,指数型-股票,0.00%,0.08%,0.00%,0.24%,0.32%,7,海光信息(电芯片/核心半导体) 0.06%; 中芯国际(电芯片/核心半导体) 0.06%; 寒武纪(电芯片/核心半导体) 0.05%; 澜起科技(存储) 0.05%; 中微公司(电芯片/核心半导体) 0.04%; 芯原股份(电芯片/核心半导体) 0.03%; 佰维存储(存储) 0.03%
011613,华夏科创50ETF联接C,指数型-股票,0.00%,0.08%,0.00%,0.24%,0.32%,7,海光信息(电芯片/核心半导体) 0.06%; 中芯国际(电芯片/核心半导体) 0.06%; 寒武纪(电芯片/核心半导体) 0.05%; 澜起科技(存储) 0.05%; 中微公司(电芯片/核心半导体) 0.04%; 芯原股份(电芯片/核心半导体) 0.03%; 佰维存储(存储) 0.03%
022945,华夏科创50ETF联接Y,指数型-股票,0.00%,0.08%,0.00%,0.24%,0.32%,7,海光信息(电芯片/核心半导体) 0.06%; 中芯国际(电芯片/核心半导体) 0.06%; 寒武纪(电芯片/核心半导体) 0.05%; 澜起科技(存储) 0.05%; 中微公司(电芯片/核心半导体) 0.04%; 芯原股份(电芯片/核心半导体) 0.03%; 佰维存储(存储) 0.03%
001592,天弘创业板ETF联接A,指数型-股票,0.00%,0.00%,0.31%,0.00%,0.31%,3,中际旭创(光芯片/光通信) 0.15%; 新易盛(光芯片/光通信) 0.12%; 天孚通信(光芯片/光通信) 0.04%
001593,天弘创业板ETF联接C,指数型-股票,0.00%,0.00%,0.31%,0.00%,0.31%,3,中际旭创(光芯片/光通信) 0.15%; 新易盛(光芯片/光通信) 0.12%; 天孚通信(光芯片/光通信) 0.04%
008044,博远增强回报债券A,债券型-混合二级,0.00%,0.11%,0.20%,0.00%,0.31%,2,新易盛(光芯片/光通信) 0.20%; 兆易创新(存储) 0.11%
008045,博远增强回报债券C,债券型-混合二级,0.00%,0.11%,0.20%,0.00%,0.31%,2,新易盛(光芯片/光通信) 0.20%; 兆易创新(存储) 0.11%
022960,天弘创业板ETF联接Y,指数型-股票,0.00%,0.00%,0.31%,0.00%,0.31%,3,中际旭创(光芯片/光通信) 0.15%; 新易盛(光芯片/光通信) 0.12%; 天孚通信(光芯片/光通信) 0.04%
005078,富国宝利增强债券A,债券型-混合二级,0.00%,0.00%,0.31%,0.00%,0.31%,1,中际旭创(光芯片/光通信) 0.31%
008159,招商盛鑫优选3个月持有(FOF)C,FOF-均衡型,0.00%,0.00%,0.00%,0.31%,0.31%,1,中芯国际(电芯片/核心半导体) 0.31%
008158,招商盛鑫优选3个月持有(FOF)A,FOF-均衡型,0.00%,0.00%,0.00%,0.31%,0.31%,1,中芯国际(电芯片/核心半导体) 0.31%
017149,天弘稳健回报债券发起A,债券型-混合二级,0.00%,0.00%,0.00%,0.31%,0.31%,1,华虹半导体(电芯片/核心半导体) 0.31%
017150,天弘稳健回报债券发起C,债券型-混合二级,0.00%,0.00%,0.00%,0.31%,0.31%,1,华虹半导体(电芯片/核心半导体) 0.31%
017618,华泰柏瑞招享6个月持有期混合C,混合型-偏债,0.00%,0.00%,0.00%,0.31%,0.31%,2,中芯国际(电芯片/核心半导体) 0.30%; 中芯国际(电芯片/核心半导体) 0.01%
017617,华泰柏瑞招享6个月持有期混合A,混合型-偏债,0.00%,0.00%,0.00%,0.31%,0.31%,2,中芯国际(电芯片/核心半导体) 0.30%; 中芯国际(电芯片/核心半导体) 0.01%
021596,天弘稳健回报债券发起E,债券型-混合二级,0.00%,0.00%,0.00%,0.31%,0.31%,1,华虹半导体(电芯片/核心半导体) 0.31%
022175,富国宝利增强债券E,债券型-混合二级,0.00%,0.00%,0.31%,0.00%,0.31%,1,中际旭创(光芯片/光通信) 0.31%
024615,天弘稳健回报债券发起D,债券型-混合二级,0.00%,0.00%,0.00%,0.31%,0.31%,1,华虹半导体(电芯片/核心半导体) 0.31%
003680,华润元大双鑫债券A,债券型-混合二级,0.00%,0.00%,0.00%,0.30%,0.30%,1,中微公司(电芯片/核心半导体) 0.30%
003723,华润元大双鑫债券C,债券型-混合二级,0.00%,0.00%,0.00%,0.30%,0.30%,1,中微公司(电芯片/核心半导体) 0.30%
010869,汇添富稳健欣享一年持有混合,混合型-偏债,0.00%,0.00%,0.30%,0.00%,0.30%,1,中际旭创(光芯片/光通信) 0.30%
011521,鹏扬景源一年持有混合A,混合型-偏债,0.00%,0.00%,0.30%,0.00%,0.30%,1,长飞光纤光缆(光芯片/光通信) 0.30%
011522,鹏扬景源一年持有混合C,混合型-偏债,0.00%,0.00%,0.30%,0.00%,0.30%,1,长飞光纤光缆(光芯片/光通信) 0.30%
011761,平安鑫瑞混合A,混合型-偏债,0.00%,0.00%,0.30%,0.00%,0.30%,2,新易盛(光芯片/光通信) 0.15%; 光库科技(光芯片/光通信) 0.15%
011762,平安鑫瑞混合C,混合型-偏债,0.00%,0.00%,0.30%,0.00%,0.30%,2,新易盛(光芯片/光通信) 0.15%; 光库科技(光芯片/光通信) 0.15%
022017,华泰柏瑞集利债券C,债券型-混合二级,0.00%,0.00%,0.00%,0.30%,0.30%,2,中芯国际(电芯片/核心半导体) 0.30%; 中芯国际(电芯片/核心半导体) 0.00%
022016,华泰柏瑞集利债券A,债券型-混合二级,0.00%,0.00%,0.00%,0.30%,0.30%,2,中芯国际(电芯片/核心半导体) 0.30%; 中芯国际(电芯片/核心半导体) 0.00%
022076,平安鑫瑞混合E,混合型-偏债,0.00%,0.00%,0.30%,0.00%,0.30%,2,新易盛(光芯片/光通信) 0.15%; 光库科技(光芯片/光通信) 0.15%
022219,华润元大双鑫债券D,债券型-混合二级,0.00%,0.00%,0.00%,0.30%,0.30%,1,中微公司(电芯片/核心半导体) 0.30%
023606,平安鑫瑞混合F,混合型-偏债,0.00%,0.00%,0.30%,0.00%,0.30%,2,新易盛(光芯片/光通信) 0.15%; 光库科技(光芯片/光通信) 0.15%
024650,前海开源中证A500指数增强A,指数型-股票,0.00%,0.00%,0.30%,0.00%,0.30%,1,中际旭创(光芯片/光通信) 0.30%
024651,前海开源中证A500指数增强C,指数型-股票,0.00%,0.00%,0.30%,0.00%,0.30%,1,中际旭创(光芯片/光通信) 0.30%
024758,广发智荟多元配置六个月持有混合(FOF)C,FOF-稳健型,0.00%,0.00%,0.15%,0.15%,0.30%,2,寒武纪(电芯片/核心半导体) 0.15%; 中际旭创(光芯片/光通信) 0.15%
024757,广发智荟多元配置六个月持有混合(FOF)A,FOF-稳健型,0.00%,0.00%,0.15%,0.15%,0.30%,2,寒武纪(电芯片/核心半导体) 0.15%; 中际旭创(光芯片/光通信) 0.15%
024956,平安添享6个月持有债券A,债券型-混合二级,0.00%,0.00%,0.30%,0.00%,0.30%,2,光库科技(光芯片/光通信) 0.15%; 新易盛(光芯片/光通信) 0.15%
024957,平安添享6个月持有债券C,债券型-混合二级,0.00%,0.00%,0.30%,0.00%,0.30%,2,光库科技(光芯片/光通信) 0.15%; 新易盛(光芯片/光通信) 0.15%
026039,长信稳健添益债券A,债券型-混合二级,0.00%,0.00%,0.00%,0.30%,0.30%,1,思瑞浦(电芯片/核心半导体) 0.30%
026040,长信稳健添益债券C,债券型-混合二级,0.00%,0.00%,0.00%,0.30%,0.30%,1,思瑞浦(电芯片/核心半导体) 0.30%
007666,华夏鼎泓债券A,债券型-混合二级,0.00%,0.00%,0.29%,0.00%,0.29%,2,中际旭创(光芯片/光通信) 0.15%; 新易盛(光芯片/光通信) 0.14%
007667,华夏鼎泓债券C,债券型-混合二级,0.00%,0.00%,0.29%,0.00%,0.29%,2,中际旭创(光芯片/光通信) 0.15%; 新易盛(光芯片/光通信) 0.14%
011624,华夏卓享债券A,债券型-混合二级,0.00%,0.00%,0.29%,0.00%,0.29%,2,中际旭创(光芯片/光通信) 0.15%; 新易盛(光芯片/光通信) 0.14%
011625,华夏卓享债券C,债券型-混合二级,0.00%,0.00%,0.29%,0.00%,0.29%,2,中际旭创(光芯片/光通信) 0.15%; 新易盛(光芯片/光通信) 0.14%
024205,华夏卓享债券D,债券型-混合二级,0.00%,0.00%,0.29%,0.00%,0.29%,2,中际旭创(光芯片/光通信) 0.15%; 新易盛(光芯片/光通信) 0.14%
009766,安信平稳双利3个月持有混合A,混合型-偏债,0.00%,0.00%,0.29%,0.00%,0.29%,1,新易盛(光芯片/光通信) 0.29%
009767,安信平稳双利3个月持有混合C,混合型-偏债,0.00%,0.00%,0.29%,0.00%,0.29%,1,新易盛(光芯片/光通信) 0.29%
012025,兴业聚兴混合A,混合型-偏债,0.00%,0.00%,0.00%,0.29%,0.29%,1,北方华创(电芯片/核心半导体) 0.29%
012026,兴业聚兴混合C,混合型-偏债,0.00%,0.00%,0.00%,0.29%,0.29%,1,北方华创(电芯片/核心半导体) 0.29%
006290,南方养老2035三年持有混合(FOF)A,FOF-均衡型,0.00%,0.28%,0.00%,0.00%,0.28%,1,兆易创新(存储) 0.28%
006291,南方养老2035三年持有混合(FOF)C,FOF-均衡型,0.00%,0.28%,0.00%,0.00%,0.28%,1,兆易创新(存储) 0.28%
009250,易方达磐泰一年持有期混合C,混合型-偏债,0.00%,0.00%,0.28%,0.00%,0.28%,1,新易盛(光芯片/光通信) 0.28%
009249,易方达磐泰一年持有期混合A,混合型-偏债,0.00%,0.00%,0.28%,0.00%,0.28%,1,新易盛(光芯片/光通信) 0.28%
013944,招商智星稳健配置混合(FOF-LOF)C,FOF-稳健型,0.00%,0.00%,0.28%,0.00%,0.28%,1,中际旭创(光芯片/光通信) 0.28%
017018,农银瑞泽添利债券C,债券型-混合二级,0.00%,0.00%,0.00%,0.28%,0.28%,1,寒武纪(电芯片/核心半导体) 0.28%
017017,农银瑞泽添利债券A,债券型-混合二级,0.00%,0.00%,0.00%,0.28%,0.28%,1,寒武纪(电芯片/核心半导体) 0.28%
017376,南方养老2035三年持有混合(FOF)Y,FOF-均衡型,0.00%,0.28%,0.00%,0.00%,0.28%,1,兆易创新(存储) 0.28%
017975,路博迈护航一年持有债券A,债券型-混合二级,0.00%,0.00%,0.28%,0.00%,0.28%,1,新易盛(光芯片/光通信) 0.28%
017976,路博迈护航一年持有债券C,债券型-混合二级,0.00%,0.00%,0.28%,0.00%,0.28%,1,新易盛(光芯片/光通信) 0.28%
022182,招商智星稳健配置混合(FOF-LOF)D,FOF-稳健型,0.00%,0.00%,0.28%,0.00%,0.28%,1,中际旭创(光芯片/光通信) 0.28%
161730,招商智星稳健配置混合(FOF-LOF)A,FOF-稳健型,0.00%,0.00%,0.28%,0.00%,0.28%,1,中际旭创(光芯片/光通信) 0.28%
002027,中加心享混合A,混合型-灵活,0.00%,0.27%,0.00%,0.00%,0.27%,2,佰维存储(存储) 0.16%; 通富微电(存储) 0.11%
002533,中加心享混合C,混合型-灵活,0.00%,0.27%,0.00%,0.00%,0.27%,2,佰维存储(存储) 0.16%; 通富微电(存储) 0.11%
003336,长江收益增强债券,债券型-混合二级,0.00%,0.00%,0.27%,0.00%,0.27%,1,中际旭创(光芯片/光通信) 0.27%
010870,汇添富稳健鑫添益六个月持有混合A,混合型-偏债,0.00%,0.00%,0.00%,0.27%,0.27%,1,北方华创(电芯片/核心半导体) 0.27%
012460,汇添富稳健睿享一年持有混合C,混合型-偏债,0.00%,0.00%,0.27%,0.00%,0.27%,1,源杰科技(光芯片/光通信) 0.27%
012459,汇添富稳健睿享一年持有混合A,混合型-偏债,0.00%,0.00%,0.27%,0.00%,0.27%,1,源杰科技(光芯片/光通信) 0.27%
013540,汇添富稳健睿享一年持有混合D,混合型-偏债,0.00%,0.00%,0.27%,0.00%,0.27%,1,源杰科技(光芯片/光通信) 0.27%
014759,中欧琪福混合A,混合型-偏债,0.00%,0.00%,0.27%,0.00%,0.27%,1,中际旭创(光芯片/光通信) 0.27%
014760,中欧琪福混合C,混合型-偏债,0.00%,0.00%,0.27%,0.00%,0.27%,1,中际旭创(光芯片/光通信) 0.27%
015236,国寿安保稳泽两年持有混合C,混合型-偏债,0.00%,0.00%,0.00%,0.27%,0.27%,1,北方华创(电芯片/核心半导体) 0.27%
015235,国寿安保稳泽两年持有混合A,混合型-偏债,0.00%,0.00%,0.00%,0.27%,0.27%,1,北方华创(电芯片/核心半导体) 0.27%
017267,招商乐颐和惠养老目标日期2035三年持有混合发起式FOF,FOF-均衡型,0.00%,0.00%,0.00%,0.27%,0.27%,1,中芯国际(电芯片/核心半导体) 0.27%
017957,汇添富稳健鑫添益六个月持有混合C,混合型-偏债,0.00%,0.00%,0.00%,0.27%,0.27%,1,北方华创(电芯片/核心半导体) 0.27%
019926,中欧琪福混合E,混合型-偏债,0.00%,0.00%,0.27%,0.00%,0.27%,1,中际旭创(光芯片/光通信) 0.27%
021210,富国中证A50ETF发起式联接A,指数型-股票,0.00%,0.00%,0.19%,0.08%,0.27%,2,中际旭创(光芯片/光通信) 0.19%; 北方华创(电芯片/核心半导体) 0.08%
021211,富国中证A50ETF发起式联接C,指数型-股票,0.00%,0.00%,0.19%,0.08%,0.27%,2,中际旭创(光芯片/光通信) 0.19%; 北方华创(电芯片/核心半导体) 0.08%
023645,华富富润债券C,债券型-混合二级,0.00%,0.00%,0.27%,0.00%,0.27%,1,源杰科技(光芯片/光通信) 0.27%
023644,华富富润债券A,债券型-混合二级,0.00%,0.00%,0.27%,0.00%,0.27%,1,源杰科技(光芯片/光通信) 0.27%
025951,鹏华易选稳健3个月持有期混合(FOF)C,FOF-稳健型,0.00%,0.00%,0.00%,0.27%,0.27%,1,寒武纪(电芯片/核心半导体) 0.27%
025950,鹏华易选稳健3个月持有期混合(FOF)A,FOF-稳健型,0.00%,0.00%,0.00%,0.27%,0.27%,1,寒武纪(电芯片/核心半导体) 0.27%
003456,信澳新目标灵活配置混合A,混合型-灵活,0.00%,0.11%,0.15%,0.00%,0.26%,3,普冉股份(存储) 0.11%; 长光华芯(光芯片/光通信) 0.10%; 联特科技(光芯片/光通信) 0.05%
004734,中欧瑾灵灵活配置混合A,混合型-灵活,0.00%,0.00%,0.26%,0.00%,0.26%,1,中际旭创(光芯片/光通信) 0.26%
004735,中欧瑾灵灵活配置混合C,混合型-灵活,0.00%,0.00%,0.26%,0.00%,0.26%,1,中际旭创(光芯片/光通信) 0.26%
011534,万家民瑞祥明6个月持有混合A,混合型-偏债,0.00%,0.00%,0.00%,0.26%,0.26%,1,中芯国际(电芯片/核心半导体) 0.26%
011535,万家民瑞祥明6个月持有混合C,混合型-偏债,0.00%,0.00%,0.00%,0.26%,0.26%,1,中芯国际(电芯片/核心半导体) 0.26%
014657,中欧融享增益一年持有期混合A,混合型-偏债,0.00%,0.00%,0.26%,0.00%,0.26%,1,中际旭创(光芯片/光通信) 0.26%
014658,中欧融享增益一年持有期混合C,混合型-偏债,0.00%,0.00%,0.26%,0.00%,0.26%,1,中际旭创(光芯片/光通信) 0.26%
018785,信澳鑫瑞6个月持有期债券C,债券型-混合二级,0.00%,0.00%,0.26%,0.00%,0.26%,1,中际旭创(光芯片/光通信) 0.26%
018784,信澳鑫瑞6个月持有期债券A,债券型-混合二级,0.00%,0.00%,0.26%,0.00%,0.26%,1,中际旭创(光芯片/光通信) 0.26%
001444,易方达瑞选灵活配置混合E,混合型-灵活,0.00%,0.00%,0.25%,0.00%,0.25%,1,新易盛(光芯片/光通信) 0.25%
001443,易方达瑞选灵活配置混合I,混合型-灵活,0.00%,0.00%,0.25%,0.00%,0.25%,1,新易盛(光芯片/光通信) 0.25%
003189,汇添富保鑫灵活配置混合A,混合型-灵活,0.00%,0.00%,0.25%,0.00%,0.25%,1,中际旭创(光芯片/光通信) 0.25%
010910,交银安悦平衡养老三年持有期混合发起(FOF)A,FOF-均衡型,0.00%,0.25%,0.00%,0.00%,0.25%,1,澜起科技(存储) 0.25%
012607,汇添富保鑫灵活配置混合C,混合型-灵活,0.00%,0.00%,0.25%,0.00%,0.25%,1,中际旭创(光芯片/光通信) 0.25%
023459,交银安悦平衡养老三年持有期混合发起(FOF)Y,FOF-均衡型,0.00%,0.25%,0.00%,0.00%,0.25%,1,澜起科技(存储) 0.25%
024785,华夏债券优化一年持有债券C,债券型-混合二级,0.00%,0.00%,0.25%,0.00%,0.25%,2,中际旭创(光芯片/光通信) 0.13%; 新易盛(光芯片/光通信) 0.12%
024784,华夏债券优化一年持有债券A,债券型-混合二级,0.00%,0.00%,0.25%,0.00%,0.25%,2,中际旭创(光芯片/光通信) 0.13%; 新易盛(光芯片/光通信) 0.12%
004345,南方深证成份ETF联接C,指数型-股票,0.00%,0.00%,0.24%,0.00%,0.24%,2,中际旭创(光芯片/光通信) 0.13%; 新易盛(光芯片/光通信) 0.11%
011317,天弘创业板300ETF发起式联接C,指数型-股票,0.00%,0.00%,0.24%,0.00%,0.24%,3,新易盛(光芯片/光通信) 0.11%; 中际旭创(光芯片/光通信) 0.10%; 天孚通信(光芯片/光通信) 0.03%
011316,天弘创业板300ETF发起式联接A,指数型-股票,0.00%,0.00%,0.24%,0.00%,0.24%,3,新易盛(光芯片/光通信) 0.11%; 中际旭创(光芯片/光通信) 0.10%; 天孚通信(光芯片/光通信) 0.03%
013314,富国中证科创创业50ETF联接C,指数型-股票,0.00%,0.04%,0.00%,0.20%,0.24%,6,寒武纪(电芯片/核心半导体) 0.07%; 海光信息(电芯片/核心半导体) 0.05%; 中芯国际(电芯片/核心半导体) 0.04%; 澜起科技(存储) 0.04%; 中微公司(电芯片/核心半导体) 0.03%; 芯原股份(电芯片/核心半导体) 0.01%
013313,富国中证科创创业50ETF联接A,指数型-股票,0.00%,0.04%,0.00%,0.20%,0.24%,6,寒武纪(电芯片/核心半导体) 0.07%; 海光信息(电芯片/核心半导体) 0.05%; 中芯国际(电芯片/核心半导体) 0.04%; 澜起科技(存储) 0.04%; 中微公司(电芯片/核心半导体) 0.03%; 芯原股份(电芯片/核心半导体) 0.01%
022052,富国中证科创创业50ETF联接E,指数型-股票,0.00%,0.04%,0.00%,0.20%,0.24%,6,寒武纪(电芯片/核心半导体) 0.07%; 海光信息(电芯片/核心半导体) 0.05%; 中芯国际(电芯片/核心半导体) 0.04%; 澜起科技(存储) 0.04%; 中微公司(电芯片/核心半导体) 0.03%; 芯原股份(电芯片/核心半导体) 0.01%
202017,南方深证成份ETF联接A,指数型-股票,0.00%,0.00%,0.24%,0.00%,0.24%,2,中际旭创(光芯片/光通信) 0.13%; 新易盛(光芯片/光通信) 0.11%
011110,南方晖元6个月持有期债券C,债券型-混合二级,0.00%,0.00%,0.00%,0.24%,0.24%,1,海光信息(电芯片/核心半导体) 0.24%
011109,南方晖元6个月持有期债券A,债券型-混合二级,0.00%,0.00%,0.00%,0.24%,0.24%,1,海光信息(电芯片/核心半导体) 0.24%
017497,南方养老目标2060五年持有混合发起(FOF)A,FOF-进取型,0.00%,0.00%,0.24%,0.00%,0.24%,1,剑桥科技(光芯片/光通信) 0.24%
020192,南方晖元6个月持有期债券E,债券型-混合二级,0.00%,0.00%,0.00%,0.24%,0.24%,1,海光信息(电芯片/核心半导体) 0.24%
020757,南方养老目标2060五年持有混合发起(FOF)Y,FOF-进取型,0.00%,0.00%,0.24%,0.00%,0.24%,1,剑桥科技(光芯片/光通信) 0.24%
025143,华富富泽六个月持有期债券C,债券型-混合二级,0.00%,0.00%,0.00%,0.24%,0.24%,1,思瑞浦(电芯片/核心半导体) 0.24%
025142,华富富泽六个月持有期债券A,债券型-混合二级,0.00%,0.00%,0.00%,0.24%,0.24%,1,思瑞浦(电芯片/核心半导体) 0.24%
025631,鹏华睿丰债券A,债券型-混合二级,0.00%,0.00%,0.24%,0.00%,0.24%,1,中际旭创(光芯片/光通信) 0.24%
025632,鹏华睿丰债券C,债券型-混合二级,0.00%,0.00%,0.24%,0.00%,0.24%,1,中际旭创(光芯片/光通信) 0.24%
006131,华泰柏瑞沪深300ETF联接C,指数型-股票,0.00%,0.00%,0.23%,0.00%,0.23%,2,中际旭创(光芯片/光通信) 0.13%; 新易盛(光芯片/光通信) 0.10%
014385,华富安业一年持有债券A,债券型-混合二级,0.00%,0.00%,0.23%,0.00%,0.23%,1,中际旭创(光芯片/光通信) 0.23%
014386,华富安业一年持有债券C,债券型-混合二级,0.00%,0.00%,0.23%,0.00%,0.23%,1,中际旭创(光芯片/光通信) 0.23%
015131,鹏扬稳健优选一年持有混合(FOF)A,FOF-稳健型,0.00%,0.23%,0.00%,0.00%,0.23%,1,北京君正(存储) 0.23%
015132,鹏扬稳健优选一年持有混合(FOF)C,FOF-稳健型,0.00%,0.23%,0.00%,0.00%,0.23%,1,北京君正(存储) 0.23%
022699,华泰柏瑞沪深300ETF联接I,指数型-股票,0.00%,0.00%,0.23%,0.00%,0.23%,2,中际旭创(光芯片/光通信) 0.13%; 新易盛(光芯片/光通信) 0.10%
022948,华泰柏瑞沪深300ETF联接Y,指数型-股票,0.00%,0.00%,0.23%,0.00%,0.23%,2,中际旭创(光芯片/光通信) 0.13%; 新易盛(光芯片/光通信) 0.10%
026116,广发悦盈稳健三个月持有混合发起式(FOF)C,FOF-稳健型,0.00%,0.00%,0.23%,0.00%,0.23%,1,新易盛(光芯片/光通信) 0.23%
026115,广发悦盈稳健三个月持有混合发起式(FOF)A,FOF-稳健型,0.00%,0.00%,0.23%,0.00%,0.23%,1,新易盛(光芯片/光通信) 0.23%
460300,华泰柏瑞沪深300ETF联接A,指数型-股票,0.00%,0.00%,0.23%,0.00%,0.23%,2,中际旭创(光芯片/光通信) 0.13%; 新易盛(光芯片/光通信) 0.10%
005902,诺安汇利混合C,混合型-灵活,0.00%,0.00%,0.22%,0.00%,0.22%,1,中际旭创(光芯片/光通信) 0.22%
005901,诺安汇利混合A,混合型-灵活,0.00%,0.00%,0.22%,0.00%,0.22%,1,中际旭创(光芯片/光通信) 0.22%
011415,鹏华宁华一年持有期混合C,混合型-偏债,0.00%,0.00%,0.22%,0.00%,0.22%,1,中际旭创(光芯片/光通信) 0.22%
011414,鹏华宁华一年持有期混合A,混合型-偏债,0.00%,0.00%,0.22%,0.00%,0.22%,1,中际旭创(光芯片/光通信) 0.22%
022851,诺安汇利混合E,混合型-灵活,0.00%,0.00%,0.22%,0.00%,0.22%,1,中际旭创(光芯片/光通信) 0.22%
023087,联博汇利债券A,债券型-混合二级,0.00%,0.00%,0.22%,0.00%,0.22%,1,中际旭创(光芯片/光通信) 0.22%
023088,联博汇利债券C,债券型-混合二级,0.00%,0.00%,0.22%,0.00%,0.22%,1,中际旭创(光芯片/光通信) 0.22%
024908,诺安汇利混合D,混合型-灵活,0.00%,0.00%,0.22%,0.00%,0.22%,1,中际旭创(光芯片/光通信) 0.22%
013657,同泰同欣混合A,混合型-偏债,0.00%,0.00%,0.21%,0.00%,0.21%,2,新易盛(光芯片/光通信) 0.11%; 中际旭创(光芯片/光通信) 0.10%
013658,同泰同欣混合C,混合型-偏债,0.00%,0.00%,0.21%,0.00%,0.21%,2,新易盛(光芯片/光通信) 0.11%; 中际旭创(光芯片/光通信) 0.10%
001905,华安安益灵活配置混合A,混合型-灵活,0.00%,0.00%,0.00%,0.21%,0.21%,1,北方华创(电芯片/核心半导体) 0.21%
002147,长安鑫益增强混合C,混合型-偏债,0.00%,0.00%,0.21%,0.00%,0.21%,1,中际旭创(光芯片/光通信) 0.21%
002146,长安鑫益增强混合A,混合型-偏债,0.00%,0.00%,0.21%,0.00%,0.21%,1,中际旭创(光芯片/光通信) 0.21%
002501,银华远景债券A,债券型-混合二级,0.00%,0.00%,0.00%,0.21%,0.21%,1,海光信息(电芯片/核心半导体) 0.21%
012659,华安安益灵活配置混合C,混合型-灵活,0.00%,0.00%,0.00%,0.21%,0.21%,1,北方华创(电芯片/核心半导体) 0.21%
016712,贝莱德欣悦丰利债券C,债券型-混合二级,0.00%,0.00%,0.21%,0.00%,0.21%,2,中际旭创(光芯片/光通信) 0.12%; 新易盛(光芯片/光通信) 0.09%
016711,贝莱德欣悦丰利债券A,债券型-混合二级,0.00%,0.00%,0.21%,0.00%,0.21%,2,中际旭创(光芯片/光通信) 0.12%; 新易盛(光芯片/光通信) 0.09%
022625,华安安益灵活配置混合E,混合型-灵活,0.00%,0.00%,0.00%,0.21%,0.21%,1,北方华创(电芯片/核心半导体) 0.21%
023615,银华远景债券D,债券型-混合二级,0.00%,0.00%,0.00%,0.21%,0.21%,1,海光信息(电芯片/核心半导体) 0.21%
024947,招商瑞锦回报债券A,债券型-混合二级,0.00%,0.00%,0.00%,0.21%,0.21%,1,华润微(电芯片/核心半导体) 0.21%
024948,招商瑞锦回报债券C,债券型-混合二级,0.00%,0.00%,0.00%,0.21%,0.21%,1,华润微(电芯片/核心半导体) 0.21%
025040,东方红汇明债券C,债券型-混合二级,0.00%,0.00%,0.21%,0.00%,0.21%,1,中际旭创(光芯片/光通信) 0.21%
025039,东方红汇明债券A,债券型-混合二级,0.00%,0.00%,0.21%,0.00%,0.21%,1,中际旭创(光芯片/光通信) 0.21%
012435,万家招瑞回报一年持有混合A,混合型-偏债,0.00%,0.00%,0.20%,0.00%,0.20%,2,长芯博创(光芯片/光通信) 0.10%; 源杰科技(光芯片/光通信) 0.10%
012436,万家招瑞回报一年持有混合C,混合型-偏债,0.00%,0.00%,0.20%,0.00%,0.20%,2,长芯博创(光芯片/光通信) 0.10%; 源杰科技(光芯片/光通信) 0.10%
019042,浦银安盛稳健富利180天持有债券C,债券型-混合二级,0.00%,0.00%,0.00%,0.20%,0.20%,1,华虹半导体(电芯片/核心半导体) 0.20%
019041,浦银安盛稳健富利180天持有债券A,债券型-混合二级,0.00%,0.00%,0.00%,0.20%,0.20%,1,华虹半导体(电芯片/核心半导体) 0.20%
022438,华泰柏瑞中证A500ETF联接A,指数型-股票,0.00%,0.00%,0.14%,0.06%,0.20%,3,中际旭创(光芯片/光通信) 0.08%; 北方华创(电芯片/核心半导体) 0.06%; 新易盛(光芯片/光通信) 0.06%
022439,华泰柏瑞中证A500ETF联接C,指数型-股票,0.00%,0.00%,0.14%,0.06%,0.20%,3,中际旭创(光芯片/光通信) 0.08%; 北方华创(电芯片/核心半导体) 0.06%; 新易盛(光芯片/光通信) 0.06%
022742,华泰柏瑞中证A500ETF联接I,指数型-股票,0.00%,0.00%,0.14%,0.06%,0.20%,3,中际旭创(光芯片/光通信) 0.08%; 北方华创(电芯片/核心半导体) 0.06%; 新易盛(光芯片/光通信) 0.06%
022947,华泰柏瑞中证A500ETF联接Y,指数型-股票,0.00%,0.00%,0.14%,0.06%,0.20%,3,中际旭创(光芯片/光通信) 0.08%; 北方华创(电芯片/核心半导体) 0.06%; 新易盛(光芯片/光通信) 0.06%
025730,鹏华睿享180天持有期债券A,债券型-混合二级,0.00%,0.00%,0.20%,0.00%,0.20%,1,中际旭创(光芯片/光通信) 0.20%
025731,鹏华睿享180天持有期债券C,债券型-混合二级,0.00%,0.00%,0.20%,0.00%,0.20%,1,中际旭创(光芯片/光通信) 0.20%
026133,鹏华睿和90天持有期债券A,债券型-混合二级,0.00%,0.00%,0.20%,0.00%,0.20%,1,中际旭创(光芯片/光通信) 0.20%
026134,鹏华睿和90天持有期债券C,债券型-混合二级,0.00%,0.00%,0.20%,0.00%,0.20%,1,中际旭创(光芯片/光通信) 0.20%
001755,嘉实新思路混合A,混合型-灵活,0.00%,0.00%,0.00%,0.19%,0.19%,1,寒武纪(电芯片/核心半导体) 0.19%
002900,南方中证500信息技术联接A,指数型-股票,0.00%,0.14%,0.00%,0.05%,0.19%,3,佰维存储(存储) 0.08%; 通富微电(存储) 0.06%; 华海清科(电芯片/核心半导体) 0.05%
004347,南方中证500信息技术联接C,指数型-股票,0.00%,0.14%,0.00%,0.05%,0.19%,3,佰维存储(存储) 0.08%; 通富微电(存储) 0.06%; 华海清科(电芯片/核心半导体) 0.05%
007032,平安可转债债券A,债券型-混合二级,0.00%,0.00%,0.00%,0.19%,0.19%,1,芯原股份(电芯片/核心半导体) 0.19%
007033,平安可转债债券C,债券型-混合二级,0.00%,0.00%,0.00%,0.19%,0.19%,1,芯原股份(电芯片/核心半导体) 0.19%
007816,嘉实新兴科技100ETF联接C,指数型-股票,0.00%,0.00%,0.12%,0.07%,0.19%,2,中际旭创(光芯片/光通信) 0.12%; 豪威集团(电芯片/核心半导体) 0.07%
007815,嘉实新兴科技100ETF联接A,指数型-股票,0.00%,0.00%,0.12%,0.07%,0.19%,2,中际旭创(光芯片/光通信) 0.12%; 豪威集团(电芯片/核心半导体) 0.07%
021820,嘉实新思路混合C,混合型-灵活,0.00%,0.00%,0.00%,0.19%,0.19%,1,寒武纪(电芯片/核心半导体) 0.19%
023466,华安中证A500增强策略ETF发起式联接A,指数型-股票,0.00%,0.00%,0.00%,0.19%,0.19%,1,思特威(电芯片/核心半导体) 0.19%
023467,华安中证A500增强策略ETF发起式联接C,指数型-股票,0.00%,0.00%,0.00%,0.19%,0.19%,1,思特威(电芯片/核心半导体) 0.19%
024942,银华钰盈债券C,债券型-混合二级,0.00%,0.00%,0.00%,0.19%,0.19%,1,海光信息(电芯片/核心半导体) 0.19%
024941,银华钰盈债券A,债券型-混合二级,0.00%,0.00%,0.00%,0.19%,0.19%,1,海光信息(电芯片/核心半导体) 0.19%
011133,鹏扬沪深300质量成长低波动C,指数型-股票,0.00%,0.00%,0.00%,0.18%,0.18%,2,海光信息(电芯片/核心半导体) 0.14%; 寒武纪(电芯片/核心半导体) 0.04%
011132,鹏扬沪深300质量成长低波动A,指数型-股票,0.00%,0.00%,0.00%,0.18%,0.18%,2,海光信息(电芯片/核心半导体) 0.14%; 寒武纪(电芯片/核心半导体) 0.04%
014672,富国裕利债券C,债券型-混合二级,0.00%,0.00%,0.18%,0.00%,0.18%,1,中际旭创(光芯片/光通信) 0.18%
014671,富国裕利债券A,债券型-混合二级,0.00%,0.00%,0.18%,0.00%,0.18%,1,中际旭创(光芯片/光通信) 0.18%
018187,富国裕利债券E,债券型-混合二级,0.00%,0.00%,0.18%,0.00%,0.18%,1,中际旭创(光芯片/光通信) 0.18%
019659,万家养老目标2045三年持有混合发起式(FOF),FOF-均衡型,0.00%,0.00%,0.00%,0.18%,0.18%,1,中芯国际(电芯片/核心半导体) 0.18%
021555,兴业恒悦180天持有期债券C,债券型-混合二级,0.00%,0.00%,0.00%,0.18%,0.18%,1,北方华创(电芯片/核心半导体) 0.18%
021554,兴业恒悦180天持有期债券A,债券型-混合二级,0.00%,0.00%,0.00%,0.18%,0.18%,1,北方华创(电芯片/核心半导体) 0.18%
022638,东方招益债券C,债券型-混合二级,0.00%,0.00%,0.00%,0.18%,0.18%,1,晶晨股份(电芯片/核心半导体) 0.18%
022637,东方招益债券A,债券型-混合二级,0.00%,0.00%,0.00%,0.18%,0.18%,1,晶晨股份(电芯片/核心半导体) 0.18%
023283,永赢多元增利债券C,债券型-混合二级,0.00%,0.18%,0.00%,0.00%,0.18%,1,兆易创新(存储) 0.18%
023282,永赢多元增利债券A,债券型-混合二级,0.00%,0.18%,0.00%,0.00%,0.18%,1,兆易创新(存储) 0.18%
006833,鹏扬添利增强债券C,债券型-混合二级,0.00%,0.00%,0.17%,0.00%,0.17%,1,中际旭创(光芯片/光通信) 0.17%
006832,鹏扬添利增强债券A,债券型-混合二级,0.00%,0.00%,0.17%,0.00%,0.17%,1,中际旭创(光芯片/光通信) 0.17%
008893,创金合信鑫利混合A,混合型-偏债,0.00%,0.00%,0.17%,0.00%,0.17%,1,中际旭创(光芯片/光通信) 0.17%
008894,创金合信鑫利混合C,混合型-偏债,0.00%,0.00%,0.17%,0.00%,0.17%,1,中际旭创(光芯片/光通信) 0.17%
018562,嘉实同舟债券A,债券型-混合二级,0.00%,0.00%,0.17%,0.00%,0.17%,1,中际旭创(光芯片/光通信) 0.17%
018563,嘉实同舟债券C,债券型-混合二级,0.00%,0.00%,0.17%,0.00%,0.17%,1,中际旭创(光芯片/光通信) 0.17%
025144,华富安颐九个月持有期债券A,债券型-混合二级,0.00%,0.00%,0.00%,0.17%,0.17%,1,寒武纪(电芯片/核心半导体) 0.17%
025145,华富安颐九个月持有期债券C,债券型-混合二级,0.00%,0.00%,0.00%,0.17%,0.17%,1,寒武纪(电芯片/核心半导体) 0.17%
010174,英大智享债券A,债券型-混合二级,0.00%,0.00%,0.00%,0.16%,0.16%,1,思瑞浦(电芯片/核心半导体) 0.16%
010175,英大智享债券C,债券型-混合二级,0.00%,0.00%,0.00%,0.16%,0.16%,1,思瑞浦(电芯片/核心半导体) 0.16%
010899,上银慧恒收益增强债券A,债券型-混合二级,0.00%,0.16%,0.00%,0.00%,0.16%,1,佰维存储(存储) 0.16%
014116,上银慧恒收益增强债券C,债券型-混合二级,0.00%,0.16%,0.00%,0.00%,0.16%,1,佰维存储(存储) 0.16%
020358,东方红慧鑫甄选6个月持有混合A,混合型-偏债,0.00%,0.00%,0.16%,0.00%,0.16%,1,新易盛(光芯片/光通信) 0.16%
020359,东方红慧鑫甄选6个月持有混合C,混合型-偏债,0.00%,0.00%,0.16%,0.00%,0.16%,1,新易盛(光芯片/光通信) 0.16%
159677,中证1000增强ETF银华,指数型-股票,0.00%,0.00%,0.00%,0.16%,0.16%,1,中微公司(电芯片/核心半导体) 0.16%
002656,南方创业板ETF联接A,指数型-股票,0.00%,0.00%,0.15%,0.00%,0.15%,3,中际旭创(光芯片/光通信) 0.07%; 新易盛(光芯片/光通信) 0.06%; 天孚通信(光芯片/光通信) 0.02%
004343,南方创业板ETF联接C,指数型-股票,0.00%,0.00%,0.15%,0.00%,0.15%,3,中际旭创(光芯片/光通信) 0.07%; 新易盛(光芯片/光通信) 0.06%; 天孚通信(光芯片/光通信) 0.02%
010183,南方创业板ETF联接E,指数型-股票,0.00%,0.00%,0.15%,0.00%,0.15%,3,中际旭创(光芯片/光通信) 0.07%; 新易盛(光芯片/光通信) 0.06%; 天孚通信(光芯片/光通信) 0.02%
011609,易方达上证科创50联接C,指数型-股票,0.00%,0.03%,0.00%,0.12%,0.15%,7,寒武纪(电芯片/核心半导体) 0.03%; 海光信息(电芯片/核心半导体) 0.03%; 中芯国际(电芯片/核心半导体) 0.03%; 澜起科技(存储) 0.02%; 中微公司(电芯片/核心半导体) 0.02%; 芯原股份(电芯片/核心半导体) 0.01%; 佰维存储(存储) 0.01%
011608,易方达上证科创50联接A,指数型-股票,0.00%,0.03%,0.00%,0.12%,0.15%,7,寒武纪(电芯片/核心半导体) 0.03%; 海光信息(电芯片/核心半导体) 0.03%; 中芯国际(电芯片/核心半导体) 0.03%; 澜起科技(存储) 0.02%; 中微公司(电芯片/核心半导体) 0.02%; 芯原股份(电芯片/核心半导体) 0.01%; 佰维存储(存储) 0.01%
019283,南方睿阳稳健添利6个月持有债券A,债券型-混合二级,0.00%,0.15%,0.00%,0.00%,0.15%,1,兆易创新(存储) 0.15%
019284,南方睿阳稳健添利6个月持有债券C,债券型-混合二级,0.00%,0.15%,0.00%,0.00%,0.15%,1,兆易创新(存储) 0.15%
021032,南方创业板ETF联接I,指数型-股票,0.00%,0.00%,0.15%,0.00%,0.15%,3,中际旭创(光芯片/光通信) 0.07%; 新易盛(光芯片/光通信) 0.06%; 天孚通信(光芯片/光通信) 0.02%
022424,广发中证A500ETF联接A,指数型-股票,0.00%,0.00%,0.15%,0.00%,0.15%,2,中际旭创(光芯片/光通信) 0.09%; 新易盛(光芯片/光通信) 0.06%
022425,广发中证A500ETF联接C,指数型-股票,0.00%,0.00%,0.15%,0.00%,0.15%,2,中际旭创(光芯片/光通信) 0.09%; 新易盛(光芯片/光通信) 0.06%
022895,易方达上证科创50联接Y,指数型-股票,0.00%,0.03%,0.00%,0.12%,0.15%,7,寒武纪(电芯片/核心半导体) 0.03%; 海光信息(电芯片/核心半导体) 0.03%; 中芯国际(电芯片/核心半导体) 0.03%; 澜起科技(存储) 0.02%; 中微公司(电芯片/核心半导体) 0.02%; 芯原股份(电芯片/核心半导体) 0.01%; 佰维存储(存储) 0.01%
022912,南方创业板ETF联接Y,指数型-股票,0.00%,0.00%,0.15%,0.00%,0.15%,3,中际旭创(光芯片/光通信) 0.07%; 新易盛(光芯片/光通信) 0.06%; 天孚通信(光芯片/光通信) 0.02%
022971,广发中证A500ETF联接Y,指数型-股票,0.00%,0.00%,0.15%,0.00%,0.15%,2,中际旭创(光芯片/光通信) 0.09%; 新易盛(光芯片/光通信) 0.06%
018592,中欧汇利债券A,债券型-混合二级,0.00%,0.00%,0.14%,0.00%,0.14%,1,新易盛(光芯片/光通信) 0.14%
018593,中欧汇利债券C,债券型-混合二级,0.00%,0.00%,0.14%,0.00%,0.14%,1,新易盛(光芯片/光通信) 0.14%
019513,中欧汇利债券E,债券型-混合二级,0.00%,0.00%,0.14%,0.00%,0.14%,1,新易盛(光芯片/光通信) 0.14%
022712,中信保诚惠泽C,债券型-混合二级,0.00%,0.00%,0.14%,0.00%,0.14%,1,长芯博创(光芯片/光通信) 0.14%
022713,中信保诚惠泽D,债券型-混合二级,0.00%,0.00%,0.14%,0.00%,0.14%,1,长芯博创(光芯片/光通信) 0.14%
165530,中信保诚惠泽A,债券型-混合二级,0.00%,0.00%,0.14%,0.00%,0.14%,1,长芯博创(光芯片/光通信) 0.14%
004744,易方达创业板ETF联接C,指数型-股票,0.00%,0.00%,0.13%,0.00%,0.13%,3,中际旭创(光芯片/光通信) 0.06%; 新易盛(光芯片/光通信) 0.05%; 天孚通信(光芯片/光通信) 0.02%
013786,兴全积极配置混合(FOF-LOF)C,FOF-进取型,0.00%,0.00%,0.00%,0.13%,0.13%,1,海光信息(电芯片/核心半导体) 0.13%
016669,招商和享均衡养老三年持有期混合(FOF)A,FOF-均衡型,0.00%,0.00%,0.00%,0.13%,0.13%,1,中芯国际(电芯片/核心半导体) 0.13%
019496,招商和享均衡养老三年持有期混合(FOF)Y,FOF-均衡型,0.00%,0.00%,0.00%,0.13%,0.13%,1,中芯国际(电芯片/核心半导体) 0.13%
022427,泰康中证A500ETF联接C,指数型-股票,0.00%,0.00%,0.13%,0.00%,0.13%,2,中际旭创(光芯片/光通信) 0.08%; 新易盛(光芯片/光通信) 0.05%
022426,泰康中证A500ETF联接A,指数型-股票,0.00%,0.00%,0.13%,0.00%,0.13%,2,中际旭创(光芯片/光通信) 0.08%; 新易盛(光芯片/光通信) 0.05%
022907,易方达创业板ETF联接Y,指数型-股票,0.00%,0.00%,0.13%,0.00%,0.13%,3,中际旭创(光芯片/光通信) 0.06%; 新易盛(光芯片/光通信) 0.05%; 天孚通信(光芯片/光通信) 0.02%
022942,泰康中证A500ETF联接Y,指数型-股票,0.00%,0.00%,0.13%,0.00%,0.13%,2,中际旭创(光芯片/光通信) 0.08%; 新易盛(光芯片/光通信) 0.05%
110026,易方达创业板ETF联接A,指数型-股票,0.00%,0.00%,0.13%,0.00%,0.13%,3,中际旭创(光芯片/光通信) 0.06%; 新易盛(光芯片/光通信) 0.05%; 天孚通信(光芯片/光通信) 0.02%
501215,兴全积极配置混合(FOF-LOF)A,FOF-进取型,0.00%,0.00%,0.00%,0.13%,0.13%,1,海光信息(电芯片/核心半导体) 0.13%
003591,华泰柏瑞享利混合A,混合型-灵活,0.00%,0.00%,0.00%,0.12%,0.12%,1,寒武纪(电芯片/核心半导体) 0.12%
003592,华泰柏瑞享利混合C,混合型-灵活,0.00%,0.00%,0.00%,0.12%,0.12%,1,寒武纪(电芯片/核心半导体) 0.12%
011192,广发恒荣三个月持有期混合A,混合型-偏债,0.00%,0.00%,0.12%,0.00%,0.12%,1,中际旭创(光芯片/光通信) 0.12%
011193,广发恒荣三个月持有期混合C,混合型-偏债,0.00%,0.00%,0.12%,0.00%,0.12%,1,中际旭创(光芯片/光通信) 0.12%
024511,广发恒荣三个月持有期混合E,混合型-偏债,0.00%,0.00%,0.12%,0.00%,0.12%,1,中际旭创(光芯片/光通信) 0.12%
519769,交银优选回报灵活配置混合C,混合型-灵活,0.00%,0.00%,0.12%,0.00%,0.12%,1,中际旭创(光芯片/光通信) 0.12%
519768,交银优选回报灵活配置混合A,混合型-灵活,0.00%,0.00%,0.12%,0.00%,0.12%,1,中际旭创(光芯片/光通信) 0.12%
003187,嘉实安益混合C,混合型-灵活,0.00%,0.11%,0.00%,0.00%,0.11%,1,兆易创新(存储) 0.11%
015785,中信建投中证1000指数增强C,指数型-股票,0.00%,0.00%,0.00%,0.11%,0.11%,1,寒武纪(电芯片/核心半导体) 0.11%
015784,中信建投中证1000指数增强A,指数型-股票,0.00%,0.00%,0.00%,0.11%,0.11%,1,寒武纪(电芯片/核心半导体) 0.11%
016322,嘉实安益混合A,混合型-灵活,0.00%,0.11%,0.00%,0.00%,0.11%,1,兆易创新(存储) 0.11%
019418,中欧磐固债券C,债券型-混合二级,0.00%,0.00%,0.11%,0.00%,0.11%,1,新易盛(光芯片/光通信) 0.11%
019417,中欧磐固债券A,债券型-混合二级,0.00%,0.00%,0.11%,0.00%,0.11%,1,新易盛(光芯片/光通信) 0.11%
020812,富国盛利增强债券发起式C,债券型-混合二级,0.00%,0.00%,0.11%,0.00%,0.11%,1,中际旭创(光芯片/光通信) 0.11%
020811,富国盛利增强债券发起式A,债券型-混合二级,0.00%,0.00%,0.11%,0.00%,0.11%,1,中际旭创(光芯片/光通信) 0.11%
022357,富国盛利增强债券发起式E,债券型-混合二级,0.00%,0.00%,0.11%,0.00%,0.11%,1,中际旭创(光芯片/光通信) 0.11%
023041,中欧多利债券C,债券型-混合二级,0.00%,0.00%,0.11%,0.00%,0.11%,1,新易盛(光芯片/光通信) 0.11%
023040,中欧多利债券A,债券型-混合二级,0.00%,0.00%,0.11%,0.00%,0.11%,1,新易盛(光芯片/光通信) 0.11%
023267,贝莱德富元添益债券C,债券型-混合二级,0.00%,0.00%,0.11%,0.00%,0.11%,1,中际旭创(光芯片/光通信) 0.11%
023266,贝莱德富元添益债券A,债券型-混合二级,0.00%,0.00%,0.11%,0.00%,0.11%,1,中际旭创(光芯片/光通信) 0.11%
025128,中欧多利债券E,债券型-混合二级,0.00%,0.00%,0.11%,0.00%,0.11%,1,新易盛(光芯片/光通信) 0.11%
006688,方正富邦深证100ETF联接C,指数型-股票,0.00%,0.00%,0.11%,0.00%,0.11%,2,中际旭创(光芯片/光通信) 0.06%; 新易盛(光芯片/光通信) 0.05%
006687,方正富邦深证100ETF联接A,指数型-股票,0.00%,0.00%,0.11%,0.00%,0.11%,2,中际旭创(光芯片/光通信) 0.06%; 新易盛(光芯片/光通信) 0.05%
000961,天弘沪深300ETF联接A,指数型-股票,0.00%,0.00%,0.10%,0.00%,0.10%,2,中际旭创(光芯片/光通信) 0.06%; 新易盛(光芯片/光通信) 0.04%
002738,泓德裕康债券A,债券型-混合二级,0.00%,0.00%,0.10%,0.00%,0.10%,1,中际旭创(光芯片/光通信) 0.10%
002739,泓德裕康债券C,债券型-混合二级,0.00%,0.00%,0.10%,0.00%,0.10%,1,中际旭创(光芯片/光通信) 0.10%
004488,嘉实富时中国A50ETF联接A,指数型-股票,0.00%,0.00%,0.07%,0.03%,0.10%,3,中际旭创(光芯片/光通信) 0.04%; 新易盛(光芯片/光通信) 0.03%; 海光信息(电芯片/核心半导体) 0.03%
005229,嘉实富时中国A50ETF联接C,指数型-股票,0.00%,0.00%,0.07%,0.03%,0.10%,3,中际旭创(光芯片/光通信) 0.04%; 新易盛(光芯片/光通信) 0.03%; 海光信息(电芯片/核心半导体) 0.03%
005918,天弘沪深300ETF联接C,指数型-股票,0.00%,0.00%,0.10%,0.00%,0.10%,2,中际旭创(光芯片/光通信) 0.06%; 新易盛(光芯片/光通信) 0.04%
007272,景顺稳健养老目标三年混合(FOF)A,FOF-均衡型,0.00%,0.00%,0.10%,0.00%,0.10%,1,长飞光纤光缆(光芯片/光通信) 0.10%
008979,万家民丰回报一年持有混合,混合型-偏债,0.00%,0.00%,0.10%,0.00%,0.10%,1,中际旭创(光芯片/光通信) 0.10%
011244,万家惠裕回报6个月持有期混合C,混合型-偏债,0.00%,0.00%,0.00%,0.10%,0.10%,1,豪威集团(电芯片/核心半导体) 0.10%
011243,万家惠裕回报6个月持有期混合A,混合型-偏债,0.00%,0.00%,0.00%,0.10%,0.10%,1,豪威集团(电芯片/核心半导体) 0.10%
017259,景顺稳健养老目标三年混合(FOF)Y,FOF-均衡型,0.00%,0.00%,0.10%,0.00%,0.10%,1,长飞光纤光缆(光芯片/光通信) 0.10%
021886,嘉实沪深300ETF联接(LOF)I,指数型-股票,0.00%,0.00%,0.10%,0.00%,0.10%,2,中际旭创(光芯片/光通信) 0.06%; 新易盛(光芯片/光通信) 0.04%
022431,华夏中证A500ETF联接C,指数型-股票,0.00%,0.00%,0.10%,0.00%,0.10%,2,中际旭创(光芯片/光通信) 0.06%; 新易盛(光芯片/光通信) 0.04%
022430,华夏中证A500ETF联接A,指数型-股票,0.00%,0.00%,0.10%,0.00%,0.10%,2,中际旭创(光芯片/光通信) 0.06%; 新易盛(光芯片/光通信) 0.04%
022459,易方达中证A500ETF联接A,指数型-股票,0.00%,0.00%,0.07%,0.03%,0.10%,3,中际旭创(光芯片/光通信) 0.04%; 新易盛(光芯片/光通信) 0.03%; 北方华创(电芯片/核心半导体) 0.03%
022460,易方达中证A500ETF联接C,指数型-股票,0.00%,0.00%,0.07%,0.03%,0.10%,3,中际旭创(光芯片/光通信) 0.04%; 新易盛(光芯片/光通信) 0.03%; 北方华创(电芯片/核心半导体) 0.03%
022890,嘉实沪深300ETF联接(LOF)Y,指数型-股票,0.00%,0.00%,0.10%,0.00%,0.10%,2,中际旭创(光芯片/光通信) 0.06%; 新易盛(光芯片/光通信) 0.04%
022930,易方达中证A500ETF联接Y,指数型-股票,0.00%,0.00%,0.07%,0.03%,0.10%,3,中际旭创(光芯片/光通信) 0.04%; 新易盛(光芯片/光通信) 0.03%; 北方华创(电芯片/核心半导体) 0.03%
022955,天弘沪深300ETF联接Y,指数型-股票,0.00%,0.00%,0.10%,0.00%,0.10%,2,中际旭创(光芯片/光通信) 0.06%; 新易盛(光芯片/光通信) 0.04%
022979,华夏中证A500ETF联接Y,指数型-股票,0.00%,0.00%,0.10%,0.00%,0.10%,2,中际旭创(光芯片/光通信) 0.06%; 新易盛(光芯片/光通信) 0.04%
024922,大成创业板50ETF联接E,指数型-股票,0.00%,0.00%,0.10%,0.00%,0.10%,3,中际旭创(光芯片/光通信) 0.05%; 新易盛(光芯片/光通信) 0.04%; 天孚通信(光芯片/光通信) 0.01%
024921,大成创业板50ETF联接C,指数型-股票,0.00%,0.00%,0.10%,0.00%,0.10%,3,中际旭创(光芯片/光通信) 0.05%; 新易盛(光芯片/光通信) 0.04%; 天孚通信(光芯片/光通信) 0.01%
024920,大成创业板50ETF联接A,指数型-股票,0.00%,0.00%,0.10%,0.00%,0.10%,3,中际旭创(光芯片/光通信) 0.05%; 新易盛(光芯片/光通信) 0.04%; 天孚通信(光芯片/光通信) 0.01%
025156,华泰保兴兴元债券A,债券型-混合二级,0.00%,0.00%,0.00%,0.10%,0.10%,1,复旦微电(电芯片/核心半导体) 0.10%
025157,华泰保兴兴元债券C,债券型-混合二级,0.00%,0.00%,0.00%,0.10%,0.10%,1,复旦微电(电芯片/核心半导体) 0.10%
026182,南方惠益稳健添利债券C,债券型-混合二级,0.00%,0.00%,0.00%,0.10%,0.10%,1,海光信息(电芯片/核心半导体) 0.10%
026181,南方惠益稳健添利债券A,债券型-混合二级,0.00%,0.00%,0.00%,0.10%,0.10%,1,海光信息(电芯片/核心半导体) 0.10%
026970,泓德裕康债券D,债券型-混合二级,0.00%,0.00%,0.10%,0.00%,0.10%,1,中际旭创(光芯片/光通信) 0.10%
160706,嘉实沪深300ETF联接A,指数型-股票,0.00%,0.00%,0.10%,0.00%,0.10%,2,中际旭创(光芯片/光通信) 0.06%; 新易盛(光芯片/光通信) 0.04%
160724,嘉实沪深300ETF联接C,指数型-股票,0.00%,0.00%,0.10%,0.00%,0.10%,2,中际旭创(光芯片/光通信) 0.06%; 新易盛(光芯片/光通信) 0.04%
024560,华宝上证科创板人工智能ETF发起式联接A,指数型-股票,0.00%,0.01%,0.00%,0.08%,0.09%,3,芯原股份(电芯片/核心半导体) 0.08%; 澜起科技(存储) 0.01%; 晶晨股份(电芯片/核心半导体) 0.00%
024561,华宝上证科创板人工智能ETF发起式联接C,指数型-股票,0.00%,0.01%,0.00%,0.08%,0.09%,3,芯原股份(电芯片/核心半导体) 0.08%; 澜起科技(存储) 0.01%; 晶晨股份(电芯片/核心半导体) 0.00%
003219,前海开源祥和债券C,债券型-混合二级,0.00%,0.09%,0.00%,0.00%,0.09%,1,通富微电(存储) 0.09%
003218,前海开源祥和债券A,债券型-混合二级,0.00%,0.09%,0.00%,0.00%,0.09%,1,通富微电(存储) 0.09%
003495,鹏华弘尚混合A,混合型-灵活,0.00%,0.00%,0.08%,0.00%,0.08%,1,光迅科技(光芯片/光通信) 0.08%
003496,鹏华弘尚混合C,混合型-灵活,0.00%,0.00%,0.08%,0.00%,0.08%,1,光迅科技(光芯片/光通信) 0.08%
010503,招商稳兴混合A,混合型-偏债,0.00%,0.00%,0.00%,0.08%,0.08%,1,海光信息(电芯片/核心半导体) 0.08%
010504,招商稳兴混合C,混合型-偏债,0.00%,0.00%,0.00%,0.08%,0.08%,1,海光信息(电芯片/核心半导体) 0.08%
022258,鹏华弘尚混合E,混合型-灵活,0.00%,0.00%,0.08%,0.00%,0.08%,1,光迅科技(光芯片/光通信) 0.08%
005881,建信上证50ETF发起联接C,指数型-股票,0.00%,0.00%,0.00%,0.07%,0.07%,1,海光信息(电芯片/核心半导体) 0.07%
005880,建信上证50ETF发起联接A,指数型-股票,0.00%,0.00%,0.00%,0.07%,0.07%,1,海光信息(电芯片/核心半导体) 0.07%
013444,建信上证50ETF发起联接E,指数型-股票,0.00%,0.00%,0.00%,0.07%,0.07%,1,海光信息(电芯片/核心半导体) 0.07%
005391,工银创业板ETF联接C,指数型-股票,0.00%,0.00%,0.06%,0.00%,0.06%,3,中际旭创(光芯片/光通信) 0.03%; 新易盛(光芯片/光通信) 0.02%; 天孚通信(光芯片/光通信) 0.01%
005390,工银创业板ETF联接A,指数型-股票,0.00%,0.00%,0.06%,0.00%,0.06%,3,中际旭创(光芯片/光通信) 0.03%; 新易盛(光芯片/光通信) 0.02%; 天孚通信(光芯片/光通信) 0.01%
019071,嘉实国证通信ETF发起联接A,指数型-股票,0.00%,0.00%,0.06%,0.00%,0.06%,8,新易盛(光芯片/光通信) 0.02%; 天孚通信(光芯片/光通信) 0.01%; 联特科技(光芯片/光通信) 0.01%; 光库科技(光芯片/光通信) 0.01%; 长芯博创(光芯片/光通信) 0.01%; 中际旭创(光芯片/光通信) 0.00%; 太辰光(光芯片/光通信) 0.00%; 剑桥科技(光芯片/光通信) 0.00%
019072,嘉实国证通信ETF发起联接C,指数型-股票,0.00%,0.00%,0.06%,0.00%,0.06%,8,新易盛(光芯片/光通信) 0.02%; 天孚通信(光芯片/光通信) 0.01%; 联特科技(光芯片/光通信) 0.01%; 光库科技(光芯片/光通信) 0.01%; 长芯博创(光芯片/光通信) 0.01%; 中际旭创(光芯片/光通信) 0.00%; 太辰光(光芯片/光通信) 0.00%; 剑桥科技(光芯片/光通信) 0.00%
007571,南方上证380ETF联接C,指数型-股票,0.00%,0.02%,0.00%,0.04%,0.06%,3,芯原股份(电芯片/核心半导体) 0.03%; 佰维存储(存储) 0.02%; 晶晨股份(电芯片/核心半导体) 0.01%
023621,华夏上证科创板200ETF联接A,指数型-股票,0.00%,0.00%,0.06%,0.00%,0.06%,2,长光华芯(光芯片/光通信) 0.03%; 德科立(光芯片/光通信) 0.03%
023622,华夏上证科创板200ETF联接C,指数型-股票,0.00%,0.00%,0.06%,0.00%,0.06%,2,长光华芯(光芯片/光通信) 0.03%; 德科立(光芯片/光通信) 0.03%
202025,南方上证380ETF联接A,指数型-股票,0.00%,0.02%,0.00%,0.04%,0.06%,3,芯原股份(电芯片/核心半导体) 0.03%; 佰维存储(存储) 0.02%; 晶晨股份(电芯片/核心半导体) 0.01%
012414,招商中证白酒指数(LOF)C,指数型-股票,0.00%,0.00%,0.00%,0.05%,0.05%,1,中芯国际(电芯片/核心半导体) 0.05%
161725,招商中证白酒指数(LOF)A,指数型-股票,0.00%,0.00%,0.00%,0.05%,0.05%,1,中芯国际(电芯片/核心半导体) 0.05%
000051,华夏沪深300ETF联接A,指数型-股票,0.00%,0.00%,0.02%,0.02%,0.04%,2,中际旭创(光芯片/光通信) 0.02%; 中微公司(电芯片/核心半导体) 0.02%
005658,华夏沪深300ETF联接C,指数型-股票,0.00%,0.00%,0.02%,0.02%,0.04%,2,中际旭创(光芯片/光通信) 0.02%; 中微公司(电芯片/核心半导体) 0.02%
012112,鹏华安颐混合C,混合型-偏债,0.00%,0.00%,0.00%,0.04%,0.04%,1,中芯国际(电芯片/核心半导体) 0.04%
012111,鹏华安颐混合A,混合型-偏债,0.00%,0.00%,0.00%,0.04%,0.04%,1,中芯国际(电芯片/核心半导体) 0.04%
022429,天弘中证A500ETF联接C,指数型-股票,0.00%,0.00%,0.04%,0.00%,0.04%,2,中际旭创(光芯片/光通信) 0.02%; 新易盛(光芯片/光通信) 0.02%
022428,天弘中证A500ETF联接A,指数型-股票,0.00%,0.00%,0.04%,0.00%,0.04%,2,中际旭创(光芯片/光通信) 0.02%; 新易盛(光芯片/光通信) 0.02%
022966,天弘中证A500ETF联接Y,指数型-股票,0.00%,0.00%,0.04%,0.00%,0.04%,2,中际旭创(光芯片/光通信) 0.02%; 新易盛(光芯片/光通信) 0.02%
022983,华夏沪深300ETF联接Y,指数型-股票,0.00%,0.00%,0.02%,0.02%,0.04%,2,中际旭创(光芯片/光通信) 0.02%; 中微公司(电芯片/核心半导体) 0.02%
025152,华富安康三个月持有期债券A,债券型-混合二级,0.00%,0.00%,0.00%,0.04%,0.04%,1,中芯国际(电芯片/核心半导体) 0.04%
025153,华富安康三个月持有期债券C,债券型-混合二级,0.00%,0.00%,0.00%,0.04%,0.04%,1,中芯国际(电芯片/核心半导体) 0.04%
006196,华夏中证央企ETF联接A,指数型-股票,0.00%,0.02%,0.00%,0.01%,0.03%,2,澜起科技(存储) 0.02%; 中芯国际(电芯片/核心半导体) 0.01%
006197,华夏中证央企ETF联接C,指数型-股票,0.00%,0.02%,0.00%,0.01%,0.03%,2,澜起科技(存储) 0.02%; 中芯国际(电芯片/核心半导体) 0.01%
007339,易方达沪深300ETF联接C,指数型-股票,0.00%,0.00%,0.03%,0.00%,0.03%,2,中际旭创(光芯片/光通信) 0.02%; 新易盛(光芯片/光通信) 0.01%
021213,大成中证A50ETF联接C,指数型-股票,0.00%,0.00%,0.02%,0.01%,0.03%,2,中际旭创(光芯片/光通信) 0.02%; 北方华创(电芯片/核心半导体) 0.01%
021212,大成中证A50ETF联接A,指数型-股票,0.00%,0.00%,0.02%,0.01%,0.03%,2,中际旭创(光芯片/光通信) 0.02%; 北方华创(电芯片/核心半导体) 0.01%
021359,大成中证A50ETF联接E,指数型-股票,0.00%,0.00%,0.02%,0.01%,0.03%,2,中际旭创(光芯片/光通信) 0.02%; 北方华创(电芯片/核心半导体) 0.01%
022928,易方达沪深300ETF联接Y,指数型-股票,0.00%,0.00%,0.03%,0.00%,0.03%,2,中际旭创(光芯片/光通信) 0.02%; 新易盛(光芯片/光通信) 0.01%
110020,易方达沪深300ETF联接A,指数型-股票,0.00%,0.00%,0.03%,0.00%,0.03%,2,中际旭创(光芯片/光通信) 0.02%; 新易盛(光芯片/光通信) 0.01%
016081,财通资管通达稳健3个月持有债券发起(FOF)C,FOF-稳健型,0.00%,0.03%,0.00%,0.00%,0.03%,1,佰维存储(存储) 0.03%
016080,财通资管通达稳健3个月持有债券发起(FOF)A,FOF-稳健型,0.00%,0.03%,0.00%,0.00%,0.03%,1,佰维存储(存储) 0.03%
008021,华富中证人工智能产业ETF联接C,指数型-股票,0.00%,0.01%,0.00%,0.01%,0.02%,3,寒武纪(电芯片/核心半导体) 0.01%; 澜起科技(存储) 0.01%; 芯原股份(电芯片/核心半导体) 0.00%
008020,华富中证人工智能产业ETF联接A,指数型-股票,0.00%,0.01%,0.00%,0.01%,0.02%,3,寒武纪(电芯片/核心半导体) 0.01%; 澜起科技(存储) 0.01%; 芯原股份(电芯片/核心半导体) 0.00%
008259,中银证券中证500ETF联接C,指数型-股票,0.00%,0.01%,0.00%,0.01%,0.02%,2,佰维存储(存储) 0.01%; 华海清科(电芯片/核心半导体) 0.01%
008258,中银证券中证500ETF联接A,指数型-股票,0.00%,0.01%,0.00%,0.01%,0.02%,2,佰维存储(存储) 0.01%; 华海清科(电芯片/核心半导体) 0.01%
014531,华夏MSCI中国A50互联互通ETF发起式联接C,指数型-股票,0.00%,0.00%,0.00%,0.02%,0.02%,1,北方华创(电芯片/核心半导体) 0.02%
014530,华夏MSCI中国A50互联互通ETF发起式联接A,指数型-股票,0.00%,0.00%,0.00%,0.02%,0.02%,1,北方华创(电芯片/核心半导体) 0.02%
023737,富国上证科创板综合价格ETF联接A,指数型-股票,0.00%,0.02%,0.00%,0.00%,0.02%,1,普冉股份(存储) 0.02%
023738,富国上证科创板综合价格ETF联接C,指数型-股票,0.00%,0.02%,0.00%,0.00%,0.02%,1,普冉股份(存储) 0.02%
000008,嘉实中证500ETF联接A,指数型-股票,0.00%,0.01%,0.00%,0.00%,0.01%,1,佰维存储(存储) 0.01%
004348,南方中证500ETF联接(LOF)C,指数型-股票,0.00%,0.01%,0.00%,0.00%,0.01%,1,佰维存储(存储) 0.01%
011605,交银招享一年持有混合(FOF)A,FOF-稳健型,0.00%,0.01%,0.00%,0.00%,0.01%,1,东芯股份(存储) 0.01%
011606,交银招享一年持有混合(FOF)C,FOF-稳健型,0.00%,0.01%,0.00%,0.00%,0.01%,1,东芯股份(存储) 0.01%
012417,招商国证生物医药指数(LOF)C,指数型-股票,0.00%,0.00%,0.01%,0.00%,0.01%,1,仕佳光子(光芯片/光通信) 0.01%
021059,南方中证500ETF联接(LOF)I,指数型-股票,0.00%,0.01%,0.00%,0.00%,0.01%,1,佰维存储(存储) 0.01%
021887,嘉实中证500ETF联接I,指数型-股票,0.00%,0.01%,0.00%,0.00%,0.01%,1,佰维存储(存储) 0.01%
022915,嘉实中证500ETF联接Y,指数型-股票,0.00%,0.01%,0.00%,0.00%,0.01%,1,佰维存储(存储) 0.01%
022921,南方中证500ETF联接(LOF)Y,指数型-股票,0.00%,0.01%,0.00%,0.00%,0.01%,1,佰维存储(存储) 0.01%
070039,嘉实中证500ETF联接C,指数型-股票,0.00%,0.01%,0.00%,0.00%,0.01%,1,佰维存储(存储) 0.01%
160119,500ETF联接LOF,指数型-股票,0.00%,0.01%,0.00%,0.00%,0.01%,1,佰维存储(存储) 0.01%
161726,招商国证生物医药指数(LOF)A,指数型-股票,0.00%,0.00%,0.01%,0.00%,0.01%,1,仕佳光子(光芯片/光通信) 0.01%
000948,华夏沪港通恒生ETF联接A,指数型-股票,0.00%,0.00%,0.00%,0.00%,0.00%,1,中芯国际(电芯片/核心半导体) 0.00%
002622,广发稳裕混合A,混合型-灵活,0.00%,0.00%,0.00%,0.00%,0.00%,1,晶晨股份(电芯片/核心半导体) 0.00%
005734,华夏沪港通恒生ETF联接C,指数型-股票,0.00%,0.00%,0.00%,0.00%,0.00%,1,中芯国际(电芯片/核心半导体) 0.00%
011963,广发稳裕混合C,混合型-灵活,0.00%,0.00%,0.00%,0.00%,0.00%,1,晶晨股份(电芯片/核心半导体) 0.00%
018412,易方达芯片ETF联接C,指数型-股票,0.00%,0.00%,0.00%,0.00%,0.00%,1,恒玄科技(电芯片/核心半导体) 0.00%
018411,易方达芯片ETF联接A,指数型-股票,0.00%,0.00%,0.00%,0.00%,0.00%,1,恒玄科技(电芯片/核心半导体) 0.00%
020464,招商中证半导体产业ETF发起式联接A,指数型-股票,0.00%,0.00%,0.00%,0.00%,0.00%,1,中微公司(电芯片/核心半导体) 0.00%
020465,招商中证半导体产业ETF发起式联接C,指数型-股票,0.00%,0.00%,0.00%,0.00%,0.00%,1,中微公司(电芯片/核心半导体) 0.00%
023731,南方上证科创板综合ETF联接A,指数型-股票,0.00%,0.00%,0.00%,0.00%,0.00%,4,长光华芯(光芯片/光通信) 0.00%; 德科立(光芯片/光通信) 0.00%; 思瑞浦(电芯片/核心半导体) 0.00%; 普冉股份(存储) 0.00%
023732,南方上证科创板综合ETF联接C,指数型-股票,0.00%,0.00%,0.00%,0.00%,0.00%,4,长光华芯(光芯片/光通信) 0.00%; 德科立(光芯片/光通信) 0.00%; 思瑞浦(电芯片/核心半导体) 0.00%; 普冉股份(存储) 0.00%
024886,天弘港股科技ETF联接C,指数型-股票,0.00%,0.00%,0.00%,0.00%,0.00%,1,中芯国际(电芯片/核心半导体) 0.00%
024885,天弘港股科技ETF联接A,指数型-股票,0.00%,0.00%,0.00%,0.00%,0.00%,1,中芯国际(电芯片/核心半导体) 0.00%
