基金代码,基金名称,基金类型,AXTI占比,海外存储占比,海外光芯片/光通信占比,海外电芯片/核心半导体占比,海外合计占比,匹配持仓数,核心持仓摘要
018147,建信新兴市场混合(QDII)C,QDII-混合偏股,0.00%,20.32%,7.87%,28.92%,57.11%,8,台积电(电芯片/核心半导体) 10.26%; 英伟达(电芯片/核心半导体) 10.14%; SK海力士(存储) 8.65%; 博通(电芯片/核心半导体) 8.52%; 三星电子(存储) 6.76%; 闪迪(存储) 4.91%; 康宁(光芯片/光通信) 4.29%; Lumentum Holdings Inc(光芯片/光通信) 3.58%
539002,建信新兴市场混合(QDII)A,QDII-混合偏股,0.00%,20.32%,7.87%,28.92%,57.11%,8,台积电(电芯片/核心半导体) 10.26%; 英伟达(电芯片/核心半导体) 10.14%; SK海力士(存储) 8.65%; 博通(电芯片/核心半导体) 8.52%; 三星电子(存储) 6.76%; 闪迪(存储) 4.91%; 康宁(光芯片/光通信) 4.29%; Lumentum Holdings Inc(光芯片/光通信) 3.58%
018036,长城全球新能源车股票发起式(QDII)C,QDII-普通股票,0.00%,10.15%,0.00%,35.92%,46.07%,8,台积电(电芯片/核心半导体) 7.44%; 阿斯麦(电芯片/核心半导体) 7.27%; 英伟达(电芯片/核心半导体) 6.99%; 美光科技(存储) 5.95%; 博通(电芯片/核心半导体) 5.45%; 科磊(电芯片/核心半导体) 4.54%; 拉姆研究(电芯片/核心半导体) 4.23%; 闪迪(存储) 4.20%
501226,长城全球新能源车股票发起式(QDII)A,QDII-普通股票,0.00%,10.15%,0.00%,35.92%,46.07%,8,台积电(电芯片/核心半导体) 7.44%; 阿斯麦(电芯片/核心半导体) 7.27%; 英伟达(电芯片/核心半导体) 6.99%; 美光科技(存储) 5.95%; 博通(电芯片/核心半导体) 5.45%; 科磊(电芯片/核心半导体) 4.54%; 拉姆研究(电芯片/核心半导体) 4.23%; 闪迪(存储) 4.20%
022184,富国全球科技互联网股票(QDII)C,QDII-普通股票,0.00%,7.44%,0.00%,34.50%,41.94%,7,台积电(电芯片/核心半导体) 10.06%; 英伟达(电芯片/核心半导体) 9.80%; 超威半导体(电芯片/核心半导体) 7.40%; SK海力士(存储) 4.11%; 英特尔(电芯片/核心半导体) 3.66%; 阿斯麦(电芯片/核心半导体) 3.58%; 三星电子(存储) 3.33%
026228,富国全球科技互联网股票(QDII)D,QDII-普通股票,0.00%,7.44%,0.00%,34.50%,41.94%,7,台积电(电芯片/核心半导体) 10.06%; 英伟达(电芯片/核心半导体) 9.80%; 超威半导体(电芯片/核心半导体) 7.40%; SK海力士(存储) 4.11%; 英特尔(电芯片/核心半导体) 3.66%; 阿斯麦(电芯片/核心半导体) 3.58%; 三星电子(存储) 3.33%
100055,富国全球科技互联网股票(QDII)A,QDII-普通股票,0.00%,7.44%,0.00%,34.50%,41.94%,7,台积电(电芯片/核心半导体) 10.06%; 英伟达(电芯片/核心半导体) 9.80%; 超威半导体(电芯片/核心半导体) 7.40%; SK海力士(存储) 4.11%; 英特尔(电芯片/核心半导体) 3.66%; 阿斯麦(电芯片/核心半导体) 3.58%; 三星电子(存储) 3.33%
008253,华宝致远混合(QDII)A,QDII-混合偏股,0.00%,10.00%,12.69%,18.19%,40.88%,9,英伟达(电芯片/核心半导体) 7.79%; Lumentum Holdings Inc(光芯片/光通信) 7.07%; 闪迪(存储) 5.47%; 美光科技(存储) 4.53%; 博通(电芯片/核心半导体) 4.15%; 台积电(电芯片/核心半导体) 3.89%; 康宁(光芯片/光通信) 2.96%; Coherent Corp(光芯片/光通信) 2.66%; 阿斯麦(电芯片/核心半导体) 2.36%
008254,华宝致远混合(QDII)C,QDII-混合偏股,0.00%,10.00%,12.69%,18.19%,40.88%,9,英伟达(电芯片/核心半导体) 7.79%; Lumentum Holdings Inc(光芯片/光通信) 7.07%; 闪迪(存储) 5.47%; 美光科技(存储) 4.53%; 博通(电芯片/核心半导体) 4.15%; 台积电(电芯片/核心半导体) 3.89%; 康宁(光芯片/光通信) 2.96%; Coherent Corp(光芯片/光通信) 2.66%; 阿斯麦(电芯片/核心半导体) 2.36%
006792,鹏华港美互联股票美元现汇,QDII-普通股票,0.00%,16.06%,0.00%,24.48%,40.54%,6,台积电(电芯片/核心半导体) 9.09%; 英伟达(电芯片/核心半导体) 9.05%; 闪迪(存储) 8.57%; 美光科技(存储) 7.49%; 博通(电芯片/核心半导体) 3.49%; 阿斯麦(电芯片/核心半导体) 2.85%
160644,鹏华港美互联股票人民币,QDII-普通股票,0.00%,16.06%,0.00%,24.48%,40.54%,6,台积电(电芯片/核心半导体) 9.09%; 英伟达(电芯片/核心半导体) 9.05%; 闪迪(存储) 8.57%; 美光科技(存储) 7.49%; 博通(电芯片/核心半导体) 3.49%; 阿斯麦(电芯片/核心半导体) 2.85%
002892,华夏移动互联混合美元现汇,QDII-混合灵活,0.00%,13.71%,18.45%,7.56%,39.72%,7,Coherent Corp(光芯片/光通信) 7.54%; 闪迪(存储) 7.13%; 美光科技(存储) 6.58%; Lumentum Holdings Inc(光芯片/光通信) 5.79%; 康宁(光芯片/光通信) 5.12%; 英伟达(电芯片/核心半导体) 4.11%; 英特尔(电芯片/核心半导体) 3.45%
002891,华夏移动互联混合人民币,QDII-混合灵活,0.00%,13.71%,18.45%,7.56%,39.72%,7,Coherent Corp(光芯片/光通信) 7.54%; 闪迪(存储) 7.13%; 美光科技(存储) 6.58%; Lumentum Holdings Inc(光芯片/光通信) 5.79%; 康宁(光芯片/光通信) 5.12%; 英伟达(电芯片/核心半导体) 4.11%; 英特尔(电芯片/核心半导体) 3.45%
002893,华夏移动互联混合美元现钞,QDII-混合灵活,0.00%,13.71%,18.45%,7.56%,39.72%,7,Coherent Corp(光芯片/光通信) 7.54%; 闪迪(存储) 7.13%; 美光科技(存储) 6.58%; Lumentum Holdings Inc(光芯片/光通信) 5.79%; 康宁(光芯片/光通信) 5.12%; 英伟达(电芯片/核心半导体) 4.11%; 英特尔(电芯片/核心半导体) 3.45%
006374,国富全球科技互联混合(QDII)美元现汇A,QDII-混合偏股,0.00%,7.69%,6.79%,23.07%,37.55%,6,美光科技(存储) 7.69%; 台积电(电芯片/核心半导体) 7.03%; 拉姆研究(电芯片/核心半导体) 7.02%; 康宁(光芯片/光通信) 6.79%; 英伟达(电芯片/核心半导体) 5.86%; 英特尔(电芯片/核心半导体) 3.16%
006373,国富全球科技互联混合(QDII)人民币A,QDII-混合偏股,0.00%,7.69%,6.79%,23.07%,37.55%,6,美光科技(存储) 7.69%; 台积电(电芯片/核心半导体) 7.03%; 拉姆研究(电芯片/核心半导体) 7.02%; 康宁(光芯片/光通信) 6.79%; 英伟达(电芯片/核心半导体) 5.86%; 英特尔(电芯片/核心半导体) 3.16%
021842,国富全球科技互联混合(QDII)人民币C,QDII-混合偏股,0.00%,7.69%,6.79%,23.07%,37.55%,6,美光科技(存储) 7.69%; 台积电(电芯片/核心半导体) 7.03%; 拉姆研究(电芯片/核心半导体) 7.02%; 康宁(光芯片/光通信) 6.79%; 英伟达(电芯片/核心半导体) 5.86%; 英特尔(电芯片/核心半导体) 3.16%
021843,国富全球科技互联混合(QDII)美元现汇C,QDII-混合偏股,0.00%,7.69%,6.79%,23.07%,37.55%,6,美光科技(存储) 7.69%; 台积电(电芯片/核心半导体) 7.03%; 拉姆研究(电芯片/核心半导体) 7.02%; 康宁(光芯片/光通信) 6.79%; 英伟达(电芯片/核心半导体) 5.86%; 英特尔(电芯片/核心半导体) 3.16%
513310,中韩半导体ETF华泰柏瑞,指数型-海外股票,0.00%,34.37%,0.00%,0.00%,34.37%,2,三星电子(存储) 18.84%; SK海力士(存储) 15.53%
003721,易方达标普信息科技指数(QDII-LOF)A(美元现汇),指数型-海外股票,0.00%,1.81%,0.00%,31.28%,33.09%,6,英伟达(电芯片/核心半导体) 20.16%; 博通(电芯片/核心半导体) 6.98%; 美光科技(存储) 1.81%; 超威半导体(电芯片/核心半导体) 1.58%; 应用材料(电芯片/核心半导体) 1.29%; 拉姆研究(电芯片/核心半导体) 1.27%
012869,易方达标普信息科技指数(QDII-LOF)C(美元现汇),指数型-海外股票,0.00%,1.81%,0.00%,31.28%,33.09%,6,英伟达(电芯片/核心半导体) 20.16%; 博通(电芯片/核心半导体) 6.98%; 美光科技(存储) 1.81%; 超威半导体(电芯片/核心半导体) 1.58%; 应用材料(电芯片/核心半导体) 1.29%; 拉姆研究(电芯片/核心半导体) 1.27%
012868,易方达标普信息科技指数(QDII-LOF)C(人民币),指数型-海外股票,0.00%,1.81%,0.00%,31.28%,33.09%,6,英伟达(电芯片/核心半导体) 20.16%; 博通(电芯片/核心半导体) 6.98%; 美光科技(存储) 1.81%; 超威半导体(电芯片/核心半导体) 1.58%; 应用材料(电芯片/核心半导体) 1.29%; 拉姆研究(电芯片/核心半导体) 1.27%
161128,易方达标普信息科技指数(QDII-LOF)A(人民币),指数型-海外股票,0.00%,1.81%,0.00%,31.28%,33.09%,6,英伟达(电芯片/核心半导体) 20.16%; 博通(电芯片/核心半导体) 6.98%; 美光科技(存储) 1.81%; 超威半导体(电芯片/核心半导体) 1.58%; 应用材料(电芯片/核心半导体) 1.29%; 拉姆研究(电芯片/核心半导体) 1.27%
017731,嘉实全球产业升级股票发起式(QDII)C,QDII-普通股票,0.00%,4.85%,0.00%,27.39%,32.24%,8,博通(电芯片/核心半导体) 5.37%; 美光科技(存储) 4.85%; 迈威尔科技(电芯片/核心半导体) 4.37%; 英伟达(电芯片/核心半导体) 3.79%; 阿斯麦(电芯片/核心半导体) 3.70%; 科磊(电芯片/核心半导体) 3.44%; 台积电(电芯片/核心半导体) 3.39%; 超威半导体(电芯片/核心半导体) 3.33%
017730,嘉实全球产业升级股票发起式(QDII)A,QDII-普通股票,0.00%,4.85%,0.00%,27.39%,32.24%,8,博通(电芯片/核心半导体) 5.37%; 美光科技(存储) 4.85%; 迈威尔科技(电芯片/核心半导体) 4.37%; 英伟达(电芯片/核心半导体) 3.79%; 阿斯麦(电芯片/核心半导体) 3.70%; 科磊(电芯片/核心半导体) 3.44%; 台积电(电芯片/核心半导体) 3.39%; 超威半导体(电芯片/核心半导体) 3.33%
006555,浦银安盛全球智能科技(QDII)A,QDII-普通股票,0.00%,5.13%,13.39%,13.63%,32.15%,6,Lumentum Holdings Inc(光芯片/光通信) 8.22%; 台积电(电芯片/核心半导体) 6.04%; Coherent Corp(光芯片/光通信) 5.17%; 美光科技(存储) 5.13%; 英特尔(电芯片/核心半导体) 4.34%; 阿斯麦(电芯片/核心半导体) 3.25%
014002,浦银安盛全球智能科技(QDII)C,QDII-普通股票,0.00%,5.13%,13.39%,13.63%,32.15%,6,Lumentum Holdings Inc(光芯片/光通信) 8.22%; 台积电(电芯片/核心半导体) 6.04%; Coherent Corp(光芯片/光通信) 5.17%; 美光科技(存储) 5.13%; 英特尔(电芯片/核心半导体) 4.34%; 阿斯麦(电芯片/核心半导体) 3.25%
118001,易方达亚洲精选股票,QDII-普通股票,0.00%,16.77%,0.00%,15.29%,32.06%,5,三星电子(存储) 9.18%; SK海力士(存储) 7.59%; 台积电(电芯片/核心半导体) 6.79%; 阿斯麦(电芯片/核心半导体) 5.19%; 台积电(电芯片/核心半导体) 3.31%
002230,华夏大中华混合(QDII),QDII-混合灵活,0.00%,10.78%,4.83%,15.26%,30.87%,5,台积电(电芯片/核心半导体) 7.96%; 英伟达(电芯片/核心半导体) 7.30%; 美光科技(存储) 6.35%; Lumentum Holdings Inc(光芯片/光通信) 4.83%; 闪迪(存储) 4.43%
017653,创金合信全球芯片产业股票发起(QDII)A,QDII-普通股票,0.00%,0.00%,3.45%,27.15%,30.60%,7,中芯国际(电芯片/核心半导体) 6.68%; 华虹半导体(电芯片/核心半导体) 4.87%; 阿斯麦(电芯片/核心半导体) 4.87%; 台积电(电芯片/核心半导体) 4.07%; 应用材料(电芯片/核心半导体) 4.03%; Lumentum Holdings Inc(光芯片/光通信) 3.45%; 拉姆研究(电芯片/核心半导体) 2.63%
017654,创金合信全球芯片产业股票发起(QDII)C,QDII-普通股票,0.00%,0.00%,3.45%,27.15%,30.60%,7,中芯国际(电芯片/核心半导体) 6.68%; 华虹半导体(电芯片/核心半导体) 4.87%; 阿斯麦(电芯片/核心半导体) 4.87%; 台积电(电芯片/核心半导体) 4.07%; 应用材料(电芯片/核心半导体) 4.03%; Lumentum Holdings Inc(光芯片/光通信) 3.45%; 拉姆研究(电芯片/核心半导体) 2.63%
016823,天弘全球新能源汽车股票(QDII-LOF)C,QDII-普通股票,0.00%,0.00%,7.49%,22.66%,30.15%,8,英伟达(电芯片/核心半导体) 4.64%; 台积电(电芯片/核心半导体) 4.37%; Lumentum Holdings Inc(光芯片/光通信) 4.15%; 科磊(电芯片/核心半导体) 3.64%; 博通(电芯片/核心半导体) 3.43%; Coherent Corp(光芯片/光通信) 3.34%; 超威半导体(电芯片/核心半导体) 3.31%; 拉姆研究(电芯片/核心半导体) 3.27%
164212,天弘全球新能源汽车股票(QDII-LOF)A,QDII-普通股票,0.00%,0.00%,7.49%,22.66%,30.15%,8,英伟达(电芯片/核心半导体) 4.64%; 台积电(电芯片/核心半导体) 4.37%; Lumentum Holdings Inc(光芯片/光通信) 4.15%; 科磊(电芯片/核心半导体) 3.64%; 博通(电芯片/核心半导体) 3.43%; Coherent Corp(光芯片/光通信) 3.34%; 超威半导体(电芯片/核心半导体) 3.31%; 拉姆研究(电芯片/核心半导体) 3.27%
159509,纳指科技ETF景顺,指数型-海外股票,0.00%,2.94%,0.00%,24.32%,27.26%,5,英伟达(电芯片/核心半导体) 12.69%; 博通(电芯片/核心半导体) 7.25%; 美光科技(存储) 2.94%; 超威半导体(电芯片/核心半导体) 2.40%; 应用材料(电芯片/核心半导体) 1.98%
012921,易方达全球成长精选混合(QDII)美元现汇A,QDII-混合偏股,4.67%,0.00%,13.35%,8.88%,26.90%,4,台积电(电芯片/核心半导体) 8.88%; Lumentum Holdings Inc(光芯片/光通信) 8.68%; 康宁(光芯片/光通信) 4.67%; AXT Inc(AXTI) 4.67%
012923,易方达全球成长精选混合(QDII)美元现汇C,QDII-混合偏股,4.67%,0.00%,13.35%,8.88%,26.90%,4,台积电(电芯片/核心半导体) 8.88%; Lumentum Holdings Inc(光芯片/光通信) 8.68%; 康宁(光芯片/光通信) 4.67%; AXT Inc(AXTI) 4.67%
012922,易方达全球成长精选混合(QDII)人民币C,QDII-混合偏股,4.67%,0.00%,13.35%,8.88%,26.90%,4,台积电(电芯片/核心半导体) 8.88%; Lumentum Holdings Inc(光芯片/光通信) 8.68%; 康宁(光芯片/光通信) 4.67%; AXT Inc(AXTI) 4.67%
012920,易方达全球成长精选混合(QDII)人民币A,QDII-混合偏股,4.67%,0.00%,13.35%,8.88%,26.90%,4,台积电(电芯片/核心半导体) 8.88%; Lumentum Holdings Inc(光芯片/光通信) 8.68%; 康宁(光芯片/光通信) 4.67%; AXT Inc(AXTI) 4.67%
021662,国富亚洲机会股票(QDII)C,QDII-普通股票,0.00%,9.60%,0.00%,16.17%,25.77%,6,台积电(电芯片/核心半导体) 5.48%; 三星电子(存储) 5.28%; 台积电(电芯片/核心半导体) 4.89%; SK海力士(存储) 4.32%; 联发科(电芯片/核心半导体) 2.94%; 台达电(电芯片/核心半导体) 2.86%
457001,国富亚洲机会股票(QDII)A,QDII-普通股票,0.00%,9.60%,0.00%,16.17%,25.77%,6,台积电(电芯片/核心半导体) 5.48%; 三星电子(存储) 5.28%; 台积电(电芯片/核心半导体) 4.89%; SK海力士(存储) 4.32%; 联发科(电芯片/核心半导体) 2.94%; 台达电(电芯片/核心半导体) 2.86%
025544,汇添富港股通科技精选混合发起式A,混合型-偏股,0.00%,0.00%,12.71%,12.80%,25.51%,3,长飞光纤光缆(光芯片/光通信) 12.71%; 中芯国际(电芯片/核心半导体) 6.55%; 华虹半导体(电芯片/核心半导体) 6.25%
025545,汇添富港股通科技精选混合发起式C,混合型-偏股,0.00%,0.00%,12.71%,12.80%,25.51%,3,长飞光纤光缆(光芯片/光通信) 12.71%; 中芯国际(电芯片/核心半导体) 6.55%; 华虹半导体(电芯片/核心半导体) 6.25%
016701,银华海外数字经济量化选股混合发起式(QDII)A,QDII-混合偏股,0.00%,3.92%,0.00%,21.56%,25.48%,5,英伟达(电芯片/核心半导体) 9.26%; 博通(电芯片/核心半导体) 4.69%; 美光科技(存储) 3.92%; 台积电(电芯片/核心半导体) 3.90%; 超威半导体(电芯片/核心半导体) 3.71%
016702,银华海外数字经济量化选股混合发起式(QDII)C,QDII-混合偏股,0.00%,3.92%,0.00%,21.56%,25.48%,5,英伟达(电芯片/核心半导体) 9.26%; 博通(电芯片/核心半导体) 4.69%; 美光科技(存储) 3.92%; 台积电(电芯片/核心半导体) 3.90%; 超威半导体(电芯片/核心半导体) 3.71%
017144,华宝海外新能源汽车股票发起式(QDII)A,QDII-普通股票,0.00%,0.00%,0.00%,23.91%,23.91%,3,博通(电芯片/核心半导体) 9.64%; 英伟达(电芯片/核心半导体) 9.46%; 迈威尔科技(电芯片/核心半导体) 4.81%
017145,华宝海外新能源汽车股票发起式(QDII)C,QDII-普通股票,0.00%,0.00%,0.00%,23.91%,23.91%,3,博通(电芯片/核心半导体) 9.64%; 英伟达(电芯片/核心半导体) 9.46%; 迈威尔科技(电芯片/核心半导体) 4.81%
000906,广发全球精选股票(QDII)美元A,QDII-普通股票,0.00%,6.80%,0.00%,16.96%,23.76%,6,阿斯麦(电芯片/核心半导体) 5.21%; 英伟达(电芯片/核心半导体) 4.47%; 拉姆研究(电芯片/核心半导体) 4.01%; 闪迪(存储) 3.54%; 博通(电芯片/核心半导体) 3.27%; 美光科技(存储) 3.26%
021277,广发全球精选股票(QDII)人民币C,QDII-普通股票,0.00%,6.80%,0.00%,16.96%,23.76%,6,阿斯麦(电芯片/核心半导体) 5.21%; 英伟达(电芯片/核心半导体) 4.47%; 拉姆研究(电芯片/核心半导体) 4.01%; 闪迪(存储) 3.54%; 博通(电芯片/核心半导体) 3.27%; 美光科技(存储) 3.26%
023402,广发全球精选股票(QDII)人民币F,QDII-普通股票,0.00%,6.80%,0.00%,16.96%,23.76%,6,阿斯麦(电芯片/核心半导体) 5.21%; 英伟达(电芯片/核心半导体) 4.47%; 拉姆研究(电芯片/核心半导体) 4.01%; 闪迪(存储) 3.54%; 博通(电芯片/核心半导体) 3.27%; 美光科技(存储) 3.26%
270023,广发全球精选股票(QDII)人民币A,QDII-普通股票,0.00%,6.80%,0.00%,16.96%,23.76%,6,阿斯麦(电芯片/核心半导体) 5.21%; 英伟达(电芯片/核心半导体) 4.47%; 拉姆研究(电芯片/核心半导体) 4.01%; 闪迪(存储) 3.54%; 博通(电芯片/核心半导体) 3.27%; 美光科技(存储) 3.26%
005698,华夏全球科技先锋混合(QDII)A(人民币),QDII-混合偏股,0.00%,4.96%,13.46%,4.87%,23.29%,6,台积电(电芯片/核心半导体) 4.87%; Lumentum Holdings Inc(光芯片/光通信) 4.72%; Coherent Corp(光芯片/光通信) 4.59%; 康宁(光芯片/光通信) 4.15%; 闪迪(存储) 2.66%; 美光科技(存储) 2.30%
019447,华夏全球科技先锋混合(QDII)A(美元现汇),QDII-混合偏股,0.00%,4.96%,13.46%,4.87%,23.29%,6,台积电(电芯片/核心半导体) 4.87%; Lumentum Holdings Inc(光芯片/光通信) 4.72%; Coherent Corp(光芯片/光通信) 4.59%; 康宁(光芯片/光通信) 4.15%; 闪迪(存储) 2.66%; 美光科技(存储) 2.30%
019448,华夏全球科技先锋混合(QDII)A(美元现钞),QDII-混合偏股,0.00%,4.96%,13.46%,4.87%,23.29%,6,台积电(电芯片/核心半导体) 4.87%; Lumentum Holdings Inc(光芯片/光通信) 4.72%; Coherent Corp(光芯片/光通信) 4.59%; 康宁(光芯片/光通信) 4.15%; 闪迪(存储) 2.66%; 美光科技(存储) 2.30%
024239,华夏全球科技先锋混合(QDII)C,QDII-混合偏股,0.00%,4.96%,13.46%,4.87%,23.29%,6,台积电(电芯片/核心半导体) 4.87%; Lumentum Holdings Inc(光芯片/光通信) 4.72%; Coherent Corp(光芯片/光通信) 4.59%; 康宁(光芯片/光通信) 4.15%; 闪迪(存储) 2.66%; 美光科技(存储) 2.30%
009896,广发港股通成长精选股票A,股票型,0.00%,0.00%,11.84%,11.42%,23.26%,3,长飞光纤光缆(光芯片/光通信) 11.84%; 中芯国际(电芯片/核心半导体) 6.12%; 华虹半导体(电芯片/核心半导体) 5.30%
009897,广发港股通成长精选股票C,股票型,0.00%,0.00%,11.84%,11.42%,23.26%,3,长飞光纤光缆(光芯片/光通信) 11.84%; 中芯国际(电芯片/核心半导体) 6.12%; 华虹半导体(电芯片/核心半导体) 5.30%
378006,摩根全球新兴市场混合(QDII),QDII-混合偏股,0.00%,11.95%,0.00%,10.30%,22.25%,3,台积电(电芯片/核心半导体) 10.30%; 三星电子(存储) 7.55%; SK海力士(存储) 4.40%
017437,华宝纳斯达克精选股票发起式(QDII)C,QDII-普通股票,0.00%,0.00%,0.00%,21.67%,21.67%,3,英伟达(电芯片/核心半导体) 9.28%; 博通(电芯片/核心半导体) 7.43%; 迈威尔科技(电芯片/核心半导体) 4.96%
017436,华宝纳斯达克精选股票发起式(QDII)A,QDII-普通股票,0.00%,0.00%,0.00%,21.67%,21.67%,3,英伟达(电芯片/核心半导体) 9.28%; 博通(电芯片/核心半导体) 7.43%; 迈威尔科技(电芯片/核心半导体) 4.96%
019157,易方达全球配置混合(QDII)A(美元现汇),QDII-混合灵活,3.51%,3.08%,13.40%,0.00%,19.99%,5,Lumentum Holdings Inc(光芯片/光通信) 5.67%; 长飞光纤光缆(光芯片/光通信) 4.57%; AXT Inc(AXTI) 3.51%; 康宁(光芯片/光通信) 3.16%; 美光科技(存储) 3.08%
019156,易方达全球配置混合(QDII)C(人民币),QDII-混合灵活,3.51%,3.08%,13.40%,0.00%,19.99%,5,Lumentum Holdings Inc(光芯片/光通信) 5.67%; 长飞光纤光缆(光芯片/光通信) 4.57%; AXT Inc(AXTI) 3.51%; 康宁(光芯片/光通信) 3.16%; 美光科技(存储) 3.08%
019158,易方达全球配置混合(QDII)C(美元现汇),QDII-混合灵活,3.51%,3.08%,13.40%,0.00%,19.99%,5,Lumentum Holdings Inc(光芯片/光通信) 5.67%; 长飞光纤光缆(光芯片/光通信) 4.57%; AXT Inc(AXTI) 3.51%; 康宁(光芯片/光通信) 3.16%; 美光科技(存储) 3.08%
019155,易方达全球配置混合(QDII)A(人民币),QDII-混合灵活,3.51%,3.08%,13.40%,0.00%,19.99%,5,Lumentum Holdings Inc(光芯片/光通信) 5.67%; 长飞光纤光缆(光芯片/光通信) 4.57%; AXT Inc(AXTI) 3.51%; 康宁(光芯片/光通信) 3.16%; 美光科技(存储) 3.08%
018229,易方达全球优质企业混合(QDII)A(人民币份额),QDII-混合偏股,0.00%,0.00%,14.35%,5.42%,19.77%,5,长飞光纤光缆(光芯片/光通信) 6.31%; 康宁(光芯片/光通信) 4.46%; Lumentum Holdings Inc(光芯片/光通信) 3.58%; 台积电(电芯片/核心半导体) 3.18%; 英伟达(电芯片/核心半导体) 2.24%
018231,易方达全球优质企业混合(QDII)A(美元现汇份额),QDII-混合偏股,0.00%,0.00%,14.35%,5.42%,19.77%,5,长飞光纤光缆(光芯片/光通信) 6.31%; 康宁(光芯片/光通信) 4.46%; Lumentum Holdings Inc(光芯片/光通信) 3.58%; 台积电(电芯片/核心半导体) 3.18%; 英伟达(电芯片/核心半导体) 2.24%
018232,易方达全球优质企业混合(QDII)C(美元现汇份额),QDII-混合偏股,0.00%,0.00%,14.35%,5.42%,19.77%,5,长飞光纤光缆(光芯片/光通信) 6.31%; 康宁(光芯片/光通信) 4.46%; Lumentum Holdings Inc(光芯片/光通信) 3.58%; 台积电(电芯片/核心半导体) 3.18%; 英伟达(电芯片/核心半导体) 2.24%
018230,易方达全球优质企业混合(QDII)C(人民币份额),QDII-混合偏股,0.00%,0.00%,14.35%,5.42%,19.77%,5,长飞光纤光缆(光芯片/光通信) 6.31%; 康宁(光芯片/光通信) 4.46%; Lumentum Holdings Inc(光芯片/光通信) 3.58%; 台积电(电芯片/核心半导体) 3.18%; 英伟达(电芯片/核心半导体) 2.24%
159131,港股通信息技术ETF华宝,指数型-股票,0.00%,0.00%,0.00%,19.49%,19.49%,2,中芯国际(电芯片/核心半导体) 12.44%; 华虹半导体(电芯片/核心半导体) 7.05%
001668,汇添富全球移动互联混合(QDII)人民币A,QDII-混合灵活,0.00%,2.21%,0.00%,16.19%,18.40%,4,英伟达(电芯片/核心半导体) 8.96%; 博通(电芯片/核心半导体) 3.89%; 台积电(电芯片/核心半导体) 3.34%; 美光科技(存储) 2.21%
006426,汇添富全球移动互联混合(QDII)美元现汇,QDII-混合灵活,0.00%,2.21%,0.00%,16.19%,18.40%,4,英伟达(电芯片/核心半导体) 8.96%; 博通(电芯片/核心半导体) 3.89%; 台积电(电芯片/核心半导体) 3.34%; 美光科技(存储) 2.21%
015202,汇添富全球移动互联混合(QDII)人民币C,QDII-混合灵活,0.00%,2.21%,0.00%,16.19%,18.40%,4,英伟达(电芯片/核心半导体) 8.96%; 博通(电芯片/核心半导体) 3.89%; 台积电(电芯片/核心半导体) 3.34%; 美光科技(存储) 2.21%
015203,汇添富全球移动互联混合(QDII)人民币D,QDII-混合灵活,0.00%,2.21%,0.00%,16.19%,18.40%,4,英伟达(电芯片/核心半导体) 8.96%; 博通(电芯片/核心半导体) 3.89%; 台积电(电芯片/核心半导体) 3.34%; 美光科技(存储) 2.21%
025648,易方达港股通科技混合A,混合型-偏股,0.00%,0.00%,9.55%,8.65%,18.20%,3,长飞光纤光缆(光芯片/光通信) 9.55%; 中芯国际(电芯片/核心半导体) 5.48%; 华虹半导体(电芯片/核心半导体) 3.17%
025649,易方达港股通科技混合C,混合型-偏股,0.00%,0.00%,9.55%,8.65%,18.20%,3,长飞光纤光缆(光芯片/光通信) 9.55%; 中芯国际(电芯片/核心半导体) 5.48%; 华虹半导体(电芯片/核心半导体) 3.17%
019641,摩根亚太优势混合(QDII)C,QDII-混合偏股,0.00%,5.67%,0.00%,12.05%,17.72%,3,台积电(电芯片/核心半导体) 9.65%; 三星电子(存储) 5.67%; 台达电(电芯片/核心半导体) 2.40%
377016,摩根亚太优势混合(QDII)A,QDII-混合偏股,0.00%,5.67%,0.00%,12.05%,17.72%,3,台积电(电芯片/核心半导体) 9.65%; 三星电子(存储) 5.67%; 台达电(电芯片/核心半导体) 2.40%
021700,汇添富远见成长混合发起式C,混合型-偏股,0.00%,0.00%,0.00%,17.50%,17.50%,2,中芯国际(电芯片/核心半导体) 9.12%; 华虹半导体(电芯片/核心半导体) 8.38%
021699,汇添富远见成长混合发起式A,混合型-偏股,0.00%,0.00%,0.00%,17.50%,17.50%,2,中芯国际(电芯片/核心半导体) 9.12%; 华虹半导体(电芯片/核心半导体) 8.38%
000044,嘉实美国成长股票美元现汇,QDII-普通股票,0.00%,0.00%,0.00%,16.65%,16.65%,3,英伟达(电芯片/核心半导体) 9.97%; 博通(电芯片/核心半导体) 4.86%; 台积电(电芯片/核心半导体) 1.82%
000043,嘉实美国成长股票人民币,QDII-普通股票,0.00%,0.00%,0.00%,16.65%,16.65%,3,英伟达(电芯片/核心半导体) 9.97%; 博通(电芯片/核心半导体) 4.86%; 台积电(电芯片/核心半导体) 1.82%
019114,东财慧心优选混合发起式C,混合型-偏股,0.00%,0.00%,0.00%,16.65%,16.65%,2,华虹半导体(电芯片/核心半导体) 8.95%; 中芯国际(电芯片/核心半导体) 7.70%
019113,东财慧心优选混合发起式A,混合型-偏股,0.00%,0.00%,0.00%,16.65%,16.65%,2,华虹半导体(电芯片/核心半导体) 8.95%; 中芯国际(电芯片/核心半导体) 7.70%
010362,嘉实品质优选股票C,股票型,0.00%,0.00%,8.87%,7.65%,16.52%,3,长飞光纤光缆(光芯片/光通信) 8.87%; 中芯国际(电芯片/核心半导体) 3.84%; 华虹半导体(电芯片/核心半导体) 3.81%
010361,嘉实品质优选股票A,股票型,0.00%,0.00%,8.87%,7.65%,16.52%,3,长飞光纤光缆(光芯片/光通信) 8.87%; 中芯国际(电芯片/核心半导体) 3.84%; 华虹半导体(电芯片/核心半导体) 3.81%
080006,长盛环球行业混合(QDII),QDII-混合偏股,0.00%,0.00%,2.00%,14.16%,16.16%,5,英伟达(电芯片/核心半导体) 4.92%; 台积电(电芯片/核心半导体) 3.89%; 博通(电芯片/核心半导体) 2.97%; 迈威尔科技(电芯片/核心半导体) 2.38%; Coherent Corp(光芯片/光通信) 2.00%
019765,国寿安保优选国企股票发起式A,股票型,0.00%,0.00%,0.00%,15.46%,15.46%,2,华虹半导体(电芯片/核心半导体) 8.68%; 中芯国际(电芯片/核心半导体) 6.78%
019766,国寿安保优选国企股票发起式C,股票型,0.00%,0.00%,0.00%,15.46%,15.46%,2,华虹半导体(电芯片/核心半导体) 8.68%; 中芯国际(电芯片/核心半导体) 6.78%
159577,美国50ETF汇添富,指数型-海外股票,0.00%,0.00%,0.00%,15.44%,15.44%,2,英伟达(电芯片/核心半导体) 11.62%; 博通(电芯片/核心半导体) 3.82%
513850,美国50ETF易方达,指数型-海外股票,0.00%,0.00%,0.00%,15.35%,15.35%,2,英伟达(电芯片/核心半导体) 11.55%; 博通(电芯片/核心半导体) 3.80%
024534,平安港股通科技精选混合A,混合型-偏股,0.00%,0.00%,0.00%,14.93%,14.93%,2,中芯国际(电芯片/核心半导体) 7.68%; 华虹半导体(电芯片/核心半导体) 7.25%
024535,平安港股通科技精选混合C,混合型-偏股,0.00%,0.00%,0.00%,14.93%,14.93%,2,中芯国际(电芯片/核心半导体) 7.68%; 华虹半导体(电芯片/核心半导体) 7.25%
016664,天弘全球高端制造混合(QDII)A,QDII-混合偏股,0.00%,0.00%,4.97%,9.49%,14.46%,5,英伟达(电芯片/核心半导体) 3.65%; 博通(电芯片/核心半导体) 3.07%; 台积电(电芯片/核心半导体) 2.77%; Lumentum Holdings Inc(光芯片/光通信) 2.69%; Coherent Corp(光芯片/光通信) 2.28%
016665,天弘全球高端制造混合(QDII)C,QDII-混合偏股,0.00%,0.00%,4.97%,9.49%,14.46%,5,英伟达(电芯片/核心半导体) 3.65%; 博通(电芯片/核心半导体) 3.07%; 台积电(电芯片/核心半导体) 2.77%; Lumentum Holdings Inc(光芯片/光通信) 2.69%; Coherent Corp(光芯片/光通信) 2.28%
002214,中海沪港深价值优选混合A,混合型-灵活,0.00%,0.00%,3.32%,10.94%,14.26%,3,中芯国际(电芯片/核心半导体) 5.87%; 华虹半导体(电芯片/核心半导体) 5.07%; 长飞光纤光缆(光芯片/光通信) 3.32%
020362,中海沪港深价值优选混合C,混合型-灵活,0.00%,0.00%,3.32%,10.94%,14.26%,3,中芯国际(电芯片/核心半导体) 5.87%; 华虹半导体(电芯片/核心半导体) 5.07%; 长飞光纤光缆(光芯片/光通信) 3.32%
012587,南方港股创新视野一年持有混合C,混合型-灵活,0.00%,0.00%,9.71%,4.46%,14.17%,2,长飞光纤光缆(光芯片/光通信) 9.71%; 华虹半导体(电芯片/核心半导体) 4.46%
012586,南方港股创新视野一年持有混合A,混合型-灵活,0.00%,0.00%,9.71%,4.46%,14.17%,2,长飞光纤光缆(光芯片/光通信) 9.71%; 华虹半导体(电芯片/核心半导体) 4.46%
004292,鹏华沪深港互联网股票,股票型,0.00%,0.00%,0.00%,14.14%,14.14%,2,华虹半导体(电芯片/核心半导体) 8.32%; 中芯国际(电芯片/核心半导体) 5.82%
010671,景顺长城大中华混合(QDII)A美元现汇,QDII-混合偏股,0.00%,0.00%,0.00%,14.10%,14.10%,2,台积电(电芯片/核心半导体) 9.77%; 台达电(电芯片/核心半导体) 4.33%
016988,景顺长城大中华混合(QDII)C人民币,QDII-混合偏股,0.00%,0.00%,0.00%,14.10%,14.10%,2,台积电(电芯片/核心半导体) 9.77%; 台达电(电芯片/核心半导体) 4.33%
262001,景顺长城大中华混合(QDII)A人民币,QDII-混合偏股,0.00%,0.00%,0.00%,14.10%,14.10%,2,台积电(电芯片/核心半导体) 9.77%; 台达电(电芯片/核心半导体) 4.33%
012651,博时半导体主题混合C,混合型-偏股,0.00%,0.00%,0.00%,13.93%,13.93%,2,华虹半导体(电芯片/核心半导体) 8.20%; 中芯国际(电芯片/核心半导体) 5.73%
012650,博时半导体主题混合A,混合型-偏股,0.00%,0.00%,0.00%,13.93%,13.93%,2,华虹半导体(电芯片/核心半导体) 8.20%; 中芯国际(电芯片/核心半导体) 5.73%
014585,银华心兴三年持有混合A,混合型-偏股,0.00%,0.00%,0.00%,13.71%,13.71%,2,中芯国际(电芯片/核心半导体) 7.77%; 华虹半导体(电芯片/核心半导体) 5.94%
014586,银华心兴三年持有混合C,混合型-偏股,0.00%,0.00%,0.00%,13.71%,13.71%,2,中芯国际(电芯片/核心半导体) 7.77%; 华虹半导体(电芯片/核心半导体) 5.94%
520980,港股通科技ETF汇添富,指数型-股票,0.00%,0.00%,0.00%,13.67%,13.67%,2,中芯国际(电芯片/核心半导体) 10.59%; 华虹半导体(电芯片/核心半导体) 3.08%
011021,汇添富互联网核心资产六个月持有混合A,混合型-偏股,0.00%,0.00%,4.35%,9.30%,13.65%,3,中芯国际(电芯片/核心半导体) 5.24%; 长飞光纤光缆(光芯片/光通信) 4.35%; 华虹半导体(电芯片/核心半导体) 4.06%
011022,汇添富互联网核心资产六个月持有混合C,混合型-偏股,0.00%,0.00%,4.35%,9.30%,13.65%,3,中芯国际(电芯片/核心半导体) 5.24%; 长飞光纤光缆(光芯片/光通信) 4.35%; 华虹半导体(电芯片/核心半导体) 4.06%
513160,港股科技ETF银华,指数型-股票,0.00%,0.00%,0.00%,13.51%,13.51%,2,中芯国际(电芯片/核心半导体) 10.47%; 华虹半导体(电芯片/核心半导体) 3.04%
005794,银华心怡灵活配置混合A,混合型-灵活,0.00%,0.00%,0.00%,13.26%,13.26%,2,中芯国际(电芯片/核心半导体) 8.03%; 华虹半导体(电芯片/核心半导体) 5.23%
014043,银华心怡灵活配置混合C,混合型-灵活,0.00%,0.00%,0.00%,13.26%,13.26%,2,中芯国际(电芯片/核心半导体) 8.03%; 华虹半导体(电芯片/核心半导体) 5.23%
007132,长城港股通价值精选混合A,混合型-偏股,0.00%,0.00%,0.00%,13.20%,13.20%,2,中芯国际(电芯片/核心半导体) 8.64%; 华虹半导体(电芯片/核心半导体) 4.56%
017627,长城港股通价值精选混合C,混合型-偏股,0.00%,0.00%,0.00%,13.20%,13.20%,2,中芯国际(电芯片/核心半导体) 8.64%; 华虹半导体(电芯片/核心半导体) 4.56%
501188,汇添富核心精选混合(LOF),混合型-灵活,0.00%,0.00%,0.00%,12.77%,12.77%,2,华虹半导体(电芯片/核心半导体) 6.61%; 中芯国际(电芯片/核心半导体) 6.16%
015205,银华全球新能源车量化优选股票(QDII)C,QDII-普通股票,0.00%,0.00%,0.00%,12.56%,12.56%,3,英伟达(电芯片/核心半导体) 5.65%; 超威半导体(电芯片/核心半导体) 3.96%; 台积电(电芯片/核心半导体) 2.95%
005543,银华心诚灵活配置混合A,混合型-灵活,0.00%,0.00%,0.00%,12.55%,12.55%,2,中芯国际(电芯片/核心半导体) 7.79%; 华虹半导体(电芯片/核心半导体) 4.76%
014042,银华心诚灵活配置混合C,混合型-灵活,0.00%,0.00%,0.00%,12.55%,12.55%,2,中芯国际(电芯片/核心半导体) 7.79%; 华虹半导体(电芯片/核心半导体) 4.76%
050020,博时抗通胀增强回报,QDII-商品,0.00%,0.00%,0.00%,12.12%,12.12%,3,英伟达(电芯片/核心半导体) 7.09%; 台积电(电芯片/核心半导体) 4.40%; 阿斯麦(电芯片/核心半导体) 0.63%
024735,永赢港股通科技智选混合发起A,混合型-偏股,0.00%,0.00%,4.32%,7.59%,11.91%,2,中芯国际(电芯片/核心半导体) 7.59%; 长飞光纤光缆(光芯片/光通信) 4.32%
024736,永赢港股通科技智选混合发起C,混合型-偏股,0.00%,0.00%,4.32%,7.59%,11.91%,2,中芯国际(电芯片/核心半导体) 7.59%; 长飞光纤光缆(光芯片/光通信) 4.32%
023045,太平科技先锋混合发起式C,混合型-偏股,0.00%,0.00%,0.00%,11.91%,11.91%,2,华虹半导体(电芯片/核心半导体) 6.56%; 中芯国际(电芯片/核心半导体) 5.35%
023044,太平科技先锋混合发起式A,混合型-偏股,0.00%,0.00%,0.00%,11.91%,11.91%,2,华虹半导体(电芯片/核心半导体) 6.56%; 中芯国际(电芯片/核心半导体) 5.35%
015030,博时远见回报混合A,混合型-偏股,0.00%,0.00%,0.00%,11.88%,11.88%,2,中芯国际(电芯片/核心半导体) 7.31%; 华虹半导体(电芯片/核心半导体) 4.57%
015031,博时远见回报混合C,混合型-偏股,0.00%,0.00%,0.00%,11.88%,11.88%,2,中芯国际(电芯片/核心半导体) 7.31%; 华虹半导体(电芯片/核心半导体) 4.57%
014818,国金新兴价值混合A,混合型-偏股,0.00%,0.00%,6.30%,5.53%,11.83%,2,长飞光纤光缆(光芯片/光通信) 6.30%; 华虹半导体(电芯片/核心半导体) 5.53%
014819,国金新兴价值混合C,混合型-偏股,0.00%,0.00%,6.30%,5.53%,11.83%,2,长飞光纤光缆(光芯片/光通信) 6.30%; 华虹半导体(电芯片/核心半导体) 5.53%
159659,纳斯达克100ETF招商,指数型-海外股票,0.00%,0.00%,0.00%,11.66%,11.66%,2,英伟达(电芯片/核心半导体) 8.66%; 博通(电芯片/核心半导体) 3.00%
501062,南方瑞合定开混合(LOF),混合型-灵活,0.00%,0.00%,8.38%,3.26%,11.64%,2,长飞光纤光缆(光芯片/光通信) 8.38%; 华虹半导体(电芯片/核心半导体) 3.26%
020090,万家研究领航混合A,混合型-偏股,0.00%,0.00%,8.82%,2.72%,11.54%,2,长飞光纤光缆(光芯片/光通信) 8.82%; 华虹半导体(电芯片/核心半导体) 2.72%
020091,万家研究领航混合C,混合型-偏股,0.00%,0.00%,8.82%,2.72%,11.54%,2,长飞光纤光缆(光芯片/光通信) 8.82%; 华虹半导体(电芯片/核心半导体) 2.72%
000041,华夏全球股票(QDII)(人民币),QDII-普通股票,0.00%,1.77%,1.56%,8.19%,11.52%,5,英伟达(电芯片/核心半导体) 3.34%; 台积电(电芯片/核心半导体) 2.68%; 博通(电芯片/核心半导体) 2.17%; 美光科技(存储) 1.77%; Lumentum Holdings Inc(光芯片/光通信) 1.56%
019549,华夏全球股票美元现汇(QDII),QDII-普通股票,0.00%,1.77%,1.56%,8.19%,11.52%,5,英伟达(电芯片/核心半导体) 3.34%; 台积电(电芯片/核心半导体) 2.68%; 博通(电芯片/核心半导体) 2.17%; 美光科技(存储) 1.77%; Lumentum Holdings Inc(光芯片/光通信) 1.56%
019550,华夏全球股票美元现钞(QDII),QDII-普通股票,0.00%,1.77%,1.56%,8.19%,11.52%,5,英伟达(电芯片/核心半导体) 3.34%; 台积电(电芯片/核心半导体) 2.68%; 博通(电芯片/核心半导体) 2.17%; 美光科技(存储) 1.77%; Lumentum Holdings Inc(光芯片/光通信) 1.56%
017973,易方达港股通优质增长混合A,混合型-偏股,0.00%,0.00%,5.49%,5.97%,11.46%,3,长飞光纤光缆(光芯片/光通信) 5.49%; 华虹半导体(电芯片/核心半导体) 3.24%; 中芯国际(电芯片/核心半导体) 2.73%
017974,易方达港股通优质增长混合C,混合型-偏股,0.00%,0.00%,5.49%,5.97%,11.46%,3,长飞光纤光缆(光芯片/光通信) 5.49%; 华虹半导体(电芯片/核心半导体) 3.24%; 中芯国际(电芯片/核心半导体) 2.73%
513300,纳斯达克ETF华夏,指数型-海外股票,0.00%,0.00%,0.00%,11.40%,11.40%,2,英伟达(电芯片/核心半导体) 8.47%; 博通(电芯片/核心半导体) 2.93%
000927,博时大中华亚太精选美元现汇,QDII-普通股票,0.00%,0.00%,0.00%,11.38%,11.38%,2,台积电(电芯片/核心半导体) 7.43%; 联发科(电芯片/核心半导体) 3.95%
050015,博时大中华亚太精选,QDII-普通股票,0.00%,0.00%,0.00%,11.38%,11.38%,2,台积电(电芯片/核心半导体) 7.43%; 联发科(电芯片/核心半导体) 3.95%
015527,弘毅远方汽车产业升级混合A,混合型-偏股,0.00%,0.00%,0.00%,11.37%,11.37%,2,中芯国际(电芯片/核心半导体) 6.36%; 华虹半导体(电芯片/核心半导体) 5.01%
015528,弘毅远方汽车产业升级混合C,混合型-偏股,0.00%,0.00%,0.00%,11.37%,11.37%,2,中芯国际(电芯片/核心半导体) 6.36%; 华虹半导体(电芯片/核心半导体) 5.01%
005255,浦银安盛港股通量化混合A,混合型-灵活,0.00%,0.00%,0.00%,11.36%,11.36%,2,华虹半导体(电芯片/核心半导体) 6.33%; 中芯国际(电芯片/核心半导体) 5.03%
013224,浦银安盛港股通量化混合C,混合型-灵活,0.00%,0.00%,0.00%,11.36%,11.36%,2,华虹半导体(电芯片/核心半导体) 6.33%; 中芯国际(电芯片/核心半导体) 5.03%
015627,圆信永丰弘阳股票A,股票型,0.00%,0.00%,0.00%,11.32%,11.32%,2,中芯国际(电芯片/核心半导体) 7.76%; 华虹半导体(电芯片/核心半导体) 3.56%
015628,圆信永丰弘阳股票C,股票型,0.00%,0.00%,0.00%,11.32%,11.32%,2,中芯国际(电芯片/核心半导体) 7.76%; 华虹半导体(电芯片/核心半导体) 3.56%
010456,博时产业精选混合C,混合型-灵活,0.00%,0.00%,0.00%,11.30%,11.30%,2,中芯国际(电芯片/核心半导体) 7.38%; 华虹半导体(电芯片/核心半导体) 3.92%
010455,博时产业精选混合A,混合型-灵活,0.00%,0.00%,0.00%,11.30%,11.30%,2,中芯国际(电芯片/核心半导体) 7.38%; 华虹半导体(电芯片/核心半导体) 3.92%
159660,纳指ETF汇添富,指数型-海外股票,0.00%,0.00%,0.00%,11.19%,11.19%,2,英伟达(电芯片/核心半导体) 8.31%; 博通(电芯片/核心半导体) 2.88%
019173,摩根纳斯达克100指数(QDII)人民币C,指数型-海外股票,0.00%,0.00%,0.00%,11.15%,11.15%,2,英伟达(电芯片/核心半导体) 8.28%; 博通(电芯片/核心半导体) 2.87%
019172,摩根纳斯达克100指数(QDII)人民币A,指数型-海外股票,0.00%,0.00%,0.00%,11.15%,11.15%,2,英伟达(电芯片/核心半导体) 8.28%; 博通(电芯片/核心半导体) 2.87%
019174,摩根纳斯达克100指数(QDII)美元现汇A,指数型-海外股票,0.00%,0.00%,0.00%,11.15%,11.15%,2,英伟达(电芯片/核心半导体) 8.28%; 博通(电芯片/核心半导体) 2.87%
019175,摩根纳斯达克100指数(QDII)美元现汇C,指数型-海外股票,0.00%,0.00%,0.00%,11.15%,11.15%,2,英伟达(电芯片/核心半导体) 8.28%; 博通(电芯片/核心半导体) 2.87%
012751,建信纳斯达克100指数(QDII)A美元现汇,指数型-海外股票,0.00%,0.00%,0.00%,11.15%,11.15%,2,英伟达(电芯片/核心半导体) 8.29%; 博通(电芯片/核心半导体) 2.86%
012753,建信纳斯达克100指数(QDII)C美元现汇,指数型-海外股票,0.00%,0.00%,0.00%,11.15%,11.15%,2,英伟达(电芯片/核心半导体) 8.29%; 博通(电芯片/核心半导体) 2.86%
012752,建信纳斯达克100指数(QDII)C人民币,指数型-海外股票,0.00%,0.00%,0.00%,11.15%,11.15%,2,英伟达(电芯片/核心半导体) 8.29%; 博通(电芯片/核心半导体) 2.86%
023422,建信纳斯达克100指数(QDII)D人民币,指数型-海外股票,0.00%,0.00%,0.00%,11.15%,11.15%,2,英伟达(电芯片/核心半导体) 8.29%; 博通(电芯片/核心半导体) 2.86%
539001,建信纳斯达克100指数(QDII)A人民币,指数型-海外股票,0.00%,0.00%,0.00%,11.15%,11.15%,2,英伟达(电芯片/核心半导体) 8.29%; 博通(电芯片/核心半导体) 2.86%
513110,纳指ETF华泰柏瑞,指数型-海外股票,0.00%,0.00%,0.00%,11.11%,11.11%,2,英伟达(电芯片/核心半导体) 8.25%; 博通(电芯片/核心半导体) 2.86%
513390,纳指100ETF博时,指数型-海外股票,0.00%,0.00%,0.00%,11.06%,11.06%,2,英伟达(电芯片/核心半导体) 8.21%; 博通(电芯片/核心半导体) 2.85%
019739,宝盈纳斯达克100指数发起(QDII)C美元现汇,指数型-海外股票,0.00%,0.00%,0.00%,11.05%,11.05%,2,英伟达(电芯片/核心半导体) 8.20%; 博通(电芯片/核心半导体) 2.85%
019736,宝盈纳斯达克100指数发起(QDII)A人民币,指数型-海外股票,0.00%,0.00%,0.00%,11.05%,11.05%,2,英伟达(电芯片/核心半导体) 8.20%; 博通(电芯片/核心半导体) 2.85%
019737,宝盈纳斯达克100指数发起(QDII)C人民币,指数型-海外股票,0.00%,0.00%,0.00%,11.05%,11.05%,2,英伟达(电芯片/核心半导体) 8.20%; 博通(电芯片/核心半导体) 2.85%
019738,宝盈纳斯达克100指数发起(QDII)A美元现汇,指数型-海外股票,0.00%,0.00%,0.00%,11.05%,11.05%,2,英伟达(电芯片/核心半导体) 8.20%; 博通(电芯片/核心半导体) 2.85%
019442,万家纳斯达克100指数发起式(QDII)C,指数型-海外股票,0.00%,0.00%,0.00%,11.03%,11.03%,2,英伟达(电芯片/核心半导体) 8.19%; 博通(电芯片/核心半导体) 2.84%
019441,万家纳斯达克100指数发起式(QDII)A,指数型-海外股票,0.00%,0.00%,0.00%,11.03%,11.03%,2,英伟达(电芯片/核心半导体) 8.19%; 博通(电芯片/核心半导体) 2.84%
014472,景顺长城远见成长混合A,混合型-偏股,0.00%,0.00%,4.85%,6.17%,11.02%,2,中芯国际(电芯片/核心半导体) 6.17%; 长飞光纤光缆(光芯片/光通信) 4.85%
014473,景顺长城远见成长混合C,混合型-偏股,0.00%,0.00%,4.85%,6.17%,11.02%,2,中芯国际(电芯片/核心半导体) 6.17%; 长飞光纤光缆(光芯片/光通信) 4.85%
159501,纳指ETF嘉实,指数型-海外股票,0.00%,0.00%,0.00%,10.99%,10.99%,2,英伟达(电芯片/核心半导体) 8.16%; 博通(电芯片/核心半导体) 2.83%
009402,交银启明混合A,混合型-偏股,0.00%,0.00%,10.92%,0.00%,10.92%,1,长飞光纤光缆(光芯片/光通信) 10.92%
013883,交银启明混合C,混合型-偏股,0.00%,0.00%,10.92%,0.00%,10.92%,1,长飞光纤光缆(光芯片/光通信) 10.92%
008656,招商科技创新混合C,混合型-偏股,0.00%,0.00%,0.00%,10.82%,10.82%,2,中芯国际(电芯片/核心半导体) 5.89%; 华虹半导体(电芯片/核心半导体) 4.93%
008655,招商科技创新混合A,混合型-偏股,0.00%,0.00%,0.00%,10.82%,10.82%,2,中芯国际(电芯片/核心半导体) 5.89%; 华虹半导体(电芯片/核心半导体) 4.93%
159696,纳指ETF易方达,指数型-海外股票,0.00%,0.00%,0.00%,10.82%,10.82%,2,英伟达(电芯片/核心半导体) 8.04%; 博通(电芯片/核心半导体) 2.78%
001764,广发沪港深新机遇股票,股票型,0.00%,0.00%,10.79%,0.00%,10.79%,1,长飞光纤光缆(光芯片/光通信) 10.79%
002121,广发沪港深新起点股票A,股票型,0.00%,0.00%,6.30%,4.49%,10.79%,2,长飞光纤光缆(光芯片/光通信) 6.30%; 华虹半导体(电芯片/核心半导体) 4.49%
010024,广发沪港深新起点股票C,股票型,0.00%,0.00%,6.30%,4.49%,10.79%,2,长飞光纤光缆(光芯片/光通信) 6.30%; 华虹半导体(电芯片/核心半导体) 4.49%
008989,大成科技创新混合C,混合型-偏股,0.00%,0.00%,10.74%,0.00%,10.74%,1,长飞光纤光缆(光芯片/光通信) 10.74%
008988,大成科技创新混合A,混合型-偏股,0.00%,0.00%,10.74%,0.00%,10.74%,1,长飞光纤光缆(光芯片/光通信) 10.74%
159632,纳斯达克ETF华安,指数型-海外股票,0.00%,0.00%,0.00%,10.71%,10.71%,2,英伟达(电芯片/核心半导体) 7.96%; 博通(电芯片/核心半导体) 2.75%
513870,纳指ETF富国,指数型-海外股票,0.00%,0.00%,0.00%,10.69%,10.69%,2,英伟达(电芯片/核心半导体) 7.95%; 博通(电芯片/核心半导体) 2.74%
009017,银华港股通精选股票发起式A,股票型,0.00%,0.00%,0.00%,10.66%,10.66%,2,华虹半导体(电芯片/核心半导体) 5.70%; 中芯国际(电芯片/核心半导体) 4.96%
014052,银华港股通精选股票发起式C,股票型,0.00%,0.00%,0.00%,10.66%,10.66%,2,华虹半导体(电芯片/核心半导体) 5.70%; 中芯国际(电芯片/核心半导体) 4.96%
513100,纳指ETF国泰,指数型-海外股票,0.00%,0.00%,0.00%,10.61%,10.61%,2,英伟达(电芯片/核心半导体) 7.88%; 博通(电芯片/核心半导体) 2.73%
012064,圆信永丰兴诺一年持有期混合,混合型-灵活,0.00%,0.00%,0.00%,10.60%,10.60%,2,中芯国际(电芯片/核心半导体) 8.03%; 华虹半导体(电芯片/核心半导体) 2.57%
159941,纳指ETF广发,指数型-海外股票,0.00%,0.00%,0.00%,10.58%,10.58%,2,英伟达(电芯片/核心半导体) 7.88%; 博通(电芯片/核心半导体) 2.70%
018044,天弘纳斯达克100指数发起(QDII)C,指数型-海外股票,0.00%,0.00%,0.00%,10.43%,10.43%,2,英伟达(电芯片/核心半导体) 7.75%; 博通(电芯片/核心半导体) 2.68%
018043,天弘纳斯达克100指数发起(QDII)A,指数型-海外股票,0.00%,0.00%,0.00%,10.43%,10.43%,2,英伟达(电芯片/核心半导体) 7.75%; 博通(电芯片/核心半导体) 2.68%
022525,天弘纳斯达克100指数发起(QDII)D,指数型-海外股票,0.00%,0.00%,0.00%,10.43%,10.43%,2,英伟达(电芯片/核心半导体) 7.75%; 博通(电芯片/核心半导体) 2.68%
012199,国金核心资产一年持有C,混合型-偏股,0.00%,0.00%,0.00%,10.35%,10.35%,2,华虹半导体(电芯片/核心半导体) 6.31%; 中芯国际(电芯片/核心半导体) 4.04%
012198,国金核心资产一年持有A,混合型-偏股,0.00%,0.00%,0.00%,10.35%,10.35%,2,华虹半导体(电芯片/核心半导体) 6.31%; 中芯国际(电芯片/核心半导体) 4.04%
006477,中邮沪港深精选混合A,混合型-偏股,0.00%,0.00%,0.00%,10.33%,10.33%,2,中芯国际(电芯片/核心半导体) 7.61%; 华虹半导体(电芯片/核心半导体) 2.72%
023176,中邮沪港深精选混合C,混合型-偏股,0.00%,0.00%,0.00%,10.33%,10.33%,2,中芯国际(电芯片/核心半导体) 7.61%; 华虹半导体(电芯片/核心半导体) 2.72%
024433,嘉实成长共赢混合A,混合型-偏股,0.00%,0.00%,6.57%,3.75%,10.32%,2,长飞光纤光缆(光芯片/光通信) 6.57%; 华虹半导体(电芯片/核心半导体) 3.75%
024434,嘉实成长共赢混合C,混合型-偏股,0.00%,0.00%,6.57%,3.75%,10.32%,2,长飞光纤光缆(光芯片/光通信) 6.57%; 华虹半导体(电芯片/核心半导体) 3.75%
016452,南方纳斯达克100指数发起(QDII)A,指数型-海外股票,0.00%,0.00%,0.00%,10.32%,10.32%,2,英伟达(电芯片/核心半导体) 7.67%; 博通(电芯片/核心半导体) 2.65%
016453,南方纳斯达克100指数发起(QDII)C,指数型-海外股票,0.00%,0.00%,0.00%,10.32%,10.32%,2,英伟达(电芯片/核心半导体) 7.67%; 博通(电芯片/核心半导体) 2.65%
021000,南方纳斯达克100指数发起(QDII)I,指数型-海外股票,0.00%,0.00%,0.00%,10.32%,10.32%,2,英伟达(电芯片/核心半导体) 7.67%; 博通(电芯片/核心半导体) 2.65%
024397,东兴产业升级混合发起C,混合型-偏股,0.00%,0.00%,0.00%,10.12%,10.12%,2,华虹半导体(电芯片/核心半导体) 6.12%; 中芯国际(电芯片/核心半导体) 4.00%
024396,东兴产业升级混合发起A,混合型-偏股,0.00%,0.00%,0.00%,10.12%,10.12%,2,华虹半导体(电芯片/核心半导体) 6.12%; 中芯国际(电芯片/核心半导体) 4.00%
009601,招商科技动力3个月滚动持有股票A,股票型,0.00%,0.00%,0.00%,10.09%,10.09%,2,中芯国际(电芯片/核心半导体) 5.55%; 华虹半导体(电芯片/核心半导体) 4.54%
009602,招商科技动力3个月滚动持有股票C,股票型,0.00%,0.00%,0.00%,10.09%,10.09%,2,中芯国际(电芯片/核心半导体) 5.55%; 华虹半导体(电芯片/核心半导体) 4.54%
159655,标普500ETF华夏,指数型-海外股票,0.00%,0.00%,0.00%,10.06%,10.06%,2,英伟达(电芯片/核心半导体) 7.47%; 博通(电芯片/核心半导体) 2.59%
017641,摩根标普500指数(QDII)人民币A,指数型-海外股票,0.00%,0.00%,0.00%,10.02%,10.02%,2,英伟达(电芯片/核心半导体) 7.45%; 博通(电芯片/核心半导体) 2.57%
017642,摩根标普500指数(QDII)美钞,指数型-海外股票,0.00%,0.00%,0.00%,10.02%,10.02%,2,英伟达(电芯片/核心半导体) 7.45%; 博通(电芯片/核心半导体) 2.57%
017643,摩根标普500指数(QDII)美汇,指数型-海外股票,0.00%,0.00%,0.00%,10.02%,10.02%,2,英伟达(电芯片/核心半导体) 7.45%; 博通(电芯片/核心半导体) 2.57%
019305,摩根标普500指数(QDII)人民币C,指数型-海外股票,0.00%,0.00%,0.00%,10.02%,10.02%,2,英伟达(电芯片/核心半导体) 7.45%; 博通(电芯片/核心半导体) 2.57%
513650,标普500ETF南方,指数型-海外股票,0.00%,0.00%,0.00%,9.95%,9.95%,2,英伟达(电芯片/核心半导体) 7.39%; 博通(电芯片/核心半导体) 2.56%
020822,大成领先动力混合C,混合型-偏股,0.00%,0.00%,9.93%,0.00%,9.93%,1,长飞光纤光缆(光芯片/光通信) 9.93%
020821,大成领先动力混合A,混合型-偏股,0.00%,0.00%,9.93%,0.00%,9.93%,1,长飞光纤光缆(光芯片/光通信) 9.93%
513500,标普500ETF博时,指数型-海外股票,0.00%,0.00%,0.00%,9.92%,9.92%,2,英伟达(电芯片/核心半导体) 7.37%; 博通(电芯片/核心半导体) 2.55%
010115,易方达远见成长混合A,混合型-偏股,0.00%,0.00%,9.82%,0.00%,9.82%,1,长飞光纤光缆(光芯片/光通信) 9.82%
011412,易方达远见成长混合C,混合型-偏股,0.00%,0.00%,9.82%,0.00%,9.82%,1,长飞光纤光缆(光芯片/光通信) 9.82%
011891,易方达先锋成长混合A,混合型-偏股,0.00%,0.00%,9.81%,0.00%,9.81%,1,长飞光纤光缆(光芯片/光通信) 9.81%
011892,易方达先锋成长混合C,混合型-偏股,0.00%,0.00%,9.81%,0.00%,9.81%,1,长飞光纤光缆(光芯片/光通信) 9.81%
011341,博时战略新材料主题混合C,混合型-偏股,0.00%,0.00%,0.00%,9.73%,9.73%,2,华虹半导体(电芯片/核心半导体) 5.62%; 中芯国际(电芯片/核心半导体) 4.11%
011340,博时战略新材料主题混合A,混合型-偏股,0.00%,0.00%,0.00%,9.73%,9.73%,2,华虹半导体(电芯片/核心半导体) 5.62%; 中芯国际(电芯片/核心半导体) 4.11%
161837,银华大盘两年定开混合,混合型-偏股,0.00%,0.00%,0.00%,9.71%,9.71%,2,华虹半导体(电芯片/核心半导体) 4.97%; 中芯国际(电芯片/核心半导体) 4.74%
019821,鹏华远见精选混合发起式C,混合型-偏股,0.00%,0.00%,9.59%,0.00%,9.59%,1,长飞光纤光缆(光芯片/光通信) 9.59%
019820,鹏华远见精选混合发起式A,混合型-偏股,0.00%,0.00%,9.59%,0.00%,9.59%,1,长飞光纤光缆(光芯片/光通信) 9.59%
014319,德邦半导体产业混合发起式A,混合型-偏股,0.00%,0.00%,0.00%,9.57%,9.57%,2,中芯国际(电芯片/核心半导体) 5.24%; 华虹半导体(电芯片/核心半导体) 4.33%
014320,德邦半导体产业混合发起式C,混合型-偏股,0.00%,0.00%,0.00%,9.57%,9.57%,2,中芯国际(电芯片/核心半导体) 5.24%; 华虹半导体(电芯片/核心半导体) 4.33%
160213,国泰纳斯达克100指数,指数型-海外股票,0.00%,0.00%,0.00%,9.48%,9.48%,2,英伟达(电芯片/核心半导体) 7.04%; 博通(电芯片/核心半导体) 2.44%
008294,朱雀企业优胜A,股票型,0.00%,0.00%,0.00%,9.43%,9.43%,1,中芯国际(电芯片/核心半导体) 9.43%
008295,朱雀企业优胜C,股票型,0.00%,0.00%,0.00%,9.43%,9.43%,1,中芯国际(电芯片/核心半导体) 9.43%
020722,国寿安保数字经济股票发起式A,股票型,0.00%,0.00%,9.42%,0.00%,9.42%,1,长飞光纤光缆(光芯片/光通信) 9.42%
020723,国寿安保数字经济股票发起式C,股票型,0.00%,0.00%,9.42%,0.00%,9.42%,1,长飞光纤光缆(光芯片/光通信) 9.42%
015967,永赢半导体产业智选混合发起A,混合型-偏股,0.00%,0.00%,0.00%,9.40%,9.40%,1,中芯国际(电芯片/核心半导体) 9.40%
015968,永赢半导体产业智选混合发起C,混合型-偏股,0.00%,0.00%,0.00%,9.40%,9.40%,1,中芯国际(电芯片/核心半导体) 9.40%
159513,纳斯达克100ETF大成,指数型-海外股票,0.00%,0.00%,0.00%,9.38%,9.38%,2,英伟达(电芯片/核心半导体) 6.97%; 博通(电芯片/核心半导体) 2.41%
015884,中欧港股数字经济混合发起(QDII)A,QDII-混合偏股,0.00%,0.00%,9.37%,0.00%,9.37%,1,长飞光纤光缆(光芯片/光通信) 9.37%
015885,中欧港股数字经济混合发起(QDII)C,QDII-混合偏股,0.00%,0.00%,9.37%,0.00%,9.37%,1,长飞光纤光缆(光芯片/光通信) 9.37%
017603,华夏国企创新混合发起式C,混合型-偏股,0.00%,0.00%,0.00%,9.32%,9.32%,2,中芯国际(电芯片/核心半导体) 4.71%; 华虹半导体(电芯片/核心半导体) 4.61%
017602,华夏国企创新混合发起式A,混合型-偏股,0.00%,0.00%,0.00%,9.32%,9.32%,2,中芯国际(电芯片/核心半导体) 4.71%; 华虹半导体(电芯片/核心半导体) 4.61%
016252,华夏景气成长一年持有混合发起式A,混合型-偏股,0.00%,0.00%,9.31%,0.00%,9.31%,1,长飞光纤光缆(光芯片/光通信) 9.31%
016253,华夏景气成长一年持有混合发起式C,混合型-偏股,0.00%,0.00%,9.31%,0.00%,9.31%,1,长飞光纤光缆(光芯片/光通信) 9.31%
159612,标普500ETF国泰,指数型-海外股票,0.00%,0.00%,0.00%,9.29%,9.29%,2,英伟达(电芯片/核心半导体) 6.90%; 博通(电芯片/核心半导体) 2.39%
009891,融通产业趋势臻选股票A,股票型,0.00%,0.00%,9.23%,0.00%,9.23%,1,长飞光纤光缆(光芯片/光通信) 9.23%
018495,融通产业趋势臻选股票C,股票型,0.00%,0.00%,9.23%,0.00%,9.23%,1,长飞光纤光缆(光芯片/光通信) 9.23%
024837,中欧港股通科技混合发起C,混合型-偏股,0.00%,0.00%,9.19%,0.00%,9.19%,1,长飞光纤光缆(光芯片/光通信) 9.19%
024836,中欧港股通科技混合发起A,混合型-偏股,0.00%,0.00%,9.19%,0.00%,9.19%,1,长飞光纤光缆(光芯片/光通信) 9.19%
011420,广发全球科技三个月定开混合(QDII)人民币A,QDII-混合偏股,0.00%,0.00%,0.00%,9.10%,9.10%,1,台积电(电芯片/核心半导体) 9.10%
011422,广发全球科技三个月定开混合(QDII)人民币C,QDII-混合偏股,0.00%,0.00%,0.00%,9.10%,9.10%,1,台积电(电芯片/核心半导体) 9.10%
011423,广发全球科技三个月定开混合(QDII)美元C,QDII-混合偏股,0.00%,0.00%,0.00%,9.10%,9.10%,1,台积电(电芯片/核心半导体) 9.10%
011421,广发全球科技三个月定开混合(QDII)美元A,QDII-混合偏股,0.00%,0.00%,0.00%,9.10%,9.10%,1,台积电(电芯片/核心半导体) 9.10%
005250,银华估值优势混合,混合型-偏股,0.00%,0.00%,0.00%,9.06%,9.06%,2,华虹半导体(电芯片/核心半导体) 4.89%; 中芯国际(电芯片/核心半导体) 4.17%
010142,朱雀企业优选C,股票型,0.00%,0.00%,0.00%,9.04%,9.04%,1,中芯国际(电芯片/核心半导体) 9.04%
010141,朱雀企业优选A,股票型,0.00%,0.00%,0.00%,9.04%,9.04%,1,中芯国际(电芯片/核心半导体) 9.04%
014687,招商核心装备混合C,混合型-偏股,0.00%,0.00%,9.04%,0.00%,9.04%,1,长飞光纤光缆(光芯片/光通信) 9.04%
014686,招商核心装备混合A,混合型-偏股,0.00%,0.00%,9.04%,0.00%,9.04%,1,长飞光纤光缆(光芯片/光通信) 9.04%
024459,华商致远回报混合A,混合型-偏股,0.00%,0.00%,8.95%,0.00%,8.95%,1,长飞光纤光缆(光芯片/光通信) 8.95%
024460,华商致远回报混合C,混合型-偏股,0.00%,0.00%,8.95%,0.00%,8.95%,1,长飞光纤光缆(光芯片/光通信) 8.95%
022124,国寿安保策略精选混合C,混合型-偏股,0.00%,0.00%,8.92%,0.00%,8.92%,1,长飞光纤光缆(光芯片/光通信) 8.92%
168002,国寿安保策略精选混合A,混合型-偏股,0.00%,0.00%,8.92%,0.00%,8.92%,1,长飞光纤光缆(光芯片/光通信) 8.92%
003718,易方达标普500指数美元汇A,指数型-海外股票,0.00%,0.00%,0.00%,8.89%,8.89%,2,英伟达(电芯片/核心半导体) 6.60%; 博通(电芯片/核心半导体) 2.29%
011531,朱雀恒心一年持有混合,混合型-偏股,0.00%,0.00%,0.00%,8.89%,8.89%,1,中芯国际(电芯片/核心半导体) 8.89%
012860,易方达标普500指数人民币C,指数型-海外股票,0.00%,0.00%,0.00%,8.89%,8.89%,2,英伟达(电芯片/核心半导体) 6.60%; 博通(电芯片/核心半导体) 2.29%
012861,易方达标普500指数美元汇C,指数型-海外股票,0.00%,0.00%,0.00%,8.89%,8.89%,2,英伟达(电芯片/核心半导体) 6.60%; 博通(电芯片/核心半导体) 2.29%
161125,易方达标普500指数人民币A,指数型-海外股票,0.00%,0.00%,0.00%,8.89%,8.89%,2,英伟达(电芯片/核心半导体) 6.60%; 博通(电芯片/核心半导体) 2.29%
007493,朱雀产业臻选混合A,混合型-偏股,0.00%,0.00%,0.00%,8.86%,8.86%,1,中芯国际(电芯片/核心半导体) 8.86%
007494,朱雀产业臻选混合C,混合型-偏股,0.00%,0.00%,0.00%,8.86%,8.86%,1,中芯国际(电芯片/核心半导体) 8.86%
025988,鹏华创新未来混合(LOF)A,混合型-偏股,0.00%,0.00%,8.83%,0.00%,8.83%,1,长飞光纤光缆(光芯片/光通信) 8.83%
501205,鹏华创新未来混合(LOF)C,混合型-偏股,0.00%,0.00%,8.83%,0.00%,8.83%,1,长飞光纤光缆(光芯片/光通信) 8.83%
010922,朱雀匠心一年持有,混合型-偏股,0.00%,0.00%,0.00%,8.82%,8.82%,1,中芯国际(电芯片/核心半导体) 8.82%
010415,华泰柏瑞质量精选混合A,混合型-偏股,0.00%,0.00%,8.81%,0.00%,8.81%,1,长飞光纤光缆(光芯片/光通信) 8.81%
010416,华泰柏瑞质量精选混合C,混合型-偏股,0.00%,0.00%,8.81%,0.00%,8.81%,1,长飞光纤光缆(光芯片/光通信) 8.81%
006751,富国互联科技股票A,股票型,0.00%,0.00%,8.72%,0.00%,8.72%,1,长飞光纤光缆(光芯片/光通信) 8.72%
011126,富国互联科技股票C,股票型,0.00%,0.00%,8.72%,0.00%,8.72%,1,长飞光纤光缆(光芯片/光通信) 8.72%
018406,朱雀产业精选混合C,混合型-偏股,0.00%,0.00%,0.00%,8.72%,8.72%,1,中芯国际(电芯片/核心半导体) 8.72%
018405,朱雀产业精选混合A,混合型-偏股,0.00%,0.00%,0.00%,8.72%,8.72%,1,中芯国际(电芯片/核心半导体) 8.72%
005207,南方高端装备混合C,混合型-偏股,0.00%,0.00%,0.00%,8.70%,8.70%,2,华虹半导体(电芯片/核心半导体) 5.31%; 中芯国际(电芯片/核心半导体) 3.39%
202027,南方高端装备混合A,混合型-偏股,0.00%,0.00%,0.00%,8.70%,8.70%,2,华虹半导体(电芯片/核心半导体) 5.31%; 中芯国际(电芯片/核心半导体) 3.39%
486002,工银全球精选股票(QDII),QDII-普通股票,0.00%,0.00%,0.00%,8.67%,8.67%,3,英伟达(电芯片/核心半导体) 4.18%; 台积电(电芯片/核心半导体) 2.69%; 博通(电芯片/核心半导体) 1.80%
016570,嘉实价值丰润混合A,混合型-偏股,0.00%,0.00%,8.64%,0.00%,8.64%,1,长飞光纤光缆(光芯片/光通信) 8.64%
016571,嘉实价值丰润混合C,混合型-偏股,0.00%,0.00%,8.64%,0.00%,8.64%,1,长飞光纤光缆(光芯片/光通信) 8.64%
159135,港股通科技ETF前海开源,指数型-股票,0.00%,0.00%,0.00%,8.59%,8.59%,2,中芯国际(电芯片/核心半导体) 5.50%; 华虹半导体(电芯片/核心半导体) 3.09%
520670,港股通科技ETF嘉实,指数型-股票,0.00%,0.00%,0.00%,8.57%,8.57%,2,中芯国际(电芯片/核心半导体) 5.49%; 华虹半导体(电芯片/核心半导体) 3.08%
159120,港股通科技ETF国联安,指数型-股票,0.00%,0.00%,0.00%,8.55%,8.55%,2,中芯国际(电芯片/核心半导体) 5.46%; 华虹半导体(电芯片/核心半导体) 3.09%
520840,港股通恒生科技ETF华安,指数型-股票,0.00%,0.00%,0.00%,8.51%,8.51%,2,中芯国际(电芯片/核心半导体) 5.46%; 华虹半导体(电芯片/核心半导体) 3.05%
016486,中欧成长先锋混合C,混合型-偏股,0.00%,0.00%,8.48%,0.00%,8.48%,1,长飞光纤光缆(光芯片/光通信) 8.48%
016485,中欧成长先锋混合A,混合型-偏股,0.00%,0.00%,8.48%,0.00%,8.48%,1,长飞光纤光缆(光芯片/光通信) 8.48%
159262,港股通科技ETF广发,指数型-股票,0.00%,0.00%,0.00%,8.47%,8.47%,2,中芯国际(电芯片/核心半导体) 5.43%; 华虹半导体(电芯片/核心半导体) 3.04%
008528,华泰柏瑞质量成长A,混合型-偏股,0.00%,0.00%,8.46%,0.00%,8.46%,1,长飞光纤光缆(光芯片/光通信) 8.46%
011452,华泰柏瑞质量成长C,混合型-偏股,0.00%,0.00%,8.46%,0.00%,8.46%,1,长飞光纤光缆(光芯片/光通信) 8.46%
008382,融通产业趋势股票,股票型,0.00%,0.00%,8.44%,0.00%,8.44%,1,长飞光纤光缆(光芯片/光通信) 8.44%
018910,中欧科技成长混合A,混合型-偏股,0.00%,0.00%,8.43%,0.00%,8.43%,2,长飞光纤光缆(光芯片/光通信) 5.01%; 高伟电子(光芯片/光通信) 3.42%
018911,中欧科技成长混合C,混合型-偏股,0.00%,0.00%,8.43%,0.00%,8.43%,2,长飞光纤光缆(光芯片/光通信) 5.01%; 高伟电子(光芯片/光通信) 3.42%
519696,交银环球精选混合(QDII)A,QDII-混合偏股,0.00%,0.00%,0.00%,8.42%,8.42%,2,英伟达(电芯片/核心半导体) 6.26%; 博通(电芯片/核心半导体) 2.16%
012034,广发睿盛混合C,混合型-偏股,0.00%,0.00%,8.36%,0.00%,8.36%,1,长飞光纤光缆(光芯片/光通信) 8.36%
012033,广发睿盛混合A,混合型-偏股,0.00%,0.00%,8.36%,0.00%,8.36%,1,长飞光纤光缆(光芯片/光通信) 8.36%
017767,嘉实欣荣混合(LOF)C,混合型-偏股,0.00%,0.00%,8.36%,0.00%,8.36%,1,长飞光纤光缆(光芯片/光通信) 8.36%
501091,嘉实欣荣混合(LOF)A,混合型-偏股,0.00%,0.00%,8.36%,0.00%,8.36%,1,长飞光纤光缆(光芯片/光通信) 8.36%
159152,港股通科技ETF平安,指数型-股票,0.00%,0.00%,0.00%,8.35%,8.35%,2,中芯国际(电芯片/核心半导体) 5.36%; 华虹半导体(电芯片/核心半导体) 2.99%
014299,宏利先进制造股票A,股票型,0.00%,0.00%,0.00%,8.33%,8.33%,1,中芯国际(电芯片/核心半导体) 8.33%
014300,宏利先进制造股票C,股票型,0.00%,0.00%,0.00%,8.33%,8.33%,1,中芯国际(电芯片/核心半导体) 8.33%
017738,融通慧心混合C,混合型-偏股,0.00%,0.00%,8.30%,0.00%,8.30%,1,长飞光纤光缆(光芯片/光通信) 8.30%
017737,融通慧心混合A,混合型-偏股,0.00%,0.00%,8.30%,0.00%,8.30%,1,长飞光纤光缆(光芯片/光通信) 8.30%
005802,汇添富智能制造股票A,股票型,0.00%,0.00%,0.00%,8.28%,8.28%,1,中芯国际(电芯片/核心半导体) 8.28%
015197,汇添富智能制造股票D,股票型,0.00%,0.00%,0.00%,8.28%,8.28%,1,中芯国际(电芯片/核心半导体) 8.28%
015196,汇添富智能制造股票C,股票型,0.00%,0.00%,0.00%,8.28%,8.28%,1,中芯国际(电芯片/核心半导体) 8.28%
010135,宏利高研发6个月持有混合A,混合型-偏股,0.00%,0.00%,0.00%,8.24%,8.24%,1,中芯国际(电芯片/核心半导体) 8.24%
010136,宏利高研发6个月持有混合C,混合型-偏股,0.00%,0.00%,0.00%,8.24%,8.24%,1,中芯国际(电芯片/核心半导体) 8.24%
005534,华夏新时代混合人民币(QDII),QDII-混合灵活,0.00%,0.00%,8.17%,0.00%,8.17%,2,Lumentum Holdings Inc(光芯片/光通信) 5.35%; Coherent Corp(光芯片/光通信) 2.82%
012924,华夏新时代混合美元现汇(QDII),QDII-混合灵活,0.00%,0.00%,8.17%,0.00%,8.17%,2,Lumentum Holdings Inc(光芯片/光通信) 5.35%; Coherent Corp(光芯片/光通信) 2.82%
012925,华夏新时代混合美元现钞(QDII),QDII-混合灵活,0.00%,0.00%,8.17%,0.00%,8.17%,2,Lumentum Holdings Inc(光芯片/光通信) 5.35%; Coherent Corp(光芯片/光通信) 2.82%
004616,中欧电子信息产业沪港深股票A,股票型,0.00%,0.00%,4.03%,4.11%,8.14%,2,中芯国际(电芯片/核心半导体) 4.11%; 长飞光纤光缆(光芯片/光通信) 4.03%
005763,中欧电子信息产业沪港深股票C,股票型,0.00%,0.00%,4.03%,4.11%,8.14%,2,中芯国际(电芯片/核心半导体) 4.11%; 长飞光纤光缆(光芯片/光通信) 4.03%
014509,汇添富先进制造混合C,混合型-偏股,0.00%,0.00%,0.00%,8.09%,8.09%,1,中芯国际(电芯片/核心半导体) 8.09%
014508,汇添富先进制造混合A,混合型-偏股,0.00%,0.00%,0.00%,8.09%,8.09%,1,中芯国际(电芯片/核心半导体) 8.09%
011682,汇添富均衡精选六个月持有混合C,混合型-偏股,0.00%,0.00%,5.44%,2.63%,8.07%,2,长飞光纤光缆(光芯片/光通信) 5.44%; 华虹半导体(电芯片/核心半导体) 2.63%
011681,汇添富均衡精选六个月持有混合A,混合型-偏股,0.00%,0.00%,5.44%,2.63%,8.07%,2,长飞光纤光缆(光芯片/光通信) 5.44%; 华虹半导体(电芯片/核心半导体) 2.63%
001215,博时沪港深优质企业基金A,混合型-灵活,0.00%,0.00%,0.00%,8.04%,8.04%,1,中芯国际(电芯片/核心半导体) 8.04%
002555,博时沪港深优质企业基金C,混合型-灵活,0.00%,0.00%,0.00%,8.04%,8.04%,1,中芯国际(电芯片/核心半导体) 8.04%
013328,嘉实全球价值股票(QDII)人民币,QDII-普通股票,0.00%,0.00%,0.00%,7.98%,7.98%,3,英伟达(电芯片/核心半导体) 4.59%; 台积电(电芯片/核心半导体) 2.18%; 博通(电芯片/核心半导体) 1.21%
013329,嘉实全球价值股票(QDII)美元现汇,QDII-普通股票,0.00%,0.00%,0.00%,7.98%,7.98%,3,英伟达(电芯片/核心半导体) 4.59%; 台积电(电芯片/核心半导体) 2.18%; 博通(电芯片/核心半导体) 1.21%
009030,工银高质量成长混合C,混合型-偏股,0.00%,0.00%,0.00%,7.95%,7.95%,1,中芯国际(电芯片/核心半导体) 7.95%
009029,工银高质量成长混合A,混合型-偏股,0.00%,0.00%,0.00%,7.95%,7.95%,1,中芯国际(电芯片/核心半导体) 7.95%
016903,鑫元欣悦混合C,混合型-偏股,0.00%,0.00%,0.00%,7.94%,7.94%,1,中芯国际(电芯片/核心半导体) 7.94%
016902,鑫元欣悦混合A,混合型-偏股,0.00%,0.00%,0.00%,7.94%,7.94%,1,中芯国际(电芯片/核心半导体) 7.94%
012779,博时移动互联主题混合A,混合型-偏股,0.00%,0.00%,0.00%,7.92%,7.92%,2,华虹半导体(电芯片/核心半导体) 4.03%; 中芯国际(电芯片/核心半导体) 3.89%
012780,博时移动互联主题混合C,混合型-偏股,0.00%,0.00%,0.00%,7.92%,7.92%,2,华虹半导体(电芯片/核心半导体) 4.03%; 中芯国际(电芯片/核心半导体) 3.89%
017655,嘉实价值丰裕混合A,混合型-偏股,0.00%,0.00%,7.92%,0.00%,7.92%,1,长飞光纤光缆(光芯片/光通信) 7.92%
017656,嘉实价值丰裕混合C,混合型-偏股,0.00%,0.00%,7.92%,0.00%,7.92%,1,长飞光纤光缆(光芯片/光通信) 7.92%
011450,招商企业优选混合A,混合型-偏股,0.00%,0.00%,7.90%,0.00%,7.90%,1,长飞光纤光缆(光芯片/光通信) 7.90%
011451,招商企业优选混合C,混合型-偏股,0.00%,0.00%,7.90%,0.00%,7.90%,1,长飞光纤光缆(光芯片/光通信) 7.90%
010391,易方达战略新兴产业股票A,股票型,0.00%,0.00%,4.77%,3.09%,7.86%,2,长飞光纤光缆(光芯片/光通信) 4.77%; 中芯国际(电芯片/核心半导体) 3.09%
010392,易方达战略新兴产业股票C,股票型,0.00%,0.00%,4.77%,3.09%,7.86%,2,长飞光纤光缆(光芯片/光通信) 4.77%; 中芯国际(电芯片/核心半导体) 3.09%
016297,中欧丰泰港股通混合A,混合型-偏股,0.00%,0.00%,0.00%,7.78%,7.78%,1,华虹半导体(电芯片/核心半导体) 7.78%
016298,中欧丰泰港股通混合C,混合型-偏股,0.00%,0.00%,0.00%,7.78%,7.78%,1,华虹半导体(电芯片/核心半导体) 7.78%
011829,平安睿享成长混合C,混合型-偏股,0.00%,0.00%,7.73%,0.00%,7.73%,1,长飞光纤光缆(光芯片/光通信) 7.73%
011828,平安睿享成长混合A,混合型-偏股,0.00%,0.00%,7.73%,0.00%,7.73%,1,长飞光纤光缆(光芯片/光通信) 7.73%
008555,华商龙头优势混合,混合型-偏股,0.00%,0.00%,7.72%,0.00%,7.72%,1,长飞光纤光缆(光芯片/光通信) 7.72%
020775,国寿安保产业升级股票发起式A,股票型,0.00%,0.00%,7.71%,0.00%,7.71%,1,长飞光纤光缆(光芯片/光通信) 7.71%
020774,国寿安保产业升级股票发起式C,股票型,0.00%,0.00%,7.71%,0.00%,7.71%,1,长飞光纤光缆(光芯片/光通信) 7.71%
021938,华安半导体产业股票发起式C,股票型,0.00%,0.00%,3.82%,3.89%,7.71%,2,华虹半导体(电芯片/核心半导体) 3.89%; 长飞光纤光缆(光芯片/光通信) 3.82%
021937,华安半导体产业股票发起式A,股票型,0.00%,0.00%,3.82%,3.89%,7.71%,2,华虹半导体(电芯片/核心半导体) 3.89%; 长飞光纤光缆(光芯片/光通信) 3.82%
006537,恒生前海港股通精选混合,混合型-偏股,0.00%,0.00%,0.00%,7.69%,7.69%,2,中芯国际(电芯片/核心半导体) 4.70%; 华虹半导体(电芯片/核心半导体) 2.99%
007067,浦银安盛先进制造混合C,混合型-偏股,0.00%,0.00%,4.56%,3.10%,7.66%,2,高伟电子(光芯片/光通信) 4.56%; 中芯国际(电芯片/核心半导体) 3.10%
007066,浦银安盛先进制造混合A,混合型-偏股,0.00%,0.00%,4.56%,3.10%,7.66%,2,高伟电子(光芯片/光通信) 4.56%; 中芯国际(电芯片/核心半导体) 3.10%
011925,嘉实港股互联网产业核心资产C,混合型-偏股,0.00%,0.00%,3.43%,4.21%,7.64%,2,华虹半导体(电芯片/核心半导体) 4.21%; 长飞光纤光缆(光芯片/光通信) 3.43%
011924,嘉实港股互联网产业核心资产A,混合型-偏股,0.00%,0.00%,3.43%,4.21%,7.64%,2,华虹半导体(电芯片/核心半导体) 4.21%; 长飞光纤光缆(光芯片/光通信) 3.43%
014612,富国核心科技12个月持有混合C,混合型-偏股,0.00%,0.00%,7.62%,0.00%,7.62%,1,长飞光纤光缆(光芯片/光通信) 7.62%
014611,富国核心科技12个月持有混合A,混合型-偏股,0.00%,0.00%,7.62%,0.00%,7.62%,1,长飞光纤光缆(光芯片/光通信) 7.62%
009892,富国成长策略混合A,混合型-偏股,0.00%,0.00%,7.61%,0.00%,7.61%,1,长飞光纤光缆(光芯片/光通信) 7.61%
025191,富国成长策略混合C,混合型-偏股,0.00%,0.00%,7.61%,0.00%,7.61%,1,长飞光纤光缆(光芯片/光通信) 7.61%
010166,招商兴和优选1年持有期混合,混合型-偏股,0.00%,0.00%,7.58%,0.00%,7.58%,1,长飞光纤光缆(光芯片/光通信) 7.58%
023452,中欧信息科技混合发起C,混合型-偏股,0.00%,0.00%,7.58%,0.00%,7.58%,1,长飞光纤光缆(光芯片/光通信) 7.58%
023451,中欧信息科技混合发起A,混合型-偏股,0.00%,0.00%,7.58%,0.00%,7.58%,1,长飞光纤光缆(光芯片/光通信) 7.58%
012130,景顺长城先进智造混合A,混合型-偏股,0.00%,0.00%,3.06%,4.50%,7.56%,2,中芯国际(电芯片/核心半导体) 4.50%; 长飞光纤光缆(光芯片/光通信) 3.06%
012131,景顺长城先进智造混合C,混合型-偏股,0.00%,0.00%,3.06%,4.50%,7.56%,2,中芯国际(电芯片/核心半导体) 4.50%; 长飞光纤光缆(光芯片/光通信) 3.06%
010377,广发价值核心混合A,混合型-偏股,0.00%,0.00%,7.55%,0.00%,7.55%,1,长飞光纤光缆(光芯片/光通信) 7.55%
010378,广发价值核心混合C,混合型-偏股,0.00%,0.00%,7.55%,0.00%,7.55%,1,长飞光纤光缆(光芯片/光通信) 7.55%
014825,汇泉兴至未来一年持有混合A,混合型-偏股,0.00%,0.00%,0.00%,7.46%,7.46%,1,中芯国际(电芯片/核心半导体) 7.46%
014826,汇泉兴至未来一年持有混合C,混合型-偏股,0.00%,0.00%,0.00%,7.46%,7.46%,1,中芯国际(电芯片/核心半导体) 7.46%
014647,融通先进制造混合A,混合型-偏股,0.00%,0.00%,7.38%,0.00%,7.38%,1,长飞光纤光缆(光芯片/光通信) 7.38%
014648,融通先进制造混合C,混合型-偏股,0.00%,0.00%,7.38%,0.00%,7.38%,1,长飞光纤光缆(光芯片/光通信) 7.38%
017829,富国时代精选混合C,混合型-偏股,0.00%,0.00%,7.29%,0.00%,7.29%,1,长飞光纤光缆(光芯片/光通信) 7.29%
017828,富国时代精选混合A,混合型-偏股,0.00%,0.00%,7.29%,0.00%,7.29%,1,长飞光纤光缆(光芯片/光通信) 7.29%
019825,国寿安保新材料股票发起式C,股票型,0.00%,0.00%,7.15%,0.00%,7.15%,1,高伟电子(光芯片/光通信) 7.15%
019824,国寿安保新材料股票发起式A,股票型,0.00%,0.00%,7.15%,0.00%,7.15%,1,高伟电子(光芯片/光通信) 7.15%
021476,银河ESG主题混合发起式A,混合型-偏股,0.00%,0.00%,0.00%,7.05%,7.05%,2,华虹半导体(电芯片/核心半导体) 3.56%; 中芯国际(电芯片/核心半导体) 3.49%
021477,银河ESG主题混合发起式C,混合型-偏股,0.00%,0.00%,0.00%,7.05%,7.05%,2,华虹半导体(电芯片/核心半导体) 3.56%; 中芯国际(电芯片/核心半导体) 3.49%
025421,浦银安盛数字经济混合A,混合型-偏股,0.00%,0.00%,7.04%,0.00%,7.04%,1,长飞光纤光缆(光芯片/光通信) 7.04%
025422,浦银安盛数字经济混合C,混合型-偏股,0.00%,0.00%,7.04%,0.00%,7.04%,1,长飞光纤光缆(光芯片/光通信) 7.04%
011167,景顺长城景气成长混合A,混合型-偏股,0.00%,0.00%,2.78%,4.22%,7.00%,2,中芯国际(电芯片/核心半导体) 4.22%; 长飞光纤光缆(光芯片/光通信) 2.78%
015756,景顺长城景气成长混合C,混合型-偏股,0.00%,0.00%,2.78%,4.22%,7.00%,2,中芯国际(电芯片/核心半导体) 4.22%; 长飞光纤光缆(光芯片/光通信) 2.78%
022673,平安产业竞争力混合A,混合型-偏股,0.00%,0.00%,0.00%,6.99%,6.99%,1,中芯国际(电芯片/核心半导体) 6.99%
022672,平安产业竞争力混合C,混合型-偏股,0.00%,0.00%,0.00%,6.99%,6.99%,1,中芯国际(电芯片/核心半导体) 6.99%
513890,恒生科技ETF摩根,指数型-海外股票,0.00%,0.00%,0.00%,6.99%,6.99%,1,中芯国际(电芯片/核心半导体) 6.99%
009846,国富港股通远见价值混合A,混合型-偏股,0.00%,0.00%,3.61%,3.32%,6.93%,2,高伟电子(光芯片/光通信) 3.61%; 中芯国际(电芯片/核心半导体) 3.32%
017947,国富港股通远见价值混合C,混合型-偏股,0.00%,0.00%,3.61%,3.32%,6.93%,2,高伟电子(光芯片/光通信) 3.61%; 中芯国际(电芯片/核心半导体) 3.32%
005701,摩根香港精选港股通混合A,混合型-偏股,0.00%,0.00%,6.86%,0.00%,6.86%,1,长飞光纤光缆(光芯片/光通信) 6.86%
016921,摩根香港精选港股通混合C,混合型-偏股,0.00%,0.00%,6.86%,0.00%,6.86%,1,长飞光纤光缆(光芯片/光通信) 6.86%
024441,汇添富均衡潜力优选混合A,混合型-偏股,0.00%,0.00%,6.85%,0.00%,6.85%,1,长飞光纤光缆(光芯片/光通信) 6.85%
024442,汇添富均衡潜力优选混合C,混合型-偏股,0.00%,0.00%,6.85%,0.00%,6.85%,1,长飞光纤光缆(光芯片/光通信) 6.85%
002686,中欧丰泓沪港深混合C,混合型-灵活,0.00%,0.00%,0.00%,6.83%,6.83%,1,华虹半导体(电芯片/核心半导体) 6.83%
002685,中欧丰泓沪港深混合A,混合型-灵活,0.00%,0.00%,0.00%,6.83%,6.83%,1,华虹半导体(电芯片/核心半导体) 6.83%
012379,创金合信港股互联网3个月持有期混合(QDII)A,QDII-混合偏股,0.00%,0.00%,0.00%,6.77%,6.77%,1,中芯国际(电芯片/核心半导体) 6.77%
012380,创金合信港股互联网3个月持有期混合(QDII)C,QDII-混合偏股,0.00%,0.00%,0.00%,6.77%,6.77%,1,中芯国际(电芯片/核心半导体) 6.77%
513380,恒生科技ETF广发,指数型-海外股票,0.00%,0.00%,0.00%,6.75%,6.75%,1,中芯国际(电芯片/核心半导体) 6.75%
019389,中欧时代共赢混合发起A3,混合型-偏股,0.00%,0.00%,6.73%,0.00%,6.73%,1,长飞光纤光缆(光芯片/光通信) 6.73%
019388,中欧时代共赢混合发起A2,混合型-偏股,0.00%,0.00%,6.73%,0.00%,6.73%,1,长飞光纤光缆(光芯片/光通信) 6.73%
019387,中欧时代共赢混合发起A1,混合型-偏股,0.00%,0.00%,6.73%,0.00%,6.73%,1,长飞光纤光缆(光芯片/光通信) 6.73%
012096,鑫元鑫动力混合A,混合型-偏股,0.00%,0.00%,0.00%,6.72%,6.72%,1,中芯国际(电芯片/核心半导体) 6.72%
012097,鑫元鑫动力混合C,混合型-偏股,0.00%,0.00%,0.00%,6.72%,6.72%,1,中芯国际(电芯片/核心半导体) 6.72%
003243,摩根中国世纪混合(QDII)人民币,QDII-混合灵活,0.00%,0.00%,6.70%,0.00%,6.70%,1,长飞光纤光缆(光芯片/光通信) 6.70%
003244,摩根中国世纪混合(QDII)美元现钞,QDII-混合灵活,0.00%,0.00%,6.70%,0.00%,6.70%,1,长飞光纤光缆(光芯片/光通信) 6.70%
003245,摩根中国世纪混合(QDII)美元现汇,QDII-混合灵活,0.00%,0.00%,6.70%,0.00%,6.70%,1,长飞光纤光缆(光芯片/光通信) 6.70%
013363,大成中国优势混合(QDII)A,QDII-混合偏股,0.00%,0.00%,0.00%,6.69%,6.69%,1,中芯国际(电芯片/核心半导体) 6.69%
013364,大成中国优势混合(QDII)C,QDII-混合偏股,0.00%,0.00%,0.00%,6.69%,6.69%,1,中芯国际(电芯片/核心半导体) 6.69%
021756,中欧价值品质混合发起C,混合型-偏股,0.00%,0.00%,0.00%,6.69%,6.69%,1,华虹半导体(电芯片/核心半导体) 6.69%
021755,中欧价值品质混合发起A,混合型-偏股,0.00%,0.00%,0.00%,6.69%,6.69%,1,华虹半导体(电芯片/核心半导体) 6.69%
025759,华安新兴动力混合发起式C,混合型-偏股,0.00%,0.00%,6.69%,0.00%,6.69%,1,长飞光纤光缆(光芯片/光通信) 6.69%
025758,华安新兴动力混合发起式A,混合型-偏股,0.00%,0.00%,6.69%,0.00%,6.69%,1,长飞光纤光缆(光芯片/光通信) 6.69%
012613,创金合信产业智选混合A,混合型-偏股,0.00%,0.00%,0.00%,6.61%,6.61%,1,中芯国际(电芯片/核心半导体) 6.61%
012614,创金合信产业智选混合C,混合型-偏股,0.00%,0.00%,0.00%,6.61%,6.61%,1,中芯国际(电芯片/核心半导体) 6.61%
001691,南方香港成长灵活配置混合,QDII-混合灵活,0.00%,0.00%,6.60%,0.00%,6.60%,1,长飞光纤光缆(光芯片/光通信) 6.60%
017746,建信电子行业股票A,股票型,0.00%,0.00%,0.00%,6.60%,6.60%,1,华虹半导体(电芯片/核心半导体) 6.60%
017747,建信电子行业股票C,股票型,0.00%,0.00%,0.00%,6.60%,6.60%,1,华虹半导体(电芯片/核心半导体) 6.60%
009007,兴全沪港深两年持有混合,混合型-偏股,0.00%,0.00%,3.81%,2.76%,6.57%,2,高伟电子(光芯片/光通信) 3.81%; 中芯国际(电芯片/核心半导体) 2.76%
015409,景顺长城成长趋势股票C,股票型,0.00%,0.00%,0.00%,6.55%,6.55%,1,中芯国际(电芯片/核心半导体) 6.55%
015408,景顺长城成长趋势股票A,股票型,0.00%,0.00%,0.00%,6.55%,6.55%,1,中芯国际(电芯片/核心半导体) 6.55%
513180,恒生科技ETF华夏,指数型-海外股票,0.00%,0.00%,0.00%,6.52%,6.52%,1,中芯国际(电芯片/核心半导体) 6.52%
016501,华夏半导体龙头混合发起C,混合型-偏股,0.00%,0.00%,0.00%,6.50%,6.50%,1,中芯国际(电芯片/核心半导体) 6.50%
016500,华夏半导体龙头混合发起A,混合型-偏股,0.00%,0.00%,0.00%,6.50%,6.50%,1,中芯国际(电芯片/核心半导体) 6.50%
520920,天弘恒生科技ETF,指数型-海外股票,0.00%,0.00%,0.00%,6.49%,6.49%,1,中芯国际(电芯片/核心半导体) 6.49%
001048,富国新兴产业股票A,股票型,0.00%,0.00%,6.47%,0.00%,6.47%,1,长飞光纤光缆(光芯片/光通信) 6.47%
015686,富国新兴产业股票C,股票型,0.00%,0.00%,6.47%,0.00%,6.47%,1,长飞光纤光缆(光芯片/光通信) 6.47%
017290,中欧科创主题混合(LOF)C,混合型-偏股,0.00%,0.00%,0.00%,6.46%,6.46%,1,中芯国际(电芯片/核心半导体) 6.46%
025426,国联中证港股通综合指数增强A,指数型-股票,0.00%,0.00%,0.00%,6.46%,6.46%,1,中芯国际(电芯片/核心半导体) 6.46%
025427,国联中证港股通综合指数增强C,指数型-股票,0.00%,0.00%,0.00%,6.46%,6.46%,1,中芯国际(电芯片/核心半导体) 6.46%
501081,中欧科创主题混合(LOF)A,混合型-偏股,0.00%,0.00%,0.00%,6.46%,6.46%,1,中芯国际(电芯片/核心半导体) 6.46%
159741,恒生科技ETF嘉实,指数型-海外股票,0.00%,0.00%,0.00%,6.45%,6.45%,1,中芯国际(电芯片/核心半导体) 6.45%
011599,国联安匠心科技1个月滚动持有混合,混合型-偏股,0.00%,0.00%,0.00%,6.39%,6.39%,1,华虹半导体(电芯片/核心半导体) 6.39%
013841,银华集成电路混合C,混合型-偏股,0.00%,0.00%,0.00%,6.37%,6.37%,2,中芯国际(电芯片/核心半导体) 3.19%; 华虹半导体(电芯片/核心半导体) 3.18%
013840,银华集成电路混合A,混合型-偏股,0.00%,0.00%,0.00%,6.37%,6.37%,2,中芯国际(电芯片/核心半导体) 3.19%; 华虹半导体(电芯片/核心半导体) 3.18%
520590,恒生科技ETF鹏华,指数型-海外股票,0.00%,0.00%,0.00%,6.37%,6.37%,1,中芯国际(电芯片/核心半导体) 6.37%
008009,华商高端装备制造股票A,股票型,0.00%,0.00%,6.35%,0.00%,6.35%,1,长飞光纤光缆(光芯片/光通信) 6.35%
009777,中欧阿尔法混合C,混合型-偏股,0.00%,0.00%,6.35%,0.00%,6.35%,1,长飞光纤光缆(光芯片/光通信) 6.35%
009776,中欧阿尔法混合A,混合型-偏股,0.00%,0.00%,6.35%,0.00%,6.35%,1,长飞光纤光缆(光芯片/光通信) 6.35%
016050,华商高端装备制造股票C,股票型,0.00%,0.00%,6.35%,0.00%,6.35%,1,长飞光纤光缆(光芯片/光通信) 6.35%
019160,中欧产业领航混合C,混合型-偏股,0.00%,0.00%,6.33%,0.00%,6.33%,1,长飞光纤光缆(光芯片/光通信) 6.33%
019159,中欧产业领航混合A,混合型-偏股,0.00%,0.00%,6.33%,0.00%,6.33%,1,长飞光纤光缆(光芯片/光通信) 6.33%
011363,南方兴润价值一年持有混合A,混合型-灵活,0.00%,0.00%,3.48%,2.83%,6.31%,2,长飞光纤光缆(光芯片/光通信) 3.48%; 华虹半导体(电芯片/核心半导体) 2.83%
011364,南方兴润价值一年持有混合C,混合型-灵活,0.00%,0.00%,3.48%,2.83%,6.31%,2,长飞光纤光缆(光芯片/光通信) 3.48%; 华虹半导体(电芯片/核心半导体) 2.83%
513260,恒生科技ETF汇添富,指数型-海外股票,0.00%,0.00%,0.00%,6.31%,6.31%,1,中芯国际(电芯片/核心半导体) 6.31%
520570,恒生科技ETF南方,指数型-海外股票,0.00%,0.00%,0.00%,6.31%,6.31%,1,中芯国际(电芯片/核心半导体) 6.31%
006263,易方达香港小型股指数C,指数型-海外股票,0.00%,0.00%,6.30%,0.00%,6.30%,1,长飞光纤光缆(光芯片/光通信) 6.30%
161124,易方达香港小型股指数A,指数型-海外股票,0.00%,0.00%,6.30%,0.00%,6.30%,1,长飞光纤光缆(光芯片/光通信) 6.30%
159742,恒生科技ETF博时,指数型-海外股票,0.00%,0.00%,0.00%,6.29%,6.29%,1,中芯国际(电芯片/核心半导体) 6.29%
513010,恒生科技ETF易方达,指数型-海外股票,0.00%,0.00%,0.00%,6.27%,6.27%,1,中芯国际(电芯片/核心半导体) 6.27%
000934,国富大中华精选混合,QDII-混合偏股,0.00%,0.00%,1.84%,4.36%,6.20%,3,台积电(电芯片/核心半导体) 2.25%; 台积电(电芯片/核心半导体) 2.11%; 高伟电子(光芯片/光通信) 1.84%
006370,国富大中华精选混合美元,QDII-混合偏股,0.00%,0.00%,1.84%,4.36%,6.20%,3,台积电(电芯片/核心半导体) 2.25%; 台积电(电芯片/核心半导体) 2.11%; 高伟电子(光芯片/光通信) 1.84%
004934,圆信永丰消费升级,混合型-灵活,0.00%,0.00%,0.00%,6.19%,6.19%,1,中芯国际(电芯片/核心半导体) 6.19%
159269,港股通科技ETF南方,指数型-股票,0.00%,0.00%,0.00%,6.19%,6.19%,1,中芯国际(电芯片/核心半导体) 6.19%
513580,恒生科技ETF华安,指数型-海外股票,0.00%,0.00%,0.00%,6.18%,6.18%,1,中芯国际(电芯片/核心半导体) 6.18%
520860,港股通科技ETF富国,指数型-股票,0.00%,0.00%,0.00%,6.17%,6.17%,1,中芯国际(电芯片/核心半导体) 6.17%
159740,恒生科技ETF大成,指数型-海外股票,0.00%,0.00%,0.00%,6.16%,6.16%,1,中芯国际(电芯片/核心半导体) 6.16%
513860,港股通科技ETF海富通,指数型-股票,0.00%,0.00%,0.00%,6.16%,6.16%,1,中芯国际(电芯片/核心半导体) 6.16%
513020,港股科技ETF国泰,指数型-股票,0.00%,0.00%,0.00%,6.15%,6.15%,1,中芯国际(电芯片/核心半导体) 6.15%
010647,融通价值趋势混合C,混合型-偏股,0.00%,0.00%,6.14%,0.00%,6.14%,1,长飞光纤光缆(光芯片/光通信) 6.14%
010646,融通价值趋势混合A,混合型-偏股,0.00%,0.00%,6.14%,0.00%,6.14%,1,长飞光纤光缆(光芯片/光通信) 6.14%
013414,太平智远三个月定开股票发起式,股票型,0.00%,0.00%,0.00%,6.14%,6.14%,1,华虹半导体(电芯片/核心半导体) 6.14%
014023,宏利景气领航两年持有混合,混合型-偏股,0.00%,0.00%,6.14%,0.00%,6.14%,1,长飞光纤光缆(光芯片/光通信) 6.14%
513980,港股科技ETF景顺,指数型-股票,0.00%,0.00%,0.00%,6.14%,6.14%,1,中芯国际(电芯片/核心半导体) 6.14%
520530,港股通科技ETF东财,指数型-股票,0.00%,0.00%,0.00%,6.14%,6.14%,1,中芯国际(电芯片/核心半导体) 6.14%
006257,信澳先进智造股票型A,股票型,0.00%,0.00%,0.00%,6.13%,6.13%,1,华虹半导体(电芯片/核心半导体) 6.13%
010519,华夏先锋科技一年定开混合C,混合型-偏股,0.00%,0.00%,0.00%,6.13%,6.13%,1,中芯国际(电芯片/核心半导体) 6.13%
010518,华夏先锋科技一年定开混合A,混合型-偏股,0.00%,0.00%,0.00%,6.13%,6.13%,1,中芯国际(电芯片/核心半导体) 6.13%
014840,招商裕华混合,混合型-偏股,0.00%,0.00%,0.00%,6.13%,6.13%,2,中芯国际(电芯片/核心半导体) 3.59%; 华虹半导体(电芯片/核心半导体) 2.54%
024166,西部利得恒生科技指数(QDII)A,指数型-海外股票,0.00%,0.00%,0.00%,6.13%,6.13%,1,中芯国际(电芯片/核心半导体) 6.13%
024167,西部利得恒生科技指数(QDII)C,指数型-海外股票,0.00%,0.00%,0.00%,6.13%,6.13%,1,中芯国际(电芯片/核心半导体) 6.13%
024169,信澳先进智造股票型C,股票型,0.00%,0.00%,0.00%,6.13%,6.13%,1,华虹半导体(电芯片/核心半导体) 6.13%
012502,银华安盛混合,混合型-偏股,0.00%,0.00%,0.00%,6.10%,6.10%,1,中芯国际(电芯片/核心半导体) 6.10%
161132,易方达科顺定开混合,混合型-灵活,0.00%,0.00%,6.09%,0.00%,6.09%,1,长飞光纤光缆(光芯片/光通信) 6.09%
024148,长城恒生科技指数(QDII)A,指数型-海外股票,0.00%,0.00%,0.00%,6.07%,6.07%,1,中芯国际(电芯片/核心半导体) 6.07%
024149,长城恒生科技指数(QDII)C,指数型-海外股票,0.00%,0.00%,0.00%,6.07%,6.07%,1,中芯国际(电芯片/核心半导体) 6.07%
018442,汇添富成长领航混合A,混合型-偏股,0.00%,0.00%,0.00%,6.06%,6.06%,1,华虹半导体(电芯片/核心半导体) 6.06%
018443,汇添富成长领航混合C,混合型-偏股,0.00%,0.00%,0.00%,6.06%,6.06%,1,华虹半导体(电芯片/核心半导体) 6.06%
513150,港股通科技ETF华泰柏瑞,指数型-股票,0.00%,0.00%,0.00%,6.06%,6.06%,1,中芯国际(电芯片/核心半导体) 6.06%
023034,中欧恒生科技指数发起(QDII)A,指数型-海外股票,0.00%,0.00%,0.00%,6.05%,6.05%,1,中芯国际(电芯片/核心半导体) 6.05%
023035,中欧恒生科技指数发起(QDII)C,指数型-海外股票,0.00%,0.00%,0.00%,6.05%,6.05%,1,中芯国际(电芯片/核心半导体) 6.05%
016165,汇添富优势企业精选混合A,混合型-偏股,0.00%,0.00%,6.04%,0.00%,6.04%,1,长飞光纤光缆(光芯片/光通信) 6.04%
016173,汇添富优势企业精选混合C,混合型-偏股,0.00%,0.00%,6.04%,0.00%,6.04%,1,长飞光纤光缆(光芯片/光通信) 6.04%
513560,香港科技ETF兴银,指数型-股票,0.00%,0.00%,0.00%,6.04%,6.04%,1,中芯国际(电芯片/核心半导体) 6.04%
012208,华夏港股前沿经济混合(QDII)A,QDII-混合偏股,0.00%,0.00%,0.00%,6.02%,6.02%,1,中芯国际(电芯片/核心半导体) 6.02%
012209,华夏港股前沿经济混合(QDII)C,QDII-混合偏股,0.00%,0.00%,0.00%,6.02%,6.02%,1,中芯国际(电芯片/核心半导体) 6.02%
012570,建信恒生科技指数发起(QDII)A,指数型-海外股票,0.00%,0.00%,0.00%,6.02%,6.02%,1,中芯国际(电芯片/核心半导体) 6.02%
012571,建信恒生科技指数发起(QDII)C,指数型-海外股票,0.00%,0.00%,0.00%,6.02%,6.02%,1,中芯国际(电芯片/核心半导体) 6.02%
024848,国投瑞银中证港股通科技指数发起式C,指数型-股票,0.00%,0.00%,0.00%,6.02%,6.02%,1,中芯国际(电芯片/核心半导体) 6.02%
024847,国投瑞银中证港股通科技指数发起式A,指数型-股票,0.00%,0.00%,0.00%,6.02%,6.02%,1,中芯国际(电芯片/核心半导体) 6.02%
159751,港股通科技ETF鹏华,指数型-股票,0.00%,0.00%,0.00%,6.01%,6.01%,1,中芯国际(电芯片/核心半导体) 6.01%
026206,宝盈恒生科技指数(QDII)A,指数型-海外股票,0.00%,0.00%,0.00%,5.99%,5.99%,1,中芯国际(电芯片/核心半导体) 5.99%
026207,宝盈恒生科技指数(QDII)C,指数型-海外股票,0.00%,0.00%,0.00%,5.99%,5.99%,1,中芯国际(电芯片/核心半导体) 5.99%
009009,平安科技创新混合C,混合型-偏股,0.00%,0.00%,5.95%,0.00%,5.95%,1,长飞光纤光缆(光芯片/光通信) 5.95%
009008,平安科技创新混合A,混合型-偏股,0.00%,0.00%,5.95%,0.00%,5.95%,1,长飞光纤光缆(光芯片/光通信) 5.95%
020469,长城半导体混合发起式A,混合型-偏股,0.00%,0.00%,0.00%,5.94%,5.94%,1,中芯国际(电芯片/核心半导体) 5.94%
020470,长城半导体混合发起式C,混合型-偏股,0.00%,0.00%,0.00%,5.94%,5.94%,1,中芯国际(电芯片/核心半导体) 5.94%
014192,广发先进制造股票发起式C,股票型,0.00%,0.00%,5.93%,0.00%,5.93%,1,长飞光纤光缆(光芯片/光通信) 5.93%
014191,广发先进制造股票发起式A,股票型,0.00%,0.00%,5.93%,0.00%,5.93%,1,长飞光纤光缆(光芯片/光通信) 5.93%
010127,平安价值成长混合C,混合型-偏股,0.00%,0.00%,5.91%,0.00%,5.91%,1,长飞光纤光缆(光芯片/光通信) 5.91%
010126,平安价值成长混合A,混合型-偏股,0.00%,0.00%,5.91%,0.00%,5.91%,1,长飞光纤光缆(光芯片/光通信) 5.91%
010662,富国均衡优选混合,混合型-偏股,0.00%,0.00%,0.00%,5.91%,5.91%,1,中芯国际(电芯片/核心半导体) 5.91%
012150,诺德价值发现一年持有混合,混合型-偏股,0.00%,0.00%,0.00%,5.89%,5.89%,1,中芯国际(电芯片/核心半导体) 5.89%
025673,鑫元港股通领航混合C,混合型-偏股,0.00%,0.00%,0.00%,5.86%,5.86%,1,华虹半导体(电芯片/核心半导体) 5.86%
025674,鑫元港股通领航混合A,混合型-偏股,0.00%,0.00%,0.00%,5.86%,5.86%,1,华虹半导体(电芯片/核心半导体) 5.86%
010109,富国价值增长混合A,混合型-偏股,0.00%,0.00%,5.85%,0.00%,5.85%,1,长飞光纤光缆(光芯片/光通信) 5.85%
015689,富国价值增长混合C,混合型-偏股,0.00%,0.00%,5.85%,0.00%,5.85%,1,长飞光纤光缆(光芯片/光通信) 5.85%
513170,恒生央企ETF鹏华,指数型-海外股票,0.00%,0.00%,0.00%,5.85%,5.85%,1,中芯国际(电芯片/核心半导体) 5.85%
014483,华夏融盛可持续一年持有混合C,混合型-偏股,0.00%,0.00%,0.00%,5.84%,5.84%,1,中芯国际(电芯片/核心半导体) 5.84%
014482,华夏融盛可持续一年持有混合A,混合型-偏股,0.00%,0.00%,0.00%,5.84%,5.84%,1,中芯国际(电芯片/核心半导体) 5.84%
026174,路博迈港股通科技股票C,股票型,0.00%,0.00%,2.46%,3.34%,5.80%,2,中芯国际(电芯片/核心半导体) 3.34%; 长飞光纤光缆(光芯片/光通信) 2.46%
026173,路博迈港股通科技股票A,股票型,0.00%,0.00%,2.46%,3.34%,5.80%,2,中芯国际(电芯片/核心半导体) 3.34%; 长飞光纤光缆(光芯片/光通信) 2.46%
021892,融通中证港股通科技指数C,指数型-股票,0.00%,0.00%,0.00%,5.75%,5.75%,1,中芯国际(电芯片/核心半导体) 5.75%
021891,融通中证港股通科技指数A,指数型-股票,0.00%,0.00%,0.00%,5.75%,5.75%,1,中芯国际(电芯片/核心半导体) 5.75%
025880,汇添富科技领先混合A,混合型-偏股,0.00%,0.00%,5.75%,0.00%,5.75%,1,长飞光纤光缆(光芯片/光通信) 5.75%
025881,汇添富科技领先混合C,混合型-偏股,0.00%,0.00%,5.75%,0.00%,5.75%,1,长飞光纤光缆(光芯片/光通信) 5.75%
012383,宏利新兴景气龙头混合C,混合型-偏股,0.00%,0.00%,5.71%,0.00%,5.71%,1,长飞光纤光缆(光芯片/光通信) 5.71%
012382,宏利新兴景气龙头混合A,混合型-偏股,0.00%,0.00%,5.71%,0.00%,5.71%,1,长飞光纤光缆(光芯片/光通信) 5.71%
016243,广发成长领航一年持有混合A,混合型-偏股,0.00%,0.00%,5.70%,0.00%,5.70%,1,长飞光纤光缆(光芯片/光通信) 5.70%
016244,广发成长领航一年持有混合C,混合型-偏股,0.00%,0.00%,5.70%,0.00%,5.70%,1,长飞光纤光缆(光芯片/光通信) 5.70%
018430,摩根世代趋势混合发起式A,混合型-偏股,0.00%,0.00%,5.70%,0.00%,5.70%,1,长飞光纤光缆(光芯片/光通信) 5.70%
018431,摩根世代趋势混合发起式C,混合型-偏股,0.00%,0.00%,5.70%,0.00%,5.70%,1,长飞光纤光缆(光芯片/光通信) 5.70%
016709,泉果旭源三年持有期混合A,混合型-偏股,0.00%,0.00%,0.00%,5.65%,5.65%,1,中芯国际(电芯片/核心半导体) 5.65%
016710,泉果旭源三年持有期混合C,混合型-偏股,0.00%,0.00%,0.00%,5.65%,5.65%,1,中芯国际(电芯片/核心半导体) 5.65%
015230,华夏低碳经济一年持有混合C,混合型-偏股,0.00%,0.00%,5.61%,0.00%,5.61%,1,长飞光纤光缆(光芯片/光通信) 5.61%
015229,华夏低碳经济一年持有混合A,混合型-偏股,0.00%,0.00%,5.61%,0.00%,5.61%,1,长飞光纤光缆(光芯片/光通信) 5.61%
012454,淳厚鑫悦混合A,混合型-偏股,0.00%,0.00%,5.60%,0.00%,5.60%,1,长飞光纤光缆(光芯片/光通信) 5.60%
012455,淳厚鑫悦混合C,混合型-偏股,0.00%,0.00%,5.60%,0.00%,5.60%,1,长飞光纤光缆(光芯片/光通信) 5.60%
009492,宝盈创新驱动股票C,股票型,0.00%,0.00%,0.00%,5.56%,5.56%,1,华虹半导体(电芯片/核心半导体) 5.56%
009491,宝盈创新驱动股票A,股票型,0.00%,0.00%,0.00%,5.56%,5.56%,1,华虹半导体(电芯片/核心半导体) 5.56%
010003,景顺长城电子信息产业股票A,股票型,0.00%,0.00%,0.00%,5.55%,5.55%,1,中芯国际(电芯片/核心半导体) 5.55%
010004,景顺长城电子信息产业股票C,股票型,0.00%,0.00%,0.00%,5.55%,5.55%,1,中芯国际(电芯片/核心半导体) 5.55%
010730,银华心佳两年持有期混合,混合型-偏股,0.00%,0.00%,0.00%,5.55%,5.55%,1,中芯国际(电芯片/核心半导体) 5.55%
016311,中欧优质企业混合A,混合型-偏股,0.00%,0.00%,5.55%,0.00%,5.55%,1,高伟电子(光芯片/光通信) 5.55%
016312,中欧优质企业混合C,混合型-偏股,0.00%,0.00%,5.55%,0.00%,5.55%,1,高伟电子(光芯片/光通信) 5.55%
024439,交银瑞安混合A,混合型-偏股,0.00%,0.00%,3.33%,2.15%,5.48%,2,长飞光纤光缆(光芯片/光通信) 3.33%; 华虹半导体(电芯片/核心半导体) 2.15%
024440,交银瑞安混合C,混合型-偏股,0.00%,0.00%,3.33%,2.15%,5.48%,2,长飞光纤光缆(光芯片/光通信) 3.33%; 华虹半导体(电芯片/核心半导体) 2.15%
159101,港股通科技ETF华夏,指数型-股票,0.00%,0.00%,0.00%,5.48%,5.48%,1,中芯国际(电芯片/核心半导体) 5.48%
159128,港股科技ETF天弘,指数型-股票,0.00%,0.00%,0.00%,5.48%,5.48%,1,中芯国际(电芯片/核心半导体) 5.48%
010340,易方达高质量严选三年持有,混合型-偏股,0.00%,0.00%,5.47%,0.00%,5.47%,1,长飞光纤光缆(光芯片/光通信) 5.47%
012647,中欧洞见一年持有混合,混合型-偏股,0.00%,0.00%,5.46%,0.00%,5.46%,1,高伟电子(光芯片/光通信) 5.46%
159636,港股通科技30ETF工银,指数型-股票,0.00%,0.00%,0.00%,5.46%,5.46%,1,中芯国际(电芯片/核心半导体) 5.46%
159251,港股通科技ETF万家,指数型-股票,0.00%,0.00%,0.00%,5.45%,5.45%,1,中芯国际(电芯片/核心半导体) 5.45%
010898,银河产业动力混合A,混合型-偏股,0.00%,0.00%,0.00%,5.44%,5.44%,1,华虹半导体(电芯片/核心半导体) 5.44%
018870,银河产业动力混合C,混合型-偏股,0.00%,0.00%,0.00%,5.44%,5.44%,1,华虹半导体(电芯片/核心半导体) 5.44%
241001,华宝海外中国成长混合,QDII-混合偏股,0.00%,0.00%,5.44%,0.00%,5.44%,1,长飞光纤光缆(光芯片/光通信) 5.44%
017848,东方红先进制造混合A,混合型-偏股,0.00%,0.00%,0.00%,5.43%,5.43%,1,中芯国际(电芯片/核心半导体) 5.43%
017849,东方红先进制造混合C,混合型-偏股,0.00%,0.00%,0.00%,5.43%,5.43%,1,中芯国际(电芯片/核心半导体) 5.43%
159125,港股通科技ETF招商,指数型-股票,0.00%,0.00%,0.00%,5.43%,5.43%,1,中芯国际(电芯片/核心半导体) 5.43%
012301,易方达核心智造混合,混合型-偏股,0.00%,0.00%,5.42%,0.00%,5.42%,1,长飞光纤光缆(光芯片/光通信) 5.42%
014402,富国核心趋势混合C,混合型-偏股,0.00%,0.00%,5.41%,0.00%,5.41%,1,长飞光纤光缆(光芯片/光通信) 5.41%
014401,富国核心趋势混合A,混合型-偏股,0.00%,0.00%,5.41%,0.00%,5.41%,1,长飞光纤光缆(光芯片/光通信) 5.41%
025350,广发乾享核心精选混合C,混合型-偏股,0.00%,0.00%,5.41%,0.00%,5.41%,1,长飞光纤光缆(光芯片/光通信) 5.41%
025349,广发乾享核心精选混合A,混合型-偏股,0.00%,0.00%,5.41%,0.00%,5.41%,1,长飞光纤光缆(光芯片/光通信) 5.41%
016761,嘉合锦荣混合A,混合型-偏股,0.00%,0.00%,0.00%,5.37%,5.37%,1,中芯国际(电芯片/核心半导体) 5.37%
016762,嘉合锦荣混合C,混合型-偏股,0.00%,0.00%,0.00%,5.37%,5.37%,1,中芯国际(电芯片/核心半导体) 5.37%
019075,嘉实全球产业精选混合发起式(QDII)人民币,QDII-混合偏股,0.00%,0.00%,0.00%,5.37%,5.37%,2,台积电(电芯片/核心半导体) 2.89%; 中芯国际(电芯片/核心半导体) 2.48%
019076,嘉实全球产业精选混合发起式(QDII)美元,QDII-混合偏股,0.00%,0.00%,0.00%,5.37%,5.37%,2,台积电(电芯片/核心半导体) 2.89%; 中芯国际(电芯片/核心半导体) 2.48%
011338,兴全合远两年持有混合A,混合型-偏股,0.00%,0.00%,5.35%,0.00%,5.35%,1,高伟电子(光芯片/光通信) 5.35%
011339,兴全合远两年持有混合C,混合型-偏股,0.00%,0.00%,5.35%,0.00%,5.35%,1,高伟电子(光芯片/光通信) 5.35%
012988,嘉合锦明混合C,混合型-偏股,0.00%,0.00%,0.00%,5.35%,5.35%,1,中芯国际(电芯片/核心半导体) 5.35%
012987,嘉合锦明混合A,混合型-偏股,0.00%,0.00%,0.00%,5.35%,5.35%,1,中芯国际(电芯片/核心半导体) 5.35%
013369,汇添富自主核心科技一年持有混合A,混合型-偏股,0.00%,0.00%,5.35%,0.00%,5.35%,1,长飞光纤光缆(光芯片/光通信) 5.35%
013370,汇添富自主核心科技一年持有混合C,混合型-偏股,0.00%,0.00%,5.35%,0.00%,5.35%,1,长飞光纤光缆(光芯片/光通信) 5.35%
012986,平安优势回报1年持有混合C,混合型-偏股,0.00%,0.00%,5.32%,0.00%,5.32%,1,长飞光纤光缆(光芯片/光通信) 5.32%
012985,平安优势回报1年持有混合A,混合型-偏股,0.00%,0.00%,5.32%,0.00%,5.32%,1,长飞光纤光缆(光芯片/光通信) 5.32%
009576,东方红智远三年持有混合,混合型-偏股,0.00%,0.00%,0.00%,5.31%,5.31%,1,中芯国际(电芯片/核心半导体) 5.31%
012706,中银核心精选混合A,混合型-偏股,0.00%,0.00%,0.00%,5.30%,5.30%,2,华虹半导体(电芯片/核心半导体) 2.72%; 中芯国际(电芯片/核心半导体) 2.58%
012707,中银核心精选混合C,混合型-偏股,0.00%,0.00%,0.00%,5.30%,5.30%,2,华虹半导体(电芯片/核心半导体) 2.72%; 中芯国际(电芯片/核心半导体) 2.58%
014607,招商高端装备混合C,混合型-偏股,0.00%,0.00%,5.28%,0.00%,5.28%,1,长飞光纤光缆(光芯片/光通信) 5.28%
014606,招商高端装备混合A,混合型-偏股,0.00%,0.00%,5.28%,0.00%,5.28%,1,长飞光纤光缆(光芯片/光通信) 5.28%
016157,汇添富数字经济核心产业一年持有期混合A,混合型-偏股,0.00%,0.00%,0.00%,5.27%,5.27%,1,中芯国际(电芯片/核心半导体) 5.27%
016158,汇添富数字经济核心产业一年持有期混合C,混合型-偏股,0.00%,0.00%,0.00%,5.27%,5.27%,1,中芯国际(电芯片/核心半导体) 5.27%
016159,汇添富数字经济核心产业一年持有期混合D,混合型-偏股,0.00%,0.00%,0.00%,5.27%,5.27%,1,中芯国际(电芯片/核心半导体) 5.27%
008290,华安现代生活混合,混合型-偏股,0.00%,0.00%,0.00%,5.25%,5.25%,1,华虹半导体(电芯片/核心半导体) 5.25%
010180,华夏科技龙头两年持有混合,混合型-偏股,0.00%,0.00%,0.00%,5.19%,5.19%,1,华虹半导体(电芯片/核心半导体) 5.19%
026210,平安科技精选混合发起式A,混合型-偏股,0.00%,0.00%,5.18%,0.00%,5.18%,1,长飞光纤光缆(光芯片/光通信) 5.18%
026211,平安科技精选混合发起式C,混合型-偏股,0.00%,0.00%,5.18%,0.00%,5.18%,1,长飞光纤光缆(光芯片/光通信) 5.18%
010213,中欧互联网先锋混合A,混合型-偏股,0.00%,0.00%,5.16%,0.00%,5.16%,1,长飞光纤光缆(光芯片/光通信) 5.16%
010214,中欧互联网先锋混合C,混合型-偏股,0.00%,0.00%,5.16%,0.00%,5.16%,1,长飞光纤光缆(光芯片/光通信) 5.16%
014419,西部利得CES芯片指数增强C,指数型-股票,0.00%,0.00%,0.00%,5.16%,5.16%,1,中芯国际(电芯片/核心半导体) 5.16%
014418,西部利得CES芯片指数增强A,指数型-股票,0.00%,0.00%,0.00%,5.16%,5.16%,1,中芯国际(电芯片/核心半导体) 5.16%
002387,工银沪港深股票A,股票型,0.00%,0.00%,0.00%,5.15%,5.15%,1,中芯国际(电芯片/核心半导体) 5.15%
007512,工银沪港深股票C,股票型,0.00%,0.00%,0.00%,5.15%,5.15%,1,中芯国际(电芯片/核心半导体) 5.15%
016465,兴全合瑞混合C,混合型-偏股,0.00%,0.00%,5.15%,0.00%,5.15%,1,高伟电子(光芯片/光通信) 5.15%
016464,兴全合瑞混合A,混合型-偏股,0.00%,0.00%,5.15%,0.00%,5.15%,1,高伟电子(光芯片/光通信) 5.15%
019153,中欧锐意成长混合发起A,混合型-偏股,0.00%,0.00%,5.15%,0.00%,5.15%,1,长飞光纤光缆(光芯片/光通信) 5.15%
019154,中欧锐意成长混合发起C,混合型-偏股,0.00%,0.00%,5.15%,0.00%,5.15%,1,长飞光纤光缆(光芯片/光通信) 5.15%
012884,华夏港股通精选股票发起式(LOF)C,股票型,0.00%,0.00%,0.00%,5.14%,5.14%,1,中芯国际(电芯片/核心半导体) 5.14%
160322,华夏港股通精选股票发起式(LOF)A,股票型,0.00%,0.00%,0.00%,5.14%,5.14%,1,中芯国际(电芯片/核心半导体) 5.14%
024821,国富国证港股通科技指数C,指数型-股票,0.00%,0.00%,0.00%,5.13%,5.13%,1,中芯国际(电芯片/核心半导体) 5.13%
024820,国富国证港股通科技指数A,指数型-股票,0.00%,0.00%,0.00%,5.13%,5.13%,1,中芯国际(电芯片/核心半导体) 5.13%
010372,大成成长进取混合C,混合型-偏股,0.00%,0.00%,5.11%,0.00%,5.11%,1,长飞光纤光缆(光芯片/光通信) 5.11%
010371,大成成长进取混合A,混合型-偏股,0.00%,0.00%,5.11%,0.00%,5.11%,1,长飞光纤光缆(光芯片/光通信) 5.11%
025024,华商港股通价值回报混合,混合型-偏股,0.00%,0.00%,0.00%,5.10%,5.10%,1,中芯国际(电芯片/核心半导体) 5.10%
014350,华商卓越成长一年持有混合A,混合型-偏股,0.00%,0.00%,5.07%,0.00%,5.07%,1,长飞光纤光缆(光芯片/光通信) 5.07%
014351,华商卓越成长一年持有混合C,混合型-偏股,0.00%,0.00%,5.07%,0.00%,5.07%,1,长飞光纤光缆(光芯片/光通信) 5.07%
012510,国富优质企业一年持有期混合A,混合型-偏股,0.00%,0.00%,0.00%,5.06%,5.06%,1,中芯国际(电芯片/核心半导体) 5.06%
012511,国富优质企业一年持有期混合C,混合型-偏股,0.00%,0.00%,0.00%,5.06%,5.06%,1,中芯国际(电芯片/核心半导体) 5.06%
025182,浦银安盛港股通科技指数C,指数型-股票,0.00%,0.00%,0.00%,5.03%,5.03%,1,中芯国际(电芯片/核心半导体) 5.03%
025181,浦银安盛港股通科技指数A,指数型-股票,0.00%,0.00%,0.00%,5.03%,5.03%,1,中芯国际(电芯片/核心半导体) 5.03%
004263,华安沪港深机会灵活配置混合,混合型-灵活,0.00%,0.00%,0.00%,5.02%,5.02%,1,中芯国际(电芯片/核心半导体) 5.02%
010807,融通稳信增益6个月持有期混合A,混合型-偏债,0.00%,0.00%,5.02%,0.00%,5.02%,1,长飞光纤光缆(光芯片/光通信) 5.02%
012525,融通稳信增益6个月持有期混合C,混合型-偏债,0.00%,0.00%,5.02%,0.00%,5.02%,1,长飞光纤光缆(光芯片/光通信) 5.02%
013389,华夏成长先锋一年持有混合A,混合型-偏股,0.00%,0.00%,0.00%,4.97%,4.97%,1,华虹半导体(电芯片/核心半导体) 4.97%
013390,华夏成长先锋一年持有混合C,混合型-偏股,0.00%,0.00%,0.00%,4.97%,4.97%,1,华虹半导体(电芯片/核心半导体) 4.97%
018994,中欧数字经济混合发起C,混合型-偏股,0.00%,0.00%,4.95%,0.00%,4.95%,1,长飞光纤光缆(光芯片/光通信) 4.95%
018993,中欧数字经济混合发起A,混合型-偏股,0.00%,0.00%,4.95%,0.00%,4.95%,1,长飞光纤光缆(光芯片/光通信) 4.95%
011304,工银创新成长混合A,混合型-偏股,0.00%,0.00%,4.92%,0.00%,4.92%,1,长飞光纤光缆(光芯片/光通信) 4.92%
011305,工银创新成长混合C,混合型-偏股,0.00%,0.00%,4.92%,0.00%,4.92%,1,长飞光纤光缆(光芯片/光通信) 4.92%
011800,申万菱信价值精选混合A,混合型-偏股,0.00%,0.00%,4.91%,0.00%,4.91%,1,长飞光纤光缆(光芯片/光通信) 4.91%
015158,申万菱信价值精选混合C,混合型-偏股,0.00%,0.00%,4.91%,0.00%,4.91%,1,长飞光纤光缆(光芯片/光通信) 4.91%
010442,东方红启盛三年持有混合B,混合型-偏股,0.00%,0.00%,0.00%,4.90%,4.90%,1,中芯国际(电芯片/核心半导体) 4.90%
012846,恒越蓝筹精选混合,混合型-偏股,0.00%,0.00%,0.00%,4.90%,4.90%,1,中芯国际(电芯片/核心半导体) 4.90%
013052,汇泉臻心致远混合C,混合型-偏股,0.00%,0.00%,0.00%,4.90%,4.90%,1,中芯国际(电芯片/核心半导体) 4.90%
013051,汇泉臻心致远混合A,混合型-偏股,0.00%,0.00%,0.00%,4.90%,4.90%,1,中芯国际(电芯片/核心半导体) 4.90%
910006,东方红启盛三年持有混合A,混合型-偏股,0.00%,0.00%,0.00%,4.90%,4.90%,1,中芯国际(电芯片/核心半导体) 4.90%
014783,招商远见成长混合A,混合型-偏股,0.00%,0.00%,4.88%,0.00%,4.88%,1,长飞光纤光缆(光芯片/光通信) 4.88%
014784,招商远见成长混合C,混合型-偏股,0.00%,0.00%,4.88%,0.00%,4.88%,1,长飞光纤光缆(光芯片/光通信) 4.88%
020408,华商数字经济混合A,混合型-偏股,0.00%,0.00%,0.00%,4.86%,4.86%,1,中芯国际(电芯片/核心半导体) 4.86%
020409,华商数字经济混合C,混合型-偏股,0.00%,0.00%,0.00%,4.86%,4.86%,1,中芯国际(电芯片/核心半导体) 4.86%
015976,光大数字经济主题混合A,混合型-偏股,0.00%,0.00%,0.00%,4.85%,4.85%,1,中芯国际(电芯片/核心半导体) 4.85%
015977,光大数字经济主题混合C,混合型-偏股,0.00%,0.00%,0.00%,4.85%,4.85%,1,中芯国际(电芯片/核心半导体) 4.85%
019265,南方港股数字经济混合发起(QDII)A,QDII-混合偏股,0.00%,0.00%,4.83%,0.00%,4.83%,1,长飞光纤光缆(光芯片/光通信) 4.83%
019266,南方港股数字经济混合发起(QDII)C,QDII-混合偏股,0.00%,0.00%,4.83%,0.00%,4.83%,1,长飞光纤光缆(光芯片/光通信) 4.83%
019942,富国洞见价值股票C,股票型,0.00%,0.00%,0.00%,4.79%,4.79%,1,中芯国际(电芯片/核心半导体) 4.79%
019941,富国洞见价值股票A,股票型,0.00%,0.00%,0.00%,4.79%,4.79%,1,中芯国际(电芯片/核心半导体) 4.79%
022168,富国洞见价值股票E,股票型,0.00%,0.00%,0.00%,4.79%,4.79%,1,中芯国际(电芯片/核心半导体) 4.79%
010587,鹏扬先进制造混合A,混合型-偏股,0.00%,0.00%,0.00%,4.78%,4.78%,1,中芯国际(电芯片/核心半导体) 4.78%
010588,鹏扬先进制造混合C,混合型-偏股,0.00%,0.00%,0.00%,4.78%,4.78%,1,中芯国际(电芯片/核心半导体) 4.78%
015144,中欧智能制造混合C,混合型-偏股,0.00%,0.00%,0.00%,4.78%,4.78%,1,中芯国际(电芯片/核心半导体) 4.78%
015143,中欧智能制造混合A,混合型-偏股,0.00%,0.00%,0.00%,4.78%,4.78%,1,中芯国际(电芯片/核心半导体) 4.78%
015548,华商核心成长一年持有混合C,混合型-偏股,0.00%,0.00%,4.78%,0.00%,4.78%,1,长飞光纤光缆(光芯片/光通信) 4.78%
015547,华商核心成长一年持有混合A,混合型-偏股,0.00%,0.00%,4.78%,0.00%,4.78%,1,长飞光纤光缆(光芯片/光通信) 4.78%
012346,易方达港股通成长混合A,混合型-偏股,0.00%,0.00%,4.77%,0.00%,4.77%,1,长飞光纤光缆(光芯片/光通信) 4.77%
012347,易方达港股通成长混合C,混合型-偏股,0.00%,0.00%,4.77%,0.00%,4.77%,1,长飞光纤光缆(光芯片/光通信) 4.77%
011163,博时港股通领先趋势混合C,混合型-偏股,0.00%,0.00%,0.00%,4.75%,4.75%,1,华虹半导体(电芯片/核心半导体) 4.75%
011162,博时港股通领先趋势混合A,混合型-偏股,0.00%,0.00%,0.00%,4.75%,4.75%,1,华虹半导体(电芯片/核心半导体) 4.75%
501098,建信优享科技创新混合(LOF),混合型-偏股,0.00%,0.00%,0.00%,4.74%,4.74%,1,华虹半导体(电芯片/核心半导体) 4.74%
910024,东方红启阳三年持有混合A,混合型-偏股,0.00%,0.00%,0.00%,4.74%,4.74%,1,中芯国际(电芯片/核心半导体) 4.74%
011399,汇添富数字未来混合A,混合型-偏股,0.00%,0.00%,4.73%,0.00%,4.73%,1,长飞光纤光缆(光芯片/光通信) 4.73%
011400,汇添富数字未来混合C,混合型-偏股,0.00%,0.00%,4.73%,0.00%,4.73%,1,长飞光纤光缆(光芯片/光通信) 4.73%
016346,长安行业成长混合C,混合型-偏股,0.00%,0.00%,0.00%,4.72%,4.72%,1,中芯国际(电芯片/核心半导体) 4.72%
016345,长安行业成长混合A,混合型-偏股,0.00%,0.00%,0.00%,4.72%,4.72%,1,中芯国际(电芯片/核心半导体) 4.72%
018130,博时ESG量化选股混合A,混合型-偏股,0.00%,0.00%,0.00%,4.71%,4.71%,1,华虹半导体(电芯片/核心半导体) 4.71%
018131,博时ESG量化选股混合C,混合型-偏股,0.00%,0.00%,0.00%,4.71%,4.71%,1,华虹半导体(电芯片/核心半导体) 4.71%
009857,博时价值臻选持有期混合A,混合型-灵活,0.00%,0.00%,4.70%,0.00%,4.70%,1,长飞光纤光缆(光芯片/光通信) 4.70%
009858,博时价值臻选持有期混合C,混合型-灵活,0.00%,0.00%,4.70%,0.00%,4.70%,1,长飞光纤光缆(光芯片/光通信) 4.70%
019499,兴全创新优势混合C,混合型-偏股,0.00%,0.00%,0.00%,4.66%,4.66%,1,中芯国际(电芯片/核心半导体) 4.66%
019498,兴全创新优势混合A,混合型-偏股,0.00%,0.00%,0.00%,4.66%,4.66%,1,中芯国际(电芯片/核心半导体) 4.66%
010966,富国成长领航混合,混合型-偏股,0.00%,0.00%,0.00%,4.65%,4.65%,1,中芯国际(电芯片/核心半导体) 4.65%
015491,博时科创主题灵活配置混合(LOF)C,混合型-灵活,0.00%,0.00%,4.60%,0.00%,4.60%,1,长飞光纤光缆(光芯片/光通信) 4.60%
501082,博时科创主题灵活配置混合(LOF)A,混合型-灵活,0.00%,0.00%,4.60%,0.00%,4.60%,1,长飞光纤光缆(光芯片/光通信) 4.60%
014293,嘉实产业领先混合C,混合型-偏股,0.00%,0.00%,4.58%,0.00%,4.58%,1,长飞光纤光缆(光芯片/光通信) 4.58%
014292,嘉实产业领先混合A,混合型-偏股,0.00%,0.00%,4.58%,0.00%,4.58%,1,长飞光纤光缆(光芯片/光通信) 4.58%
007881,朱雀产业智选混合C,混合型-偏股,0.00%,0.00%,0.00%,4.56%,4.56%,1,中芯国际(电芯片/核心半导体) 4.56%
007880,朱雀产业智选混合A,混合型-偏股,0.00%,0.00%,0.00%,4.56%,4.56%,1,中芯国际(电芯片/核心半导体) 4.56%
008085,海富通先进制造股票A,股票型,0.00%,0.00%,4.55%,0.00%,4.55%,1,长飞光纤光缆(光芯片/光通信) 4.55%
008084,海富通先进制造股票C,股票型,0.00%,0.00%,4.55%,0.00%,4.55%,1,长飞光纤光缆(光芯片/光通信) 4.55%
010350,景顺长城品质长青混合A,混合型-偏股,0.00%,0.00%,4.55%,0.00%,4.55%,1,高伟电子(光芯片/光通信) 4.55%
015751,景顺长城品质长青混合C,混合型-偏股,0.00%,0.00%,4.55%,0.00%,4.55%,1,高伟电子(光芯片/光通信) 4.55%
012456,鹏扬数字经济先锋混合A,混合型-偏股,0.00%,0.00%,4.54%,0.00%,4.54%,1,长飞光纤光缆(光芯片/光通信) 4.54%
012457,鹏扬数字经济先锋混合C,混合型-偏股,0.00%,0.00%,4.54%,0.00%,4.54%,1,长飞光纤光缆(光芯片/光通信) 4.54%
159519,港股国企ETF国泰,指数型-海外股票,0.00%,0.00%,0.00%,4.53%,4.53%,1,中芯国际(电芯片/核心半导体) 4.53%
018554,交银启嘉混合A,混合型-偏股,0.00%,0.00%,2.44%,2.09%,4.53%,2,长飞光纤光缆(光芯片/光通信) 2.44%; 华虹半导体(电芯片/核心半导体) 2.09%
018555,交银启嘉混合C,混合型-偏股,0.00%,0.00%,2.44%,2.09%,4.53%,2,长飞光纤光缆(光芯片/光通信) 2.44%; 华虹半导体(电芯片/核心半导体) 2.09%
017639,景顺长城景气优选一年持有期混合A,混合型-偏股,0.00%,0.00%,0.00%,4.49%,4.49%,1,中芯国际(电芯片/核心半导体) 4.49%
017640,景顺长城景气优选一年持有期混合C,混合型-偏股,0.00%,0.00%,0.00%,4.49%,4.49%,1,中芯国际(电芯片/核心半导体) 4.49%
011909,广发沪港深价值精选混合C,混合型-偏股,0.00%,0.00%,0.00%,4.47%,4.47%,1,中芯国际(电芯片/核心半导体) 4.47%
011908,广发沪港深价值精选混合A,混合型-偏股,0.00%,0.00%,0.00%,4.47%,4.47%,1,中芯国际(电芯片/核心半导体) 4.47%
019830,华夏数字产业混合C,混合型-偏股,0.00%,0.00%,4.46%,0.00%,4.46%,1,长飞光纤光缆(光芯片/光通信) 4.46%
019829,华夏数字产业混合A,混合型-偏股,0.00%,0.00%,4.46%,0.00%,4.46%,1,长飞光纤光缆(光芯片/光通信) 4.46%
014922,华夏ESG可持续投资一年持有混合A,混合型-偏股,0.00%,0.00%,0.00%,4.45%,4.45%,1,中芯国际(电芯片/核心半导体) 4.45%
014923,华夏ESG可持续投资一年持有混合C,混合型-偏股,0.00%,0.00%,0.00%,4.45%,4.45%,1,中芯国际(电芯片/核心半导体) 4.45%
005143,国联沪港深大消费主题C,混合型-灵活,0.00%,0.00%,0.00%,4.44%,4.44%,1,中芯国际(电芯片/核心半导体) 4.44%
005142,国联沪港深大消费主题A,混合型-灵活,0.00%,0.00%,0.00%,4.44%,4.44%,1,中芯国际(电芯片/核心半导体) 4.44%
013843,银华新锐成长混合C,混合型-偏股,0.00%,0.00%,0.00%,4.43%,4.43%,1,华虹半导体(电芯片/核心半导体) 4.43%
013842,银华新锐成长混合A,混合型-偏股,0.00%,0.00%,0.00%,4.43%,4.43%,1,华虹半导体(电芯片/核心半导体) 4.43%
159750,港股科技50ETF招商,指数型-海外股票,0.00%,0.00%,0.00%,4.37%,4.37%,1,中芯国际(电芯片/核心半导体) 4.37%
006923,前海开源沪港深非周期股票A,股票型,0.00%,0.00%,0.00%,4.34%,4.34%,1,中芯国际(电芯片/核心半导体) 4.34%
006924,前海开源沪港深非周期股票C,股票型,0.00%,0.00%,0.00%,4.34%,4.34%,1,中芯国际(电芯片/核心半导体) 4.34%
022122,国泰海通中证香港科技指数发起(QDII)C,指数型-海外股票,0.00%,0.00%,0.00%,4.33%,4.33%,1,中芯国际(电芯片/核心半导体) 4.33%
022121,国泰海通中证香港科技指数发起(QDII)A,指数型-海外股票,0.00%,0.00%,0.00%,4.33%,4.33%,1,中芯国际(电芯片/核心半导体) 4.33%
024159,大成港股通机遇混合A,混合型-偏股,0.00%,0.00%,0.00%,4.32%,4.32%,1,中芯国际(电芯片/核心半导体) 4.32%
024160,大成港股通机遇混合C,混合型-偏股,0.00%,0.00%,0.00%,4.32%,4.32%,1,中芯国际(电芯片/核心半导体) 4.32%
513810,港股国企ETF华夏,指数型-海外股票,0.00%,0.00%,0.00%,4.32%,4.32%,1,中芯国际(电芯片/核心半导体) 4.32%
001877,宝盈国家安全沪港深股票A,股票型,0.00%,0.00%,0.00%,4.31%,4.31%,1,华虹半导体(电芯片/核心半导体) 4.31%
013613,宝盈国家安全沪港深股票C,股票型,0.00%,0.00%,0.00%,4.31%,4.31%,1,华虹半导体(电芯片/核心半导体) 4.31%
009217,博时荣丰回报灵活配置混合A,混合型-灵活,0.00%,0.00%,4.30%,0.00%,4.30%,1,长飞光纤光缆(光芯片/光通信) 4.30%
009218,博时荣丰回报灵活配置混合C,混合型-灵活,0.00%,0.00%,4.30%,0.00%,4.30%,1,长飞光纤光缆(光芯片/光通信) 4.30%
006282,摩根欧洲动力策略股票(QDII)A,QDII-普通股票,0.00%,0.00%,0.00%,4.27%,4.27%,1,阿斯麦控股公司(电芯片/核心半导体) 4.27%
009707,工银新兴制造混合A,混合型-偏股,0.00%,0.00%,0.00%,4.27%,4.27%,1,中芯国际(电芯片/核心半导体) 4.27%
009708,工银新兴制造混合C,混合型-偏股,0.00%,0.00%,0.00%,4.27%,4.27%,1,中芯国际(电芯片/核心半导体) 4.27%
019450,摩根欧洲动力策略股票(QDII)C,QDII-普通股票,0.00%,0.00%,0.00%,4.27%,4.27%,1,阿斯麦控股公司(电芯片/核心半导体) 4.27%
012584,南方中国新兴经济9个月持有期混合(QDII)A,QDII-混合偏股,0.00%,0.00%,4.26%,0.00%,4.26%,1,长飞光纤光缆(光芯片/光通信) 4.26%
012585,南方中国新兴经济9个月持有期混合(QDII)C,QDII-混合偏股,0.00%,0.00%,4.26%,0.00%,4.26%,1,长飞光纤光缆(光芯片/光通信) 4.26%
513320,港股通新经济ETF易方达,指数型-股票,0.00%,0.00%,0.00%,4.25%,4.25%,1,中芯国际(电芯片/核心半导体) 4.25%
012123,招商金安成长严选混合,混合型-偏股,0.00%,0.00%,4.22%,0.00%,4.22%,1,长飞光纤光缆(光芯片/光通信) 4.22%
008063,汇添富大盘核心资产混合A,混合型-偏股,0.00%,0.00%,4.19%,0.00%,4.19%,1,长飞光纤光缆(光芯片/光通信) 4.19%
015116,汇添富大盘核心资产混合C,混合型-偏股,0.00%,0.00%,4.19%,0.00%,4.19%,1,长飞光纤光缆(光芯片/光通信) 4.19%
015117,汇添富大盘核心资产混合D,混合型-偏股,0.00%,0.00%,4.19%,0.00%,4.19%,1,长飞光纤光缆(光芯片/光通信) 4.19%
015219,鹏扬产业智选一年持有混合A,混合型-偏股,0.00%,0.00%,0.00%,4.19%,4.19%,1,中芯国际(电芯片/核心半导体) 4.19%
015220,鹏扬产业智选一年持有混合C,混合型-偏股,0.00%,0.00%,0.00%,4.19%,4.19%,1,中芯国际(电芯片/核心半导体) 4.19%
019003,易方达科技智选混合A,混合型-偏股,0.00%,0.00%,4.19%,0.00%,4.19%,1,长飞光纤光缆(光芯片/光通信) 4.19%
019004,易方达科技智选混合C,混合型-偏股,0.00%,0.00%,4.19%,0.00%,4.19%,1,长飞光纤光缆(光芯片/光通信) 4.19%
022704,银河科技成长混合发起式A,混合型-偏股,0.00%,0.00%,0.00%,4.19%,4.19%,1,华虹半导体(电芯片/核心半导体) 4.19%
022705,银河科技成长混合发起式C,混合型-偏股,0.00%,0.00%,0.00%,4.19%,4.19%,1,华虹半导体(电芯片/核心半导体) 4.19%
021382,博时科技驱动混合A,混合型-偏股,0.00%,0.00%,4.18%,0.00%,4.18%,1,长飞光纤光缆(光芯片/光通信) 4.18%
021383,博时科技驱动混合C,混合型-偏股,0.00%,0.00%,4.18%,0.00%,4.18%,1,长飞光纤光缆(光芯片/光通信) 4.18%
014527,汇添富中盘潜力增长一年持有混合C,混合型-偏股,0.00%,0.00%,0.00%,4.17%,4.17%,1,华虹半导体(电芯片/核心半导体) 4.17%
014526,汇添富中盘潜力增长一年持有混合A,混合型-偏股,0.00%,0.00%,0.00%,4.17%,4.17%,1,华虹半导体(电芯片/核心半导体) 4.17%
022334,广发产业甄选混合A,混合型-偏股,0.00%,0.00%,0.00%,4.17%,4.17%,1,中芯国际(电芯片/核心半导体) 4.17%
022335,广发产业甄选混合C,混合型-偏股,0.00%,0.00%,0.00%,4.17%,4.17%,1,中芯国际(电芯片/核心半导体) 4.17%
159747,香港科技ETF南方,指数型-海外股票,0.00%,0.00%,0.00%,4.15%,4.15%,1,中芯国际(电芯片/核心半导体) 4.15%
014037,博时成长回报混合C,混合型-偏股,0.00%,0.00%,0.00%,4.10%,4.10%,1,华虹半导体(电芯片/核心半导体) 4.10%
014036,博时成长回报混合A,混合型-偏股,0.00%,0.00%,0.00%,4.10%,4.10%,1,华虹半导体(电芯片/核心半导体) 4.10%
006614,嘉实港股通新经济指数C,指数型-股票,0.00%,0.00%,0.00%,4.04%,4.04%,1,中芯国际(电芯片/核心半导体) 4.04%
501311,嘉实港股通新经济指数A,指数型-股票,0.00%,0.00%,0.00%,4.04%,4.04%,1,中芯国际(电芯片/核心半导体) 4.04%
017565,华安产业优选混合C,混合型-偏股,0.00%,0.00%,4.02%,0.00%,4.02%,1,长飞光纤光缆(光芯片/光通信) 4.02%
017564,华安产业优选混合A,混合型-偏股,0.00%,0.00%,4.02%,0.00%,4.02%,1,长飞光纤光缆(光芯片/光通信) 4.02%
021967,西部利得均衡优选混合A,混合型-偏股,0.00%,0.00%,4.02%,0.00%,4.02%,1,长飞光纤光缆(光芯片/光通信) 4.02%
021968,西部利得均衡优选混合C,混合型-偏股,0.00%,0.00%,4.02%,0.00%,4.02%,1,长飞光纤光缆(光芯片/光通信) 4.02%
007346,易方达科技创新混合A,混合型-偏股,0.00%,0.00%,4.01%,0.00%,4.01%,1,长飞光纤光缆(光芯片/光通信) 4.01%
025701,易方达科技创新混合C,混合型-偏股,0.00%,0.00%,4.01%,0.00%,4.01%,1,长飞光纤光缆(光芯片/光通信) 4.01%
007353,工银科技创新混合,混合型-偏股,0.00%,0.00%,0.00%,4.00%,4.00%,1,中芯国际(电芯片/核心半导体) 4.00%
160125,南方香港优选股票,QDII-普通股票,0.00%,0.00%,4.00%,0.00%,4.00%,1,长飞光纤光缆(光芯片/光通信) 4.00%
019427,中银数字经济混合C,混合型-偏股,0.00%,0.00%,0.00%,3.99%,3.99%,1,华虹半导体(电芯片/核心半导体) 3.99%
019426,中银数字经济混合A,混合型-偏股,0.00%,0.00%,0.00%,3.99%,3.99%,1,华虹半导体(电芯片/核心半导体) 3.99%
011805,嘉实优质核心两年持有混合A,混合型-偏股,0.00%,0.00%,0.00%,3.97%,3.97%,1,华虹半导体(电芯片/核心半导体) 3.97%
011806,嘉实优质核心两年持有混合C,混合型-偏股,0.00%,0.00%,0.00%,3.97%,3.97%,1,华虹半导体(电芯片/核心半导体) 3.97%
015729,朱雀碳中和三年持有混合发起,混合型-偏股,0.00%,0.00%,0.00%,3.95%,3.95%,1,中芯国际(电芯片/核心半导体) 3.95%
005875,易方达中盘成长混合,混合型-偏股,0.00%,0.00%,3.93%,0.00%,3.93%,1,长飞光纤光缆(光芯片/光通信) 3.93%
008531,惠升惠民混合A,混合型-偏股,0.00%,0.00%,0.00%,3.92%,3.92%,1,中芯国际(电芯片/核心半导体) 3.92%
008532,惠升惠民混合C,混合型-偏股,0.00%,0.00%,0.00%,3.92%,3.92%,1,中芯国际(电芯片/核心半导体) 3.92%
009808,易方达创新成长混合,混合型-偏股,0.00%,0.00%,3.90%,0.00%,3.90%,1,长飞光纤光缆(光芯片/光通信) 3.90%
005197,工银沪港深精选混合A,混合型-灵活,0.00%,0.00%,3.86%,0.00%,3.86%,1,长飞光纤光缆(光芯片/光通信) 3.86%
005198,工银沪港深精选混合C,混合型-灵活,0.00%,0.00%,3.86%,0.00%,3.86%,1,长飞光纤光缆(光芯片/光通信) 3.86%
007490,南方信息创新混合A,混合型-偏股,0.00%,0.00%,0.00%,3.85%,3.85%,1,华虹半导体(电芯片/核心半导体) 3.85%
007491,南方信息创新混合C,混合型-偏股,0.00%,0.00%,0.00%,3.85%,3.85%,1,华虹半导体(电芯片/核心半导体) 3.85%
008265,南方ESG股票C,股票型,0.00%,0.00%,3.84%,0.00%,3.84%,1,长飞光纤光缆(光芯片/光通信) 3.84%
008264,南方ESG股票A,股票型,0.00%,0.00%,3.84%,0.00%,3.84%,1,长飞光纤光缆(光芯片/光通信) 3.84%
009715,汇添富策略增长灵活配置混合,混合型-灵活,0.00%,0.00%,3.84%,0.00%,3.84%,1,长飞光纤光缆(光芯片/光通信) 3.84%
015035,银华核心动力精选混合A,混合型-偏股,0.00%,0.00%,0.00%,3.83%,3.83%,1,中芯国际(电芯片/核心半导体) 3.83%
015036,银华核心动力精选混合C,混合型-偏股,0.00%,0.00%,0.00%,3.83%,3.83%,1,中芯国际(电芯片/核心半导体) 3.83%
024501,招商科技智选混合发起式A,混合型-偏股,0.00%,0.00%,3.83%,0.00%,3.83%,1,长飞光纤光缆(光芯片/光通信) 3.83%
024502,招商科技智选混合发起式C,混合型-偏股,0.00%,0.00%,3.83%,0.00%,3.83%,1,长飞光纤光缆(光芯片/光通信) 3.83%
005742,南方成安优选混合,混合型-灵活,0.00%,0.00%,3.81%,0.00%,3.81%,1,长飞光纤光缆(光芯片/光通信) 3.81%
012314,南方行业领先混合,混合型-偏股,0.00%,0.00%,3.81%,0.00%,3.81%,1,长飞光纤光缆(光芯片/光通信) 3.81%
001811,中欧明睿新常态混合A,混合型-偏股,0.00%,0.00%,3.77%,0.00%,3.77%,1,长飞光纤光缆(光芯片/光通信) 3.77%
005765,中欧明睿新常态混合C,混合型-偏股,0.00%,0.00%,3.77%,0.00%,3.77%,1,长飞光纤光缆(光芯片/光通信) 3.77%
012098,华夏成长机会一年持有混合,混合型-偏股,0.00%,0.00%,3.77%,0.00%,3.77%,1,长飞光纤光缆(光芯片/光通信) 3.77%
006768,华安沪港深优选混合,混合型-偏股,0.00%,0.00%,0.00%,3.73%,3.73%,1,华虹半导体(电芯片/核心半导体) 3.73%
025222,创金合信弘科混合发起A,混合型-偏股,0.00%,0.00%,0.00%,3.73%,3.73%,1,华虹半导体(电芯片/核心半导体) 3.73%
025223,创金合信弘科混合发起C,混合型-偏股,0.00%,0.00%,0.00%,3.73%,3.73%,1,华虹半导体(电芯片/核心半导体) 3.73%
009411,中银科技创新一年定开混合,混合型-偏股,0.00%,0.00%,0.00%,3.70%,3.70%,1,中芯国际(电芯片/核心半导体) 3.70%
016248,银华创新动力优选混合A,混合型-偏股,0.00%,0.00%,0.00%,3.70%,3.70%,1,中芯国际(电芯片/核心半导体) 3.70%
016249,银华创新动力优选混合C,混合型-偏股,0.00%,0.00%,0.00%,3.70%,3.70%,1,中芯国际(电芯片/核心半导体) 3.70%
004092,博时沪港深价值优选C,混合型-灵活,0.00%,0.00%,0.00%,3.68%,3.68%,1,中芯国际(电芯片/核心半导体) 3.68%
004091,博时沪港深价值优选A,混合型-灵活,0.00%,0.00%,0.00%,3.68%,3.68%,1,中芯国际(电芯片/核心半导体) 3.68%
013688,平安成长龙头1年持有混合C,混合型-偏股,0.00%,0.00%,3.68%,0.00%,3.68%,1,长飞光纤光缆(光芯片/光通信) 3.68%
013687,平安成长龙头1年持有混合A,混合型-偏股,0.00%,0.00%,3.68%,0.00%,3.68%,1,长飞光纤光缆(光芯片/光通信) 3.68%
001581,华安沪港深通精选灵活配置混合A,混合型-灵活,0.00%,0.00%,3.66%,0.00%,3.66%,1,长飞光纤光缆(光芯片/光通信) 3.66%
016289,华安沪港深通精选灵活配置混合C,混合型-灵活,0.00%,0.00%,3.66%,0.00%,3.66%,1,长飞光纤光缆(光芯片/光通信) 3.66%
015103,东方红ESG可持续投资混合C,混合型-偏股,0.00%,0.00%,0.00%,3.60%,3.60%,1,中芯国际(电芯片/核心半导体) 3.60%
015102,东方红ESG可持续投资混合A,混合型-偏股,0.00%,0.00%,0.00%,3.60%,3.60%,1,中芯国际(电芯片/核心半导体) 3.60%
016558,安信洞见成长混合A,混合型-偏股,0.00%,0.00%,3.60%,0.00%,3.60%,1,长飞光纤光缆(光芯片/光通信) 3.60%
016559,安信洞见成长混合C,混合型-偏股,0.00%,0.00%,3.60%,0.00%,3.60%,1,长飞光纤光缆(光芯片/光通信) 3.60%
169107,东方红恒阳五年持有混合,混合型-偏股,0.00%,0.00%,0.00%,3.58%,3.58%,1,中芯国际(电芯片/核心半导体) 3.58%
006616,工银战略新兴产业混合C,混合型-偏股,0.00%,0.00%,3.57%,0.00%,3.57%,1,长飞光纤光缆(光芯片/光通信) 3.57%
006615,工银战略新兴产业混合A,混合型-偏股,0.00%,0.00%,3.57%,0.00%,3.57%,1,长飞光纤光缆(光芯片/光通信) 3.57%
010225,东方红启航三年持有混合B,混合型-偏股,0.00%,0.00%,0.00%,3.57%,3.57%,1,中芯国际(电芯片/核心半导体) 3.57%
012439,东方红睿和三年持有混合C,混合型-偏股,0.00%,0.00%,0.00%,3.57%,3.57%,1,中芯国际(电芯片/核心半导体) 3.57%
018876,兴合先进制造混合发起式A,混合型-偏股,0.00%,0.00%,0.00%,3.57%,3.57%,1,中芯国际(电芯片/核心半导体) 3.57%
018877,兴合先进制造混合发起式C,混合型-偏股,0.00%,0.00%,0.00%,3.57%,3.57%,1,中芯国际(电芯片/核心半导体) 3.57%
169109,东方红睿和三年持有混合A,混合型-偏股,0.00%,0.00%,0.00%,3.57%,3.57%,1,中芯国际(电芯片/核心半导体) 3.57%
910022,东方红启航三年持有混合A,混合型-偏股,0.00%,0.00%,0.00%,3.57%,3.57%,1,中芯国际(电芯片/核心半导体) 3.57%
012158,汇添富上证50基本面增强指数C,指数型-股票,0.00%,0.00%,0.00%,3.55%,3.55%,1,中芯国际(电芯片/核心半导体) 3.55%
012157,汇添富上证50基本面增强指数A,指数型-股票,0.00%,0.00%,0.00%,3.55%,3.55%,1,中芯国际(电芯片/核心半导体) 3.55%
019546,汇添富上证50基本面增强指数D,指数型-股票,0.00%,0.00%,0.00%,3.55%,3.55%,1,中芯国际(电芯片/核心半导体) 3.55%
006348,银华盛利混合发起式A,混合型-偏股,0.00%,0.00%,0.00%,3.54%,3.54%,1,中芯国际(电芯片/核心半导体) 3.54%
008985,东方红启东三年持有混合,混合型-灵活,0.00%,0.00%,0.00%,3.54%,3.54%,1,中芯国际(电芯片/核心半导体) 3.54%
011724,东方红启恒三年持有混合B,混合型-偏股,0.00%,0.00%,0.00%,3.54%,3.54%,1,中芯国际(电芯片/核心半导体) 3.54%
015684,银华盛利混合发起式C,混合型-偏股,0.00%,0.00%,0.00%,3.54%,3.54%,1,中芯国际(电芯片/核心半导体) 3.54%
024469,大成至臻回报混合A,混合型-偏股,0.00%,0.00%,3.54%,0.00%,3.54%,1,长飞光纤光缆(光芯片/光通信) 3.54%
024470,大成至臻回报混合C,混合型-偏股,0.00%,0.00%,3.54%,0.00%,3.54%,1,长飞光纤光缆(光芯片/光通信) 3.54%
910004,东方红启恒三年持有混合A,混合型-偏股,0.00%,0.00%,0.00%,3.54%,3.54%,1,中芯国际(电芯片/核心半导体) 3.54%
010335,华宝竞争优势混合A,混合型-偏股,0.00%,0.00%,0.00%,3.53%,3.53%,1,中芯国际(电芯片/核心半导体) 3.53%
015092,汇安远见成长混合A,混合型-偏股,0.00%,0.00%,0.00%,3.53%,3.53%,1,中芯国际(电芯片/核心半导体) 3.53%
015093,汇安远见成长混合C,混合型-偏股,0.00%,0.00%,0.00%,3.53%,3.53%,1,中芯国际(电芯片/核心半导体) 3.53%
019690,华商产业机遇混合A,混合型-偏股,0.00%,0.00%,3.53%,0.00%,3.53%,1,长飞光纤光缆(光芯片/光通信) 3.53%
019691,华商产业机遇混合C,混合型-偏股,0.00%,0.00%,3.53%,0.00%,3.53%,1,长飞光纤光缆(光芯片/光通信) 3.53%
019925,华宝竞争优势混合C,混合型-偏股,0.00%,0.00%,0.00%,3.53%,3.53%,1,中芯国际(电芯片/核心半导体) 3.53%
010937,交银均衡成长一年混合C,混合型-偏股,0.00%,0.00%,3.52%,0.00%,3.52%,1,长飞光纤光缆(光芯片/光通信) 3.52%
010936,交银均衡成长一年混合A,混合型-偏股,0.00%,0.00%,3.52%,0.00%,3.52%,1,长飞光纤光缆(光芯片/光通信) 3.52%
009563,工银全球股票(QDII)港币,QDII-普通股票,0.00%,0.00%,0.00%,3.48%,3.48%,1,英伟达(电芯片/核心半导体) 3.48%
009562,工银全球股票(QDII)美元,QDII-普通股票,0.00%,0.00%,0.00%,3.48%,3.48%,1,英伟达(电芯片/核心半导体) 3.48%
486001,工银全球股票(QDII)人民币,QDII-普通股票,0.00%,0.00%,0.00%,3.48%,3.48%,1,英伟达(电芯片/核心半导体) 3.48%
011042,国泰价值先锋股票A,股票型,0.00%,0.00%,0.00%,3.47%,3.47%,1,中芯国际(电芯片/核心半导体) 3.47%
011043,国泰价值先锋股票C,股票型,0.00%,0.00%,0.00%,3.47%,3.47%,1,中芯国际(电芯片/核心半导体) 3.47%
012918,平安优势领航1年持有混合C,混合型-偏股,0.00%,0.00%,3.47%,0.00%,3.47%,1,长飞光纤光缆(光芯片/光通信) 3.47%
012917,平安优势领航1年持有混合A,混合型-偏股,0.00%,0.00%,3.47%,0.00%,3.47%,1,长飞光纤光缆(光芯片/光通信) 3.47%
024474,兴全合熙混合A,混合型-偏股,0.00%,0.00%,3.46%,0.00%,3.46%,1,高伟电子(光芯片/光通信) 3.46%
024475,兴全合熙混合C,混合型-偏股,0.00%,0.00%,3.46%,0.00%,3.46%,1,高伟电子(光芯片/光通信) 3.46%
014287,泰康新锐成长混合A,混合型-偏股,0.00%,0.00%,0.00%,3.45%,3.45%,1,中芯国际(电芯片/核心半导体) 3.45%
017366,泰康新锐成长混合C,混合型-偏股,0.00%,0.00%,0.00%,3.45%,3.45%,1,中芯国际(电芯片/核心半导体) 3.45%
009914,富国成长动力混合A,混合型-偏股,0.00%,0.00%,3.42%,0.00%,3.42%,1,长飞光纤光缆(光芯片/光通信) 3.42%
015715,富国成长动力混合C,混合型-偏股,0.00%,0.00%,3.42%,0.00%,3.42%,1,长飞光纤光缆(光芯片/光通信) 3.42%
517350,沪港深科技ETF广发,指数型-股票,0.00%,0.00%,0.00%,3.41%,3.41%,1,中芯国际(电芯片/核心半导体) 3.41%
016199,汇添富全球汽车产业升级混合(QDII)人民币A,QDII-混合偏股,0.00%,0.00%,0.00%,3.40%,3.40%,1,高通(电芯片/核心半导体) 3.40%
016201,汇添富全球汽车产业升级混合(QDII)美元现钞,QDII-混合偏股,0.00%,0.00%,0.00%,3.40%,3.40%,1,高通(电芯片/核心半导体) 3.40%
016202,汇添富全球汽车产业升级混合(QDII)人民币C,QDII-混合偏股,0.00%,0.00%,0.00%,3.40%,3.40%,1,高通(电芯片/核心半导体) 3.40%
016200,汇添富全球汽车产业升级混合(QDII)美元现汇,QDII-混合偏股,0.00%,0.00%,0.00%,3.40%,3.40%,1,高通(电芯片/核心半导体) 3.40%
012477,富国匠心精选12个月持有混合A,混合型-偏股,0.00%,0.00%,3.39%,0.00%,3.39%,1,长飞光纤光缆(光芯片/光通信) 3.39%
012478,富国匠心精选12个月持有混合C,混合型-偏股,0.00%,0.00%,3.39%,0.00%,3.39%,1,长飞光纤光缆(光芯片/光通信) 3.39%
025525,平安恒生港股通科技主题ETF发起式联接A,指数型-股票,0.00%,0.00%,0.00%,3.37%,3.37%,1,中芯国际(电芯片/核心半导体) 3.37%
025526,平安恒生港股通科技主题ETF发起式联接C,指数型-股票,0.00%,0.00%,0.00%,3.37%,3.37%,1,中芯国际(电芯片/核心半导体) 3.37%
010453,广发瑞福精选混合C,混合型-偏股,0.00%,0.00%,0.00%,3.35%,3.35%,1,中芯国际(电芯片/核心半导体) 3.35%
159723,科技龙头ETF汇添富,指数型-股票,0.00%,0.00%,0.00%,3.33%,3.33%,1,中芯国际(电芯片/核心半导体) 3.33%
009865,招商景气优选股票C,股票型,0.00%,0.00%,3.31%,0.00%,3.31%,1,长飞光纤光缆(光芯片/光通信) 3.31%
009864,招商景气优选股票A,股票型,0.00%,0.00%,3.31%,0.00%,3.31%,1,长飞光纤光缆(光芯片/光通信) 3.31%
000989,嘉实全球互联网股票美元现汇,QDII-普通股票,0.00%,0.00%,0.00%,3.26%,3.26%,1,英伟达(电芯片/核心半导体) 3.26%
000988,嘉实全球互联网股票人民币,QDII-普通股票,0.00%,0.00%,0.00%,3.26%,3.26%,1,英伟达(电芯片/核心半导体) 3.26%
000990,嘉实全球互联网股票美元现钞,QDII-普通股票,0.00%,0.00%,0.00%,3.26%,3.26%,1,英伟达(电芯片/核心半导体) 3.26%
011346,淳厚鑫淳一年持有混合,混合型-偏股,0.00%,0.00%,3.25%,0.00%,3.25%,1,长飞光纤光缆(光芯片/光通信) 3.25%
012809,鹏华中证沪港深科技龙头指数(LOF)C,指数型-股票,0.00%,0.00%,0.00%,3.23%,3.23%,1,中芯国际(电芯片/核心半导体) 3.23%
013324,国寿安保盛泽三年持有混合C,混合型-偏股,0.00%,0.00%,3.23%,0.00%,3.23%,1,长飞光纤光缆(光芯片/光通信) 3.23%
013323,国寿安保盛泽三年持有混合A,混合型-偏股,0.00%,0.00%,3.23%,0.00%,3.23%,1,长飞光纤光缆(光芯片/光通信) 3.23%
022834,鹏华中证沪港深科技龙头指数(LOF)I,指数型-股票,0.00%,0.00%,0.00%,3.23%,3.23%,1,中芯国际(电芯片/核心半导体) 3.23%
160646,鹏华中证沪港深科技龙头指数(LOF)A,指数型-股票,0.00%,0.00%,0.00%,3.23%,3.23%,1,中芯国际(电芯片/核心半导体) 3.23%
005119,银华智荟内在价值灵活配置混合发起A,混合型-灵活,0.00%,0.00%,0.00%,3.20%,3.20%,1,华虹半导体(电芯片/核心半导体) 3.20%
016262,银华智荟内在价值灵活配置混合发起C,混合型-灵活,0.00%,0.00%,0.00%,3.20%,3.20%,1,华虹半导体(电芯片/核心半导体) 3.20%
010610,摩根远见两年持有期混合,混合型-偏股,0.00%,0.00%,0.00%,3.17%,3.17%,1,中芯国际(电芯片/核心半导体) 3.17%
025919,易方达科技先锋混合C,混合型-偏股,0.00%,0.00%,3.16%,0.00%,3.16%,1,长飞光纤光缆(光芯片/光通信) 3.16%
025918,易方达科技先锋混合A,混合型-偏股,0.00%,0.00%,3.16%,0.00%,3.16%,1,长飞光纤光缆(光芯片/光通信) 3.16%
015963,汇安品质优选混合A,混合型-偏股,0.00%,0.00%,0.00%,3.15%,3.15%,1,华虹半导体(电芯片/核心半导体) 3.15%
015964,汇安品质优选混合C,混合型-偏股,0.00%,0.00%,0.00%,3.15%,3.15%,1,华虹半导体(电芯片/核心半导体) 3.15%
013868,汇安优势企业精选混合C,混合型-偏股,0.00%,0.00%,0.00%,3.10%,3.10%,1,华虹半导体(电芯片/核心半导体) 3.10%
013867,汇安优势企业精选混合A,混合型-偏股,0.00%,0.00%,0.00%,3.10%,3.10%,1,华虹半导体(电芯片/核心半导体) 3.10%
008983,财通科技创新混合A,混合型-偏股,0.00%,0.00%,3.09%,0.00%,3.09%,1,长飞光纤光缆(光芯片/光通信) 3.09%
008984,财通科技创新混合C,混合型-偏股,0.00%,0.00%,3.09%,0.00%,3.09%,1,长飞光纤光缆(光芯片/光通信) 3.09%
501207,华夏创新未来混合(LOF),混合型-偏股,0.00%,0.00%,3.09%,0.00%,3.09%,1,长飞光纤光缆(光芯片/光通信) 3.09%
012074,华安均衡优选混合C,混合型-偏股,0.00%,0.00%,3.08%,0.00%,3.08%,1,长飞光纤光缆(光芯片/光通信) 3.08%
012073,华安均衡优选混合A,混合型-偏股,0.00%,0.00%,3.08%,0.00%,3.08%,1,长飞光纤光缆(光芯片/光通信) 3.08%
014219,汇添富中证科创创业50指数增强发起式C,指数型-股票,0.00%,0.00%,0.00%,3.07%,3.07%,1,中芯国际(电芯片/核心半导体) 3.07%
014218,汇添富中证科创创业50指数增强发起式A,指数型-股票,0.00%,0.00%,0.00%,3.07%,3.07%,1,中芯国际(电芯片/核心半导体) 3.07%
011177,博时汇融回报一年持有混合A,混合型-偏股,0.00%,0.00%,0.00%,3.05%,3.05%,1,华虹半导体(电芯片/核心半导体) 3.05%
011178,博时汇融回报一年持有混合C,混合型-偏股,0.00%,0.00%,0.00%,3.05%,3.05%,1,华虹半导体(电芯片/核心半导体) 3.05%
009863,富国创新趋势股票A,股票型,0.00%,0.00%,3.04%,0.00%,3.04%,1,长飞光纤光缆(光芯片/光通信) 3.04%
016375,招商裕泰混合,混合型-偏股,0.00%,0.00%,0.00%,3.04%,3.04%,1,中芯国际(电芯片/核心半导体) 3.04%
025468,富国创新趋势股票C,股票型,0.00%,0.00%,3.04%,0.00%,3.04%,1,长飞光纤光缆(光芯片/光通信) 3.04%
007802,兴全合泰混合A,混合型-偏股,0.00%,0.00%,3.01%,0.00%,3.01%,1,长飞光纤光缆(光芯片/光通信) 3.01%
007803,兴全合泰混合C,混合型-偏股,0.00%,0.00%,3.01%,0.00%,3.01%,1,长飞光纤光缆(光芯片/光通信) 3.01%
020365,博时卓越成长混合C,混合型-偏股,0.00%,0.00%,3.01%,0.00%,3.01%,1,长飞光纤光缆(光芯片/光通信) 3.01%
020364,博时卓越成长混合A,混合型-偏股,0.00%,0.00%,3.01%,0.00%,3.01%,1,长飞光纤光缆(光芯片/光通信) 3.01%
004958,圆信永丰优享生活,混合型-灵活,0.00%,0.00%,0.00%,2.99%,2.99%,1,中芯国际(电芯片/核心半导体) 2.99%
012588,南方港股通优势企业混合A,混合型-偏股,0.00%,0.00%,0.00%,2.94%,2.94%,1,中芯国际(电芯片/核心半导体) 2.94%
012589,南方港股通优势企业混合C,混合型-偏股,0.00%,0.00%,0.00%,2.94%,2.94%,1,中芯国际(电芯片/核心半导体) 2.94%
012697,同泰数字经济股票C,股票型,0.00%,0.00%,2.94%,0.00%,2.94%,1,长飞光纤光缆(光芯片/光通信) 2.94%
012696,同泰数字经济股票A,股票型,0.00%,0.00%,2.94%,0.00%,2.94%,1,长飞光纤光缆(光芯片/光通信) 2.94%
013141,中信保诚弘远混合A,混合型-偏股,0.00%,0.00%,2.94%,0.00%,2.94%,1,长飞光纤光缆(光芯片/光通信) 2.94%
015936,中信保诚弘远混合C,混合型-偏股,0.00%,0.00%,2.94%,0.00%,2.94%,1,长飞光纤光缆(光芯片/光通信) 2.94%
005228,汇添富港股通专注成长,混合型-偏股,0.00%,0.00%,0.00%,2.92%,2.92%,1,中芯国际(电芯片/核心半导体) 2.92%
014175,工银价值成长混合A,混合型-偏股,0.00%,0.00%,0.00%,2.92%,2.92%,1,华虹半导体(电芯片/核心半导体) 2.92%
014176,工银价值成长混合C,混合型-偏股,0.00%,0.00%,0.00%,2.92%,2.92%,1,华虹半导体(电芯片/核心半导体) 2.92%
008286,易方达研究精选股票,股票型,0.00%,0.00%,2.88%,0.00%,2.88%,1,长飞光纤光缆(光芯片/光通信) 2.88%
011706,长信标普100等权重指数美元,指数型-海外股票,0.00%,1.59%,0.72%,0.56%,2.87%,4,闪迪(存储) 0.96%; Lumentum Holdings Inc(光芯片/光通信) 0.72%; 美光科技(存储) 0.63%; 超威半导体(电芯片/核心半导体) 0.56%
519981,长信标普100等权重指数人民币,指数型-海外股票,0.00%,1.59%,0.72%,0.56%,2.87%,4,闪迪(存储) 0.96%; Lumentum Holdings Inc(光芯片/光通信) 0.72%; 美光科技(存储) 0.63%; 超威半导体(电芯片/核心半导体) 0.56%
014262,摩根沃享远见一年持有期混合C,混合型-偏股,0.00%,0.00%,0.00%,2.86%,2.86%,1,中芯国际(电芯片/核心半导体) 2.86%
014261,摩根沃享远见一年持有期混合A,混合型-偏股,0.00%,0.00%,0.00%,2.86%,2.86%,1,中芯国际(电芯片/核心半导体) 2.86%
501099,平安新兴产业混合(LOF),混合型-偏股,0.00%,0.00%,2.83%,0.00%,2.83%,1,长飞光纤光缆(光芯片/光通信) 2.83%
009391,汇添富优质成长混合A,混合型-偏股,0.00%,0.00%,0.00%,2.81%,2.81%,1,华虹半导体(电芯片/核心半导体) 2.81%
009392,汇添富优质成长混合C,混合型-偏股,0.00%,0.00%,0.00%,2.81%,2.81%,1,华虹半导体(电芯片/核心半导体) 2.81%
021511,宏利半导体产业混合发起C,混合型-偏股,0.00%,0.00%,0.00%,2.78%,2.78%,1,中芯国际(电芯片/核心半导体) 2.78%
021510,宏利半导体产业混合发起A,混合型-偏股,0.00%,0.00%,0.00%,2.78%,2.78%,1,中芯国际(电芯片/核心半导体) 2.78%
011507,建信高端装备股票C,股票型,0.00%,0.00%,2.77%,0.00%,2.77%,1,长飞光纤光缆(光芯片/光通信) 2.77%
011506,建信高端装备股票A,股票型,0.00%,0.00%,2.77%,0.00%,2.77%,1,长飞光纤光缆(光芯片/光通信) 2.77%
011637,广发沪港深价值成长混合A,混合型-偏股,0.00%,0.00%,0.00%,2.77%,2.77%,1,中芯国际(电芯片/核心半导体) 2.77%
011638,广发沪港深价值成长混合C,混合型-偏股,0.00%,0.00%,0.00%,2.77%,2.77%,1,中芯国际(电芯片/核心半导体) 2.77%
014417,泰康研究精选股票发起C,股票型,0.00%,0.00%,0.00%,2.73%,2.73%,1,华虹半导体(电芯片/核心半导体) 2.73%
014416,泰康研究精选股票发起A,股票型,0.00%,0.00%,0.00%,2.73%,2.73%,1,华虹半导体(电芯片/核心半导体) 2.73%
019189,华商品质价值混合A,混合型-偏股,0.00%,0.00%,0.00%,2.73%,2.73%,1,中芯国际(电芯片/核心半导体) 2.73%
019190,华商品质价值混合C,混合型-偏股,0.00%,0.00%,0.00%,2.73%,2.73%,1,中芯国际(电芯片/核心半导体) 2.73%
008065,汇添富中盘积极成长混合A,混合型-偏股,0.00%,0.00%,2.70%,0.00%,2.70%,1,长飞光纤光缆(光芯片/光通信) 2.70%
008066,汇添富中盘积极成长混合C,混合型-偏股,0.00%,0.00%,2.70%,0.00%,2.70%,1,长飞光纤光缆(光芯片/光通信) 2.70%
010013,易方达信息行业精选股票A,股票型,0.00%,0.00%,2.68%,0.00%,2.68%,1,长飞光纤光缆(光芯片/光通信) 2.68%
019024,易方达信息行业精选股票C,股票型,0.00%,0.00%,2.68%,0.00%,2.68%,1,长飞光纤光缆(光芯片/光通信) 2.68%
016704,兴业品质睿选混合发起式C,混合型-偏股,0.00%,0.00%,2.67%,0.00%,2.67%,1,长飞光纤光缆(光芯片/光通信) 2.67%
016703,兴业品质睿选混合发起式A,混合型-偏股,0.00%,0.00%,2.67%,0.00%,2.67%,1,长飞光纤光缆(光芯片/光通信) 2.67%
009859,银华乐享混合A,混合型-偏股,0.00%,0.00%,0.00%,2.58%,2.58%,1,华虹半导体(电芯片/核心半导体) 2.58%
015687,银华乐享混合C,混合型-偏股,0.00%,0.00%,0.00%,2.58%,2.58%,1,华虹半导体(电芯片/核心半导体) 2.58%
005683,国寿安保华兴灵活配置混合,混合型-灵活,0.00%,0.00%,2.57%,0.00%,2.57%,1,长飞光纤光缆(光芯片/光通信) 2.57%
501208,中欧创新未来混合(LOF),混合型-偏股,0.00%,0.00%,0.00%,2.49%,2.49%,1,中芯国际(电芯片/核心半导体) 2.49%
009026,中银高质量发展机遇混合A,混合型-偏股,0.00%,0.00%,0.00%,2.45%,2.45%,1,中芯国际(电芯片/核心半导体) 2.45%
017784,中银高质量发展机遇混合C,混合型-偏股,0.00%,0.00%,0.00%,2.45%,2.45%,1,中芯国际(电芯片/核心半导体) 2.45%
007182,万家沪港深蓝筹混合A,混合型-偏股,0.00%,0.00%,0.00%,2.44%,2.44%,1,华虹半导体(电芯片/核心半导体) 2.44%
007183,万家沪港深蓝筹混合C,混合型-偏股,0.00%,0.00%,0.00%,2.44%,2.44%,1,华虹半导体(电芯片/核心半导体) 2.44%
013861,泓德产业升级混合A,混合型-偏股,0.00%,0.00%,0.00%,2.43%,2.43%,1,中芯国际(电芯片/核心半导体) 2.43%
013862,泓德产业升级混合C,混合型-偏股,0.00%,0.00%,0.00%,2.43%,2.43%,1,中芯国际(电芯片/核心半导体) 2.43%
016627,汇添富创新成长混合C,混合型-偏股,0.00%,0.00%,0.00%,2.38%,2.38%,1,华虹半导体(电芯片/核心半导体) 2.38%
016626,汇添富创新成长混合A,混合型-偏股,0.00%,0.00%,0.00%,2.38%,2.38%,1,华虹半导体(电芯片/核心半导体) 2.38%
021199,汇添富优选价值混合发起式C,混合型-偏股,0.00%,0.00%,2.38%,0.00%,2.38%,1,长飞光纤光缆(光芯片/光通信) 2.38%
021198,汇添富优选价值混合发起式A,混合型-偏股,0.00%,0.00%,2.38%,0.00%,2.38%,1,长飞光纤光缆(光芯片/光通信) 2.38%
010333,华夏核心资产混合A,混合型-偏股,0.00%,0.00%,0.00%,2.35%,2.35%,1,中芯国际(电芯片/核心半导体) 2.35%
010334,华夏核心资产混合C,混合型-偏股,0.00%,0.00%,0.00%,2.35%,2.35%,1,中芯国际(电芯片/核心半导体) 2.35%
010864,泓德卓远混合A,混合型-偏股,0.00%,0.00%,0.00%,2.30%,2.30%,1,中芯国际(电芯片/核心半导体) 2.30%
010865,泓德卓远混合C,混合型-偏股,0.00%,0.00%,0.00%,2.30%,2.30%,1,中芯国际(电芯片/核心半导体) 2.30%
009319,南方成长先锋混合C,混合型-偏股,0.00%,0.00%,0.00%,2.28%,2.28%,1,华虹半导体(电芯片/核心半导体) 2.28%
009318,南方成长先锋混合A,混合型-偏股,0.00%,0.00%,0.00%,2.28%,2.28%,1,华虹半导体(电芯片/核心半导体) 2.28%
011246,嘉实阿尔法优选混合A,混合型-偏股,0.00%,0.00%,0.00%,2.28%,2.28%,1,华虹半导体(电芯片/核心半导体) 2.28%
011247,嘉实阿尔法优选混合C,混合型-偏股,0.00%,0.00%,0.00%,2.28%,2.28%,1,华虹半导体(电芯片/核心半导体) 2.28%
025559,光大阳光启明星创新驱动混合C,混合型-偏股,0.00%,0.00%,2.22%,0.00%,2.22%,1,长飞光纤光缆(光芯片/光通信) 2.22%
025560,光大阳光启明星创新驱动混合D,混合型-偏股,0.00%,0.00%,2.22%,0.00%,2.22%,1,长飞光纤光缆(光芯片/光通信) 2.22%
025558,光大阳光启明星创新驱动混合A,混合型-偏股,0.00%,0.00%,2.22%,0.00%,2.22%,1,长飞光纤光缆(光芯片/光通信) 2.22%
007341,南方科技创新混合C,混合型-偏股,0.00%,0.00%,0.00%,2.21%,2.21%,1,华虹半导体(电芯片/核心半导体) 2.21%
007340,南方科技创新混合A,混合型-偏股,0.00%,0.00%,0.00%,2.21%,2.21%,1,华虹半导体(电芯片/核心半导体) 2.21%
011841,嘉实兴锐优选一年持有混合A,混合型-偏股,0.00%,0.00%,0.00%,2.21%,2.21%,1,中芯国际(电芯片/核心半导体) 2.21%
011842,嘉实兴锐优选一年持有混合C,混合型-偏股,0.00%,0.00%,0.00%,2.21%,2.21%,1,中芯国际(电芯片/核心半导体) 2.21%
008313,光大研究精选混合A,混合型-偏股,0.00%,0.00%,0.00%,2.15%,2.15%,1,中芯国际(电芯片/核心半导体) 2.15%
019390,光大研究精选混合C,混合型-偏股,0.00%,0.00%,0.00%,2.15%,2.15%,1,中芯国际(电芯片/核心半导体) 2.15%
011650,易方达逆向投资混合C,混合型-偏股,0.00%,0.00%,0.00%,2.13%,2.13%,1,中芯国际(电芯片/核心半导体) 2.13%
011649,易方达逆向投资混合A,混合型-偏股,0.00%,0.00%,0.00%,2.13%,2.13%,1,中芯国际(电芯片/核心半导体) 2.13%
018000,鹏华芯片产业混合发起式A,混合型-偏股,0.00%,0.00%,0.00%,2.13%,2.13%,1,中芯国际(电芯片/核心半导体) 2.13%
018001,鹏华芯片产业混合发起式C,混合型-偏股,0.00%,0.00%,0.00%,2.13%,2.13%,1,中芯国际(电芯片/核心半导体) 2.13%
013604,易方达均衡优选一年持有混合C,混合型-偏股,0.00%,0.00%,0.00%,2.12%,2.12%,1,中芯国际(电芯片/核心半导体) 2.12%
013603,易方达均衡优选一年持有混合A,混合型-偏股,0.00%,0.00%,0.00%,2.12%,2.12%,1,中芯国际(电芯片/核心半导体) 2.12%
025687,国泰半导体制造精选混合发起C,混合型-偏股,0.00%,0.00%,0.00%,2.01%,2.01%,1,华虹半导体(电芯片/核心半导体) 2.01%
025686,国泰半导体制造精选混合发起A,混合型-偏股,0.00%,0.00%,0.00%,2.01%,2.01%,1,华虹半导体(电芯片/核心半导体) 2.01%
014193,汇添富中证芯片产业指数增强发起式A,指数型-股票,0.00%,0.00%,0.00%,1.98%,1.98%,1,中芯国际(电芯片/核心半导体) 1.98%
014194,汇添富中证芯片产业指数增强发起式C,指数型-股票,0.00%,0.00%,0.00%,1.98%,1.98%,1,中芯国际(电芯片/核心半导体) 1.98%
010265,鹏华成长智选混合C,混合型-偏股,0.00%,0.00%,0.00%,1.96%,1.96%,2,中芯国际(电芯片/核心半导体) 1.01%; 华虹半导体(电芯片/核心半导体) 0.95%
010264,鹏华成长智选混合A,混合型-偏股,0.00%,0.00%,0.00%,1.96%,1.96%,2,中芯国际(电芯片/核心半导体) 1.01%; 华虹半导体(电芯片/核心半导体) 0.95%
009960,银华多元机遇混合,混合型-偏股,0.00%,0.00%,0.00%,1.92%,1.92%,1,华虹半导体(电芯片/核心半导体) 1.92%
013432,华泰柏瑞景气汇选三年持有期混合C,混合型-偏股,0.00%,0.00%,0.00%,1.77%,1.77%,1,中芯国际(电芯片/核心半导体) 1.77%
013431,华泰柏瑞景气汇选三年持有期混合A,混合型-偏股,0.00%,0.00%,0.00%,1.77%,1.77%,1,中芯国际(电芯片/核心半导体) 1.77%
010913,国泰成长价值混合C,混合型-偏股,0.00%,0.00%,0.00%,1.75%,1.75%,1,华虹半导体(电芯片/核心半导体) 1.75%
010912,国泰成长价值混合A,混合型-偏股,0.00%,0.00%,0.00%,1.75%,1.75%,1,华虹半导体(电芯片/核心半导体) 1.75%
022204,永赢中证A50指数增强发起A,指数型-股票,0.00%,0.00%,0.00%,1.72%,1.72%,1,中芯国际(电芯片/核心半导体) 1.72%
022205,永赢中证A50指数增强发起C,指数型-股票,0.00%,0.00%,0.00%,1.72%,1.72%,1,中芯国际(电芯片/核心半导体) 1.72%
021517,兴华兴利债券A,债券型-混合二级,0.00%,0.00%,0.00%,1.66%,1.66%,1,中芯国际(电芯片/核心半导体) 1.66%
021518,兴华兴利债券C,债券型-混合二级,0.00%,0.00%,0.00%,1.66%,1.66%,1,中芯国际(电芯片/核心半导体) 1.66%
007729,招商普盛全球配置(QDII)人民币A,QDII-混合灵活,0.00%,0.93%,0.00%,0.70%,1.63%,4,闪迪(存储) 0.59%; Arm Holdings plc ADR(电芯片/核心半导体) 0.35%; 博通(电芯片/核心半导体) 0.35%; 美光科技(存储) 0.34%
007975,招商普盛全球配置(QDII-FOF)美元现汇,QDII-混合灵活,0.00%,0.93%,0.00%,0.70%,1.63%,4,闪迪(存储) 0.59%; Arm Holdings plc ADR(电芯片/核心半导体) 0.35%; 博通(电芯片/核心半导体) 0.35%; 美光科技(存储) 0.34%
008183,招商普盛全球配置(QDII-FOF)美元现钞,QDII-混合灵活,0.00%,0.93%,0.00%,0.70%,1.63%,4,闪迪(存储) 0.59%; Arm Holdings plc ADR(电芯片/核心半导体) 0.35%; 博通(电芯片/核心半导体) 0.35%; 美光科技(存储) 0.34%
023559,招商普盛全球配置(QDII)人民币C,QDII-混合灵活,0.00%,0.93%,0.00%,0.70%,1.63%,4,闪迪(存储) 0.59%; Arm Holdings plc ADR(电芯片/核心半导体) 0.35%; 博通(电芯片/核心半导体) 0.35%; 美光科技(存储) 0.34%
025339,招商普盛全球配置(QDII)人民币D,QDII-混合灵活,0.00%,0.93%,0.00%,0.70%,1.63%,4,闪迪(存储) 0.59%; Arm Holdings plc ADR(电芯片/核心半导体) 0.35%; 博通(电芯片/核心半导体) 0.35%; 美光科技(存储) 0.34%
017607,华泰柏瑞轮动精选混合C,混合型-偏股,0.00%,0.00%,0.00%,1.62%,1.62%,1,中芯国际(电芯片/核心半导体) 1.62%
017606,华泰柏瑞轮动精选混合A,混合型-偏股,0.00%,0.00%,0.00%,1.62%,1.62%,1,中芯国际(电芯片/核心半导体) 1.62%
010905,博时双季鑫6个月持有混合C,混合型-偏债,0.00%,0.00%,0.00%,1.60%,1.60%,1,中芯国际(电芯片/核心半导体) 1.60%
010904,博时双季鑫6个月持有混合A,混合型-偏债,0.00%,0.00%,0.00%,1.60%,1.60%,1,中芯国际(电芯片/核心半导体) 1.60%
010924,博时双季鑫6个月持有混合B,混合型-偏债,0.00%,0.00%,0.00%,1.60%,1.60%,1,中芯国际(电芯片/核心半导体) 1.60%
004996,广发恒生中型股指数C,指数型-股票,0.00%,0.00%,0.00%,1.55%,1.55%,1,华虹半导体(电芯片/核心半导体) 1.55%
018238,广发恒生中型股指数(LOF)E,指数型-股票,0.00%,0.00%,0.00%,1.55%,1.55%,1,华虹半导体(电芯片/核心半导体) 1.55%
501303,广发恒生中型股指数(LOF)A,指数型-股票,0.00%,0.00%,0.00%,1.55%,1.55%,1,华虹半导体(电芯片/核心半导体) 1.55%
013824,汇丰晋信慧悦混合,混合型-偏债,0.00%,0.00%,0.00%,1.51%,1.51%,1,中芯国际(电芯片/核心半导体) 1.51%
011173,银华心享一年持有期混合,混合型-偏股,0.00%,0.00%,0.00%,1.39%,1.39%,1,中芯国际(电芯片/核心半导体) 1.39%
017987,易方达国企主题混合A,混合型-偏股,0.00%,0.00%,1.38%,0.00%,1.38%,1,长飞光纤光缆(光芯片/光通信) 1.38%
017988,易方达国企主题混合C,混合型-偏股,0.00%,0.00%,1.38%,0.00%,1.38%,1,长飞光纤光缆(光芯片/光通信) 1.38%
010737,易方达沪深300指数增强C,指数型-股票,0.00%,0.00%,0.00%,1.37%,1.37%,1,中芯国际(电芯片/核心半导体) 1.37%
010736,易方达沪深300指数增强A,指数型-股票,0.00%,0.00%,0.00%,1.37%,1.37%,1,中芯国际(电芯片/核心半导体) 1.37%
013590,南方比较优势混合A,混合型-偏股,0.00%,0.00%,1.37%,0.00%,1.37%,1,长飞光纤光缆(光芯片/光通信) 1.37%
013591,南方比较优势混合C,混合型-偏股,0.00%,0.00%,1.37%,0.00%,1.37%,1,长飞光纤光缆(光芯片/光通信) 1.37%
022914,易方达沪深300精选增强Y,指数型-股票,0.00%,0.00%,0.00%,1.37%,1.37%,1,中芯国际(电芯片/核心半导体) 1.37%
014095,南方誉盈一年持有混合C,混合型-偏债,0.00%,0.00%,0.00%,1.26%,1.26%,1,中芯国际(电芯片/核心半导体) 1.26%
014094,南方誉盈一年持有混合A,混合型-偏债,0.00%,0.00%,0.00%,1.26%,1.26%,1,中芯国际(电芯片/核心半导体) 1.26%
014698,南方誉稳一年持有混合C,混合型-偏债,0.00%,0.00%,0.00%,1.24%,1.24%,1,中芯国际(电芯片/核心半导体) 1.24%
014697,南方誉稳一年持有混合A,混合型-偏债,0.00%,0.00%,0.00%,1.24%,1.24%,1,中芯国际(电芯片/核心半导体) 1.24%
012704,中银兴利稳健回报灵活配置混合A,混合型-灵活,0.00%,0.00%,0.00%,1.22%,1.22%,1,中芯国际(电芯片/核心半导体) 1.22%
012705,中银兴利稳健回报灵活配置混合C,混合型-灵活,0.00%,0.00%,0.00%,1.22%,1.22%,1,中芯国际(电芯片/核心半导体) 1.22%
017623,同泰恒盛债券C,债券型-混合二级,0.00%,0.00%,1.19%,0.00%,1.19%,1,长飞光纤光缆(光芯片/光通信) 1.19%
017622,同泰恒盛债券A,债券型-混合二级,0.00%,0.00%,1.19%,0.00%,1.19%,1,长飞光纤光缆(光芯片/光通信) 1.19%
020709,同泰恒盛债券D,债券型-混合二级,0.00%,0.00%,1.19%,0.00%,1.19%,1,长飞光纤光缆(光芯片/光通信) 1.19%
020957,中银全球策略(QDII-FOF)C,QDII-FOF,0.00%,0.00%,0.17%,1.01%,1.18%,4,英伟达(电芯片/核心半导体) 0.45%; 阿斯麦(电芯片/核心半导体) 0.34%; 应用材料(电芯片/核心半导体) 0.22%; 康宁(光芯片/光通信) 0.17%
163813,中银全球策略(QDII-FOF)A,QDII-FOF,0.00%,0.00%,0.17%,1.01%,1.18%,4,英伟达(电芯片/核心半导体) 0.45%; 阿斯麦(电芯片/核心半导体) 0.34%; 应用材料(电芯片/核心半导体) 0.22%; 康宁(光芯片/光通信) 0.17%
016554,南方鑫悦15个月持有混合C,混合型-偏股,0.00%,0.00%,1.15%,0.00%,1.15%,1,长飞光纤光缆(光芯片/光通信) 1.15%
016553,南方鑫悦15个月持有混合A,混合型-偏股,0.00%,0.00%,1.15%,0.00%,1.15%,1,长飞光纤光缆(光芯片/光通信) 1.15%
015849,富国创新企业灵活配置混合(LOF)C,混合型-灵活,0.00%,0.00%,1.13%,0.00%,1.13%,1,长飞光纤光缆(光芯片/光通信) 1.13%
501077,富国创新企业灵活配置混合(LOF)A,混合型-灵活,0.00%,0.00%,1.13%,0.00%,1.13%,1,长飞光纤光缆(光芯片/光通信) 1.13%
011975,广发均衡回报混合A,混合型-平衡,0.00%,0.00%,1.12%,0.00%,1.12%,1,长飞光纤光缆(光芯片/光通信) 1.12%
011976,广发均衡回报混合C,混合型-平衡,0.00%,0.00%,1.12%,0.00%,1.12%,1,长飞光纤光缆(光芯片/光通信) 1.12%
008513,南方宝丰混合A,混合型-偏债,0.00%,0.00%,0.59%,0.49%,1.08%,2,长飞光纤光缆(光芯片/光通信) 0.59%; 中芯国际(电芯片/核心半导体) 0.49%
008514,南方宝丰混合C,混合型-偏债,0.00%,0.00%,0.59%,0.49%,1.08%,2,长飞光纤光缆(光芯片/光通信) 0.59%; 中芯国际(电芯片/核心半导体) 0.49%
012170,华夏永顺一年持有混合A,混合型-偏债,0.00%,0.00%,0.00%,1.06%,1.06%,1,中芯国际(电芯片/核心半导体) 1.06%
012171,华夏永顺一年持有混合C,混合型-偏债,0.00%,0.00%,0.00%,1.06%,1.06%,1,中芯国际(电芯片/核心半导体) 1.06%
010539,浙商智多金稳健一年持有期A,混合型-偏债,0.00%,0.00%,1.02%,0.00%,1.02%,1,长飞光纤光缆(光芯片/光通信) 1.02%
010540,浙商智多金稳健一年持有期C,混合型-偏债,0.00%,0.00%,1.02%,0.00%,1.02%,1,长飞光纤光缆(光芯片/光通信) 1.02%
012014,工银聚润6个月持有混合A,混合型-偏债,0.00%,0.00%,0.00%,0.99%,0.99%,1,中芯国际(电芯片/核心半导体) 0.99%
012015,工银聚润6个月持有混合C,混合型-偏债,0.00%,0.00%,0.00%,0.99%,0.99%,1,中芯国际(电芯片/核心半导体) 0.99%
010230,南方宝昌混合A,混合型-偏债,0.00%,0.00%,0.97%,0.00%,0.97%,1,长飞光纤光缆(光芯片/光通信) 0.97%
010231,南方宝昌混合C,混合型-偏债,0.00%,0.00%,0.97%,0.00%,0.97%,1,长飞光纤光缆(光芯片/光通信) 0.97%
017300,安信数字经济股票发起A,股票型,0.00%,0.00%,0.00%,0.94%,0.94%,1,中芯国际(电芯片/核心半导体) 0.94%
017301,安信数字经济股票发起C,股票型,0.00%,0.00%,0.00%,0.94%,0.94%,1,中芯国际(电芯片/核心半导体) 0.94%
015954,信澳鑫享债券C,债券型-混合二级,0.00%,0.00%,0.92%,0.00%,0.92%,1,长飞光纤光缆(光芯片/光通信) 0.92%
015953,信澳鑫享债券A,债券型-混合二级,0.00%,0.00%,0.92%,0.00%,0.92%,1,长飞光纤光缆(光芯片/光通信) 0.92%
011803,景顺长城宁景6个月持有混合A,混合型-偏债,0.00%,0.00%,0.00%,0.87%,0.87%,1,中芯国际(电芯片/核心半导体) 0.87%
011804,景顺长城宁景6个月持有混合C,混合型-偏债,0.00%,0.00%,0.00%,0.87%,0.87%,1,中芯国际(电芯片/核心半导体) 0.87%
025511,广发信息产业股票发起式A,股票型,0.00%,0.00%,0.85%,0.00%,0.85%,1,长飞光纤光缆(光芯片/光通信) 0.85%
025512,广发信息产业股票发起式C,股票型,0.00%,0.00%,0.85%,0.00%,0.85%,1,长飞光纤光缆(光芯片/光通信) 0.85%
005887,华夏鼎沛债券C,债券型-混合二级,0.00%,0.00%,0.83%,0.00%,0.83%,1,长飞光纤光缆(光芯片/光通信) 0.83%
005886,华夏鼎沛债券A,债券型-混合二级,0.00%,0.00%,0.83%,0.00%,0.83%,1,长飞光纤光缆(光芯片/光通信) 0.83%
008470,朱雀安鑫回报债券C,债券型-混合二级,0.00%,0.00%,0.00%,0.83%,0.83%,1,中芯国际(电芯片/核心半导体) 0.83%
008469,朱雀安鑫回报债券A,债券型-混合二级,0.00%,0.00%,0.00%,0.83%,0.83%,1,中芯国际(电芯片/核心半导体) 0.83%
005741,南方君信混合A,混合型-灵活,0.00%,0.00%,0.82%,0.00%,0.82%,1,长飞光纤光缆(光芯片/光通信) 0.82%
010150,南方君信混合C,混合型-灵活,0.00%,0.00%,0.82%,0.00%,0.82%,1,长飞光纤光缆(光芯片/光通信) 0.82%
009978,银华招利一年持有期混合C,混合型-偏债,0.00%,0.00%,0.00%,0.80%,0.80%,1,中芯国际(电芯片/核心半导体) 0.80%
009977,银华招利一年持有期混合A,混合型-偏债,0.00%,0.00%,0.00%,0.80%,0.80%,1,中芯国际(电芯片/核心半导体) 0.80%
012427,南方价值臻选混合C,混合型-灵活,0.00%,0.00%,0.78%,0.00%,0.78%,1,长飞光纤光缆(光芯片/光通信) 0.78%
012426,南方价值臻选混合A,混合型-灵活,0.00%,0.00%,0.78%,0.00%,0.78%,1,长飞光纤光缆(光芯片/光通信) 0.78%
006952,中银景元回报混合,混合型-偏债,0.00%,0.00%,0.00%,0.72%,0.72%,1,中芯国际(电芯片/核心半导体) 0.72%
015161,南方宝嘉混合C,混合型-偏债,0.00%,0.00%,0.70%,0.00%,0.70%,1,长飞光纤光缆(光芯片/光通信) 0.70%
015160,南方宝嘉混合A,混合型-偏债,0.00%,0.00%,0.70%,0.00%,0.70%,1,长飞光纤光缆(光芯片/光通信) 0.70%
020385,信澳恒瑞9个月持有期混合A,混合型-偏债,0.00%,0.00%,0.66%,0.00%,0.66%,1,长飞光纤光缆(光芯片/光通信) 0.66%
020386,信澳恒瑞9个月持有期混合C,混合型-偏债,0.00%,0.00%,0.66%,0.00%,0.66%,1,长飞光纤光缆(光芯片/光通信) 0.66%
011913,华夏永泓一年持有混合A,混合型-偏债,0.00%,0.00%,0.00%,0.63%,0.63%,1,中芯国际(电芯片/核心半导体) 0.63%
011914,华夏永泓一年持有混合C,混合型-偏债,0.00%,0.00%,0.00%,0.63%,0.63%,1,中芯国际(电芯片/核心半导体) 0.63%
011898,长城悦享回报债券C,债券型-混合二级,0.00%,0.00%,0.00%,0.59%,0.59%,1,中芯国际(电芯片/核心半导体) 0.59%
011897,长城悦享回报债券A,债券型-混合二级,0.00%,0.00%,0.00%,0.59%,0.59%,1,中芯国际(电芯片/核心半导体) 0.59%
016109,南方振元债券发起A,债券型-混合二级,0.00%,0.00%,0.56%,0.00%,0.56%,1,长飞光纤光缆(光芯片/光通信) 0.56%
016110,南方振元债券发起C,债券型-混合二级,0.00%,0.00%,0.56%,0.00%,0.56%,1,长飞光纤光缆(光芯片/光通信) 0.56%
011190,招商瑞安1年持有期混合A,混合型-偏债,0.00%,0.00%,0.46%,0.00%,0.46%,1,高伟电子(光芯片/光通信) 0.46%
011191,招商瑞安1年持有期混合C,混合型-偏债,0.00%,0.00%,0.46%,0.00%,0.46%,1,高伟电子(光芯片/光通信) 0.46%
020678,广发集盛债券A,债券型-混合二级,0.00%,0.00%,0.44%,0.00%,0.44%,1,长飞光纤光缆(光芯片/光通信) 0.44%
020679,广发集盛债券C,债券型-混合二级,0.00%,0.00%,0.44%,0.00%,0.44%,1,长飞光纤光缆(光芯片/光通信) 0.44%
009572,南方养老2040三年持有混合发起(FOF)A,FOF-均衡型,0.00%,0.00%,0.00%,0.43%,0.43%,1,中芯国际(电芯片/核心半导体) 0.43%
017377,南方养老2040三年持有混合发起(FOF)Y,FOF-均衡型,0.00%,0.00%,0.00%,0.43%,0.43%,1,中芯国际(电芯片/核心半导体) 0.43%
009423,招商瑞信稳健配置混合A,混合型-偏债,0.00%,0.00%,0.38%,0.00%,0.38%,1,高伟电子(光芯片/光通信) 0.38%
009424,招商瑞信稳健配置混合C,混合型-偏债,0.00%,0.00%,0.38%,0.00%,0.38%,1,高伟电子(光芯片/光通信) 0.38%
018507,创金合信益久9个月持有期债券C,债券型-混合二级,0.00%,0.00%,0.00%,0.37%,0.37%,1,中芯国际(电芯片/核心半导体) 0.37%
018506,创金合信益久9个月持有期债券A,债券型-混合二级,0.00%,0.00%,0.00%,0.37%,0.37%,1,中芯国际(电芯片/核心半导体) 0.37%
018508,创金合信益久9个月持有期债券E,债券型-混合二级,0.00%,0.00%,0.00%,0.37%,0.37%,1,中芯国际(电芯片/核心半导体) 0.37%
016869,景顺长城稳健增益债券A,债券型-混合二级,0.00%,0.00%,0.00%,0.36%,0.36%,1,中芯国际(电芯片/核心半导体) 0.36%
016870,景顺长城稳健增益债券C,债券型-混合二级,0.00%,0.00%,0.00%,0.36%,0.36%,1,中芯国际(电芯片/核心半导体) 0.36%
021796,广发稳信六个月持有期混合C,混合型-偏债,0.00%,0.00%,0.36%,0.00%,0.36%,1,高伟电子(光芯片/光通信) 0.36%
021795,广发稳信六个月持有期混合A,混合型-偏债,0.00%,0.00%,0.36%,0.00%,0.36%,1,高伟电子(光芯片/光通信) 0.36%
023392,景顺长城稳健增益债券F,债券型-混合二级,0.00%,0.00%,0.00%,0.36%,0.36%,1,中芯国际(电芯片/核心半导体) 0.36%
009842,东方红明鉴优选两年定开混合,混合型-偏债,0.00%,0.00%,0.00%,0.34%,0.34%,1,中芯国际(电芯片/核心半导体) 0.34%
007318,中银民丰回报混合,混合型-偏债,0.00%,0.00%,0.00%,0.32%,0.32%,1,中芯国际(电芯片/核心半导体) 0.32%
007660,招商和悦均衡养老三年持有混合(FOF)A,FOF-均衡型,0.00%,0.00%,0.00%,0.32%,0.32%,1,中芯国际(电芯片/核心半导体) 0.32%
014739,广发恒祥债券C,债券型-混合二级,0.00%,0.00%,0.32%,0.00%,0.32%,1,高伟电子(光芯片/光通信) 0.32%
014738,广发恒祥债券A,债券型-混合二级,0.00%,0.00%,0.32%,0.00%,0.32%,1,高伟电子(光芯片/光通信) 0.32%
016424,广发集汇债券A,债券型-混合二级,0.00%,0.00%,0.32%,0.00%,0.32%,1,高伟电子(光芯片/光通信) 0.32%
016425,广发集汇债券C,债券型-混合二级,0.00%,0.00%,0.32%,0.00%,0.32%,1,高伟电子(光芯片/光通信) 0.32%
017395,招商和悦均衡养老三年持有混合(FOF)Y,FOF-均衡型,0.00%,0.00%,0.00%,0.32%,0.32%,1,中芯国际(电芯片/核心半导体) 0.32%
017149,天弘稳健回报债券发起A,债券型-混合二级,0.00%,0.00%,0.00%,0.31%,0.31%,1,华虹半导体(电芯片/核心半导体) 0.31%
017150,天弘稳健回报债券发起C,债券型-混合二级,0.00%,0.00%,0.00%,0.31%,0.31%,1,华虹半导体(电芯片/核心半导体) 0.31%
021596,天弘稳健回报债券发起E,债券型-混合二级,0.00%,0.00%,0.00%,0.31%,0.31%,1,华虹半导体(电芯片/核心半导体) 0.31%
024615,天弘稳健回报债券发起D,债券型-混合二级,0.00%,0.00%,0.00%,0.31%,0.31%,1,华虹半导体(电芯片/核心半导体) 0.31%
011521,鹏扬景源一年持有混合A,混合型-偏债,0.00%,0.00%,0.30%,0.00%,0.30%,1,长飞光纤光缆(光芯片/光通信) 0.30%
011522,鹏扬景源一年持有混合C,混合型-偏债,0.00%,0.00%,0.30%,0.00%,0.30%,1,长飞光纤光缆(光芯片/光通信) 0.30%
017618,华泰柏瑞招享6个月持有期混合C,混合型-偏债,0.00%,0.00%,0.00%,0.30%,0.30%,1,中芯国际(电芯片/核心半导体) 0.30%
017617,华泰柏瑞招享6个月持有期混合A,混合型-偏债,0.00%,0.00%,0.00%,0.30%,0.30%,1,中芯国际(电芯片/核心半导体) 0.30%
022017,华泰柏瑞集利债券C,债券型-混合二级,0.00%,0.00%,0.00%,0.30%,0.30%,1,中芯国际(电芯片/核心半导体) 0.30%
022016,华泰柏瑞集利债券A,债券型-混合二级,0.00%,0.00%,0.00%,0.30%,0.30%,1,中芯国际(电芯片/核心半导体) 0.30%
001980,中欧量化驱动混合A,混合型-偏股,0.00%,0.00%,0.00%,0.29%,0.29%,1,华虹半导体(电芯片/核心半导体) 0.29%
009064,鹏扬景沃六个月持有期混合A,混合型-偏债,0.00%,0.00%,0.29%,0.00%,0.29%,1,长飞光纤光缆(光芯片/光通信) 0.29%
009065,鹏扬景沃六个月持有期混合C,混合型-偏债,0.00%,0.00%,0.29%,0.00%,0.29%,1,长飞光纤光缆(光芯片/光通信) 0.29%
020875,中欧量化驱动混合C,混合型-偏股,0.00%,0.00%,0.00%,0.29%,0.29%,1,华虹半导体(电芯片/核心半导体) 0.29%
019943,兴业恒益6个月持有期债券A,债券型-混合二级,0.00%,0.00%,0.26%,0.00%,0.26%,1,长飞光纤光缆(光芯片/光通信) 0.26%
019944,兴业恒益6个月持有期债券C,债券型-混合二级,0.00%,0.00%,0.26%,0.00%,0.26%,1,长飞光纤光缆(光芯片/光通信) 0.26%
022682,平安盈弘6个月持有债券(FOF)A,FOF-稳健型,0.00%,0.00%,0.00%,0.25%,0.25%,1,中芯国际(电芯片/核心半导体) 0.25%
022683,平安盈弘6个月持有债券(FOF)C,FOF-稳健型,0.00%,0.00%,0.00%,0.25%,0.25%,1,中芯国际(电芯片/核心半导体) 0.25%
018627,富国兴享回报6个月持有期混合C,混合型-偏债,0.00%,0.00%,0.00%,0.24%,0.24%,1,中芯国际(电芯片/核心半导体) 0.24%
018626,富国兴享回报6个月持有期混合A,混合型-偏债,0.00%,0.00%,0.00%,0.24%,0.24%,1,中芯国际(电芯片/核心半导体) 0.24%
012746,富国双利增强债券A,债券型-混合二级,0.00%,0.00%,0.00%,0.20%,0.20%,1,中芯国际(电芯片/核心半导体) 0.20%
012747,富国双利增强债券C,债券型-混合二级,0.00%,0.00%,0.00%,0.20%,0.20%,1,中芯国际(电芯片/核心半导体) 0.20%
019042,浦银安盛稳健富利180天持有债券C,债券型-混合二级,0.00%,0.00%,0.00%,0.20%,0.20%,1,华虹半导体(电芯片/核心半导体) 0.20%
019041,浦银安盛稳健富利180天持有债券A,债券型-混合二级,0.00%,0.00%,0.00%,0.20%,0.20%,1,华虹半导体(电芯片/核心半导体) 0.20%
024731,富国双利增强债券E,债券型-混合二级,0.00%,0.00%,0.00%,0.20%,0.20%,1,中芯国际(电芯片/核心半导体) 0.20%
021655,海富通量化选股混合A,混合型-偏股,0.00%,0.00%,0.00%,0.19%,0.19%,1,中芯国际(电芯片/核心半导体) 0.19%
021656,海富通量化选股混合C,混合型-偏股,0.00%,0.00%,0.00%,0.19%,0.19%,1,中芯国际(电芯片/核心半导体) 0.19%
019659,万家养老目标2045三年持有混合发起式(FOF),FOF-均衡型,0.00%,0.00%,0.00%,0.18%,0.18%,1,中芯国际(电芯片/核心半导体) 0.18%
017980,南方养老目标2055五年持有混合发起(FOF)A,FOF-进取型,0.00%,0.00%,0.00%,0.17%,0.17%,1,中芯国际(电芯片/核心半导体) 0.17%
020756,南方养老目标2055五年持有混合发起(FOF)Y,FOF-进取型,0.00%,0.00%,0.00%,0.17%,0.17%,1,中芯国际(电芯片/核心半导体) 0.17%
014887,招商安福1年定开债发起式,债券型-混合二级,0.00%,0.00%,0.11%,0.00%,0.11%,1,长飞光纤光缆(光芯片/光通信) 0.11%
018736,景顺长城景颐裕利债券A,债券型-混合二级,0.00%,0.00%,0.00%,0.11%,0.11%,1,中芯国际(电芯片/核心半导体) 0.11%
018737,景顺长城景颐裕利债券C,债券型-混合二级,0.00%,0.00%,0.00%,0.11%,0.11%,1,中芯国际(电芯片/核心半导体) 0.11%
025372,景顺长城景颐裕利债券F,债券型-混合二级,0.00%,0.00%,0.00%,0.11%,0.11%,1,中芯国际(电芯片/核心半导体) 0.11%
007272,景顺稳健养老目标三年混合(FOF)A,FOF-均衡型,0.00%,0.00%,0.10%,0.00%,0.10%,1,长飞光纤光缆(光芯片/光通信) 0.10%
017259,景顺稳健养老目标三年混合(FOF)Y,FOF-均衡型,0.00%,0.00%,0.10%,0.00%,0.10%,1,长飞光纤光缆(光芯片/光通信) 0.10%
025304,东方红汇诚债券C,债券型-混合二级,0.00%,0.00%,0.00%,0.08%,0.08%,1,中芯国际(电芯片/核心半导体) 0.08%
025303,东方红汇诚债券A,债券型-混合二级,0.00%,0.00%,0.00%,0.08%,0.08%,1,中芯国际(电芯片/核心半导体) 0.08%
012112,鹏华安颐混合C,混合型-偏债,0.00%,0.00%,0.00%,0.04%,0.04%,1,中芯国际(电芯片/核心半导体) 0.04%
012111,鹏华安颐混合A,混合型-偏债,0.00%,0.00%,0.00%,0.04%,0.04%,1,中芯国际(电芯片/核心半导体) 0.04%
025152,华富安康三个月持有期债券A,债券型-混合二级,0.00%,0.00%,0.00%,0.04%,0.04%,1,中芯国际(电芯片/核心半导体) 0.04%
025153,华富安康三个月持有期债券C,债券型-混合二级,0.00%,0.00%,0.00%,0.04%,0.04%,1,中芯国际(电芯片/核心半导体) 0.04%
000948,华夏沪港通恒生ETF联接A,指数型-股票,0.00%,0.00%,0.00%,0.00%,0.00%,1,中芯国际(电芯片/核心半导体) 0.00%
005734,华夏沪港通恒生ETF联接C,指数型-股票,0.00%,0.00%,0.00%,0.00%,0.00%,1,中芯国际(电芯片/核心半导体) 0.00%
024886,天弘港股科技ETF联接C,指数型-股票,0.00%,0.00%,0.00%,0.00%,0.00%,1,中芯国际(电芯片/核心半导体) 0.00%
024885,天弘港股科技ETF联接A,指数型-股票,0.00%,0.00%,0.00%,0.00%,0.00%,1,中芯国际(电芯片/核心半导体) 0.00%
