基金代码,基金名称,基金类型,证券代码,证券名称,标准名称,主题,占净值比例,持仓市值(万元),持股数(万股),原始重复行数
000041,华夏全球股票(QDII)(人民币),QDII-普通股票,LITE,Lumentum Holdings Inc,Lumentum,光芯片/光通信,1.56%,,0.83,1
000041,华夏全球股票(QDII)(人民币),QDII-普通股票,MU,美光科技,美光科技,存储,1.77%,,1.94,1
000041,华夏全球股票(QDII)(人民币),QDII-普通股票,NVDA,英伟达,英伟达,电芯片/核心半导体,3.34%,,7.11,1
000041,华夏全球股票(QDII)(人民币),QDII-普通股票,TSM,台积电,台积电ADR,电芯片/核心半导体,2.68%,,2.95,1
000041,华夏全球股票(QDII)(人民币),QDII-普通股票,AVGO,博通,博通,电芯片/核心半导体,2.17%,,2.6,1
000043,嘉实美国成长股票人民币,QDII-普通股票,NVDA,英伟达,英伟达,电芯片/核心半导体,9.97%,,36.7,1
000043,嘉实美国成长股票人民币,QDII-普通股票,AVGO,博通,博通,电芯片/核心半导体,4.86%,,10.07,1
000043,嘉实美国成长股票人民币,QDII-普通股票,TSM,台积电,台积电ADR,电芯片/核心半导体,1.82%,,3.46,1
000044,嘉实美国成长股票美元现汇,QDII-普通股票,NVDA,英伟达,英伟达,电芯片/核心半导体,9.97%,,36.7,1
000044,嘉实美国成长股票美元现汇,QDII-普通股票,AVGO,博通,博通,电芯片/核心半导体,4.86%,,10.07,1
000044,嘉实美国成长股票美元现汇,QDII-普通股票,TSM,台积电,台积电ADR,电芯片/核心半导体,1.82%,,3.46,1
000906,广发全球精选股票(QDII)美元A,QDII-普通股票,SNDK,闪迪,闪迪,存储,3.54%,,12.12,1
000906,广发全球精选股票(QDII)美元A,QDII-普通股票,MU,美光科技,美光科技,存储,3.26%,,20.93,1
000906,广发全球精选股票(QDII)美元A,QDII-普通股票,ASML,阿斯麦,阿斯麦,电芯片/核心半导体,5.21%,,8.57,1
000906,广发全球精选股票(QDII)美元A,QDII-普通股票,NVDA,英伟达,英伟达,电芯片/核心半导体,4.47%,,55.67,1
000906,广发全球精选股票(QDII)美元A,QDII-普通股票,LRCX,拉姆研究,拉姆研究,电芯片/核心半导体,4.01%,,40.72,1
000906,广发全球精选股票(QDII)美元A,QDII-普通股票,AVGO,博通,博通,电芯片/核心半导体,3.27%,,22.94,1
000927,博时大中华亚太精选美元现汇,QDII-普通股票,2330,台积电,台积电,电芯片/核心半导体,7.43%,,3.5,1
000927,博时大中华亚太精选美元现汇,QDII-普通股票,2454,联发科,联发科,电芯片/核心半导体,3.95%,,2.2,1
000934,国富大中华精选混合,QDII-混合偏股,01415,高伟电子,高伟电子,光芯片/光通信,1.84%,,160.5,1
000934,国富大中华精选混合,QDII-混合偏股,2330,台积电,台积电,电芯片/核心半导体,2.25%,,11.8,1
000934,国富大中华精选混合,QDII-混合偏股,TSM,台积电,台积电ADR,电芯片/核心半导体,2.11%,,1.8,1
000948,华夏沪港通恒生ETF联接A,指数型-股票,00981,中芯国际,中芯国际H,电芯片/核心半导体,0.00%,2.24,0.05,1
000988,嘉实全球互联网股票人民币,QDII-普通股票,NVDA,英伟达,英伟达,电芯片/核心半导体,3.26%,,1.9,1
000989,嘉实全球互联网股票美元现汇,QDII-普通股票,NVDA,英伟达,英伟达,电芯片/核心半导体,3.26%,,1.9,1
000990,嘉实全球互联网股票美元现钞,QDII-普通股票,NVDA,英伟达,英伟达,电芯片/核心半导体,3.26%,,1.9,1
001048,富国新兴产业股票A,股票型,06869,长飞光纤光缆,长飞光纤光缆,光芯片/光通信,6.47%,56334.81,348.65,1
001215,博时沪港深优质企业基金A,混合型-灵活,00981,中芯国际,中芯国际H,电芯片/核心半导体,8.04%,1383.26,30.9,1
001581,华安沪港深通精选灵活配置混合A,混合型-灵活,06869,长飞光纤光缆,长飞光纤光缆,光芯片/光通信,3.66%,581.69,3.6,1
001668,汇添富全球移动互联混合(QDII)人民币A,QDII-混合灵活,MU,美光科技,美光科技,存储,2.21%,,1.86,1
001668,汇添富全球移动互联混合(QDII)人民币A,QDII-混合灵活,NVDA,英伟达,英伟达,电芯片/核心半导体,8.96%,,14.58,1
001668,汇添富全球移动互联混合(QDII)人民币A,QDII-混合灵活,AVGO,博通,博通,电芯片/核心半导体,3.89%,,3.57,1
001668,汇添富全球移动互联混合(QDII)人民币A,QDII-混合灵活,TSM,台积电,台积电ADR,电芯片/核心半导体,3.34%,,2.81,1
001691,南方香港成长灵活配置混合,QDII-混合灵活,06869,长飞光纤光缆,长飞光纤光缆,光芯片/光通信,6.60%,,57.8,1
001764,广发沪港深新机遇股票,股票型,06869,长飞光纤光缆,长飞光纤光缆,光芯片/光通信,10.79%,6495.51,40.2,1
001811,中欧明睿新常态混合A,混合型-偏股,06869,长飞光纤光缆,长飞光纤光缆,光芯片/光通信,3.77%,19389.58,120.0,1
001877,宝盈国家安全沪港深股票A,股票型,01347,华虹半导体,华虹半导体,电芯片/核心半导体,4.31%,3286.63,47.94,1
001980,中欧量化驱动混合A,混合型-偏股,01347,华虹半导体,华虹半导体,电芯片/核心半导体,0.29%,205.68,3.0,1
002121,广发沪港深新起点股票A,股票型,06869,长飞光纤光缆,长飞光纤光缆,光芯片/光通信,6.30%,21086.17,130.5,1
002121,广发沪港深新起点股票A,股票型,01347,华虹半导体,华虹半导体,电芯片/核心半导体,4.49%,15042.3,219.4,1
002214,中海沪港深价值优选混合A,混合型-灵活,06869,长飞光纤光缆,长飞光纤光缆,光芯片/光通信,3.32%,153.5,0.95,1
002214,中海沪港深价值优选混合A,混合型-灵活,00981,中芯国际,中芯国际H,电芯片/核心半导体,5.87%,271.27,6.06,1
002214,中海沪港深价值优选混合A,混合型-灵活,01347,华虹半导体,华虹半导体,电芯片/核心半导体,5.07%,234.16,3.42,1
002230,华夏大中华混合(QDII),QDII-混合灵活,LITE,Lumentum Holdings Inc,Lumentum,光芯片/光通信,4.83%,,0.06,1
002230,华夏大中华混合(QDII),QDII-混合灵活,MU,美光科技,美光科技,存储,6.35%,,0.18,1
002230,华夏大中华混合(QDII),QDII-混合灵活,SNDK,闪迪,闪迪,存储,4.43%,,0.07,1
002230,华夏大中华混合(QDII),QDII-混合灵活,TSM,台积电,台积电ADR,电芯片/核心半导体,7.96%,,0.22,1
002230,华夏大中华混合(QDII),QDII-混合灵活,NVDA,英伟达,英伟达,电芯片/核心半导体,7.30%,,0.39,1
002387,工银沪港深股票A,股票型,00981,中芯国际,中芯国际H,电芯片/核心半导体,5.15%,3187.45,71.2,1
002555,博时沪港深优质企业基金C,混合型-灵活,00981,中芯国际,中芯国际H,电芯片/核心半导体,8.04%,1383.26,30.9,1
002685,中欧丰泓沪港深混合A,混合型-灵活,01347,华虹半导体,华虹半导体,电芯片/核心半导体,6.83%,7541.72,110.0,1
002686,中欧丰泓沪港深混合C,混合型-灵活,01347,华虹半导体,华虹半导体,电芯片/核心半导体,6.83%,7541.72,110.0,1
002891,华夏移动互联混合人民币,QDII-混合灵活,COHR,Coherent Corp,Coherent,光芯片/光通信,7.54%,,3.06,1
002891,华夏移动互联混合人民币,QDII-混合灵活,LITE,Lumentum Holdings Inc,Lumentum,光芯片/光通信,5.79%,,0.8,1
002891,华夏移动互联混合人民币,QDII-混合灵活,GLW,康宁,康宁,光芯片/光通信,5.12%,,3.64,1
002891,华夏移动互联混合人民币,QDII-混合灵活,SNDK,闪迪,闪迪,存储,7.13%,,1.09,1
002891,华夏移动互联混合人民币,QDII-混合灵活,MU,美光科技,美光科技,存储,6.58%,,1.88,1
002891,华夏移动互联混合人民币,QDII-混合灵活,NVDA,英伟达,英伟达,电芯片/核心半导体,4.11%,,2.28,1
002891,华夏移动互联混合人民币,QDII-混合灵活,INTC,英特尔,英特尔,电芯片/核心半导体,3.45%,,7.56,1
002892,华夏移动互联混合美元现汇,QDII-混合灵活,COHR,Coherent Corp,Coherent,光芯片/光通信,7.54%,,3.06,1
002892,华夏移动互联混合美元现汇,QDII-混合灵活,LITE,Lumentum Holdings Inc,Lumentum,光芯片/光通信,5.79%,,0.8,1
002892,华夏移动互联混合美元现汇,QDII-混合灵活,GLW,康宁,康宁,光芯片/光通信,5.12%,,3.64,1
002892,华夏移动互联混合美元现汇,QDII-混合灵活,SNDK,闪迪,闪迪,存储,7.13%,,1.09,1
002892,华夏移动互联混合美元现汇,QDII-混合灵活,MU,美光科技,美光科技,存储,6.58%,,1.88,1
002892,华夏移动互联混合美元现汇,QDII-混合灵活,NVDA,英伟达,英伟达,电芯片/核心半导体,4.11%,,2.28,1
002892,华夏移动互联混合美元现汇,QDII-混合灵活,INTC,英特尔,英特尔,电芯片/核心半导体,3.45%,,7.56,1
002893,华夏移动互联混合美元现钞,QDII-混合灵活,COHR,Coherent Corp,Coherent,光芯片/光通信,7.54%,,3.06,1
002893,华夏移动互联混合美元现钞,QDII-混合灵活,LITE,Lumentum Holdings Inc,Lumentum,光芯片/光通信,5.79%,,0.8,1
002893,华夏移动互联混合美元现钞,QDII-混合灵活,GLW,康宁,康宁,光芯片/光通信,5.12%,,3.64,1
002893,华夏移动互联混合美元现钞,QDII-混合灵活,SNDK,闪迪,闪迪,存储,7.13%,,1.09,1
002893,华夏移动互联混合美元现钞,QDII-混合灵活,MU,美光科技,美光科技,存储,6.58%,,1.88,1
002893,华夏移动互联混合美元现钞,QDII-混合灵活,NVDA,英伟达,英伟达,电芯片/核心半导体,4.11%,,2.28,1
002893,华夏移动互联混合美元现钞,QDII-混合灵活,INTC,英特尔,英特尔,电芯片/核心半导体,3.45%,,7.56,1
003243,摩根中国世纪混合(QDII)人民币,QDII-混合灵活,06869,长飞光纤光缆,长飞光纤光缆,光芯片/光通信,6.70%,,4.76,1
003244,摩根中国世纪混合(QDII)美元现钞,QDII-混合灵活,06869,长飞光纤光缆,长飞光纤光缆,光芯片/光通信,6.70%,,4.76,1
003245,摩根中国世纪混合(QDII)美元现汇,QDII-混合灵活,06869,长飞光纤光缆,长飞光纤光缆,光芯片/光通信,6.70%,,4.76,1
003718,易方达标普500指数美元汇A,指数型-海外股票,NVDA,英伟达,英伟达,电芯片/核心半导体,6.60%,,8.68,1
003718,易方达标普500指数美元汇A,指数型-海外股票,AVGO,博通,博通,电芯片/核心半导体,2.29%,,1.7,1
003721,易方达标普信息科技指数(QDII-LOF)A(美元现汇),指数型-海外股票,MU,美光科技,美光科技,存储,1.81%,,2.67,1
003721,易方达标普信息科技指数(QDII-LOF)A(美元现汇),指数型-海外股票,NVDA,英伟达,英伟达,电芯片/核心半导体,20.16%,,57.71,1
003721,易方达标普信息科技指数(QDII-LOF)A(美元现汇),指数型-海外股票,AVGO,博通,博通,电芯片/核心半导体,6.98%,,11.26,1
003721,易方达标普信息科技指数(QDII-LOF)A(美元现汇),指数型-海外股票,AMD,超威半导体,超威半导体,电芯片/核心半导体,1.58%,,3.87,1
003721,易方达标普信息科技指数(QDII-LOF)A(美元现汇),指数型-海外股票,AMAT,应用材料,应用材料,电芯片/核心半导体,1.29%,,1.89,1
003721,易方达标普信息科技指数(QDII-LOF)A(美元现汇),指数型-海外股票,LRCX,拉姆研究,拉姆研究,电芯片/核心半导体,1.27%,,2.97,1
004091,博时沪港深价值优选A,混合型-灵活,00981,中芯国际,中芯国际H,电芯片/核心半导体,3.68%,196.97,4.4,1
004092,博时沪港深价值优选C,混合型-灵活,00981,中芯国际,中芯国际H,电芯片/核心半导体,3.68%,196.97,4.4,1
004263,华安沪港深机会灵活配置混合,混合型-灵活,00981,中芯国际,中芯国际H,电芯片/核心半导体,5.02%,6108.26,136.45,1
004292,鹏华沪深港互联网股票,股票型,01347,华虹半导体,华虹半导体,电芯片/核心半导体,8.32%,705.28,10.29,1
004292,鹏华沪深港互联网股票,股票型,00981,中芯国际,中芯国际H,电芯片/核心半导体,5.82%,492.86,11.01,1
004616,中欧电子信息产业沪港深股票A,股票型,06869,长飞光纤光缆,长飞光纤光缆,光芯片/光通信,4.03%,10858.17,67.2,1
004616,中欧电子信息产业沪港深股票A,股票型,00981,中芯国际,中芯国际H,电芯片/核心半导体,4.11%,11068.29,247.25,1
004934,圆信永丰消费升级,混合型-灵活,00981,中芯国际,中芯国际H,电芯片/核心半导体,6.19%,980.7,21.91,1
004958,圆信永丰优享生活,混合型-灵活,00981,中芯国际,中芯国际H,电芯片/核心半导体,2.99%,774.44,17.3,1
004996,广发恒生中型股指数C,指数型-股票,01347,华虹半导体,华虹半导体,电芯片/核心半导体,1.55%,75.42,1.1,1
005119,银华智荟内在价值灵活配置混合发起A,混合型-灵活,01347,华虹半导体,华虹半导体,电芯片/核心半导体,3.20%,665.04,9.7,1
005142,国联沪港深大消费主题A,混合型-灵活,00981,中芯国际,中芯国际H,电芯片/核心半导体,4.44%,1432.5,32.0,1
005143,国联沪港深大消费主题C,混合型-灵活,00981,中芯国际,中芯国际H,电芯片/核心半导体,4.44%,1432.5,32.0,1
005197,工银沪港深精选混合A,混合型-灵活,06869,长飞光纤光缆,长飞光纤光缆,光芯片/光通信,3.86%,1510.77,9.35,1
005198,工银沪港深精选混合C,混合型-灵活,06869,长飞光纤光缆,长飞光纤光缆,光芯片/光通信,3.86%,1510.77,9.35,1
005207,南方高端装备混合C,混合型-偏股,01347,华虹半导体,华虹半导体,电芯片/核心半导体,5.31%,5142.08,75.0,1
005207,南方高端装备混合C,混合型-偏股,00981,中芯国际,中芯国际H,电芯片/核心半导体,3.39%,3283.55,73.35,1
005228,汇添富港股通专注成长,混合型-偏股,00981,中芯国际,中芯国际H,电芯片/核心半导体,2.92%,691.63,15.45,1
005250,银华估值优势混合,混合型-偏股,01347,华虹半导体,华虹半导体,电芯片/核心半导体,4.89%,493.64,7.2,1
005250,银华估值优势混合,混合型-偏股,00981,中芯国际,中芯国际H,电芯片/核心半导体,4.17%,420.8,9.4,1
005255,浦银安盛港股通量化混合A,混合型-灵活,01347,华虹半导体,华虹半导体,电芯片/核心半导体,6.33%,212.54,3.1,1
005255,浦银安盛港股通量化混合A,混合型-灵活,00981,中芯国际,中芯国际H,电芯片/核心半导体,5.03%,168.77,3.77,1
005534,华夏新时代混合人民币(QDII),QDII-混合灵活,LITE,Lumentum Holdings Inc,Lumentum,光芯片/光通信,5.35%,,0.21,1
005534,华夏新时代混合人民币(QDII),QDII-混合灵活,COHR,Coherent Corp,Coherent,光芯片/光通信,2.82%,,0.32,1
005543,银华心诚灵活配置混合A,混合型-灵活,00981,中芯国际,中芯国际H,电芯片/核心半导体,7.79%,6204.1,138.59,1
005543,银华心诚灵活配置混合A,混合型-灵活,01347,华虹半导体,华虹半导体,电芯片/核心半导体,4.76%,3791.43,55.3,1
005683,国寿安保华兴灵活配置混合,混合型-灵活,06869,长飞光纤光缆,长飞光纤光缆,光芯片/光通信,2.57%,80.79,0.5,1
005698,华夏全球科技先锋混合(QDII)A(人民币),QDII-混合偏股,LITE,Lumentum Holdings Inc,Lumentum,光芯片/光通信,4.72%,,4.56,1
005698,华夏全球科技先锋混合(QDII)A(人民币),QDII-混合偏股,COHR,Coherent Corp,Coherent,光芯片/光通信,4.59%,,13.08,1
005698,华夏全球科技先锋混合(QDII)A(人民币),QDII-混合偏股,GLW,康宁,康宁,光芯片/光通信,4.15%,,20.71,1
005698,华夏全球科技先锋混合(QDII)A(人民币),QDII-混合偏股,SNDK,闪迪,闪迪,存储,2.66%,,2.84,1
005698,华夏全球科技先锋混合(QDII)A(人民币),QDII-混合偏股,MU,美光科技,美光科技,存储,2.30%,,4.61,1
005698,华夏全球科技先锋混合(QDII)A(人民币),QDII-混合偏股,TSM,台积电,台积电ADR,电芯片/核心半导体,4.87%,,9.77,1
005701,摩根香港精选港股通混合A,混合型-偏股,06869,长飞光纤光缆,长飞光纤光缆,光芯片/光通信,6.86%,501.46,3.1,1
005734,华夏沪港通恒生ETF联接C,指数型-股票,00981,中芯国际,中芯国际H,电芯片/核心半导体,0.00%,2.24,0.05,1
005741,南方君信混合A,混合型-灵活,06869,长飞光纤光缆,长飞光纤光缆,光芯片/光通信,0.82%,735.19,4.55,1
005742,南方成安优选混合,混合型-灵活,06869,长飞光纤光缆,长飞光纤光缆,光芯片/光通信,3.81%,1769.3,10.95,1
005763,中欧电子信息产业沪港深股票C,股票型,06869,长飞光纤光缆,长飞光纤光缆,光芯片/光通信,4.03%,10858.17,67.2,1
005763,中欧电子信息产业沪港深股票C,股票型,00981,中芯国际,中芯国际H,电芯片/核心半导体,4.11%,11068.29,247.25,1
005765,中欧明睿新常态混合C,混合型-偏股,06869,长飞光纤光缆,长飞光纤光缆,光芯片/光通信,3.77%,19389.58,120.0,1
005794,银华心怡灵活配置混合A,混合型-灵活,00981,中芯国际,中芯国际H,电芯片/核心半导体,8.03%,25451.46,568.55,1
005794,银华心怡灵活配置混合A,混合型-灵活,01347,华虹半导体,华虹半导体,电芯片/核心半导体,5.23%,16598.63,242.1,1
005802,汇添富智能制造股票A,股票型,00981,中芯国际,中芯国际H,电芯片/核心半导体,8.28%,22752.1,508.25,1
005875,易方达中盘成长混合,混合型-偏股,06869,长飞光纤光缆,长飞光纤光缆,光芯片/光通信,3.93%,17781.86,110.05,1
005886,华夏鼎沛债券A,债券型-混合二级,06869,长飞光纤光缆,长飞光纤光缆,光芯片/光通信,0.83%,96.95,0.6,1
005887,华夏鼎沛债券C,债券型-混合二级,06869,长飞光纤光缆,长飞光纤光缆,光芯片/光通信,0.83%,96.95,0.6,1
006257,信澳先进智造股票型A,股票型,01347,华虹半导体,华虹半导体,电芯片/核心半导体,6.13%,3968.55,57.88,1
006263,易方达香港小型股指数C,指数型-海外股票,06869,长飞光纤光缆,长飞光纤光缆,光芯片/光通信,6.30%,,2.5,1
006282,摩根欧洲动力策略股票(QDII)A,QDII-普通股票,ASML,阿斯麦控股公司,阿斯麦,电芯片/核心半导体,4.27%,,0.39,1
006348,银华盛利混合发起式A,混合型-偏股,00981,中芯国际,中芯国际H,电芯片/核心半导体,3.54%,400.65,8.95,1
006370,国富大中华精选混合美元,QDII-混合偏股,01415,高伟电子,高伟电子,光芯片/光通信,1.84%,,160.5,1
006370,国富大中华精选混合美元,QDII-混合偏股,2330,台积电,台积电,电芯片/核心半导体,2.25%,,11.8,1
006370,国富大中华精选混合美元,QDII-混合偏股,TSM,台积电,台积电ADR,电芯片/核心半导体,2.11%,,1.8,1
006373,国富全球科技互联混合(QDII)人民币A,QDII-混合偏股,GLW,康宁,康宁,光芯片/光通信,6.79%,,29.88,1
006373,国富全球科技互联混合(QDII)人民币A,QDII-混合偏股,MU,美光科技,美光科技,存储,7.69%,,13.62,1
006373,国富全球科技互联混合(QDII)人民币A,QDII-混合偏股,TSM,台积电,台积电ADR,电芯片/核心半导体,7.03%,,12.45,1
006373,国富全球科技互联混合(QDII)人民币A,QDII-混合偏股,LRCX,拉姆研究,拉姆研究,电芯片/核心半导体,7.02%,,19.67,1
006373,国富全球科技互联混合(QDII)人民币A,QDII-混合偏股,NVDA,英伟达,英伟达,电芯片/核心半导体,5.86%,,20.12,1
006373,国富全球科技互联混合(QDII)人民币A,QDII-混合偏股,INTC,英特尔,英特尔,电芯片/核心半导体,3.16%,,42.88,1
006374,国富全球科技互联混合(QDII)美元现汇A,QDII-混合偏股,GLW,康宁,康宁,光芯片/光通信,6.79%,,29.88,1
006374,国富全球科技互联混合(QDII)美元现汇A,QDII-混合偏股,MU,美光科技,美光科技,存储,7.69%,,13.62,1
006374,国富全球科技互联混合(QDII)美元现汇A,QDII-混合偏股,TSM,台积电,台积电ADR,电芯片/核心半导体,7.03%,,12.45,1
006374,国富全球科技互联混合(QDII)美元现汇A,QDII-混合偏股,LRCX,拉姆研究,拉姆研究,电芯片/核心半导体,7.02%,,19.67,1
006374,国富全球科技互联混合(QDII)美元现汇A,QDII-混合偏股,NVDA,英伟达,英伟达,电芯片/核心半导体,5.86%,,20.12,1
006374,国富全球科技互联混合(QDII)美元现汇A,QDII-混合偏股,INTC,英特尔,英特尔,电芯片/核心半导体,3.16%,,42.88,1
006426,汇添富全球移动互联混合(QDII)美元现汇,QDII-混合灵活,MU,美光科技,美光科技,存储,2.21%,,1.86,1
006426,汇添富全球移动互联混合(QDII)美元现汇,QDII-混合灵活,NVDA,英伟达,英伟达,电芯片/核心半导体,8.96%,,14.58,1
006426,汇添富全球移动互联混合(QDII)美元现汇,QDII-混合灵活,AVGO,博通,博通,电芯片/核心半导体,3.89%,,3.57,1
006426,汇添富全球移动互联混合(QDII)美元现汇,QDII-混合灵活,TSM,台积电,台积电ADR,电芯片/核心半导体,3.34%,,2.81,1
006477,中邮沪港深精选混合A,混合型-偏股,00981,中芯国际,中芯国际H,电芯片/核心半导体,7.61%,268.59,6.0,1
006477,中邮沪港深精选混合A,混合型-偏股,01347,华虹半导体,华虹半导体,电芯片/核心半导体,2.72%,95.99,1.4,1
006537,恒生前海港股通精选混合,混合型-偏股,00981,中芯国际,中芯国际H,电芯片/核心半导体,4.70%,226.09,5.05,1
006537,恒生前海港股通精选混合,混合型-偏股,01347,华虹半导体,华虹半导体,电芯片/核心半导体,2.99%,143.98,2.1,1
006555,浦银安盛全球智能科技(QDII)A,QDII-普通股票,LITE,Lumentum Holdings Inc,Lumentum,光芯片/光通信,8.22%,,5.08,1
006555,浦银安盛全球智能科技(QDII)A,QDII-普通股票,COHR,Coherent Corp,Coherent,光芯片/光通信,5.17%,,9.44,1
006555,浦银安盛全球智能科技(QDII)A,QDII-普通股票,MU,美光科技,美光科技,存储,5.13%,,6.6,1
006555,浦银安盛全球智能科技(QDII)A,QDII-普通股票,TSM,台积电,台积电ADR,电芯片/核心半导体,6.04%,,7.77,1
006555,浦银安盛全球智能科技(QDII)A,QDII-普通股票,INTC,英特尔,英特尔,电芯片/核心半导体,4.34%,,42.7,1
006555,浦银安盛全球智能科技(QDII)A,QDII-普通股票,ASML,阿斯麦,阿斯麦,电芯片/核心半导体,3.25%,,1.07,1
006614,嘉实港股通新经济指数C,指数型-股票,00981,中芯国际,中芯国际H,电芯片/核心半导体,4.04%,13187.94,294.6,1
006615,工银战略新兴产业混合A,混合型-偏股,06869,长飞光纤光缆,长飞光纤光缆,光芯片/光通信,3.57%,2043.99,12.65,1
006616,工银战略新兴产业混合C,混合型-偏股,06869,长飞光纤光缆,长飞光纤光缆,光芯片/光通信,3.57%,2043.99,12.65,1
006751,富国互联科技股票A,股票型,06869,长飞光纤光缆,长飞光纤光缆,光芯片/光通信,8.72%,35172.4,217.68,1
006768,华安沪港深优选混合,混合型-偏股,01347,华虹半导体,华虹半导体,电芯片/核心半导体,3.73%,178.26,2.6,1
006792,鹏华港美互联股票美元现汇,QDII-普通股票,SNDK,闪迪,闪迪,存储,8.57%,,0.55,1
006792,鹏华港美互联股票美元现汇,QDII-普通股票,MU,美光科技,美光科技,存储,7.49%,,0.91,1
006792,鹏华港美互联股票美元现汇,QDII-普通股票,TSM,台积电,台积电ADR,电芯片/核心半导体,9.09%,,1.1,1
006792,鹏华港美互联股票美元现汇,QDII-普通股票,NVDA,英伟达,英伟达,电芯片/核心半导体,9.05%,,2.13,1
006792,鹏华港美互联股票美元现汇,QDII-普通股票,AVGO,博通,博通,电芯片/核心半导体,3.49%,,0.46,1
006792,鹏华港美互联股票美元现汇,QDII-普通股票,ASML,阿斯麦,阿斯麦,电芯片/核心半导体,2.85%,,0.09,1
006923,前海开源沪港深非周期股票A,股票型,00981,中芯国际,中芯国际H,电芯片/核心半导体,4.34%,217.11,4.85,1
006924,前海开源沪港深非周期股票C,股票型,00981,中芯国际,中芯国际H,电芯片/核心半导体,4.34%,217.11,4.85,1
006952,中银景元回报混合,混合型-偏债,00981,中芯国际,中芯国际H,电芯片/核心半导体,0.72%,35.81,0.8,1
007066,浦银安盛先进制造混合A,混合型-偏股,01415,高伟电子,高伟电子,光芯片/光通信,4.56%,826.19,36.1,1
007066,浦银安盛先进制造混合A,混合型-偏股,00981,中芯国际,中芯国际H,电芯片/核心半导体,3.10%,561.81,12.55,1
007067,浦银安盛先进制造混合C,混合型-偏股,01415,高伟电子,高伟电子,光芯片/光通信,4.56%,826.19,36.1,1
007067,浦银安盛先进制造混合C,混合型-偏股,00981,中芯国际,中芯国际H,电芯片/核心半导体,3.10%,561.81,12.55,1
007132,长城港股通价值精选混合A,混合型-偏股,00981,中芯国际,中芯国际H,电芯片/核心半导体,8.64%,1298.2,29.0,1
007132,长城港股通价值精选混合A,混合型-偏股,01347,华虹半导体,华虹半导体,电芯片/核心半导体,4.56%,685.61,10.0,1
007182,万家沪港深蓝筹混合A,混合型-偏股,01347,华虹半导体,华虹半导体,电芯片/核心半导体,2.44%,342.81,5.0,1
007183,万家沪港深蓝筹混合C,混合型-偏股,01347,华虹半导体,华虹半导体,电芯片/核心半导体,2.44%,342.81,5.0,1
007272,景顺稳健养老目标三年混合(FOF)A,FOF-均衡型,06869,长飞光纤光缆,长飞光纤光缆,光芯片/光通信,0.10%,8.08,0.05,1
007318,中银民丰回报混合,混合型-偏债,00981,中芯国际,中芯国际H,电芯片/核心半导体,0.32%,33.57,0.75,1
007340,南方科技创新混合A,混合型-偏股,01347,华虹半导体,华虹半导体,电芯片/核心半导体,2.21%,2941.27,42.9,1
007341,南方科技创新混合C,混合型-偏股,01347,华虹半导体,华虹半导体,电芯片/核心半导体,2.21%,2941.27,42.9,1
007346,易方达科技创新混合A,混合型-偏股,06869,长飞光纤光缆,长飞光纤光缆,光芯片/光通信,4.01%,8709.15,53.9,1
007353,工银科技创新混合,混合型-偏股,00981,中芯国际,中芯国际H,电芯片/核心半导体,4.00%,1889.11,42.2,1
007490,南方信息创新混合A,混合型-偏股,01347,华虹半导体,华虹半导体,电芯片/核心半导体,3.85%,22714.28,331.3,1
007491,南方信息创新混合C,混合型-偏股,01347,华虹半导体,华虹半导体,电芯片/核心半导体,3.85%,22714.28,331.3,1
007493,朱雀产业臻选混合A,混合型-偏股,00981,中芯国际,中芯国际H,电芯片/核心半导体,8.86%,17935.32,400.65,1
007494,朱雀产业臻选混合C,混合型-偏股,00981,中芯国际,中芯国际H,电芯片/核心半导体,8.86%,17935.32,400.65,1
007512,工银沪港深股票C,股票型,00981,中芯国际,中芯国际H,电芯片/核心半导体,5.15%,3187.45,71.2,1
007660,招商和悦均衡养老三年持有混合(FOF)A,FOF-均衡型,00981,中芯国际,中芯国际H,电芯片/核心半导体,0.32%,69.39,1.55,1
007729,招商普盛全球配置(QDII)人民币A,QDII-混合灵活,SNDK,闪迪,闪迪,存储,0.59%,,0.07,1
007729,招商普盛全球配置(QDII)人民币A,QDII-混合灵活,MU,美光科技,美光科技,存储,0.34%,,0.07,1
007729,招商普盛全球配置(QDII)人民币A,QDII-混合灵活,ARM,Arm Holdings plc ADR,Arm Holdings,电芯片/核心半导体,0.35%,,0.17,1
007729,招商普盛全球配置(QDII)人民币A,QDII-混合灵活,AVGO,博通,博通,电芯片/核心半导体,0.35%,,0.08,1
007802,兴全合泰混合A,混合型-偏股,06869,长飞光纤光缆,长飞光纤光缆,光芯片/光通信,3.01%,12234.83,75.72,1
007803,兴全合泰混合C,混合型-偏股,06869,长飞光纤光缆,长飞光纤光缆,光芯片/光通信,3.01%,12234.83,75.72,1
007880,朱雀产业智选混合A,混合型-偏股,00981,中芯国际,中芯国际H,电芯片/核心半导体,4.56%,1013.94,22.65,1
007881,朱雀产业智选混合C,混合型-偏股,00981,中芯国际,中芯国际H,电芯片/核心半导体,4.56%,1013.94,22.65,1
007975,招商普盛全球配置(QDII-FOF)美元现汇,QDII-混合灵活,SNDK,闪迪,闪迪,存储,0.59%,,0.07,1
007975,招商普盛全球配置(QDII-FOF)美元现汇,QDII-混合灵活,MU,美光科技,美光科技,存储,0.34%,,0.07,1
007975,招商普盛全球配置(QDII-FOF)美元现汇,QDII-混合灵活,ARM,Arm Holdings plc ADR,Arm Holdings,电芯片/核心半导体,0.35%,,0.17,1
007975,招商普盛全球配置(QDII-FOF)美元现汇,QDII-混合灵活,AVGO,博通,博通,电芯片/核心半导体,0.35%,,0.08,1
008009,华商高端装备制造股票A,股票型,06869,长飞光纤光缆,长飞光纤光缆,光芯片/光通信,6.35%,4481.55,27.74,1
008063,汇添富大盘核心资产混合A,混合型-偏股,06869,长飞光纤光缆,长飞光纤光缆,光芯片/光通信,4.19%,6463.19,40.0,1
008065,汇添富中盘积极成长混合A,混合型-偏股,06869,长飞光纤光缆,长飞光纤光缆,光芯片/光通信,2.70%,4968.58,30.75,1
008066,汇添富中盘积极成长混合C,混合型-偏股,06869,长飞光纤光缆,长飞光纤光缆,光芯片/光通信,2.70%,4968.58,30.75,1
008084,海富通先进制造股票C,股票型,06869,长飞光纤光缆,长飞光纤光缆,光芯片/光通信,4.55%,979.17,6.06,1
008085,海富通先进制造股票A,股票型,06869,长飞光纤光缆,长飞光纤光缆,光芯片/光通信,4.55%,979.17,6.06,1
008183,招商普盛全球配置(QDII-FOF)美元现钞,QDII-混合灵活,SNDK,闪迪,闪迪,存储,0.59%,,0.07,1
008183,招商普盛全球配置(QDII-FOF)美元现钞,QDII-混合灵活,MU,美光科技,美光科技,存储,0.34%,,0.07,1
008183,招商普盛全球配置(QDII-FOF)美元现钞,QDII-混合灵活,ARM,Arm Holdings plc ADR,Arm Holdings,电芯片/核心半导体,0.35%,,0.17,1
008183,招商普盛全球配置(QDII-FOF)美元现钞,QDII-混合灵活,AVGO,博通,博通,电芯片/核心半导体,0.35%,,0.08,1
008253,华宝致远混合(QDII)A,QDII-混合偏股,LITE,Lumentum Holdings Inc,Lumentum,光芯片/光通信,7.07%,,0.9,1
008253,华宝致远混合(QDII)A,QDII-混合偏股,GLW,康宁,康宁,光芯片/光通信,2.96%,,1.95,1
008253,华宝致远混合(QDII)A,QDII-混合偏股,COHR,Coherent Corp,Coherent,光芯片/光通信,2.66%,,1.0,1
008253,华宝致远混合(QDII)A,QDII-混合偏股,SNDK,闪迪,闪迪,存储,5.47%,,0.77,1
008253,华宝致远混合(QDII)A,QDII-混合偏股,MU,美光科技,美光科技,存储,4.53%,,1.2,1
008253,华宝致远混合(QDII)A,QDII-混合偏股,NVDA,英伟达,英伟达,电芯片/核心半导体,7.79%,,4.0,1
008253,华宝致远混合(QDII)A,QDII-混合偏股,AVGO,博通,博通,电芯片/核心半导体,4.15%,,1.2,1
008253,华宝致远混合(QDII)A,QDII-混合偏股,TSM,台积电,台积电ADR,电芯片/核心半导体,3.89%,,1.03,1
008253,华宝致远混合(QDII)A,QDII-混合偏股,ASML,阿斯麦,阿斯麦,电芯片/核心半导体,2.36%,,0.16,1
008254,华宝致远混合(QDII)C,QDII-混合偏股,LITE,Lumentum Holdings Inc,Lumentum,光芯片/光通信,7.07%,,0.9,1
008254,华宝致远混合(QDII)C,QDII-混合偏股,GLW,康宁,康宁,光芯片/光通信,2.96%,,1.95,1
008254,华宝致远混合(QDII)C,QDII-混合偏股,COHR,Coherent Corp,Coherent,光芯片/光通信,2.66%,,1.0,1
008254,华宝致远混合(QDII)C,QDII-混合偏股,SNDK,闪迪,闪迪,存储,5.47%,,0.77,1
008254,华宝致远混合(QDII)C,QDII-混合偏股,MU,美光科技,美光科技,存储,4.53%,,1.2,1
008254,华宝致远混合(QDII)C,QDII-混合偏股,NVDA,英伟达,英伟达,电芯片/核心半导体,7.79%,,4.0,1
008254,华宝致远混合(QDII)C,QDII-混合偏股,AVGO,博通,博通,电芯片/核心半导体,4.15%,,1.2,1
008254,华宝致远混合(QDII)C,QDII-混合偏股,TSM,台积电,台积电ADR,电芯片/核心半导体,3.89%,,1.03,1
008254,华宝致远混合(QDII)C,QDII-混合偏股,ASML,阿斯麦,阿斯麦,电芯片/核心半导体,2.36%,,0.16,1
008264,南方ESG股票A,股票型,06869,长飞光纤光缆,长飞光纤光缆,光芯片/光通信,3.84%,1979.35,12.25,1
008265,南方ESG股票C,股票型,06869,长飞光纤光缆,长飞光纤光缆,光芯片/光通信,3.84%,1979.35,12.25,1
008286,易方达研究精选股票,股票型,06869,长飞光纤光缆,长飞光纤光缆,光芯片/光通信,2.88%,11399.46,70.55,1
008290,华安现代生活混合,混合型-偏股,01347,华虹半导体,华虹半导体,电芯片/核心半导体,5.25%,1069.55,15.6,1
008294,朱雀企业优胜A,股票型,00981,中芯国际,中芯国际H,电芯片/核心半导体,9.43%,4951.07,110.6,1
008295,朱雀企业优胜C,股票型,00981,中芯国际,中芯国际H,电芯片/核心半导体,9.43%,4951.07,110.6,1
008313,光大研究精选混合A,混合型-偏股,00981,中芯国际,中芯国际H,电芯片/核心半导体,2.15%,134.3,3.0,1
008382,融通产业趋势股票,股票型,06869,长飞光纤光缆,长飞光纤光缆,光芯片/光通信,8.44%,3005.39,18.6,1
008469,朱雀安鑫回报债券A,债券型-混合二级,00981,中芯国际,中芯国际H,电芯片/核心半导体,0.83%,185.78,4.15,1
008470,朱雀安鑫回报债券C,债券型-混合二级,00981,中芯国际,中芯国际H,电芯片/核心半导体,0.83%,185.78,4.15,1
008513,南方宝丰混合A,混合型-偏债,06869,长飞光纤光缆,长飞光纤光缆,光芯片/光通信,0.59%,1615.8,10.0,1
008513,南方宝丰混合A,混合型-偏债,00981,中芯国际,中芯国际H,电芯片/核心半导体,0.49%,1342.97,30.0,1
008514,南方宝丰混合C,混合型-偏债,06869,长飞光纤光缆,长飞光纤光缆,光芯片/光通信,0.59%,1615.8,10.0,1
008514,南方宝丰混合C,混合型-偏债,00981,中芯国际,中芯国际H,电芯片/核心半导体,0.49%,1342.97,30.0,1
008528,华泰柏瑞质量成长A,混合型-偏股,06869,长飞光纤光缆,长飞光纤光缆,光芯片/光通信,8.46%,77328.88,478.58,1
008531,惠升惠民混合A,混合型-偏股,00981,中芯国际,中芯国际H,电芯片/核心半导体,3.92%,5562.12,124.25,1
008532,惠升惠民混合C,混合型-偏股,00981,中芯国际,中芯国际H,电芯片/核心半导体,3.92%,5562.12,124.25,1
008555,华商龙头优势混合,混合型-偏股,06869,长飞光纤光缆,长飞光纤光缆,光芯片/光通信,7.72%,7583.17,46.93,1
008655,招商科技创新混合A,混合型-偏股,00981,中芯国际,中芯国际H,电芯片/核心半导体,5.89%,3737.92,83.5,1
008655,招商科技创新混合A,混合型-偏股,01347,华虹半导体,华虹半导体,电芯片/核心半导体,4.93%,3126.38,45.6,1
008656,招商科技创新混合C,混合型-偏股,00981,中芯国际,中芯国际H,电芯片/核心半导体,5.89%,3737.92,83.5,1
008656,招商科技创新混合C,混合型-偏股,01347,华虹半导体,华虹半导体,电芯片/核心半导体,4.93%,3126.38,45.6,1
008983,财通科技创新混合A,混合型-偏股,06869,长飞光纤光缆,长飞光纤光缆,光芯片/光通信,3.09%,807.9,5.0,1
008984,财通科技创新混合C,混合型-偏股,06869,长飞光纤光缆,长飞光纤光缆,光芯片/光通信,3.09%,807.9,5.0,1
008985,东方红启东三年持有混合,混合型-灵活,00981,中芯国际,中芯国际H,电芯片/核心半导体,3.54%,13993.72,312.6,1
008988,大成科技创新混合A,混合型-偏股,06869,长飞光纤光缆,长飞光纤光缆,光芯片/光通信,10.74%,43763.9,270.85,1
008989,大成科技创新混合C,混合型-偏股,06869,长飞光纤光缆,长飞光纤光缆,光芯片/光通信,10.74%,43763.9,270.85,1
009007,兴全沪港深两年持有混合,混合型-偏股,01415,高伟电子,高伟电子,光芯片/光通信,3.81%,3935.95,171.98,1
009007,兴全沪港深两年持有混合,混合型-偏股,00981,中芯国际,中芯国际H,电芯片/核心半导体,2.76%,2856.25,63.8,1
009008,平安科技创新混合A,混合型-偏股,06869,长飞光纤光缆,长飞光纤光缆,光芯片/光通信,5.95%,3918.31,24.25,1
009009,平安科技创新混合C,混合型-偏股,06869,长飞光纤光缆,长飞光纤光缆,光芯片/光通信,5.95%,3918.31,24.25,1
009017,银华港股通精选股票发起式A,股票型,01347,华虹半导体,华虹半导体,电芯片/核心半导体,5.70%,267.39,3.9,1
009017,银华港股通精选股票发起式A,股票型,00981,中芯国际,中芯国际H,电芯片/核心半导体,4.96%,232.78,5.2,1
009026,中银高质量发展机遇混合A,混合型-偏股,00981,中芯国际,中芯国际H,电芯片/核心半导体,2.45%,96.25,2.15,1
009029,工银高质量成长混合A,混合型-偏股,00981,中芯国际,中芯国际H,电芯片/核心半导体,7.95%,6688.62,149.41,1
009030,工银高质量成长混合C,混合型-偏股,00981,中芯国际,中芯国际H,电芯片/核心半导体,7.95%,6688.62,149.41,1
009064,鹏扬景沃六个月持有期混合A,混合型-偏债,06869,长飞光纤光缆,长飞光纤光缆,光芯片/光通信,0.29%,96.95,0.6,1
009065,鹏扬景沃六个月持有期混合C,混合型-偏债,06869,长飞光纤光缆,长飞光纤光缆,光芯片/光通信,0.29%,96.95,0.6,1
009217,博时荣丰回报灵活配置混合A,混合型-灵活,06869,长飞光纤光缆,长飞光纤光缆,光芯片/光通信,4.30%,420.11,2.6,1
009218,博时荣丰回报灵活配置混合C,混合型-灵活,06869,长飞光纤光缆,长飞光纤光缆,光芯片/光通信,4.30%,420.11,2.6,1
009318,南方成长先锋混合A,混合型-偏股,01347,华虹半导体,华虹半导体,电芯片/核心半导体,2.28%,9701.39,141.5,1
009319,南方成长先锋混合C,混合型-偏股,01347,华虹半导体,华虹半导体,电芯片/核心半导体,2.28%,9701.39,141.5,1
009391,汇添富优质成长混合A,混合型-偏股,01347,华虹半导体,华虹半导体,电芯片/核心半导体,2.81%,4614.16,67.3,1
009392,汇添富优质成长混合C,混合型-偏股,01347,华虹半导体,华虹半导体,电芯片/核心半导体,2.81%,4614.16,67.3,1
009402,交银启明混合A,混合型-偏股,06869,长飞光纤光缆,长飞光纤光缆,光芯片/光通信,10.92%,14197.34,87.87,1
009411,中银科技创新一年定开混合,混合型-偏股,00981,中芯国际,中芯国际H,电芯片/核心半导体,3.70%,673.72,15.05,1
009423,招商瑞信稳健配置混合A,混合型-偏债,01415,高伟电子,高伟电子,光芯片/光通信,0.38%,408.65,17.86,1
009424,招商瑞信稳健配置混合C,混合型-偏债,01415,高伟电子,高伟电子,光芯片/光通信,0.38%,408.65,17.86,1
009491,宝盈创新驱动股票A,股票型,01347,华虹半导体,华虹半导体,电芯片/核心半导体,5.56%,5175.21,75.48,1
009492,宝盈创新驱动股票C,股票型,01347,华虹半导体,华虹半导体,电芯片/核心半导体,5.56%,5175.21,75.48,1
009562,工银全球股票(QDII)美元,QDII-普通股票,NVDA,英伟达,英伟达,电芯片/核心半导体,3.48%,,1.05,1
009563,工银全球股票(QDII)港币,QDII-普通股票,NVDA,英伟达,英伟达,电芯片/核心半导体,3.48%,,1.05,1
009572,南方养老2040三年持有混合发起(FOF)A,FOF-均衡型,00981,中芯国际,中芯国际H,电芯片/核心半导体,0.43%,134.3,3.0,1
009576,东方红智远三年持有混合,混合型-偏股,00981,中芯国际,中芯国际H,电芯片/核心半导体,5.31%,11267.49,251.7,1
009601,招商科技动力3个月滚动持有股票A,股票型,00981,中芯国际,中芯国际H,电芯片/核心半导体,5.55%,5123.86,114.46,1
009601,招商科技动力3个月滚动持有股票A,股票型,01347,华虹半导体,华虹半导体,电芯片/核心半导体,4.54%,4195.94,61.2,1
009602,招商科技动力3个月滚动持有股票C,股票型,00981,中芯国际,中芯国际H,电芯片/核心半导体,5.55%,5123.86,114.46,1
009602,招商科技动力3个月滚动持有股票C,股票型,01347,华虹半导体,华虹半导体,电芯片/核心半导体,4.54%,4195.94,61.2,1
009707,工银新兴制造混合A,混合型-偏股,00981,中芯国际,中芯国际H,电芯片/核心半导体,4.27%,29719.86,663.9,1
009708,工银新兴制造混合C,混合型-偏股,00981,中芯国际,中芯国际H,电芯片/核心半导体,4.27%,29719.86,663.9,1
009715,汇添富策略增长灵活配置混合,混合型-灵活,06869,长飞光纤光缆,长飞光纤光缆,光芯片/光通信,3.84%,678.64,4.2,1
009776,中欧阿尔法混合A,混合型-偏股,06869,长飞光纤光缆,长飞光纤光缆,光芯片/光通信,6.35%,30377.04,188.0,1
009777,中欧阿尔法混合C,混合型-偏股,06869,长飞光纤光缆,长飞光纤光缆,光芯片/光通信,6.35%,30377.04,188.0,1
009808,易方达创新成长混合,混合型-偏股,06869,长飞光纤光缆,长飞光纤光缆,光芯片/光通信,3.90%,9872.53,61.1,1
009842,东方红明鉴优选两年定开混合,混合型-偏债,00981,中芯国际,中芯国际H,电芯片/核心半导体,0.34%,26.86,0.6,1
009846,国富港股通远见价值混合A,混合型-偏股,01415,高伟电子,高伟电子,光芯片/光通信,3.61%,2471.69,108.0,1
009846,国富港股通远见价值混合A,混合型-偏股,00981,中芯国际,中芯国际H,电芯片/核心半导体,3.32%,2274.09,50.8,1
009857,博时价值臻选持有期混合A,混合型-灵活,06869,长飞光纤光缆,长飞光纤光缆,光芯片/光通信,4.70%,1446.14,8.95,1
009858,博时价值臻选持有期混合C,混合型-灵活,06869,长飞光纤光缆,长飞光纤光缆,光芯片/光通信,4.70%,1446.14,8.95,1
009859,银华乐享混合A,混合型-偏股,01347,华虹半导体,华虹半导体,电芯片/核心半导体,2.58%,884.44,12.9,1
009863,富国创新趋势股票A,股票型,06869,长飞光纤光缆,长飞光纤光缆,光芯片/光通信,3.04%,12239.69,75.75,1
009864,招商景气优选股票A,股票型,06869,长飞光纤光缆,长飞光纤光缆,光芯片/光通信,3.31%,3724.42,23.05,1
009865,招商景气优选股票C,股票型,06869,长飞光纤光缆,长飞光纤光缆,光芯片/光通信,3.31%,3724.42,23.05,1
009891,融通产业趋势臻选股票A,股票型,06869,长飞光纤光缆,长飞光纤光缆,光芯片/光通信,9.23%,35474.86,219.55,1
009892,富国成长策略混合A,混合型-偏股,06869,长飞光纤光缆,长飞光纤光缆,光芯片/光通信,7.61%,20973.73,129.8,1
009896,广发港股通成长精选股票A,股票型,06869,长飞光纤光缆,长飞光纤光缆,光芯片/光通信,11.84%,21352.78,132.15,1
009896,广发港股通成长精选股票A,股票型,00981,中芯国际,中芯国际H,电芯片/核心半导体,6.12%,11030.24,246.4,1
009896,广发港股通成长精选股票A,股票型,01347,华虹半导体,华虹半导体,电芯片/核心半导体,5.30%,9557.41,139.4,1
009897,广发港股通成长精选股票C,股票型,06869,长飞光纤光缆,长飞光纤光缆,光芯片/光通信,11.84%,21352.78,132.15,1
009897,广发港股通成长精选股票C,股票型,00981,中芯国际,中芯国际H,电芯片/核心半导体,6.12%,11030.24,246.4,1
009897,广发港股通成长精选股票C,股票型,01347,华虹半导体,华虹半导体,电芯片/核心半导体,5.30%,9557.41,139.4,1
009914,富国成长动力混合A,混合型-偏股,06869,长飞光纤光缆,长飞光纤光缆,光芯片/光通信,3.42%,2835.73,17.55,1
009960,银华多元机遇混合,混合型-偏股,01347,华虹半导体,华虹半导体,电芯片/核心半导体,1.92%,1076.41,15.7,1
009977,银华招利一年持有期混合A,混合型-偏债,00981,中芯国际,中芯国际H,电芯片/核心半导体,0.80%,51.48,1.15,1
009978,银华招利一年持有期混合C,混合型-偏债,00981,中芯国际,中芯国际H,电芯片/核心半导体,0.80%,51.48,1.15,1
010003,景顺长城电子信息产业股票A,股票型,00981,中芯国际,中芯国际H,电芯片/核心半导体,5.55%,14226.5,317.8,1
010004,景顺长城电子信息产业股票C,股票型,00981,中芯国际,中芯国际H,电芯片/核心半导体,5.55%,14226.5,317.8,1
010013,易方达信息行业精选股票A,股票型,06869,长飞光纤光缆,长飞光纤光缆,光芯片/光通信,2.68%,12910.23,79.9,1
010024,广发沪港深新起点股票C,股票型,06869,长飞光纤光缆,长飞光纤光缆,光芯片/光通信,6.30%,21086.17,130.5,1
010024,广发沪港深新起点股票C,股票型,01347,华虹半导体,华虹半导体,电芯片/核心半导体,4.49%,15042.3,219.4,1
010109,富国价值增长混合A,混合型-偏股,06869,长飞光纤光缆,长飞光纤光缆,光芯片/光通信,5.85%,4492.74,27.81,1
010115,易方达远见成长混合A,混合型-偏股,06869,长飞光纤光缆,长飞光纤光缆,光芯片/光通信,9.82%,51317.76,317.6,1
010126,平安价值成长混合A,混合型-偏股,06869,长飞光纤光缆,长飞光纤光缆,光芯片/光通信,5.91%,2415.62,14.95,1
010127,平安价值成长混合C,混合型-偏股,06869,长飞光纤光缆,长飞光纤光缆,光芯片/光通信,5.91%,2415.62,14.95,1
010135,宏利高研发6个月持有混合A,混合型-偏股,00981,中芯国际,中芯国际H,电芯片/核心半导体,8.24%,1408.11,31.46,1
010136,宏利高研发6个月持有混合C,混合型-偏股,00981,中芯国际,中芯国际H,电芯片/核心半导体,8.24%,1408.11,31.46,1
010141,朱雀企业优选A,股票型,00981,中芯国际,中芯国际H,电芯片/核心半导体,9.04%,13557.25,302.85,1
010142,朱雀企业优选C,股票型,00981,中芯国际,中芯国际H,电芯片/核心半导体,9.04%,13557.25,302.85,1
010150,南方君信混合C,混合型-灵活,06869,长飞光纤光缆,长飞光纤光缆,光芯片/光通信,0.82%,735.19,4.55,1
010166,招商兴和优选1年持有期混合,混合型-偏股,06869,长飞光纤光缆,长飞光纤光缆,光芯片/光通信,7.58%,3926.39,24.3,1
010180,华夏科技龙头两年持有混合,混合型-偏股,01347,华虹半导体,华虹半导体,电芯片/核心半导体,5.19%,4806.13,70.1,1
010213,中欧互联网先锋混合A,混合型-偏股,06869,长飞光纤光缆,长飞光纤光缆,光芯片/光通信,5.16%,22201.09,137.4,1
010214,中欧互联网先锋混合C,混合型-偏股,06869,长飞光纤光缆,长飞光纤光缆,光芯片/光通信,5.16%,22201.09,137.4,1
010225,东方红启航三年持有混合B,混合型-偏股,00981,中芯国际,中芯国际H,电芯片/核心半导体,3.57%,3151.5,70.4,1
010230,南方宝昌混合A,混合型-偏债,06869,长飞光纤光缆,长飞光纤光缆,光芯片/光通信,0.97%,403.95,2.5,1
010231,南方宝昌混合C,混合型-偏债,06869,长飞光纤光缆,长飞光纤光缆,光芯片/光通信,0.97%,403.95,2.5,1
010264,鹏华成长智选混合A,混合型-偏股,00981,中芯国际,中芯国际H,电芯片/核心半导体,1.01%,1649.61,36.85,1
010264,鹏华成长智选混合A,混合型-偏股,01347,华虹半导体,华虹半导体,电芯片/核心半导体,0.95%,1556.34,22.7,1
010265,鹏华成长智选混合C,混合型-偏股,00981,中芯国际,中芯国际H,电芯片/核心半导体,1.01%,1649.61,36.85,1
010265,鹏华成长智选混合C,混合型-偏股,01347,华虹半导体,华虹半导体,电芯片/核心半导体,0.95%,1556.34,22.7,1
010333,华夏核心资产混合A,混合型-偏股,00981,中芯国际,中芯国际H,电芯片/核心半导体,2.35%,4510.13,100.75,1
010334,华夏核心资产混合C,混合型-偏股,00981,中芯国际,中芯国际H,电芯片/核心半导体,2.35%,4510.13,100.75,1
010335,华宝竞争优势混合A,混合型-偏股,00981,中芯国际,中芯国际H,电芯片/核心半导体,3.53%,1170.62,26.15,1
010340,易方达高质量严选三年持有,混合型-偏股,06869,长飞光纤光缆,长飞光纤光缆,光芯片/光通信,5.47%,31491.91,194.9,1
010350,景顺长城品质长青混合A,混合型-偏股,01415,高伟电子,高伟电子,光芯片/光通信,4.55%,29843.43,1304.0,1
010361,嘉实品质优选股票A,股票型,06869,长飞光纤光缆,长飞光纤光缆,光芯片/光通信,8.87%,13233.39,81.9,1
010361,嘉实品质优选股票A,股票型,00981,中芯国际,中芯国际H,电芯片/核心半导体,3.84%,5721.04,127.8,1
010361,嘉实品质优选股票A,股票型,01347,华虹半导体,华虹半导体,电芯片/核心半导体,3.81%,5676.86,82.8,1
010362,嘉实品质优选股票C,股票型,06869,长飞光纤光缆,长飞光纤光缆,光芯片/光通信,8.87%,13233.39,81.9,1
010362,嘉实品质优选股票C,股票型,00981,中芯国际,中芯国际H,电芯片/核心半导体,3.84%,5721.04,127.8,1
010362,嘉实品质优选股票C,股票型,01347,华虹半导体,华虹半导体,电芯片/核心半导体,3.81%,5676.86,82.8,1
010371,大成成长进取混合A,混合型-偏股,06869,长飞光纤光缆,长飞光纤光缆,光芯片/光通信,5.11%,11149.01,69.0,1
010372,大成成长进取混合C,混合型-偏股,06869,长飞光纤光缆,长飞光纤光缆,光芯片/光通信,5.11%,11149.01,69.0,1
010377,广发价值核心混合A,混合型-偏股,06869,长飞光纤光缆,长飞光纤光缆,光芯片/光通信,7.55%,29843.8,184.7,1
010378,广发价值核心混合C,混合型-偏股,06869,长飞光纤光缆,长飞光纤光缆,光芯片/光通信,7.55%,29843.8,184.7,1
010391,易方达战略新兴产业股票A,股票型,06869,长飞光纤光缆,长飞光纤光缆,光芯片/光通信,4.77%,30877.91,191.1,1
010391,易方达战略新兴产业股票A,股票型,00981,中芯国际,中芯国际H,电芯片/核心半导体,3.09%,19983.35,446.4,1
010392,易方达战略新兴产业股票C,股票型,06869,长飞光纤光缆,长飞光纤光缆,光芯片/光通信,4.77%,30877.91,191.1,1
010392,易方达战略新兴产业股票C,股票型,00981,中芯国际,中芯国际H,电芯片/核心半导体,3.09%,19983.35,446.4,1
010415,华泰柏瑞质量精选混合A,混合型-偏股,06869,长飞光纤光缆,长飞光纤光缆,光芯片/光通信,8.81%,19097.74,118.19,1
010416,华泰柏瑞质量精选混合C,混合型-偏股,06869,长飞光纤光缆,长飞光纤光缆,光芯片/光通信,8.81%,19097.74,118.19,1
010442,东方红启盛三年持有混合B,混合型-偏股,00981,中芯国际,中芯国际H,电芯片/核心半导体,4.90%,3317.13,74.1,1
010453,广发瑞福精选混合C,混合型-偏股,00981,中芯国际,中芯国际H,电芯片/核心半导体,3.35%,1519.79,33.95,1
010455,博时产业精选混合A,混合型-灵活,00981,中芯国际,中芯国际H,电芯片/核心半导体,7.38%,2401.67,53.65,1
010455,博时产业精选混合A,混合型-灵活,01347,华虹半导体,华虹半导体,电芯片/核心半导体,3.92%,1275.24,18.6,1
010456,博时产业精选混合C,混合型-灵活,00981,中芯国际,中芯国际H,电芯片/核心半导体,7.38%,2401.67,53.65,1
010456,博时产业精选混合C,混合型-灵活,01347,华虹半导体,华虹半导体,电芯片/核心半导体,3.92%,1275.24,18.6,1
010518,华夏先锋科技一年定开混合A,混合型-偏股,00981,中芯国际,中芯国际H,电芯片/核心半导体,6.13%,3540.96,79.1,1
010519,华夏先锋科技一年定开混合C,混合型-偏股,00981,中芯国际,中芯国际H,电芯片/核心半导体,6.13%,3540.96,79.1,1
010539,浙商智多金稳健一年持有期A,混合型-偏债,06869,长飞光纤光缆,长飞光纤光缆,光芯片/光通信,1.02%,24.24,0.15,1
010540,浙商智多金稳健一年持有期C,混合型-偏债,06869,长飞光纤光缆,长飞光纤光缆,光芯片/光通信,1.02%,24.24,0.15,1
010587,鹏扬先进制造混合A,混合型-偏股,00981,中芯国际,中芯国际H,电芯片/核心半导体,4.78%,3292.06,73.54,1
010588,鹏扬先进制造混合C,混合型-偏股,00981,中芯国际,中芯国际H,电芯片/核心半导体,4.78%,3292.06,73.54,1
010610,摩根远见两年持有期混合,混合型-偏股,00981,中芯国际,中芯国际H,电芯片/核心半导体,3.17%,6546.38,146.24,1
010646,融通价值趋势混合A,混合型-偏股,06869,长飞光纤光缆,长飞光纤光缆,光芯片/光通信,6.14%,1260.32,7.8,1
010647,融通价值趋势混合C,混合型-偏股,06869,长飞光纤光缆,长飞光纤光缆,光芯片/光通信,6.14%,1260.32,7.8,1
010662,富国均衡优选混合,混合型-偏股,00981,中芯国际,中芯国际H,电芯片/核心半导体,5.91%,12306.05,274.9,1
010671,景顺长城大中华混合(QDII)A美元现汇,QDII-混合偏股,2330,台积电,台积电,电芯片/核心半导体,9.77%,,16.1,1
010671,景顺长城大中华混合(QDII)A美元现汇,QDII-混合偏股,2308,台达电,台达电,电芯片/核心半导体,4.33%,,9.1,1
010730,银华心佳两年持有期混合,混合型-偏股,00981,中芯国际,中芯国际H,电芯片/核心半导体,5.55%,25201.18,562.96,1
010736,易方达沪深300指数增强A,指数型-股票,00981,中芯国际,中芯国际H,电芯片/核心半导体,1.37%,4675.76,104.45,1
010737,易方达沪深300指数增强C,指数型-股票,00981,中芯国际,中芯国际H,电芯片/核心半导体,1.37%,4675.76,104.45,1
010807,融通稳信增益6个月持有期混合A,混合型-偏债,06869,长飞光纤光缆,长飞光纤光缆,光芯片/光通信,5.02%,1494.61,9.25,1
010864,泓德卓远混合A,混合型-偏股,00981,中芯国际,中芯国际H,电芯片/核心半导体,2.30%,5837.53,130.39,1
010865,泓德卓远混合C,混合型-偏股,00981,中芯国际,中芯国际H,电芯片/核心半导体,2.30%,5837.53,130.39,1
010898,银河产业动力混合A,混合型-偏股,01347,华虹半导体,华虹半导体,电芯片/核心半导体,5.44%,1455.46,21.23,1
010904,博时双季鑫6个月持有混合A,混合型-偏债,00981,中芯国际,中芯国际H,电芯片/核心半导体,1.60%,73.86,1.65,1
010905,博时双季鑫6个月持有混合C,混合型-偏债,00981,中芯国际,中芯国际H,电芯片/核心半导体,1.60%,73.86,1.65,1
010912,国泰成长价值混合A,混合型-偏股,01347,华虹半导体,华虹半导体,电芯片/核心半导体,1.75%,253.68,3.7,1
010913,国泰成长价值混合C,混合型-偏股,01347,华虹半导体,华虹半导体,电芯片/核心半导体,1.75%,253.68,3.7,1
010922,朱雀匠心一年持有,混合型-偏股,00981,中芯国际,中芯国际H,电芯片/核心半导体,8.82%,5553.17,124.05,1
010924,博时双季鑫6个月持有混合B,混合型-偏债,00981,中芯国际,中芯国际H,电芯片/核心半导体,1.60%,73.86,1.65,1
010936,交银均衡成长一年混合A,混合型-偏股,06869,长飞光纤光缆,长飞光纤光缆,光芯片/光通信,3.52%,5380.61,33.3,1
010937,交银均衡成长一年混合C,混合型-偏股,06869,长飞光纤光缆,长飞光纤光缆,光芯片/光通信,3.52%,5380.61,33.3,1
010966,富国成长领航混合,混合型-偏股,00981,中芯国际,中芯国际H,电芯片/核心半导体,4.65%,11082.81,247.55,1
011021,汇添富互联网核心资产六个月持有混合A,混合型-偏股,06869,长飞光纤光缆,长飞光纤光缆,光芯片/光通信,4.35%,7190.3,44.5,1
011021,汇添富互联网核心资产六个月持有混合A,混合型-偏股,00981,中芯国际,中芯国际H,电芯片/核心半导体,5.24%,8668.85,193.65,1
011021,汇添富互联网核心资产六个月持有混合A,混合型-偏股,01347,华虹半导体,华虹半导体,电芯片/核心半导体,4.06%,6718.98,98.0,1
011022,汇添富互联网核心资产六个月持有混合C,混合型-偏股,06869,长飞光纤光缆,长飞光纤光缆,光芯片/光通信,4.35%,7190.3,44.5,1
011022,汇添富互联网核心资产六个月持有混合C,混合型-偏股,00981,中芯国际,中芯国际H,电芯片/核心半导体,5.24%,8668.85,193.65,1
011022,汇添富互联网核心资产六个月持有混合C,混合型-偏股,01347,华虹半导体,华虹半导体,电芯片/核心半导体,4.06%,6718.98,98.0,1
011042,国泰价值先锋股票A,股票型,00981,中芯国际,中芯国际H,电芯片/核心半导体,3.47%,898.58,20.07,1
011043,国泰价值先锋股票C,股票型,00981,中芯国际,中芯国际H,电芯片/核心半导体,3.47%,898.58,20.07,1
011126,富国互联科技股票C,股票型,06869,长飞光纤光缆,长飞光纤光缆,光芯片/光通信,8.72%,35172.4,217.68,1
011162,博时港股通领先趋势混合A,混合型-偏股,01347,华虹半导体,华虹半导体,电芯片/核心半导体,4.75%,6520.16,95.1,1
011163,博时港股通领先趋势混合C,混合型-偏股,01347,华虹半导体,华虹半导体,电芯片/核心半导体,4.75%,6520.16,95.1,1
011167,景顺长城景气成长混合A,混合型-偏股,06869,长飞光纤光缆,长飞光纤光缆,光芯片/光通信,2.78%,2892.28,17.9,1
011167,景顺长城景气成长混合A,混合型-偏股,00981,中芯国际,中芯国际H,电芯片/核心半导体,4.22%,4393.74,98.15,1
011173,银华心享一年持有期混合,混合型-偏股,00981,中芯国际,中芯国际H,电芯片/核心半导体,1.39%,4583.99,102.4,1
011177,博时汇融回报一年持有混合A,混合型-偏股,01347,华虹半导体,华虹半导体,电芯片/核心半导体,3.05%,3345.78,48.8,1
011178,博时汇融回报一年持有混合C,混合型-偏股,01347,华虹半导体,华虹半导体,电芯片/核心半导体,3.05%,3345.78,48.8,1
011190,招商瑞安1年持有期混合A,混合型-偏债,01415,高伟电子,高伟电子,光芯片/光通信,0.46%,81.76,3.57,1
011191,招商瑞安1年持有期混合C,混合型-偏债,01415,高伟电子,高伟电子,光芯片/光通信,0.46%,81.76,3.57,1
011246,嘉实阿尔法优选混合A,混合型-偏股,01347,华虹半导体,华虹半导体,电芯片/核心半导体,2.28%,3064.68,44.7,1
011247,嘉实阿尔法优选混合C,混合型-偏股,01347,华虹半导体,华虹半导体,电芯片/核心半导体,2.28%,3064.68,44.7,1
011304,工银创新成长混合A,混合型-偏股,06869,长飞光纤光缆,长飞光纤光缆,光芯片/光通信,4.92%,10842.01,67.1,1
011305,工银创新成长混合C,混合型-偏股,06869,长飞光纤光缆,长飞光纤光缆,光芯片/光通信,4.92%,10842.01,67.1,1
011338,兴全合远两年持有混合A,混合型-偏股,01415,高伟电子,高伟电子,光芯片/光通信,5.35%,6529.6,285.31,1
011339,兴全合远两年持有混合C,混合型-偏股,01415,高伟电子,高伟电子,光芯片/光通信,5.35%,6529.6,285.31,1
011340,博时战略新材料主题混合A,混合型-偏股,01347,华虹半导体,华虹半导体,电芯片/核心半导体,5.62%,370.23,5.4,1
011340,博时战略新材料主题混合A,混合型-偏股,00981,中芯国际,中芯国际H,电芯片/核心半导体,4.11%,270.83,6.05,1
011341,博时战略新材料主题混合C,混合型-偏股,01347,华虹半导体,华虹半导体,电芯片/核心半导体,5.62%,370.23,5.4,1
011341,博时战略新材料主题混合C,混合型-偏股,00981,中芯国际,中芯国际H,电芯片/核心半导体,4.11%,270.83,6.05,1
011346,淳厚鑫淳一年持有混合,混合型-偏股,06869,长飞光纤光缆,长飞光纤光缆,光芯片/光通信,3.25%,315.08,1.95,1
011363,南方兴润价值一年持有混合A,混合型-灵活,06869,长飞光纤光缆,长飞光纤光缆,光芯片/光通信,3.48%,17531.41,108.5,1
011363,南方兴润价值一年持有混合A,混合型-灵活,01347,华虹半导体,华虹半导体,电芯片/核心半导体,2.83%,14274.41,208.2,1
011364,南方兴润价值一年持有混合C,混合型-灵活,06869,长飞光纤光缆,长飞光纤光缆,光芯片/光通信,3.48%,17531.41,108.5,1
011364,南方兴润价值一年持有混合C,混合型-灵活,01347,华虹半导体,华虹半导体,电芯片/核心半导体,2.83%,14274.41,208.2,1
011399,汇添富数字未来混合A,混合型-偏股,06869,长飞光纤光缆,长飞光纤光缆,光芯片/光通信,4.73%,32598.73,201.75,1
011400,汇添富数字未来混合C,混合型-偏股,06869,长飞光纤光缆,长飞光纤光缆,光芯片/光通信,4.73%,32598.73,201.75,1
011412,易方达远见成长混合C,混合型-偏股,06869,长飞光纤光缆,长飞光纤光缆,光芯片/光通信,9.82%,51317.76,317.6,1
011420,广发全球科技三个月定开混合(QDII)人民币A,QDII-混合偏股,TSM,台积电,台积电ADR,电芯片/核心半导体,9.10%,,3.3,1
011421,广发全球科技三个月定开混合(QDII)美元A,QDII-混合偏股,TSM,台积电,台积电ADR,电芯片/核心半导体,9.10%,,3.3,1
011422,广发全球科技三个月定开混合(QDII)人民币C,QDII-混合偏股,TSM,台积电,台积电ADR,电芯片/核心半导体,9.10%,,3.3,1
011423,广发全球科技三个月定开混合(QDII)美元C,QDII-混合偏股,TSM,台积电,台积电ADR,电芯片/核心半导体,9.10%,,3.3,1
011450,招商企业优选混合A,混合型-偏股,06869,长飞光纤光缆,长飞光纤光缆,光芯片/光通信,7.90%,4653.5,28.8,1
011451,招商企业优选混合C,混合型-偏股,06869,长飞光纤光缆,长飞光纤光缆,光芯片/光通信,7.90%,4653.5,28.8,1
011452,华泰柏瑞质量成长C,混合型-偏股,06869,长飞光纤光缆,长飞光纤光缆,光芯片/光通信,8.46%,77328.88,478.58,1
011506,建信高端装备股票A,股票型,06869,长飞光纤光缆,长飞光纤光缆,光芯片/光通信,2.77%,1381.51,8.55,1
011507,建信高端装备股票C,股票型,06869,长飞光纤光缆,长飞光纤光缆,光芯片/光通信,2.77%,1381.51,8.55,1
011521,鹏扬景源一年持有混合A,混合型-偏债,06869,长飞光纤光缆,长飞光纤光缆,光芯片/光通信,0.30%,48.47,0.3,1
011522,鹏扬景源一年持有混合C,混合型-偏债,06869,长飞光纤光缆,长飞光纤光缆,光芯片/光通信,0.30%,48.47,0.3,1
011531,朱雀恒心一年持有混合,混合型-偏股,00981,中芯国际,中芯国际H,电芯片/核心半导体,8.89%,22644.66,505.85,1
011599,国联安匠心科技1个月滚动持有混合,混合型-偏股,01347,华虹半导体,华虹半导体,电芯片/核心半导体,6.39%,365.11,5.33,1
011637,广发沪港深价值成长混合A,混合型-偏股,00981,中芯国际,中芯国际H,电芯片/核心半导体,2.77%,1530.98,34.2,1
011638,广发沪港深价值成长混合C,混合型-偏股,00981,中芯国际,中芯国际H,电芯片/核心半导体,2.77%,1530.98,34.2,1
011649,易方达逆向投资混合A,混合型-偏股,00981,中芯国际,中芯国际H,电芯片/核心半导体,2.13%,1092.28,24.4,1
011650,易方达逆向投资混合C,混合型-偏股,00981,中芯国际,中芯国际H,电芯片/核心半导体,2.13%,1092.28,24.4,1
011681,汇添富均衡精选六个月持有混合A,混合型-偏股,06869,长飞光纤光缆,长飞光纤光缆,光芯片/光通信,5.44%,581.69,3.6,1
011681,汇添富均衡精选六个月持有混合A,混合型-偏股,01347,华虹半导体,华虹半导体,电芯片/核心半导体,2.63%,281.1,4.1,1
011682,汇添富均衡精选六个月持有混合C,混合型-偏股,06869,长飞光纤光缆,长飞光纤光缆,光芯片/光通信,5.44%,581.69,3.6,1
011682,汇添富均衡精选六个月持有混合C,混合型-偏股,01347,华虹半导体,华虹半导体,电芯片/核心半导体,2.63%,281.1,4.1,1
011706,长信标普100等权重指数美元,指数型-海外股票,LITE,Lumentum Holdings Inc,Lumentum,光芯片/光通信,0.72%,,0.12,1
011706,长信标普100等权重指数美元,指数型-海外股票,SNDK,闪迪,闪迪,存储,0.96%,,0.18,1
011706,长信标普100等权重指数美元,指数型-海外股票,MU,美光科技,美光科技,存储,0.63%,,0.23,1
011706,长信标普100等权重指数美元,指数型-海外股票,AMD,超威半导体,超威半导体,电芯片/核心半导体,0.56%,,0.33,1
011724,东方红启恒三年持有混合B,混合型-偏股,00981,中芯国际,中芯国际H,电芯片/核心半导体,3.54%,20737.65,463.25,1
011800,申万菱信价值精选混合A,混合型-偏股,06869,长飞光纤光缆,长飞光纤光缆,光芯片/光通信,4.91%,121.18,0.75,1
011803,景顺长城宁景6个月持有混合A,混合型-偏债,00981,中芯国际,中芯国际H,电芯片/核心半导体,0.87%,6056.78,135.3,1
011804,景顺长城宁景6个月持有混合C,混合型-偏债,00981,中芯国际,中芯国际H,电芯片/核心半导体,0.87%,6056.78,135.3,1
011805,嘉实优质核心两年持有混合A,混合型-偏股,01347,华虹半导体,华虹半导体,电芯片/核心半导体,3.97%,2125.39,31.0,1
011806,嘉实优质核心两年持有混合C,混合型-偏股,01347,华虹半导体,华虹半导体,电芯片/核心半导体,3.97%,2125.39,31.0,1
011828,平安睿享成长混合A,混合型-偏股,06869,长飞光纤光缆,长飞光纤光缆,光芯片/光通信,7.73%,1139.14,7.05,1
011829,平安睿享成长混合C,混合型-偏股,06869,长飞光纤光缆,长飞光纤光缆,光芯片/光通信,7.73%,1139.14,7.05,1
011841,嘉实兴锐优选一年持有混合A,混合型-偏股,00981,中芯国际,中芯国际H,电芯片/核心半导体,2.21%,1398.92,31.25,1
011842,嘉实兴锐优选一年持有混合C,混合型-偏股,00981,中芯国际,中芯国际H,电芯片/核心半导体,2.21%,1398.92,31.25,1
011891,易方达先锋成长混合A,混合型-偏股,06869,长飞光纤光缆,长飞光纤光缆,光芯片/光通信,9.81%,43279.16,267.85,1
011892,易方达先锋成长混合C,混合型-偏股,06869,长飞光纤光缆,长飞光纤光缆,光芯片/光通信,9.81%,43279.16,267.85,1
011897,长城悦享回报债券A,债券型-混合二级,00981,中芯国际,中芯国际H,电芯片/核心半导体,0.59%,154.44,3.45,1
011898,长城悦享回报债券C,债券型-混合二级,00981,中芯国际,中芯国际H,电芯片/核心半导体,0.59%,154.44,3.45,1
011908,广发沪港深价值精选混合A,混合型-偏股,00981,中芯国际,中芯国际H,电芯片/核心半导体,4.47%,2309.9,51.6,1
011909,广发沪港深价值精选混合C,混合型-偏股,00981,中芯国际,中芯国际H,电芯片/核心半导体,4.47%,2309.9,51.6,1
011913,华夏永泓一年持有混合A,混合型-偏债,00981,中芯国际,中芯国际H,电芯片/核心半导体,0.63%,201.45,4.5,1
011914,华夏永泓一年持有混合C,混合型-偏债,00981,中芯国际,中芯国际H,电芯片/核心半导体,0.63%,201.45,4.5,1
011924,嘉实港股互联网产业核心资产A,混合型-偏股,06869,长飞光纤光缆,长飞光纤光缆,光芯片/光通信,3.43%,6770.2,41.9,1
011924,嘉实港股互联网产业核心资产A,混合型-偏股,01347,华虹半导体,华虹半导体,电芯片/核心半导体,4.21%,8302.75,121.1,1
011925,嘉实港股互联网产业核心资产C,混合型-偏股,06869,长飞光纤光缆,长飞光纤光缆,光芯片/光通信,3.43%,6770.2,41.9,1
011925,嘉实港股互联网产业核心资产C,混合型-偏股,01347,华虹半导体,华虹半导体,电芯片/核心半导体,4.21%,8302.75,121.1,1
011975,广发均衡回报混合A,混合型-平衡,06869,长飞光纤光缆,长飞光纤光缆,光芯片/光通信,1.12%,597.85,3.7,1
011976,广发均衡回报混合C,混合型-平衡,06869,长飞光纤光缆,长飞光纤光缆,光芯片/光通信,1.12%,597.85,3.7,1
012014,工银聚润6个月持有混合A,混合型-偏债,00981,中芯国际,中芯国际H,电芯片/核心半导体,0.99%,761.01,17.0,1
012015,工银聚润6个月持有混合C,混合型-偏债,00981,中芯国际,中芯国际H,电芯片/核心半导体,0.99%,761.01,17.0,1
012033,广发睿盛混合A,混合型-偏股,06869,长飞光纤光缆,长飞光纤光缆,光芯片/光通信,8.36%,1316.88,8.15,1
012034,广发睿盛混合C,混合型-偏股,06869,长飞光纤光缆,长飞光纤光缆,光芯片/光通信,8.36%,1316.88,8.15,1
012064,圆信永丰兴诺一年持有期混合,混合型-灵活,00981,中芯国际,中芯国际H,电芯片/核心半导体,8.03%,7420.28,165.76,1
012064,圆信永丰兴诺一年持有期混合,混合型-灵活,01347,华虹半导体,华虹半导体,电芯片/核心半导体,2.57%,2372.21,34.6,1
012073,华安均衡优选混合A,混合型-偏股,06869,长飞光纤光缆,长飞光纤光缆,光芯片/光通信,3.08%,1017.95,6.3,1
012074,华安均衡优选混合C,混合型-偏股,06869,长飞光纤光缆,长飞光纤光缆,光芯片/光通信,3.08%,1017.95,6.3,1
012096,鑫元鑫动力混合A,混合型-偏股,00981,中芯国际,中芯国际H,电芯片/核心半导体,6.72%,1893.58,42.3,1
012097,鑫元鑫动力混合C,混合型-偏股,00981,中芯国际,中芯国际H,电芯片/核心半导体,6.72%,1893.58,42.3,1
012098,华夏成长机会一年持有混合,混合型-偏股,06869,长飞光纤光缆,长飞光纤光缆,光芯片/光通信,3.77%,2068.22,12.8,1
012111,鹏华安颐混合A,混合型-偏债,00981,中芯国际,中芯国际H,电芯片/核心半导体,0.04%,0.64,0.01,1
012112,鹏华安颐混合C,混合型-偏债,00981,中芯国际,中芯国际H,电芯片/核心半导体,0.04%,0.64,0.01,1
012123,招商金安成长严选混合,混合型-偏股,06869,长飞光纤光缆,长飞光纤光缆,光芯片/光通信,4.22%,3910.23,24.2,1
012130,景顺长城先进智造混合A,混合型-偏股,06869,长飞光纤光缆,长飞光纤光缆,光芯片/光通信,3.06%,3587.07,22.2,1
012130,景顺长城先进智造混合A,混合型-偏股,00981,中芯国际,中芯国际H,电芯片/核心半导体,4.50%,5271.15,117.75,1
012131,景顺长城先进智造混合C,混合型-偏股,06869,长飞光纤光缆,长飞光纤光缆,光芯片/光通信,3.06%,3587.07,22.2,1
012131,景顺长城先进智造混合C,混合型-偏股,00981,中芯国际,中芯国际H,电芯片/核心半导体,4.50%,5271.15,117.75,1
012150,诺德价值发现一年持有混合,混合型-偏股,00981,中芯国际,中芯国际H,电芯片/核心半导体,5.89%,2302.94,51.44,1
012157,汇添富上证50基本面增强指数A,指数型-股票,00981,中芯国际,中芯国际H,电芯片/核心半导体,3.55%,105.2,2.35,1
012158,汇添富上证50基本面增强指数C,指数型-股票,00981,中芯国际,中芯国际H,电芯片/核心半导体,3.55%,105.2,2.35,1
012170,华夏永顺一年持有混合A,混合型-偏债,00981,中芯国际,中芯国际H,电芯片/核心半导体,1.06%,129.82,2.9,1
012171,华夏永顺一年持有混合C,混合型-偏债,00981,中芯国际,中芯国际H,电芯片/核心半导体,1.06%,129.82,2.9,1
012198,国金核心资产一年持有A,混合型-偏股,01347,华虹半导体,华虹半导体,电芯片/核心半导体,6.31%,342.81,5.0,1
012198,国金核心资产一年持有A,混合型-偏股,00981,中芯国际,中芯国际H,电芯片/核心半导体,4.04%,219.35,4.9,1
012199,国金核心资产一年持有C,混合型-偏股,01347,华虹半导体,华虹半导体,电芯片/核心半导体,6.31%,342.81,5.0,1
012199,国金核心资产一年持有C,混合型-偏股,00981,中芯国际,中芯国际H,电芯片/核心半导体,4.04%,219.35,4.9,1
012208,华夏港股前沿经济混合(QDII)A,QDII-混合偏股,00981,中芯国际,中芯国际H,电芯片/核心半导体,6.02%,,89.6,1
012209,华夏港股前沿经济混合(QDII)C,QDII-混合偏股,00981,中芯国际,中芯国际H,电芯片/核心半导体,6.02%,,89.6,1
012301,易方达核心智造混合,混合型-偏股,06869,长飞光纤光缆,长飞光纤光缆,光芯片/光通信,5.42%,9533.21,59.0,1
012314,南方行业领先混合,混合型-偏股,06869,长飞光纤光缆,长飞光纤光缆,光芯片/光通信,3.81%,4532.31,28.05,1
012346,易方达港股通成长混合A,混合型-偏股,06869,长飞光纤光缆,长飞光纤光缆,光芯片/光通信,4.77%,7513.46,46.5,1
012347,易方达港股通成长混合C,混合型-偏股,06869,长飞光纤光缆,长飞光纤光缆,光芯片/光通信,4.77%,7513.46,46.5,1
012379,创金合信港股互联网3个月持有期混合(QDII)A,QDII-混合偏股,00981,中芯国际,中芯国际H,电芯片/核心半导体,6.77%,,38.45,1
012380,创金合信港股互联网3个月持有期混合(QDII)C,QDII-混合偏股,00981,中芯国际,中芯国际H,电芯片/核心半导体,6.77%,,38.45,1
012382,宏利新兴景气龙头混合A,混合型-偏股,06869,长飞光纤光缆,长飞光纤光缆,光芯片/光通信,5.71%,6067.32,37.55,1
012383,宏利新兴景气龙头混合C,混合型-偏股,06869,长飞光纤光缆,长飞光纤光缆,光芯片/光通信,5.71%,6067.32,37.55,1
012426,南方价值臻选混合A,混合型-灵活,06869,长飞光纤光缆,长飞光纤光缆,光芯片/光通信,0.78%,185.82,1.15,1
012427,南方价值臻选混合C,混合型-灵活,06869,长飞光纤光缆,长飞光纤光缆,光芯片/光通信,0.78%,185.82,1.15,1
012439,东方红睿和三年持有混合C,混合型-偏股,00981,中芯国际,中芯国际H,电芯片/核心半导体,3.57%,4877.69,108.95,1
012454,淳厚鑫悦混合A,混合型-偏股,06869,长飞光纤光缆,长飞光纤光缆,光芯片/光通信,5.60%,460.5,2.85,1
012455,淳厚鑫悦混合C,混合型-偏股,06869,长飞光纤光缆,长飞光纤光缆,光芯片/光通信,5.60%,460.5,2.85,1
012456,鹏扬数字经济先锋混合A,混合型-偏股,06869,长飞光纤光缆,长飞光纤光缆,光芯片/光通信,4.54%,1809.69,11.2,1
012457,鹏扬数字经济先锋混合C,混合型-偏股,06869,长飞光纤光缆,长飞光纤光缆,光芯片/光通信,4.54%,1809.69,11.2,1
012477,富国匠心精选12个月持有混合A,混合型-偏股,06869,长飞光纤光缆,长飞光纤光缆,光芯片/光通信,3.39%,1640.04,10.15,1
012478,富国匠心精选12个月持有混合C,混合型-偏股,06869,长飞光纤光缆,长飞光纤光缆,光芯片/光通信,3.39%,1640.04,10.15,1
012502,银华安盛混合,混合型-偏股,00981,中芯国际,中芯国际H,电芯片/核心半导体,6.10%,3659.58,81.75,1
012510,国富优质企业一年持有期混合A,混合型-偏股,00981,中芯国际,中芯国际H,电芯片/核心半导体,5.06%,1432.5,32.0,1
012511,国富优质企业一年持有期混合C,混合型-偏股,00981,中芯国际,中芯国际H,电芯片/核心半导体,5.06%,1432.5,32.0,1
012525,融通稳信增益6个月持有期混合C,混合型-偏债,06869,长飞光纤光缆,长飞光纤光缆,光芯片/光通信,5.02%,1494.61,9.25,1
012570,建信恒生科技指数发起(QDII)A,指数型-海外股票,00981,中芯国际,中芯国际H,电芯片/核心半导体,6.02%,,289.1,1
012571,建信恒生科技指数发起(QDII)C,指数型-海外股票,00981,中芯国际,中芯国际H,电芯片/核心半导体,6.02%,,289.1,1
012584,南方中国新兴经济9个月持有期混合(QDII)A,QDII-混合偏股,06869,长飞光纤光缆,长飞光纤光缆,光芯片/光通信,4.26%,,23.3,1
012585,南方中国新兴经济9个月持有期混合(QDII)C,QDII-混合偏股,06869,长飞光纤光缆,长飞光纤光缆,光芯片/光通信,4.26%,,23.3,1
012586,南方港股创新视野一年持有混合A,混合型-灵活,06869,长飞光纤光缆,长飞光纤光缆,光芯片/光通信,9.71%,1551.17,9.6,1
012586,南方港股创新视野一年持有混合A,混合型-灵活,01347,华虹半导体,华虹半导体,电芯片/核心半导体,4.46%,713.04,10.4,1
012587,南方港股创新视野一年持有混合C,混合型-灵活,06869,长飞光纤光缆,长飞光纤光缆,光芯片/光通信,9.71%,1551.17,9.6,1
012587,南方港股创新视野一年持有混合C,混合型-灵活,01347,华虹半导体,华虹半导体,电芯片/核心半导体,4.46%,713.04,10.4,1
012588,南方港股通优势企业混合A,混合型-偏股,00981,中芯国际,中芯国际H,电芯片/核心半导体,2.94%,5416.63,121.0,1
012589,南方港股通优势企业混合C,混合型-偏股,00981,中芯国际,中芯国际H,电芯片/核心半导体,2.94%,5416.63,121.0,1
012613,创金合信产业智选混合A,混合型-偏股,00981,中芯国际,中芯国际H,电芯片/核心半导体,6.61%,8579.32,191.65,1
012614,创金合信产业智选混合C,混合型-偏股,00981,中芯国际,中芯国际H,电芯片/核心半导体,6.61%,8579.32,191.65,1
012647,中欧洞见一年持有混合,混合型-偏股,01415,高伟电子,高伟电子,光芯片/光通信,5.46%,4749.68,207.5,1
012650,博时半导体主题混合A,混合型-偏股,01347,华虹半导体,华虹半导体,电芯片/核心半导体,8.20%,11346.86,165.5,1
012650,博时半导体主题混合A,混合型-偏股,00981,中芯国际,中芯国际H,电芯片/核心半导体,5.73%,7932.46,177.2,1
012651,博时半导体主题混合C,混合型-偏股,01347,华虹半导体,华虹半导体,电芯片/核心半导体,8.20%,11346.86,165.5,1
012651,博时半导体主题混合C,混合型-偏股,00981,中芯国际,中芯国际H,电芯片/核心半导体,5.73%,7932.46,177.2,1
012696,同泰数字经济股票A,股票型,06869,长飞光纤光缆,长飞光纤光缆,光芯片/光通信,2.94%,929.08,5.75,1
012697,同泰数字经济股票C,股票型,06869,长飞光纤光缆,长飞光纤光缆,光芯片/光通信,2.94%,929.08,5.75,1
012704,中银兴利稳健回报灵活配置混合A,混合型-灵活,00981,中芯国际,中芯国际H,电芯片/核心半导体,1.22%,232.78,5.2,1
012705,中银兴利稳健回报灵活配置混合C,混合型-灵活,00981,中芯国际,中芯国际H,电芯片/核心半导体,1.22%,232.78,5.2,1
012706,中银核心精选混合A,混合型-偏股,01347,华虹半导体,华虹半导体,电芯片/核心半导体,2.72%,397.65,5.8,1
012706,中银核心精选混合A,混合型-偏股,00981,中芯国际,中芯国际H,电芯片/核心半导体,2.58%,378.27,8.45,1
012707,中银核心精选混合C,混合型-偏股,01347,华虹半导体,华虹半导体,电芯片/核心半导体,2.72%,397.65,5.8,1
012707,中银核心精选混合C,混合型-偏股,00981,中芯国际,中芯国际H,电芯片/核心半导体,2.58%,378.27,8.45,1
012746,富国双利增强债券A,债券型-混合二级,00981,中芯国际,中芯国际H,电芯片/核心半导体,0.20%,1343.1,30.0,1
012747,富国双利增强债券C,债券型-混合二级,00981,中芯国际,中芯国际H,电芯片/核心半导体,0.20%,1343.1,30.0,1
012751,建信纳斯达克100指数(QDII)A美元现汇,指数型-海外股票,NVDA,英伟达,英伟达,电芯片/核心半导体,8.29%,,18.03,1
012751,建信纳斯达克100指数(QDII)A美元现汇,指数型-海外股票,AVGO,博通,博通,电芯片/核心半导体,2.86%,,3.5,1
012752,建信纳斯达克100指数(QDII)C人民币,指数型-海外股票,NVDA,英伟达,英伟达,电芯片/核心半导体,8.29%,,18.03,1
012752,建信纳斯达克100指数(QDII)C人民币,指数型-海外股票,AVGO,博通,博通,电芯片/核心半导体,2.86%,,3.5,1
012753,建信纳斯达克100指数(QDII)C美元现汇,指数型-海外股票,NVDA,英伟达,英伟达,电芯片/核心半导体,8.29%,,18.03,1
012753,建信纳斯达克100指数(QDII)C美元现汇,指数型-海外股票,AVGO,博通,博通,电芯片/核心半导体,2.86%,,3.5,1
012779,博时移动互联主题混合A,混合型-偏股,01347,华虹半导体,华虹半导体,电芯片/核心半导体,4.03%,164.55,2.4,1
012779,博时移动互联主题混合A,混合型-偏股,00981,中芯国际,中芯国际H,电芯片/核心半导体,3.89%,158.92,3.55,1
012780,博时移动互联主题混合C,混合型-偏股,01347,华虹半导体,华虹半导体,电芯片/核心半导体,4.03%,164.55,2.4,1
012780,博时移动互联主题混合C,混合型-偏股,00981,中芯国际,中芯国际H,电芯片/核心半导体,3.89%,158.92,3.55,1
012809,鹏华中证沪港深科技龙头指数(LOF)C,指数型-股票,00981,中芯国际,中芯国际H,电芯片/核心半导体,3.23%,192.49,4.3,1
012846,恒越蓝筹精选混合,混合型-偏股,00981,中芯国际,中芯国际H,电芯片/核心半导体,4.90%,1558.0,34.8,1
012860,易方达标普500指数人民币C,指数型-海外股票,NVDA,英伟达,英伟达,电芯片/核心半导体,6.60%,,8.68,1
012860,易方达标普500指数人民币C,指数型-海外股票,AVGO,博通,博通,电芯片/核心半导体,2.29%,,1.7,1
012861,易方达标普500指数美元汇C,指数型-海外股票,NVDA,英伟达,英伟达,电芯片/核心半导体,6.60%,,8.68,1
012861,易方达标普500指数美元汇C,指数型-海外股票,AVGO,博通,博通,电芯片/核心半导体,2.29%,,1.7,1
012868,易方达标普信息科技指数(QDII-LOF)C(人民币),指数型-海外股票,MU,美光科技,美光科技,存储,1.81%,,2.67,1
012868,易方达标普信息科技指数(QDII-LOF)C(人民币),指数型-海外股票,NVDA,英伟达,英伟达,电芯片/核心半导体,20.16%,,57.71,1
012868,易方达标普信息科技指数(QDII-LOF)C(人民币),指数型-海外股票,AVGO,博通,博通,电芯片/核心半导体,6.98%,,11.26,1
012868,易方达标普信息科技指数(QDII-LOF)C(人民币),指数型-海外股票,AMD,超威半导体,超威半导体,电芯片/核心半导体,1.58%,,3.87,1
012868,易方达标普信息科技指数(QDII-LOF)C(人民币),指数型-海外股票,AMAT,应用材料,应用材料,电芯片/核心半导体,1.29%,,1.89,1
012868,易方达标普信息科技指数(QDII-LOF)C(人民币),指数型-海外股票,LRCX,拉姆研究,拉姆研究,电芯片/核心半导体,1.27%,,2.97,1
012869,易方达标普信息科技指数(QDII-LOF)C(美元现汇),指数型-海外股票,MU,美光科技,美光科技,存储,1.81%,,2.67,1
012869,易方达标普信息科技指数(QDII-LOF)C(美元现汇),指数型-海外股票,NVDA,英伟达,英伟达,电芯片/核心半导体,20.16%,,57.71,1
012869,易方达标普信息科技指数(QDII-LOF)C(美元现汇),指数型-海外股票,AVGO,博通,博通,电芯片/核心半导体,6.98%,,11.26,1
012869,易方达标普信息科技指数(QDII-LOF)C(美元现汇),指数型-海外股票,AMD,超威半导体,超威半导体,电芯片/核心半导体,1.58%,,3.87,1
012869,易方达标普信息科技指数(QDII-LOF)C(美元现汇),指数型-海外股票,AMAT,应用材料,应用材料,电芯片/核心半导体,1.29%,,1.89,1
012869,易方达标普信息科技指数(QDII-LOF)C(美元现汇),指数型-海外股票,LRCX,拉姆研究,拉姆研究,电芯片/核心半导体,1.27%,,2.97,1
012884,华夏港股通精选股票发起式(LOF)C,股票型,00981,中芯国际,中芯国际H,电芯片/核心半导体,5.14%,631.19,14.1,1
012917,平安优势领航1年持有混合A,混合型-偏股,06869,长飞光纤光缆,长飞光纤光缆,光芯片/光通信,3.47%,1009.87,6.25,1
012918,平安优势领航1年持有混合C,混合型-偏股,06869,长飞光纤光缆,长飞光纤光缆,光芯片/光通信,3.47%,1009.87,6.25,1
012920,易方达全球成长精选混合(QDII)人民币A,QDII-混合偏股,AXTI,AXT Inc,AXT Inc,AXTI,4.67%,,116.75,1
012920,易方达全球成长精选混合(QDII)人民币A,QDII-混合偏股,LITE,Lumentum Holdings Inc,Lumentum,光芯片/光通信,8.68%,,17.62,1
012920,易方达全球成长精选混合(QDII)人民币A,QDII-混合偏股,GLW,康宁,康宁,光芯片/光通信,4.67%,,48.98,1
012920,易方达全球成长精选混合(QDII)人民币A,QDII-混合偏股,TSM,台积电,台积电ADR,电芯片/核心半导体,8.88%,,37.45,1
012921,易方达全球成长精选混合(QDII)美元现汇A,QDII-混合偏股,AXTI,AXT Inc,AXT Inc,AXTI,4.67%,,116.75,1
012921,易方达全球成长精选混合(QDII)美元现汇A,QDII-混合偏股,LITE,Lumentum Holdings Inc,Lumentum,光芯片/光通信,8.68%,,17.62,1
012921,易方达全球成长精选混合(QDII)美元现汇A,QDII-混合偏股,GLW,康宁,康宁,光芯片/光通信,4.67%,,48.98,1
012921,易方达全球成长精选混合(QDII)美元现汇A,QDII-混合偏股,TSM,台积电,台积电ADR,电芯片/核心半导体,8.88%,,37.45,1
012922,易方达全球成长精选混合(QDII)人民币C,QDII-混合偏股,AXTI,AXT Inc,AXT Inc,AXTI,4.67%,,116.75,1
012922,易方达全球成长精选混合(QDII)人民币C,QDII-混合偏股,LITE,Lumentum Holdings Inc,Lumentum,光芯片/光通信,8.68%,,17.62,1
012922,易方达全球成长精选混合(QDII)人民币C,QDII-混合偏股,GLW,康宁,康宁,光芯片/光通信,4.67%,,48.98,1
012922,易方达全球成长精选混合(QDII)人民币C,QDII-混合偏股,TSM,台积电,台积电ADR,电芯片/核心半导体,8.88%,,37.45,1
012923,易方达全球成长精选混合(QDII)美元现汇C,QDII-混合偏股,AXTI,AXT Inc,AXT Inc,AXTI,4.67%,,116.75,1
012923,易方达全球成长精选混合(QDII)美元现汇C,QDII-混合偏股,LITE,Lumentum Holdings Inc,Lumentum,光芯片/光通信,8.68%,,17.62,1
012923,易方达全球成长精选混合(QDII)美元现汇C,QDII-混合偏股,GLW,康宁,康宁,光芯片/光通信,4.67%,,48.98,1
012923,易方达全球成长精选混合(QDII)美元现汇C,QDII-混合偏股,TSM,台积电,台积电ADR,电芯片/核心半导体,8.88%,,37.45,1
012924,华夏新时代混合美元现汇(QDII),QDII-混合灵活,LITE,Lumentum Holdings Inc,Lumentum,光芯片/光通信,5.35%,,0.21,1
012924,华夏新时代混合美元现汇(QDII),QDII-混合灵活,COHR,Coherent Corp,Coherent,光芯片/光通信,2.82%,,0.32,1
012925,华夏新时代混合美元现钞(QDII),QDII-混合灵活,LITE,Lumentum Holdings Inc,Lumentum,光芯片/光通信,5.35%,,0.21,1
012925,华夏新时代混合美元现钞(QDII),QDII-混合灵活,COHR,Coherent Corp,Coherent,光芯片/光通信,2.82%,,0.32,1
012985,平安优势回报1年持有混合A,混合型-偏股,06869,长飞光纤光缆,长飞光纤光缆,光芯片/光通信,5.32%,2835.73,17.55,1
012986,平安优势回报1年持有混合C,混合型-偏股,06869,长飞光纤光缆,长飞光纤光缆,光芯片/光通信,5.32%,2835.73,17.55,1
012987,嘉合锦明混合A,混合型-偏股,00981,中芯国际,中芯国际H,电芯片/核心半导体,5.35%,1056.47,23.6,1
012988,嘉合锦明混合C,混合型-偏股,00981,中芯国际,中芯国际H,电芯片/核心半导体,5.35%,1056.47,23.6,1
013051,汇泉臻心致远混合A,混合型-偏股,00981,中芯国际,中芯国际H,电芯片/核心半导体,4.90%,396.18,8.85,1
013052,汇泉臻心致远混合C,混合型-偏股,00981,中芯国际,中芯国际H,电芯片/核心半导体,4.90%,396.18,8.85,1
013141,中信保诚弘远混合A,混合型-偏股,06869,长飞光纤光缆,长飞光纤光缆,光芯片/光通信,2.94%,1906.64,11.8,1
013224,浦银安盛港股通量化混合C,混合型-灵活,01347,华虹半导体,华虹半导体,电芯片/核心半导体,6.33%,212.54,3.1,1
013224,浦银安盛港股通量化混合C,混合型-灵活,00981,中芯国际,中芯国际H,电芯片/核心半导体,5.03%,168.77,3.77,1
013323,国寿安保盛泽三年持有混合A,混合型-偏股,06869,长飞光纤光缆,长飞光纤光缆,光芯片/光通信,3.23%,323.16,2.0,1
013324,国寿安保盛泽三年持有混合C,混合型-偏股,06869,长飞光纤光缆,长飞光纤光缆,光芯片/光通信,3.23%,323.16,2.0,1
013328,嘉实全球价值股票(QDII)人民币,QDII-普通股票,NVDA,英伟达,英伟达,电芯片/核心半导体,4.59%,,0.65,1
013328,嘉实全球价值股票(QDII)人民币,QDII-普通股票,TSM,台积电,台积电ADR,电芯片/核心半导体,2.18%,,0.16,1
013328,嘉实全球价值股票(QDII)人民币,QDII-普通股票,AVGO,博通,博通,电芯片/核心半导体,1.21%,,0.1,1
013329,嘉实全球价值股票(QDII)美元现汇,QDII-普通股票,NVDA,英伟达,英伟达,电芯片/核心半导体,4.59%,,0.65,1
013329,嘉实全球价值股票(QDII)美元现汇,QDII-普通股票,TSM,台积电,台积电ADR,电芯片/核心半导体,2.18%,,0.16,1
013329,嘉实全球价值股票(QDII)美元现汇,QDII-普通股票,AVGO,博通,博通,电芯片/核心半导体,1.21%,,0.1,1
013363,大成中国优势混合(QDII)A,QDII-混合偏股,00981,中芯国际,中芯国际H,电芯片/核心半导体,6.69%,,3.6,1
013364,大成中国优势混合(QDII)C,QDII-混合偏股,00981,中芯国际,中芯国际H,电芯片/核心半导体,6.69%,,3.6,1
013369,汇添富自主核心科技一年持有混合A,混合型-偏股,06869,长飞光纤光缆,长飞光纤光缆,光芯片/光通信,5.35%,2205.56,13.65,1
013370,汇添富自主核心科技一年持有混合C,混合型-偏股,06869,长飞光纤光缆,长飞光纤光缆,光芯片/光通信,5.35%,2205.56,13.65,1
013389,华夏成长先锋一年持有混合A,混合型-偏股,01347,华虹半导体,华虹半导体,电芯片/核心半导体,4.97%,3626.88,52.9,1
013390,华夏成长先锋一年持有混合C,混合型-偏股,01347,华虹半导体,华虹半导体,电芯片/核心半导体,4.97%,3626.88,52.9,1
013414,太平智远三个月定开股票发起式,股票型,01347,华虹半导体,华虹半导体,电芯片/核心半导体,6.14%,4250.79,62.0,1
013431,华泰柏瑞景气汇选三年持有期混合A,混合型-偏股,00981,中芯国际,中芯国际H,电芯片/核心半导体,1.77%,747.66,16.7,1
013432,华泰柏瑞景气汇选三年持有期混合C,混合型-偏股,00981,中芯国际,中芯国际H,电芯片/核心半导体,1.77%,747.66,16.7,1
013590,南方比较优势混合A,混合型-偏股,06869,长飞光纤光缆,长飞光纤光缆,光芯片/光通信,1.37%,24.24,0.15,1
013591,南方比较优势混合C,混合型-偏股,06869,长飞光纤光缆,长飞光纤光缆,光芯片/光通信,1.37%,24.24,0.15,1
013603,易方达均衡优选一年持有混合A,混合型-偏股,00981,中芯国际,中芯国际H,电芯片/核心半导体,2.12%,152.2,3.4,1
013604,易方达均衡优选一年持有混合C,混合型-偏股,00981,中芯国际,中芯国际H,电芯片/核心半导体,2.12%,152.2,3.4,1
013613,宝盈国家安全沪港深股票C,股票型,01347,华虹半导体,华虹半导体,电芯片/核心半导体,4.31%,3286.63,47.94,1
013687,平安成长龙头1年持有混合A,混合型-偏股,06869,长飞光纤光缆,长飞光纤光缆,光芯片/光通信,3.68%,282.76,1.75,1
013688,平安成长龙头1年持有混合C,混合型-偏股,06869,长飞光纤光缆,长飞光纤光缆,光芯片/光通信,3.68%,282.76,1.75,1
013824,汇丰晋信慧悦混合,混合型-偏债,00981,中芯国际,中芯国际H,电芯片/核心半导体,1.51%,49.24,1.1,1
013840,银华集成电路混合A,混合型-偏股,00981,中芯国际,中芯国际H,电芯片/核心半导体,3.19%,25274.64,564.6,1
013840,银华集成电路混合A,混合型-偏股,01347,华虹半导体,华虹半导体,电芯片/核心半导体,3.18%,25209.9,367.7,1
013841,银华集成电路混合C,混合型-偏股,00981,中芯国际,中芯国际H,电芯片/核心半导体,3.19%,25274.64,564.6,1
013841,银华集成电路混合C,混合型-偏股,01347,华虹半导体,华虹半导体,电芯片/核心半导体,3.18%,25209.9,367.7,1
013842,银华新锐成长混合A,混合型-偏股,01347,华虹半导体,华虹半导体,电芯片/核心半导体,4.43%,1288.95,18.8,1
013843,银华新锐成长混合C,混合型-偏股,01347,华虹半导体,华虹半导体,电芯片/核心半导体,4.43%,1288.95,18.8,1
013861,泓德产业升级混合A,混合型-偏股,00981,中芯国际,中芯国际H,电芯片/核心半导体,2.43%,120.99,2.7,1
013862,泓德产业升级混合C,混合型-偏股,00981,中芯国际,中芯国际H,电芯片/核心半导体,2.43%,120.99,2.7,1
013867,汇安优势企业精选混合A,混合型-偏股,01347,华虹半导体,华虹半导体,电芯片/核心半导体,3.10%,548.49,8.0,1
013868,汇安优势企业精选混合C,混合型-偏股,01347,华虹半导体,华虹半导体,电芯片/核心半导体,3.10%,548.49,8.0,1
013883,交银启明混合C,混合型-偏股,06869,长飞光纤光缆,长飞光纤光缆,光芯片/光通信,10.92%,14197.34,87.87,1
014002,浦银安盛全球智能科技(QDII)C,QDII-普通股票,LITE,Lumentum Holdings Inc,Lumentum,光芯片/光通信,8.22%,,5.08,1
014002,浦银安盛全球智能科技(QDII)C,QDII-普通股票,COHR,Coherent Corp,Coherent,光芯片/光通信,5.17%,,9.44,1
014002,浦银安盛全球智能科技(QDII)C,QDII-普通股票,MU,美光科技,美光科技,存储,5.13%,,6.6,1
014002,浦银安盛全球智能科技(QDII)C,QDII-普通股票,TSM,台积电,台积电ADR,电芯片/核心半导体,6.04%,,7.77,1
014002,浦银安盛全球智能科技(QDII)C,QDII-普通股票,INTC,英特尔,英特尔,电芯片/核心半导体,4.34%,,42.7,1
014002,浦银安盛全球智能科技(QDII)C,QDII-普通股票,ASML,阿斯麦,阿斯麦,电芯片/核心半导体,3.25%,,1.07,1
014023,宏利景气领航两年持有混合,混合型-偏股,06869,长飞光纤光缆,长飞光纤光缆,光芯片/光通信,6.14%,3797.13,23.5,1
014036,博时成长回报混合A,混合型-偏股,01347,华虹半导体,华虹半导体,电芯片/核心半导体,4.10%,891.29,13.0,1
014037,博时成长回报混合C,混合型-偏股,01347,华虹半导体,华虹半导体,电芯片/核心半导体,4.10%,891.29,13.0,1
014042,银华心诚灵活配置混合C,混合型-灵活,00981,中芯国际,中芯国际H,电芯片/核心半导体,7.79%,6204.1,138.59,1
014042,银华心诚灵活配置混合C,混合型-灵活,01347,华虹半导体,华虹半导体,电芯片/核心半导体,4.76%,3791.43,55.3,1
014043,银华心怡灵活配置混合C,混合型-灵活,00981,中芯国际,中芯国际H,电芯片/核心半导体,8.03%,25451.46,568.55,1
014043,银华心怡灵活配置混合C,混合型-灵活,01347,华虹半导体,华虹半导体,电芯片/核心半导体,5.23%,16598.63,242.1,1
014052,银华港股通精选股票发起式C,股票型,01347,华虹半导体,华虹半导体,电芯片/核心半导体,5.70%,267.39,3.9,1
014052,银华港股通精选股票发起式C,股票型,00981,中芯国际,中芯国际H,电芯片/核心半导体,4.96%,232.78,5.2,1
014094,南方誉盈一年持有混合A,混合型-偏债,00981,中芯国际,中芯国际H,电芯片/核心半导体,1.26%,246.21,5.5,1
014095,南方誉盈一年持有混合C,混合型-偏债,00981,中芯国际,中芯国际H,电芯片/核心半导体,1.26%,246.21,5.5,1
014175,工银价值成长混合A,混合型-偏股,01347,华虹半导体,华虹半导体,电芯片/核心半导体,2.92%,274.24,4.0,1
014176,工银价值成长混合C,混合型-偏股,01347,华虹半导体,华虹半导体,电芯片/核心半导体,2.92%,274.24,4.0,1
014191,广发先进制造股票发起式A,股票型,06869,长飞光纤光缆,长飞光纤光缆,光芯片/光通信,5.93%,11884.2,73.55,1
014192,广发先进制造股票发起式C,股票型,06869,长飞光纤光缆,长飞光纤光缆,光芯片/光通信,5.93%,11884.2,73.55,1
014193,汇添富中证芯片产业指数增强发起式A,指数型-股票,00981,中芯国际,中芯国际H,电芯片/核心半导体,1.98%,3377.56,75.45,1
014194,汇添富中证芯片产业指数增强发起式C,指数型-股票,00981,中芯国际,中芯国际H,电芯片/核心半导体,1.98%,3377.56,75.45,1
014218,汇添富中证科创创业50指数增强发起式A,指数型-股票,00981,中芯国际,中芯国际H,电芯片/核心半导体,3.07%,1119.14,25.0,1
014219,汇添富中证科创创业50指数增强发起式C,指数型-股票,00981,中芯国际,中芯国际H,电芯片/核心半导体,3.07%,1119.14,25.0,1
014261,摩根沃享远见一年持有期混合A,混合型-偏股,00981,中芯国际,中芯国际H,电芯片/核心半导体,2.86%,1381.02,30.85,1
014262,摩根沃享远见一年持有期混合C,混合型-偏股,00981,中芯国际,中芯国际H,电芯片/核心半导体,2.86%,1381.02,30.85,1
014287,泰康新锐成长混合A,混合型-偏股,00981,中芯国际,中芯国际H,电芯片/核心半导体,3.45%,19987.57,446.45,1
014292,嘉实产业领先混合A,混合型-偏股,06869,长飞光纤光缆,长飞光纤光缆,光芯片/光通信,4.58%,3118.49,19.3,1
014293,嘉实产业领先混合C,混合型-偏股,06869,长飞光纤光缆,长飞光纤光缆,光芯片/光通信,4.58%,3118.49,19.3,1
014299,宏利先进制造股票A,股票型,00981,中芯国际,中芯国际H,电芯片/核心半导体,8.33%,834.53,18.64,1
014300,宏利先进制造股票C,股票型,00981,中芯国际,中芯国际H,电芯片/核心半导体,8.33%,834.53,18.64,1
014319,德邦半导体产业混合发起式A,混合型-偏股,00981,中芯国际,中芯国际H,电芯片/核心半导体,5.24%,22385.0,500.0,1
014319,德邦半导体产业混合发起式A,混合型-偏股,01347,华虹半导体,华虹半导体,电芯片/核心半导体,4.33%,18511.2,270.0,1
014320,德邦半导体产业混合发起式C,混合型-偏股,00981,中芯国际,中芯国际H,电芯片/核心半导体,5.24%,22385.0,500.0,1
014320,德邦半导体产业混合发起式C,混合型-偏股,01347,华虹半导体,华虹半导体,电芯片/核心半导体,4.33%,18511.2,270.0,1
014350,华商卓越成长一年持有混合A,混合型-偏股,06869,长飞光纤光缆,长飞光纤光缆,光芯片/光通信,5.07%,387.95,2.4,1
014351,华商卓越成长一年持有混合C,混合型-偏股,06869,长飞光纤光缆,长飞光纤光缆,光芯片/光通信,5.07%,387.95,2.4,1
014401,富国核心趋势混合A,混合型-偏股,06869,长飞光纤光缆,长飞光纤光缆,光芯片/光通信,5.41%,929.09,5.75,1
014402,富国核心趋势混合C,混合型-偏股,06869,长飞光纤光缆,长飞光纤光缆,光芯片/光通信,5.41%,929.09,5.75,1
014416,泰康研究精选股票发起A,股票型,01347,华虹半导体,华虹半导体,电芯片/核心半导体,2.73%,815.86,11.9,1
014417,泰康研究精选股票发起C,股票型,01347,华虹半导体,华虹半导体,电芯片/核心半导体,2.73%,815.86,11.9,1
014418,西部利得CES芯片指数增强A,指数型-股票,00981,中芯国际,中芯国际H,电芯片/核心半导体,5.16%,4107.24,91.75,1
014419,西部利得CES芯片指数增强C,指数型-股票,00981,中芯国际,中芯国际H,电芯片/核心半导体,5.16%,4107.24,91.75,1
014472,景顺长城远见成长混合A,混合型-偏股,06869,长飞光纤光缆,长飞光纤光缆,光芯片/光通信,4.85%,702.87,4.35,1
014472,景顺长城远见成长混合A,混合型-偏股,00981,中芯国际,中芯国际H,电芯片/核心半导体,6.17%,895.31,20.0,1
014473,景顺长城远见成长混合C,混合型-偏股,06869,长飞光纤光缆,长飞光纤光缆,光芯片/光通信,4.85%,702.87,4.35,1
014473,景顺长城远见成长混合C,混合型-偏股,00981,中芯国际,中芯国际H,电芯片/核心半导体,6.17%,895.31,20.0,1
014482,华夏融盛可持续一年持有混合A,混合型-偏股,00981,中芯国际,中芯国际H,电芯片/核心半导体,5.84%,241.73,5.4,1
014483,华夏融盛可持续一年持有混合C,混合型-偏股,00981,中芯国际,中芯国际H,电芯片/核心半导体,5.84%,241.73,5.4,1
014508,汇添富先进制造混合A,混合型-偏股,00981,中芯国际,中芯国际H,电芯片/核心半导体,8.09%,9031.45,201.75,1
014509,汇添富先进制造混合C,混合型-偏股,00981,中芯国际,中芯国际H,电芯片/核心半导体,8.09%,9031.45,201.75,1
014526,汇添富中盘潜力增长一年持有混合A,混合型-偏股,01347,华虹半导体,华虹半导体,电芯片/核心半导体,4.17%,191.97,2.8,1
014527,汇添富中盘潜力增长一年持有混合C,混合型-偏股,01347,华虹半导体,华虹半导体,电芯片/核心半导体,4.17%,191.97,2.8,1
014585,银华心兴三年持有混合A,混合型-偏股,00981,中芯国际,中芯国际H,电芯片/核心半导体,7.77%,6634.9,148.21,1
014585,银华心兴三年持有混合A,混合型-偏股,01347,华虹半导体,华虹半导体,电芯片/核心半导体,5.94%,5073.52,74.0,1
014586,银华心兴三年持有混合C,混合型-偏股,00981,中芯国际,中芯国际H,电芯片/核心半导体,7.77%,6634.9,148.21,1
014586,银华心兴三年持有混合C,混合型-偏股,01347,华虹半导体,华虹半导体,电芯片/核心半导体,5.94%,5073.52,74.0,1
014606,招商高端装备混合A,混合型-偏股,06869,长飞光纤光缆,长飞光纤光缆,光芯片/光通信,5.28%,815.98,5.05,1
014607,招商高端装备混合C,混合型-偏股,06869,长飞光纤光缆,长飞光纤光缆,光芯片/光通信,5.28%,815.98,5.05,1
014611,富国核心科技12个月持有混合A,混合型-偏股,06869,长飞光纤光缆,长飞光纤光缆,光芯片/光通信,7.62%,1999.18,12.37,1
014612,富国核心科技12个月持有混合C,混合型-偏股,06869,长飞光纤光缆,长飞光纤光缆,光芯片/光通信,7.62%,1999.18,12.37,1
014647,融通先进制造混合A,混合型-偏股,06869,长飞光纤光缆,长飞光纤光缆,光芯片/光通信,7.38%,1179.53,7.3,1
014648,融通先进制造混合C,混合型-偏股,06869,长飞光纤光缆,长飞光纤光缆,光芯片/光通信,7.38%,1179.53,7.3,1
014686,招商核心装备混合A,混合型-偏股,06869,长飞光纤光缆,长飞光纤光缆,光芯片/光通信,9.04%,743.27,4.6,1
014687,招商核心装备混合C,混合型-偏股,06869,长飞光纤光缆,长飞光纤光缆,光芯片/光通信,9.04%,743.27,4.6,1
014697,南方誉稳一年持有混合A,混合型-偏债,00981,中芯国际,中芯国际H,电芯片/核心半导体,1.24%,364.84,8.15,1
014698,南方誉稳一年持有混合C,混合型-偏债,00981,中芯国际,中芯国际H,电芯片/核心半导体,1.24%,364.84,8.15,1
014738,广发恒祥债券A,债券型-混合二级,01415,高伟电子,高伟电子,光芯片/光通信,0.32%,1439.53,62.9,1
014739,广发恒祥债券C,债券型-混合二级,01415,高伟电子,高伟电子,光芯片/光通信,0.32%,1439.53,62.9,1
014783,招商远见成长混合A,混合型-偏股,06869,长飞光纤光缆,长飞光纤光缆,光芯片/光通信,4.88%,605.92,3.75,1
014784,招商远见成长混合C,混合型-偏股,06869,长飞光纤光缆,长飞光纤光缆,光芯片/光通信,4.88%,605.92,3.75,1
014818,国金新兴价值混合A,混合型-偏股,06869,长飞光纤光缆,长飞光纤光缆,光芯片/光通信,6.30%,1421.9,8.8,1
014818,国金新兴价值混合A,混合型-偏股,01347,华虹半导体,华虹半导体,电芯片/核心半导体,5.53%,1247.81,18.2,1
014819,国金新兴价值混合C,混合型-偏股,06869,长飞光纤光缆,长飞光纤光缆,光芯片/光通信,6.30%,1421.9,8.8,1
014819,国金新兴价值混合C,混合型-偏股,01347,华虹半导体,华虹半导体,电芯片/核心半导体,5.53%,1247.81,18.2,1
014825,汇泉兴至未来一年持有混合A,混合型-偏股,00981,中芯国际,中芯国际H,电芯片/核心半导体,7.46%,257.4,5.75,1
014826,汇泉兴至未来一年持有混合C,混合型-偏股,00981,中芯国际,中芯国际H,电芯片/核心半导体,7.46%,257.4,5.75,1
014840,招商裕华混合,混合型-偏股,00981,中芯国际,中芯国际H,电芯片/核心半导体,3.59%,1056.49,23.6,1
014840,招商裕华混合,混合型-偏股,01347,华虹半导体,华虹半导体,电芯片/核心半导体,2.54%,747.32,10.9,1
014887,招商安福1年定开债发起式,债券型-混合二级,06869,长飞光纤光缆,长飞光纤光缆,光芯片/光通信,0.11%,436.27,2.7,1
014922,华夏ESG可持续投资一年持有混合A,混合型-偏股,00981,中芯国际,中芯国际H,电芯片/核心半导体,4.45%,224.36,5.01,1
014923,华夏ESG可持续投资一年持有混合C,混合型-偏股,00981,中芯国际,中芯国际H,电芯片/核心半导体,4.45%,224.36,5.01,1
015030,博时远见回报混合A,混合型-偏股,00981,中芯国际,中芯国际H,电芯片/核心半导体,7.31%,340.22,7.6,1
015030,博时远见回报混合A,混合型-偏股,01347,华虹半导体,华虹半导体,电芯片/核心半导体,4.57%,212.54,3.1,1
015031,博时远见回报混合C,混合型-偏股,00981,中芯国际,中芯国际H,电芯片/核心半导体,7.31%,340.22,7.6,1
015031,博时远见回报混合C,混合型-偏股,01347,华虹半导体,华虹半导体,电芯片/核心半导体,4.57%,212.54,3.1,1
015035,银华核心动力精选混合A,混合型-偏股,00981,中芯国际,中芯国际H,电芯片/核心半导体,3.83%,508.09,11.35,1
015036,银华核心动力精选混合C,混合型-偏股,00981,中芯国际,中芯国际H,电芯片/核心半导体,3.83%,508.09,11.35,1
015092,汇安远见成长混合A,混合型-偏股,00981,中芯国际,中芯国际H,电芯片/核心半导体,3.53%,247.61,5.53,1
015093,汇安远见成长混合C,混合型-偏股,00981,中芯国际,中芯国际H,电芯片/核心半导体,3.53%,247.61,5.53,1
015102,东方红ESG可持续投资混合A,混合型-偏股,00981,中芯国际,中芯国际H,电芯片/核心半导体,3.60%,649.1,14.5,1
015103,东方红ESG可持续投资混合C,混合型-偏股,00981,中芯国际,中芯国际H,电芯片/核心半导体,3.60%,649.1,14.5,1
015116,汇添富大盘核心资产混合C,混合型-偏股,06869,长飞光纤光缆,长飞光纤光缆,光芯片/光通信,4.19%,6463.19,40.0,1
015117,汇添富大盘核心资产混合D,混合型-偏股,06869,长飞光纤光缆,长飞光纤光缆,光芯片/光通信,4.19%,6463.19,40.0,1
015143,中欧智能制造混合A,混合型-偏股,00981,中芯国际,中芯国际H,电芯片/核心半导体,4.78%,3478.63,77.7,1
015144,中欧智能制造混合C,混合型-偏股,00981,中芯国际,中芯国际H,电芯片/核心半导体,4.78%,3478.63,77.7,1
015158,申万菱信价值精选混合C,混合型-偏股,06869,长飞光纤光缆,长飞光纤光缆,光芯片/光通信,4.91%,121.18,0.75,1
015160,南方宝嘉混合A,混合型-偏债,06869,长飞光纤光缆,长飞光纤光缆,光芯片/光通信,0.70%,484.74,3.0,1
015161,南方宝嘉混合C,混合型-偏债,06869,长飞光纤光缆,长飞光纤光缆,光芯片/光通信,0.70%,484.74,3.0,1
015196,汇添富智能制造股票C,股票型,00981,中芯国际,中芯国际H,电芯片/核心半导体,8.28%,22752.1,508.25,1
015197,汇添富智能制造股票D,股票型,00981,中芯国际,中芯国际H,电芯片/核心半导体,8.28%,22752.1,508.25,1
015202,汇添富全球移动互联混合(QDII)人民币C,QDII-混合灵活,MU,美光科技,美光科技,存储,2.21%,,1.86,1
015202,汇添富全球移动互联混合(QDII)人民币C,QDII-混合灵活,NVDA,英伟达,英伟达,电芯片/核心半导体,8.96%,,14.58,1
015202,汇添富全球移动互联混合(QDII)人民币C,QDII-混合灵活,AVGO,博通,博通,电芯片/核心半导体,3.89%,,3.57,1
015202,汇添富全球移动互联混合(QDII)人民币C,QDII-混合灵活,TSM,台积电,台积电ADR,电芯片/核心半导体,3.34%,,2.81,1
015203,汇添富全球移动互联混合(QDII)人民币D,QDII-混合灵活,MU,美光科技,美光科技,存储,2.21%,,1.86,1
015203,汇添富全球移动互联混合(QDII)人民币D,QDII-混合灵活,NVDA,英伟达,英伟达,电芯片/核心半导体,8.96%,,14.58,1
015203,汇添富全球移动互联混合(QDII)人民币D,QDII-混合灵活,AVGO,博通,博通,电芯片/核心半导体,3.89%,,3.57,1
015203,汇添富全球移动互联混合(QDII)人民币D,QDII-混合灵活,TSM,台积电,台积电ADR,电芯片/核心半导体,3.34%,,2.81,1
015205,银华全球新能源车量化优选股票(QDII)C,QDII-普通股票,NVDA,英伟达,英伟达,电芯片/核心半导体,5.65%,,0.52,1
015205,银华全球新能源车量化优选股票(QDII)C,QDII-普通股票,AMD,超威半导体,超威半导体,电芯片/核心半导体,3.96%,,0.31,1
015205,银华全球新能源车量化优选股票(QDII)C,QDII-普通股票,TSM,台积电,台积电ADR,电芯片/核心半导体,2.95%,,0.14,1
015219,鹏扬产业智选一年持有混合A,混合型-偏股,00981,中芯国际,中芯国际H,电芯片/核心半导体,4.19%,1936.11,43.25,1
015220,鹏扬产业智选一年持有混合C,混合型-偏股,00981,中芯国际,中芯国际H,电芯片/核心半导体,4.19%,1936.11,43.25,1
015229,华夏低碳经济一年持有混合A,混合型-偏股,06869,长飞光纤光缆,长飞光纤光缆,光芯片/光通信,5.61%,896.77,5.55,1
015230,华夏低碳经济一年持有混合C,混合型-偏股,06869,长飞光纤光缆,长飞光纤光缆,光芯片/光通信,5.61%,896.77,5.55,1
015408,景顺长城成长趋势股票A,股票型,00981,中芯国际,中芯国际H,电芯片/核心半导体,6.55%,774.44,17.3,1
015409,景顺长城成长趋势股票C,股票型,00981,中芯国际,中芯国际H,电芯片/核心半导体,6.55%,774.44,17.3,1
015491,博时科创主题灵活配置混合(LOF)C,混合型-灵活,06869,长飞光纤光缆,长飞光纤光缆,光芯片/光通信,4.60%,1850.09,11.45,1
015527,弘毅远方汽车产业升级混合A,混合型-偏股,00981,中芯国际,中芯国际H,电芯片/核心半导体,6.36%,313.36,7.0,1
015527,弘毅远方汽车产业升级混合A,混合型-偏股,01347,华虹半导体,华虹半导体,电芯片/核心半导体,5.01%,246.82,3.6,1
015528,弘毅远方汽车产业升级混合C,混合型-偏股,00981,中芯国际,中芯国际H,电芯片/核心半导体,6.36%,313.36,7.0,1
015528,弘毅远方汽车产业升级混合C,混合型-偏股,01347,华虹半导体,华虹半导体,电芯片/核心半导体,5.01%,246.82,3.6,1
015547,华商核心成长一年持有混合A,混合型-偏股,06869,长飞光纤光缆,长飞光纤光缆,光芯片/光通信,4.78%,487.42,3.02,1
015548,华商核心成长一年持有混合C,混合型-偏股,06869,长飞光纤光缆,长飞光纤光缆,光芯片/光通信,4.78%,487.42,3.02,1
015627,圆信永丰弘阳股票A,股票型,00981,中芯国际,中芯国际H,电芯片/核心半导体,7.76%,74.74,1.67,1
015627,圆信永丰弘阳股票A,股票型,01347,华虹半导体,华虹半导体,电芯片/核心半导体,3.56%,34.28,0.5,1
015628,圆信永丰弘阳股票C,股票型,00981,中芯国际,中芯国际H,电芯片/核心半导体,7.76%,74.74,1.67,1
015628,圆信永丰弘阳股票C,股票型,01347,华虹半导体,华虹半导体,电芯片/核心半导体,3.56%,34.28,0.5,1
015684,银华盛利混合发起式C,混合型-偏股,00981,中芯国际,中芯国际H,电芯片/核心半导体,3.54%,400.65,8.95,1
015686,富国新兴产业股票C,股票型,06869,长飞光纤光缆,长飞光纤光缆,光芯片/光通信,6.47%,56334.81,348.65,1
015687,银华乐享混合C,混合型-偏股,01347,华虹半导体,华虹半导体,电芯片/核心半导体,2.58%,884.44,12.9,1
015689,富国价值增长混合C,混合型-偏股,06869,长飞光纤光缆,长飞光纤光缆,光芯片/光通信,5.85%,4492.74,27.81,1
015715,富国成长动力混合C,混合型-偏股,06869,长飞光纤光缆,长飞光纤光缆,光芯片/光通信,3.42%,2835.73,17.55,1
015729,朱雀碳中和三年持有混合发起,混合型-偏股,00981,中芯国际,中芯国际H,电芯片/核心半导体,3.95%,823.69,18.4,1
015751,景顺长城品质长青混合C,混合型-偏股,01415,高伟电子,高伟电子,光芯片/光通信,4.55%,29843.43,1304.0,1
015756,景顺长城景气成长混合C,混合型-偏股,06869,长飞光纤光缆,长飞光纤光缆,光芯片/光通信,2.78%,2892.28,17.9,1
015756,景顺长城景气成长混合C,混合型-偏股,00981,中芯国际,中芯国际H,电芯片/核心半导体,4.22%,4393.74,98.15,1
015849,富国创新企业灵活配置混合(LOF)C,混合型-灵活,06869,长飞光纤光缆,长飞光纤光缆,光芯片/光通信,1.13%,799.82,4.95,1
015884,中欧港股数字经济混合发起(QDII)A,QDII-混合偏股,06869,长飞光纤光缆,长飞光纤光缆,光芯片/光通信,9.37%,,11.4,1
015885,中欧港股数字经济混合发起(QDII)C,QDII-混合偏股,06869,长飞光纤光缆,长飞光纤光缆,光芯片/光通信,9.37%,,11.4,1
015936,中信保诚弘远混合C,混合型-偏股,06869,长飞光纤光缆,长飞光纤光缆,光芯片/光通信,2.94%,1906.64,11.8,1
015953,信澳鑫享债券A,债券型-混合二级,06869,长飞光纤光缆,长飞光纤光缆,光芯片/光通信,0.92%,6.46,0.04,1
015954,信澳鑫享债券C,债券型-混合二级,06869,长飞光纤光缆,长飞光纤光缆,光芯片/光通信,0.92%,6.46,0.04,1
015963,汇安品质优选混合A,混合型-偏股,01347,华虹半导体,华虹半导体,电芯片/核心半导体,3.15%,342.81,5.0,1
015964,汇安品质优选混合C,混合型-偏股,01347,华虹半导体,华虹半导体,电芯片/核心半导体,3.15%,342.81,5.0,1
015967,永赢半导体产业智选混合发起A,混合型-偏股,00981,中芯国际,中芯国际H,电芯片/核心半导体,9.40%,47003.84,1050.0,1
015968,永赢半导体产业智选混合发起C,混合型-偏股,00981,中芯国际,中芯国际H,电芯片/核心半导体,9.40%,47003.84,1050.0,1
015976,光大数字经济主题混合A,混合型-偏股,00981,中芯国际,中芯国际H,电芯片/核心半导体,4.85%,67.15,1.5,1
015977,光大数字经济主题混合C,混合型-偏股,00981,中芯国际,中芯国际H,电芯片/核心半导体,4.85%,67.15,1.5,1
016050,华商高端装备制造股票C,股票型,06869,长飞光纤光缆,长飞光纤光缆,光芯片/光通信,6.35%,4481.55,27.74,1
016109,南方振元债券发起A,债券型-混合二级,06869,长飞光纤光缆,长飞光纤光缆,光芯片/光通信,0.56%,872.53,5.4,1
016110,南方振元债券发起C,债券型-混合二级,06869,长飞光纤光缆,长飞光纤光缆,光芯片/光通信,0.56%,872.53,5.4,1
016157,汇添富数字经济核心产业一年持有期混合A,混合型-偏股,00981,中芯国际,中芯国际H,电芯片/核心半导体,5.27%,447.66,10.0,1
016158,汇添富数字经济核心产业一年持有期混合C,混合型-偏股,00981,中芯国际,中芯国际H,电芯片/核心半导体,5.27%,447.66,10.0,1
016159,汇添富数字经济核心产业一年持有期混合D,混合型-偏股,00981,中芯国际,中芯国际H,电芯片/核心半导体,5.27%,447.66,10.0,1
016165,汇添富优势企业精选混合A,混合型-偏股,06869,长飞光纤光缆,长飞光纤光缆,光芯片/光通信,6.04%,444.34,2.75,1
016173,汇添富优势企业精选混合C,混合型-偏股,06869,长飞光纤光缆,长飞光纤光缆,光芯片/光通信,6.04%,444.34,2.75,1
016199,汇添富全球汽车产业升级混合(QDII)人民币A,QDII-混合偏股,QCOM,高通,高通,电芯片/核心半导体,3.40%,,0.2,1
016200,汇添富全球汽车产业升级混合(QDII)美元现汇,QDII-混合偏股,QCOM,高通,高通,电芯片/核心半导体,3.40%,,0.2,1
016201,汇添富全球汽车产业升级混合(QDII)美元现钞,QDII-混合偏股,QCOM,高通,高通,电芯片/核心半导体,3.40%,,0.2,1
016202,汇添富全球汽车产业升级混合(QDII)人民币C,QDII-混合偏股,QCOM,高通,高通,电芯片/核心半导体,3.40%,,0.2,1
016243,广发成长领航一年持有混合A,混合型-偏股,06869,长飞光纤光缆,长飞光纤光缆,光芯片/光通信,5.70%,9137.34,56.55,1
016244,广发成长领航一年持有混合C,混合型-偏股,06869,长飞光纤光缆,长飞光纤光缆,光芯片/光通信,5.70%,9137.34,56.55,1
016248,银华创新动力优选混合A,混合型-偏股,00981,中芯国际,中芯国际H,电芯片/核心半导体,3.70%,384.98,8.6,1
016249,银华创新动力优选混合C,混合型-偏股,00981,中芯国际,中芯国际H,电芯片/核心半导体,3.70%,384.98,8.6,1
016252,华夏景气成长一年持有混合发起式A,混合型-偏股,06869,长飞光纤光缆,长飞光纤光缆,光芯片/光通信,9.31%,2060.14,12.75,1
016253,华夏景气成长一年持有混合发起式C,混合型-偏股,06869,长飞光纤光缆,长飞光纤光缆,光芯片/光通信,9.31%,2060.14,12.75,1
016262,银华智荟内在价值灵活配置混合发起C,混合型-灵活,01347,华虹半导体,华虹半导体,电芯片/核心半导体,3.20%,665.04,9.7,1
016289,华安沪港深通精选灵活配置混合C,混合型-灵活,06869,长飞光纤光缆,长飞光纤光缆,光芯片/光通信,3.66%,581.69,3.6,1
016297,中欧丰泰港股通混合A,混合型-偏股,01347,华虹半导体,华虹半导体,电芯片/核心半导体,7.78%,9255.6,135.0,1
016298,中欧丰泰港股通混合C,混合型-偏股,01347,华虹半导体,华虹半导体,电芯片/核心半导体,7.78%,9255.6,135.0,1
016311,中欧优质企业混合A,混合型-偏股,01415,高伟电子,高伟电子,光芯片/光通信,5.55%,6767.41,295.7,1
016312,中欧优质企业混合C,混合型-偏股,01415,高伟电子,高伟电子,光芯片/光通信,5.55%,6767.41,295.7,1
016345,长安行业成长混合A,混合型-偏股,00981,中芯国际,中芯国际H,电芯片/核心半导体,4.72%,71.62,1.6,1
016346,长安行业成长混合C,混合型-偏股,00981,中芯国际,中芯国际H,电芯片/核心半导体,4.72%,71.62,1.6,1
016375,招商裕泰混合,混合型-偏股,00981,中芯国际,中芯国际H,电芯片/核心半导体,3.04%,266.36,5.95,1
016424,广发集汇债券A,债券型-混合二级,01415,高伟电子,高伟电子,光芯片/光通信,0.32%,38.91,1.7,1
016425,广发集汇债券C,债券型-混合二级,01415,高伟电子,高伟电子,光芯片/光通信,0.32%,38.91,1.7,1
016452,南方纳斯达克100指数发起(QDII)A,指数型-海外股票,NVDA,英伟达,英伟达,电芯片/核心半导体,7.67%,,50.37,1
016452,南方纳斯达克100指数发起(QDII)A,指数型-海外股票,AVGO,博通,博通,电芯片/核心半导体,2.65%,,9.83,1
016453,南方纳斯达克100指数发起(QDII)C,指数型-海外股票,NVDA,英伟达,英伟达,电芯片/核心半导体,7.67%,,50.37,1
016453,南方纳斯达克100指数发起(QDII)C,指数型-海外股票,AVGO,博通,博通,电芯片/核心半导体,2.65%,,9.83,1
016464,兴全合瑞混合A,混合型-偏股,01415,高伟电子,高伟电子,光芯片/光通信,5.15%,11417.86,498.9,1
016465,兴全合瑞混合C,混合型-偏股,01415,高伟电子,高伟电子,光芯片/光通信,5.15%,11417.86,498.9,1
016485,中欧成长先锋混合A,混合型-偏股,06869,长飞光纤光缆,长飞光纤光缆,光芯片/光通信,8.48%,7271.09,45.0,1
016486,中欧成长先锋混合C,混合型-偏股,06869,长飞光纤光缆,长飞光纤光缆,光芯片/光通信,8.48%,7271.09,45.0,1
016500,华夏半导体龙头混合发起A,混合型-偏股,00981,中芯国际,中芯国际H,电芯片/核心半导体,6.50%,3796.12,84.8,1
016501,华夏半导体龙头混合发起C,混合型-偏股,00981,中芯国际,中芯国际H,电芯片/核心半导体,6.50%,3796.12,84.8,1
016553,南方鑫悦15个月持有混合A,混合型-偏股,06869,长飞光纤光缆,长飞光纤光缆,光芯片/光通信,1.15%,121.18,0.75,1
016554,南方鑫悦15个月持有混合C,混合型-偏股,06869,长飞光纤光缆,长飞光纤光缆,光芯片/光通信,1.15%,121.18,0.75,1
016558,安信洞见成长混合A,混合型-偏股,06869,长飞光纤光缆,长飞光纤光缆,光芯片/光通信,3.60%,1858.17,11.5,1
016559,安信洞见成长混合C,混合型-偏股,06869,长飞光纤光缆,长飞光纤光缆,光芯片/光通信,3.60%,1858.17,11.5,1
016570,嘉实价值丰润混合A,混合型-偏股,06869,长飞光纤光缆,长飞光纤光缆,光芯片/光通信,8.64%,242.37,1.5,1
016571,嘉实价值丰润混合C,混合型-偏股,06869,长飞光纤光缆,长飞光纤光缆,光芯片/光通信,8.64%,242.37,1.5,1
016626,汇添富创新成长混合A,混合型-偏股,01347,华虹半导体,华虹半导体,电芯片/核心半导体,2.38%,870.73,12.7,1
016627,汇添富创新成长混合C,混合型-偏股,01347,华虹半导体,华虹半导体,电芯片/核心半导体,2.38%,870.73,12.7,1
016664,天弘全球高端制造混合(QDII)A,QDII-混合偏股,LITE,Lumentum Holdings Inc,Lumentum,光芯片/光通信,2.69%,,1.1,1
016664,天弘全球高端制造混合(QDII)A,QDII-混合偏股,COHR,Coherent Corp,Coherent,光芯片/光通信,2.28%,,2.75,1
016664,天弘全球高端制造混合(QDII)A,QDII-混合偏股,NVDA,英伟达,英伟达,电芯片/核心半导体,3.65%,,6.0,1
016664,天弘全球高端制造混合(QDII)A,QDII-混合偏股,AVGO,博通,博通,电芯片/核心半导体,3.07%,,2.85,1
016664,天弘全球高端制造混合(QDII)A,QDII-混合偏股,TSM,台积电,台积电ADR,电芯片/核心半导体,2.77%,,2.35,1
016665,天弘全球高端制造混合(QDII)C,QDII-混合偏股,LITE,Lumentum Holdings Inc,Lumentum,光芯片/光通信,2.69%,,1.1,1
016665,天弘全球高端制造混合(QDII)C,QDII-混合偏股,COHR,Coherent Corp,Coherent,光芯片/光通信,2.28%,,2.75,1
016665,天弘全球高端制造混合(QDII)C,QDII-混合偏股,NVDA,英伟达,英伟达,电芯片/核心半导体,3.65%,,6.0,1
016665,天弘全球高端制造混合(QDII)C,QDII-混合偏股,AVGO,博通,博通,电芯片/核心半导体,3.07%,,2.85,1
016665,天弘全球高端制造混合(QDII)C,QDII-混合偏股,TSM,台积电,台积电ADR,电芯片/核心半导体,2.77%,,2.35,1
016701,银华海外数字经济量化选股混合发起式(QDII)A,QDII-混合偏股,MU,美光科技,美光科技,存储,3.92%,,5.79,1
016701,银华海外数字经济量化选股混合发起式(QDII)A,QDII-混合偏股,NVDA,英伟达,英伟达,电芯片/核心半导体,9.26%,,26.5,1
016701,银华海外数字经济量化选股混合发起式(QDII)A,QDII-混合偏股,AVGO,博通,博通,电芯片/核心半导体,4.69%,,7.57,1
016701,银华海外数字经济量化选股混合发起式(QDII)A,QDII-混合偏股,TSM,台积电,台积电ADR,电芯片/核心半导体,3.90%,,5.76,1
016701,银华海外数字经济量化选股混合发起式(QDII)A,QDII-混合偏股,AMD,超威半导体,超威半导体,电芯片/核心半导体,3.71%,,9.11,1
016702,银华海外数字经济量化选股混合发起式(QDII)C,QDII-混合偏股,MU,美光科技,美光科技,存储,3.92%,,5.79,1
016702,银华海外数字经济量化选股混合发起式(QDII)C,QDII-混合偏股,NVDA,英伟达,英伟达,电芯片/核心半导体,9.26%,,26.5,1
016702,银华海外数字经济量化选股混合发起式(QDII)C,QDII-混合偏股,AVGO,博通,博通,电芯片/核心半导体,4.69%,,7.57,1
016702,银华海外数字经济量化选股混合发起式(QDII)C,QDII-混合偏股,TSM,台积电,台积电ADR,电芯片/核心半导体,3.90%,,5.76,1
016702,银华海外数字经济量化选股混合发起式(QDII)C,QDII-混合偏股,AMD,超威半导体,超威半导体,电芯片/核心半导体,3.71%,,9.11,1
016703,兴业品质睿选混合发起式A,混合型-偏股,06869,长飞光纤光缆,长飞光纤光缆,光芯片/光通信,2.67%,3183.12,19.7,1
016704,兴业品质睿选混合发起式C,混合型-偏股,06869,长飞光纤光缆,长飞光纤光缆,光芯片/光通信,2.67%,3183.12,19.7,1
016709,泉果旭源三年持有期混合A,混合型-偏股,00981,中芯国际,中芯国际H,电芯片/核心半导体,5.65%,39104.96,873.55,1
016710,泉果旭源三年持有期混合C,混合型-偏股,00981,中芯国际,中芯国际H,电芯片/核心半导体,5.65%,39104.96,873.55,1
016761,嘉合锦荣混合A,混合型-偏股,00981,中芯国际,中芯国际H,电芯片/核心半导体,5.37%,194.73,4.35,1
016762,嘉合锦荣混合C,混合型-偏股,00981,中芯国际,中芯国际H,电芯片/核心半导体,5.37%,194.73,4.35,1
016823,天弘全球新能源汽车股票(QDII-LOF)C,QDII-普通股票,LITE,Lumentum Holdings Inc,Lumentum,光芯片/光通信,4.15%,,0.16,1
016823,天弘全球新能源汽车股票(QDII-LOF)C,QDII-普通股票,COHR,Coherent Corp,Coherent,光芯片/光通信,3.34%,,0.38,1
016823,天弘全球新能源汽车股票(QDII-LOF)C,QDII-普通股票,NVDA,英伟达,英伟达,电芯片/核心半导体,4.64%,,0.72,1
016823,天弘全球新能源汽车股票(QDII-LOF)C,QDII-普通股票,TSM,台积电,台积电ADR,电芯片/核心半导体,4.37%,,0.35,1
016823,天弘全球新能源汽车股票(QDII-LOF)C,QDII-普通股票,KLAC,科磊,科磊,电芯片/核心半导体,3.64%,,0.07,1
016823,天弘全球新能源汽车股票(QDII-LOF)C,QDII-普通股票,AVGO,博通,博通,电芯片/核心半导体,3.43%,,0.3,1
016823,天弘全球新能源汽车股票(QDII-LOF)C,QDII-普通股票,AMD,超威半导体,超威半导体,电芯片/核心半导体,3.31%,,0.44,1
016823,天弘全球新能源汽车股票(QDII-LOF)C,QDII-普通股票,LRCX,拉姆研究,拉姆研究,电芯片/核心半导体,3.27%,,0.42,1
016869,景顺长城稳健增益债券A,债券型-混合二级,00981,中芯国际,中芯国际H,电芯片/核心半导体,0.36%,11191.39,250.0,1
016870,景顺长城稳健增益债券C,债券型-混合二级,00981,中芯国际,中芯国际H,电芯片/核心半导体,0.36%,11191.39,250.0,1
016902,鑫元欣悦混合A,混合型-偏股,00981,中芯国际,中芯国际H,电芯片/核心半导体,7.94%,353.65,7.9,1
016903,鑫元欣悦混合C,混合型-偏股,00981,中芯国际,中芯国际H,电芯片/核心半导体,7.94%,353.65,7.9,1
016921,摩根香港精选港股通混合C,混合型-偏股,06869,长飞光纤光缆,长飞光纤光缆,光芯片/光通信,6.86%,501.46,3.1,1
016988,景顺长城大中华混合(QDII)C人民币,QDII-混合偏股,2330,台积电,台积电,电芯片/核心半导体,9.77%,,16.1,1
016988,景顺长城大中华混合(QDII)C人民币,QDII-混合偏股,2308,台达电,台达电,电芯片/核心半导体,4.33%,,9.1,1
017144,华宝海外新能源汽车股票发起式(QDII)A,QDII-普通股票,AVGO,博通,博通,电芯片/核心半导体,9.64%,,2.1,1
017144,华宝海外新能源汽车股票发起式(QDII)A,QDII-普通股票,NVDA,英伟达,英伟达,电芯片/核心半导体,9.46%,,3.66,1
017144,华宝海外新能源汽车股票发起式(QDII)A,QDII-普通股票,MRVL,迈威尔科技,迈威尔科技,电芯片/核心半导体,4.81%,,3.28,1
017145,华宝海外新能源汽车股票发起式(QDII)C,QDII-普通股票,AVGO,博通,博通,电芯片/核心半导体,9.64%,,2.1,1
017145,华宝海外新能源汽车股票发起式(QDII)C,QDII-普通股票,NVDA,英伟达,英伟达,电芯片/核心半导体,9.46%,,3.66,1
017145,华宝海外新能源汽车股票发起式(QDII)C,QDII-普通股票,MRVL,迈威尔科技,迈威尔科技,电芯片/核心半导体,4.81%,,3.28,1
017149,天弘稳健回报债券发起A,债券型-混合二级,01347,华虹半导体,华虹半导体,电芯片/核心半导体,0.31%,205.68,3.0,1
017150,天弘稳健回报债券发起C,债券型-混合二级,01347,华虹半导体,华虹半导体,电芯片/核心半导体,0.31%,205.68,3.0,1
017259,景顺稳健养老目标三年混合(FOF)Y,FOF-均衡型,06869,长飞光纤光缆,长飞光纤光缆,光芯片/光通信,0.10%,8.08,0.05,1
017290,中欧科创主题混合(LOF)C,混合型-偏股,00981,中芯国际,中芯国际H,电芯片/核心半导体,6.46%,16381.34,365.9,1
017300,安信数字经济股票发起A,股票型,00981,中芯国际,中芯国际H,电芯片/核心半导体,0.94%,15.67,0.35,1
017301,安信数字经济股票发起C,股票型,00981,中芯国际,中芯国际H,电芯片/核心半导体,0.94%,15.67,0.35,1
017366,泰康新锐成长混合C,混合型-偏股,00981,中芯国际,中芯国际H,电芯片/核心半导体,3.45%,19987.57,446.45,1
017377,南方养老2040三年持有混合发起(FOF)Y,FOF-均衡型,00981,中芯国际,中芯国际H,电芯片/核心半导体,0.43%,134.3,3.0,1
017395,招商和悦均衡养老三年持有混合(FOF)Y,FOF-均衡型,00981,中芯国际,中芯国际H,电芯片/核心半导体,0.32%,69.39,1.55,1
017436,华宝纳斯达克精选股票发起式(QDII)A,QDII-普通股票,NVDA,英伟达,英伟达,电芯片/核心半导体,9.28%,,70.16,1
017436,华宝纳斯达克精选股票发起式(QDII)A,QDII-普通股票,AVGO,博通,博通,电芯片/核心半导体,7.43%,,31.65,1
017436,华宝纳斯达克精选股票发起式(QDII)A,QDII-普通股票,MRVL,迈威尔科技,迈威尔科技,电芯片/核心半导体,4.96%,,65.98,1
017437,华宝纳斯达克精选股票发起式(QDII)C,QDII-普通股票,NVDA,英伟达,英伟达,电芯片/核心半导体,9.28%,,70.16,1
017437,华宝纳斯达克精选股票发起式(QDII)C,QDII-普通股票,AVGO,博通,博通,电芯片/核心半导体,7.43%,,31.65,1
017437,华宝纳斯达克精选股票发起式(QDII)C,QDII-普通股票,MRVL,迈威尔科技,迈威尔科技,电芯片/核心半导体,4.96%,,65.98,1
017564,华安产业优选混合A,混合型-偏股,06869,长飞光纤光缆,长飞光纤光缆,光芯片/光通信,4.02%,193.9,1.2,1
017565,华安产业优选混合C,混合型-偏股,06869,长飞光纤光缆,长飞光纤光缆,光芯片/光通信,4.02%,193.9,1.2,1
017602,华夏国企创新混合发起式A,混合型-偏股,00981,中芯国际,中芯国际H,电芯片/核心半导体,4.71%,357.11,7.98,1
017602,华夏国企创新混合发起式A,混合型-偏股,01347,华虹半导体,华虹半导体,电芯片/核心半导体,4.61%,349.66,5.1,1
017603,华夏国企创新混合发起式C,混合型-偏股,00981,中芯国际,中芯国际H,电芯片/核心半导体,4.71%,357.11,7.98,1
017603,华夏国企创新混合发起式C,混合型-偏股,01347,华虹半导体,华虹半导体,电芯片/核心半导体,4.61%,349.66,5.1,1
017606,华泰柏瑞轮动精选混合A,混合型-偏股,00981,中芯国际,中芯国际H,电芯片/核心半导体,1.62%,3017.48,67.41,1
017607,华泰柏瑞轮动精选混合C,混合型-偏股,00981,中芯国际,中芯国际H,电芯片/核心半导体,1.62%,3017.48,67.41,1
017617,华泰柏瑞招享6个月持有期混合A,混合型-偏债,00981,中芯国际,中芯国际H,电芯片/核心半导体,0.30%,183.62,4.1,1
017618,华泰柏瑞招享6个月持有期混合C,混合型-偏债,00981,中芯国际,中芯国际H,电芯片/核心半导体,0.30%,183.62,4.1,1
017622,同泰恒盛债券A,债券型-混合二级,06869,长飞光纤光缆,长飞光纤光缆,光芯片/光通信,1.19%,573.61,3.55,1
017623,同泰恒盛债券C,债券型-混合二级,06869,长飞光纤光缆,长飞光纤光缆,光芯片/光通信,1.19%,573.61,3.55,1
017627,长城港股通价值精选混合C,混合型-偏股,00981,中芯国际,中芯国际H,电芯片/核心半导体,8.64%,1298.2,29.0,1
017627,长城港股通价值精选混合C,混合型-偏股,01347,华虹半导体,华虹半导体,电芯片/核心半导体,4.56%,685.61,10.0,1
017639,景顺长城景气优选一年持有期混合A,混合型-偏股,00981,中芯国际,中芯国际H,电芯片/核心半导体,4.49%,743.11,16.6,1
017640,景顺长城景气优选一年持有期混合C,混合型-偏股,00981,中芯国际,中芯国际H,电芯片/核心半导体,4.49%,743.11,16.6,1
017641,摩根标普500指数(QDII)人民币A,指数型-海外股票,NVDA,英伟达,英伟达,电芯片/核心半导体,7.45%,,31.37,1
017641,摩根标普500指数(QDII)人民币A,指数型-海外股票,AVGO,博通,博通,电芯片/核心半导体,2.57%,,6.1,1
017642,摩根标普500指数(QDII)美钞,指数型-海外股票,NVDA,英伟达,英伟达,电芯片/核心半导体,7.45%,,31.37,1
017642,摩根标普500指数(QDII)美钞,指数型-海外股票,AVGO,博通,博通,电芯片/核心半导体,2.57%,,6.1,1
017643,摩根标普500指数(QDII)美汇,指数型-海外股票,NVDA,英伟达,英伟达,电芯片/核心半导体,7.45%,,31.37,1
017643,摩根标普500指数(QDII)美汇,指数型-海外股票,AVGO,博通,博通,电芯片/核心半导体,2.57%,,6.1,1
017653,创金合信全球芯片产业股票发起(QDII)A,QDII-普通股票,LITE,Lumentum Holdings Inc,Lumentum,光芯片/光通信,3.45%,,0.2,1
017653,创金合信全球芯片产业股票发起(QDII)A,QDII-普通股票,00981,中芯国际,中芯国际H,电芯片/核心半导体,6.68%,,42.0,1
017653,创金合信全球芯片产业股票发起(QDII)A,QDII-普通股票,01347,华虹半导体,华虹半导体,电芯片/核心半导体,4.87%,,20.0,1
017653,创金合信全球芯片产业股票发起(QDII)A,QDII-普通股票,ASML,阿斯麦,阿斯麦,电芯片/核心半导体,4.87%,,0.15,1
017653,创金合信全球芯片产业股票发起(QDII)A,QDII-普通股票,TSM,台积电,台积电ADR,电芯片/核心半导体,4.07%,,0.49,1
017653,创金合信全球芯片产业股票发起(QDII)A,QDII-普通股票,AMAT,应用材料,应用材料,电芯片/核心半导体,4.03%,,0.48,1
017653,创金合信全球芯片产业股票发起(QDII)A,QDII-普通股票,LRCX,拉姆研究,拉姆研究,电芯片/核心半导体,2.63%,,0.5,1
017654,创金合信全球芯片产业股票发起(QDII)C,QDII-普通股票,LITE,Lumentum Holdings Inc,Lumentum,光芯片/光通信,3.45%,,0.2,1
017654,创金合信全球芯片产业股票发起(QDII)C,QDII-普通股票,00981,中芯国际,中芯国际H,电芯片/核心半导体,6.68%,,42.0,1
017654,创金合信全球芯片产业股票发起(QDII)C,QDII-普通股票,01347,华虹半导体,华虹半导体,电芯片/核心半导体,4.87%,,20.0,1
017654,创金合信全球芯片产业股票发起(QDII)C,QDII-普通股票,ASML,阿斯麦,阿斯麦,电芯片/核心半导体,4.87%,,0.15,1
017654,创金合信全球芯片产业股票发起(QDII)C,QDII-普通股票,TSM,台积电,台积电ADR,电芯片/核心半导体,4.07%,,0.49,1
017654,创金合信全球芯片产业股票发起(QDII)C,QDII-普通股票,AMAT,应用材料,应用材料,电芯片/核心半导体,4.03%,,0.48,1
017654,创金合信全球芯片产业股票发起(QDII)C,QDII-普通股票,LRCX,拉姆研究,拉姆研究,电芯片/核心半导体,2.63%,,0.5,1
017655,嘉实价值丰裕混合A,混合型-偏股,06869,长飞光纤光缆,长飞光纤光缆,光芯片/光通信,7.92%,80.79,0.5,1
017656,嘉实价值丰裕混合C,混合型-偏股,06869,长飞光纤光缆,长飞光纤光缆,光芯片/光通信,7.92%,80.79,0.5,1
017730,嘉实全球产业升级股票发起式(QDII)A,QDII-普通股票,MU,美光科技,美光科技,存储,4.85%,,4.3,1
017730,嘉实全球产业升级股票发起式(QDII)A,QDII-普通股票,AVGO,博通,博通,电芯片/核心半导体,5.37%,,5.2,1
017730,嘉实全球产业升级股票发起式(QDII)A,QDII-普通股票,MRVL,迈威尔科技,迈威尔科技,电芯片/核心半导体,4.37%,,13.2,1
017730,嘉实全球产业升级股票发起式(QDII)A,QDII-普通股票,NVDA,英伟达,英伟达,电芯片/核心半导体,3.79%,,6.5,1
017730,嘉实全球产业升级股票发起式(QDII)A,QDII-普通股票,ASML,阿斯麦,阿斯麦,电芯片/核心半导体,3.70%,,0.84,1
017730,嘉实全球产业升级股票发起式(QDII)A,QDII-普通股票,KLAC,科磊,科磊,电芯片/核心半导体,3.44%,,0.7,1
017730,嘉实全球产业升级股票发起式(QDII)A,QDII-普通股票,TSM,台积电,台积电ADR,电芯片/核心半导体,3.39%,,3.0,1
017730,嘉实全球产业升级股票发起式(QDII)A,QDII-普通股票,AMD,超威半导体,超威半导体,电芯片/核心半导体,3.33%,,4.9,1
017731,嘉实全球产业升级股票发起式(QDII)C,QDII-普通股票,MU,美光科技,美光科技,存储,4.85%,,4.3,1
017731,嘉实全球产业升级股票发起式(QDII)C,QDII-普通股票,AVGO,博通,博通,电芯片/核心半导体,5.37%,,5.2,1
017731,嘉实全球产业升级股票发起式(QDII)C,QDII-普通股票,MRVL,迈威尔科技,迈威尔科技,电芯片/核心半导体,4.37%,,13.2,1
017731,嘉实全球产业升级股票发起式(QDII)C,QDII-普通股票,NVDA,英伟达,英伟达,电芯片/核心半导体,3.79%,,6.5,1
017731,嘉实全球产业升级股票发起式(QDII)C,QDII-普通股票,ASML,阿斯麦,阿斯麦,电芯片/核心半导体,3.70%,,0.84,1
017731,嘉实全球产业升级股票发起式(QDII)C,QDII-普通股票,KLAC,科磊,科磊,电芯片/核心半导体,3.44%,,0.7,1
017731,嘉实全球产业升级股票发起式(QDII)C,QDII-普通股票,TSM,台积电,台积电ADR,电芯片/核心半导体,3.39%,,3.0,1
017731,嘉实全球产业升级股票发起式(QDII)C,QDII-普通股票,AMD,超威半导体,超威半导体,电芯片/核心半导体,3.33%,,4.9,1
017737,融通慧心混合A,混合型-偏股,06869,长飞光纤光缆,长飞光纤光缆,光芯片/光通信,8.30%,662.48,4.1,1
017738,融通慧心混合C,混合型-偏股,06869,长飞光纤光缆,长飞光纤光缆,光芯片/光通信,8.30%,662.48,4.1,1
017746,建信电子行业股票A,股票型,01347,华虹半导体,华虹半导体,电芯片/核心半导体,6.60%,3654.34,53.3,1
017747,建信电子行业股票C,股票型,01347,华虹半导体,华虹半导体,电芯片/核心半导体,6.60%,3654.34,53.3,1
017767,嘉实欣荣混合(LOF)C,混合型-偏股,06869,长飞光纤光缆,长飞光纤光缆,光芯片/光通信,8.36%,2423.7,15.0,1
017784,中银高质量发展机遇混合C,混合型-偏股,00981,中芯国际,中芯国际H,电芯片/核心半导体,2.45%,96.25,2.15,1
017828,富国时代精选混合A,混合型-偏股,06869,长飞光纤光缆,长飞光纤光缆,光芯片/光通信,7.29%,4249.55,26.3,1
017829,富国时代精选混合C,混合型-偏股,06869,长飞光纤光缆,长飞光纤光缆,光芯片/光通信,7.29%,4249.55,26.3,1
017848,东方红先进制造混合A,混合型-偏股,00981,中芯国际,中芯国际H,电芯片/核心半导体,5.43%,239.5,5.35,1
017849,东方红先进制造混合C,混合型-偏股,00981,中芯国际,中芯国际H,电芯片/核心半导体,5.43%,239.5,5.35,1
017947,国富港股通远见价值混合C,混合型-偏股,01415,高伟电子,高伟电子,光芯片/光通信,3.61%,2471.69,108.0,1
017947,国富港股通远见价值混合C,混合型-偏股,00981,中芯国际,中芯国际H,电芯片/核心半导体,3.32%,2274.09,50.8,1
017973,易方达港股通优质增长混合A,混合型-偏股,06869,长飞光纤光缆,长飞光纤光缆,光芯片/光通信,5.49%,15947.93,98.7,1
017973,易方达港股通优质增长混合A,混合型-偏股,01347,华虹半导体,华虹半导体,电芯片/核心半导体,3.24%,9396.18,137.05,1
017973,易方达港股通优质增长混合A,混合型-偏股,00981,中芯国际,中芯国际H,电芯片/核心半导体,2.73%,7923.51,177.0,1
017974,易方达港股通优质增长混合C,混合型-偏股,06869,长飞光纤光缆,长飞光纤光缆,光芯片/光通信,5.49%,15947.93,98.7,1
017974,易方达港股通优质增长混合C,混合型-偏股,01347,华虹半导体,华虹半导体,电芯片/核心半导体,3.24%,9396.18,137.05,1
017974,易方达港股通优质增长混合C,混合型-偏股,00981,中芯国际,中芯国际H,电芯片/核心半导体,2.73%,7923.51,177.0,1
017980,南方养老目标2055五年持有混合发起(FOF)A,FOF-进取型,00981,中芯国际,中芯国际H,电芯片/核心半导体,0.17%,35.81,0.8,1
017987,易方达国企主题混合A,混合型-偏股,06869,长飞光纤光缆,长飞光纤光缆,光芯片/光通信,1.38%,783.66,4.85,1
017988,易方达国企主题混合C,混合型-偏股,06869,长飞光纤光缆,长飞光纤光缆,光芯片/光通信,1.38%,783.66,4.85,1
018000,鹏华芯片产业混合发起式A,混合型-偏股,00981,中芯国际,中芯国际H,电芯片/核心半导体,2.13%,210.4,4.7,1
018001,鹏华芯片产业混合发起式C,混合型-偏股,00981,中芯国际,中芯国际H,电芯片/核心半导体,2.13%,210.4,4.7,1
018036,长城全球新能源车股票发起式(QDII)C,QDII-普通股票,MU,美光科技,美光科技,存储,5.95%,,4.0,1
018036,长城全球新能源车股票发起式(QDII)C,QDII-普通股票,SNDK,闪迪,闪迪,存储,4.20%,,1.5,1
018036,长城全球新能源车股票发起式(QDII)C,QDII-普通股票,TSM,台积电,台积电ADR,电芯片/核心半导体,7.44%,,5.0,1
018036,长城全球新能源车股票发起式(QDII)C,QDII-普通股票,ASML,阿斯麦,阿斯麦,电芯片/核心半导体,7.27%,,1.25,1
018036,长城全球新能源车股票发起式(QDII)C,QDII-普通股票,NVDA,英伟达,英伟达,电芯片/核心半导体,6.99%,,9.1,1
018036,长城全球新能源车股票发起式(QDII)C,QDII-普通股票,AVGO,博通,博通,电芯片/核心半导体,5.45%,,4.0,1
018036,长城全球新能源车股票发起式(QDII)C,QDII-普通股票,KLAC,科磊,科磊,电芯片/核心半导体,4.54%,,0.7,1
018036,长城全球新能源车股票发起式(QDII)C,QDII-普通股票,LRCX,拉姆研究,拉姆研究,电芯片/核心半导体,4.23%,,4.5,1
018043,天弘纳斯达克100指数发起(QDII)A,指数型-海外股票,NVDA,英伟达,英伟达,电芯片/核心半导体,7.75%,,30.68,1
018043,天弘纳斯达克100指数发起(QDII)A,指数型-海外股票,AVGO,博通,博通,电芯片/核心半导体,2.68%,,5.99,1
018044,天弘纳斯达克100指数发起(QDII)C,指数型-海外股票,NVDA,英伟达,英伟达,电芯片/核心半导体,7.75%,,30.68,1
018044,天弘纳斯达克100指数发起(QDII)C,指数型-海外股票,AVGO,博通,博通,电芯片/核心半导体,2.68%,,5.99,1
018130,博时ESG量化选股混合A,混合型-偏股,01347,华虹半导体,华虹半导体,电芯片/核心半导体,4.71%,4099.95,59.8,1
018131,博时ESG量化选股混合C,混合型-偏股,01347,华虹半导体,华虹半导体,电芯片/核心半导体,4.71%,4099.95,59.8,1
018147,建信新兴市场混合(QDII)C,QDII-混合偏股,GLW,康宁,康宁,光芯片/光通信,4.29%,,20.82,1
018147,建信新兴市场混合(QDII)C,QDII-混合偏股,LITE,Lumentum Holdings Inc,Lumentum,光芯片/光通信,3.58%,,3.37,1
018147,建信新兴市场混合(QDII)C,QDII-混合偏股,000660,SK海力士,SK海力士,存储,8.65%,,10.8,1
018147,建信新兴市场混合(QDII)C,QDII-混合偏股,005930,三星电子,三星电子,存储,6.76%,,40.74,1
018147,建信新兴市场混合(QDII)C,QDII-混合偏股,SNDK,闪迪,闪迪,存储,4.91%,,5.11,1
018147,建信新兴市场混合(QDII)C,QDII-混合偏股,TSM,台积电,台积电ADR,电芯片/核心半导体,10.26%,,20.04,1
018147,建信新兴市场混合(QDII)C,QDII-混合偏股,NVDA,英伟达,英伟达,电芯片/核心半导体,10.14%,,38.4,1
018147,建信新兴市场混合(QDII)C,QDII-混合偏股,AVGO,博通,博通,电芯片/核心半导体,8.52%,,18.17,1
018229,易方达全球优质企业混合(QDII)A(人民币份额),QDII-混合偏股,06869,长飞光纤光缆,长飞光纤光缆,光芯片/光通信,6.31%,,128.6,1
018229,易方达全球优质企业混合(QDII)A(人民币份额),QDII-混合偏股,GLW,康宁,康宁,光芯片/光通信,4.46%,,15.6,1
018229,易方达全球优质企业混合(QDII)A(人民币份额),QDII-混合偏股,LITE,Lumentum Holdings Inc,Lumentum,光芯片/光通信,3.58%,,2.43,1
018229,易方达全球优质企业混合(QDII)A(人民币份额),QDII-混合偏股,TSM,台积电,台积电ADR,电芯片/核心半导体,3.18%,,4.48,1
018229,易方达全球优质企业混合(QDII)A(人民币份额),QDII-混合偏股,NVDA,英伟达,英伟达,电芯片/核心半导体,2.24%,,6.11,1
018230,易方达全球优质企业混合(QDII)C(人民币份额),QDII-混合偏股,06869,长飞光纤光缆,长飞光纤光缆,光芯片/光通信,6.31%,,128.6,1
018230,易方达全球优质企业混合(QDII)C(人民币份额),QDII-混合偏股,GLW,康宁,康宁,光芯片/光通信,4.46%,,15.6,1
018230,易方达全球优质企业混合(QDII)C(人民币份额),QDII-混合偏股,LITE,Lumentum Holdings Inc,Lumentum,光芯片/光通信,3.58%,,2.43,1
018230,易方达全球优质企业混合(QDII)C(人民币份额),QDII-混合偏股,TSM,台积电,台积电ADR,电芯片/核心半导体,3.18%,,4.48,1
018230,易方达全球优质企业混合(QDII)C(人民币份额),QDII-混合偏股,NVDA,英伟达,英伟达,电芯片/核心半导体,2.24%,,6.11,1
018231,易方达全球优质企业混合(QDII)A(美元现汇份额),QDII-混合偏股,06869,长飞光纤光缆,长飞光纤光缆,光芯片/光通信,6.31%,,128.6,1
018231,易方达全球优质企业混合(QDII)A(美元现汇份额),QDII-混合偏股,GLW,康宁,康宁,光芯片/光通信,4.46%,,15.6,1
018231,易方达全球优质企业混合(QDII)A(美元现汇份额),QDII-混合偏股,LITE,Lumentum Holdings Inc,Lumentum,光芯片/光通信,3.58%,,2.43,1
018231,易方达全球优质企业混合(QDII)A(美元现汇份额),QDII-混合偏股,TSM,台积电,台积电ADR,电芯片/核心半导体,3.18%,,4.48,1
018231,易方达全球优质企业混合(QDII)A(美元现汇份额),QDII-混合偏股,NVDA,英伟达,英伟达,电芯片/核心半导体,2.24%,,6.11,1
018232,易方达全球优质企业混合(QDII)C(美元现汇份额),QDII-混合偏股,06869,长飞光纤光缆,长飞光纤光缆,光芯片/光通信,6.31%,,128.6,1
018232,易方达全球优质企业混合(QDII)C(美元现汇份额),QDII-混合偏股,GLW,康宁,康宁,光芯片/光通信,4.46%,,15.6,1
018232,易方达全球优质企业混合(QDII)C(美元现汇份额),QDII-混合偏股,LITE,Lumentum Holdings Inc,Lumentum,光芯片/光通信,3.58%,,2.43,1
018232,易方达全球优质企业混合(QDII)C(美元现汇份额),QDII-混合偏股,TSM,台积电,台积电ADR,电芯片/核心半导体,3.18%,,4.48,1
018232,易方达全球优质企业混合(QDII)C(美元现汇份额),QDII-混合偏股,NVDA,英伟达,英伟达,电芯片/核心半导体,2.24%,,6.11,1
018238,广发恒生中型股指数(LOF)E,指数型-股票,01347,华虹半导体,华虹半导体,电芯片/核心半导体,1.55%,75.42,1.1,1
018405,朱雀产业精选混合A,混合型-偏股,00981,中芯国际,中芯国际H,电芯片/核心半导体,8.72%,306.64,6.85,1
018406,朱雀产业精选混合C,混合型-偏股,00981,中芯国际,中芯国际H,电芯片/核心半导体,8.72%,306.64,6.85,1
018430,摩根世代趋势混合发起式A,混合型-偏股,06869,长飞光纤光缆,长飞光纤光缆,光芯片/光通信,5.70%,80.79,0.5,1
018431,摩根世代趋势混合发起式C,混合型-偏股,06869,长飞光纤光缆,长飞光纤光缆,光芯片/光通信,5.70%,80.79,0.5,1
018442,汇添富成长领航混合A,混合型-偏股,01347,华虹半导体,华虹半导体,电芯片/核心半导体,6.06%,2660.17,38.8,1
018443,汇添富成长领航混合C,混合型-偏股,01347,华虹半导体,华虹半导体,电芯片/核心半导体,6.06%,2660.17,38.8,1
018495,融通产业趋势臻选股票C,股票型,06869,长飞光纤光缆,长飞光纤光缆,光芯片/光通信,9.23%,35474.86,219.55,1
018506,创金合信益久9个月持有期债券A,债券型-混合二级,00981,中芯国际,中芯国际H,电芯片/核心半导体,0.37%,82.82,1.85,1
018507,创金合信益久9个月持有期债券C,债券型-混合二级,00981,中芯国际,中芯国际H,电芯片/核心半导体,0.37%,82.82,1.85,1
018508,创金合信益久9个月持有期债券E,债券型-混合二级,00981,中芯国际,中芯国际H,电芯片/核心半导体,0.37%,82.82,1.85,1
018554,交银启嘉混合A,混合型-偏股,06869,长飞光纤光缆,长飞光纤光缆,光芯片/光通信,2.44%,400.65,2.48,1
018554,交银启嘉混合A,混合型-偏股,01347,华虹半导体,华虹半导体,电芯片/核心半导体,2.09%,343.14,5.0,1
018555,交银启嘉混合C,混合型-偏股,06869,长飞光纤光缆,长飞光纤光缆,光芯片/光通信,2.44%,400.65,2.48,1
018555,交银启嘉混合C,混合型-偏股,01347,华虹半导体,华虹半导体,电芯片/核心半导体,2.09%,343.14,5.0,1
018626,富国兴享回报6个月持有期混合A,混合型-偏债,00981,中芯国际,中芯国际H,电芯片/核心半导体,0.24%,8.95,0.2,1
018627,富国兴享回报6个月持有期混合C,混合型-偏债,00981,中芯国际,中芯国际H,电芯片/核心半导体,0.24%,8.95,0.2,1
018736,景顺长城景颐裕利债券A,债券型-混合二级,00981,中芯国际,中芯国际H,电芯片/核心半导体,0.11%,1051.99,23.5,1
018737,景顺长城景颐裕利债券C,债券型-混合二级,00981,中芯国际,中芯国际H,电芯片/核心半导体,0.11%,1051.99,23.5,1
018870,银河产业动力混合C,混合型-偏股,01347,华虹半导体,华虹半导体,电芯片/核心半导体,5.44%,1455.46,21.23,1
018876,兴合先进制造混合发起式A,混合型-偏股,00981,中芯国际,中芯国际H,电芯片/核心半导体,3.57%,470.04,10.5,1
018877,兴合先进制造混合发起式C,混合型-偏股,00981,中芯国际,中芯国际H,电芯片/核心半导体,3.57%,470.04,10.5,1
018910,中欧科技成长混合A,混合型-偏股,06869,长飞光纤光缆,长飞光纤光缆,光芯片/光通信,5.01%,315.08,1.95,1
018910,中欧科技成长混合A,混合型-偏股,01415,高伟电子,高伟电子,光芯片/光通信,3.42%,215.17,9.4,1
018911,中欧科技成长混合C,混合型-偏股,06869,长飞光纤光缆,长飞光纤光缆,光芯片/光通信,5.01%,315.08,1.95,1
018911,中欧科技成长混合C,混合型-偏股,01415,高伟电子,高伟电子,光芯片/光通信,3.42%,215.17,9.4,1
018993,中欧数字经济混合发起A,混合型-偏股,06869,长飞光纤光缆,长飞光纤光缆,光芯片/光通信,4.95%,40968.61,253.55,1
018994,中欧数字经济混合发起C,混合型-偏股,06869,长飞光纤光缆,长飞光纤光缆,光芯片/光通信,4.95%,40968.61,253.55,1
019003,易方达科技智选混合A,混合型-偏股,06869,长飞光纤光缆,长飞光纤光缆,光芯片/光通信,4.19%,1284.56,7.95,1
019004,易方达科技智选混合C,混合型-偏股,06869,长飞光纤光缆,长飞光纤光缆,光芯片/光通信,4.19%,1284.56,7.95,1
019024,易方达信息行业精选股票C,股票型,06869,长飞光纤光缆,长飞光纤光缆,光芯片/光通信,2.68%,12910.23,79.9,1
019041,浦银安盛稳健富利180天持有债券A,债券型-混合二级,01347,华虹半导体,华虹半导体,电芯片/核心半导体,0.20%,68.56,1.0,1
019042,浦银安盛稳健富利180天持有债券C,债券型-混合二级,01347,华虹半导体,华虹半导体,电芯片/核心半导体,0.20%,68.56,1.0,1
019075,嘉实全球产业精选混合发起式(QDII)人民币,QDII-混合偏股,TSM,台积电,台积电ADR,电芯片/核心半导体,2.89%,,0.03,1
019075,嘉实全球产业精选混合发起式(QDII)人民币,QDII-混合偏股,00981,中芯国际,中芯国际H,电芯片/核心半导体,2.48%,,1.35,1
019076,嘉实全球产业精选混合发起式(QDII)美元,QDII-混合偏股,TSM,台积电,台积电ADR,电芯片/核心半导体,2.89%,,0.03,1
019076,嘉实全球产业精选混合发起式(QDII)美元,QDII-混合偏股,00981,中芯国际,中芯国际H,电芯片/核心半导体,2.48%,,1.35,1
019113,东财慧心优选混合发起式A,混合型-偏股,01347,华虹半导体,华虹半导体,电芯片/核心半导体,8.95%,150.83,2.2,1
019113,东财慧心优选混合发起式A,混合型-偏股,00981,中芯国际,中芯国际H,电芯片/核心半导体,7.70%,129.82,2.9,1
019114,东财慧心优选混合发起式C,混合型-偏股,01347,华虹半导体,华虹半导体,电芯片/核心半导体,8.95%,150.83,2.2,1
019114,东财慧心优选混合发起式C,混合型-偏股,00981,中芯国际,中芯国际H,电芯片/核心半导体,7.70%,129.82,2.9,1
019153,中欧锐意成长混合发起A,混合型-偏股,06869,长飞光纤光缆,长飞光纤光缆,光芯片/光通信,5.15%,64.63,0.4,1
019154,中欧锐意成长混合发起C,混合型-偏股,06869,长飞光纤光缆,长飞光纤光缆,光芯片/光通信,5.15%,64.63,0.4,1
019155,易方达全球配置混合(QDII)A(人民币),QDII-混合灵活,AXTI,AXT Inc,AXT Inc,AXTI,3.51%,,4.62,1
019155,易方达全球配置混合(QDII)A(人民币),QDII-混合灵活,LITE,Lumentum Holdings Inc,Lumentum,光芯片/光通信,5.67%,,0.6,1
019155,易方达全球配置混合(QDII)A(人民币),QDII-混合灵活,06869,长飞光纤光缆,长飞光纤光缆,光芯片/光通信,4.57%,,14.65,1
019155,易方达全球配置混合(QDII)A(人民币),QDII-混合灵活,GLW,康宁,康宁,光芯片/光通信,3.16%,,1.74,1
019155,易方达全球配置混合(QDII)A(人民币),QDII-混合灵活,MU,美光科技,美光科技,存储,3.08%,,0.68,1
019156,易方达全球配置混合(QDII)C(人民币),QDII-混合灵活,AXTI,AXT Inc,AXT Inc,AXTI,3.51%,,4.62,1
019156,易方达全球配置混合(QDII)C(人民币),QDII-混合灵活,LITE,Lumentum Holdings Inc,Lumentum,光芯片/光通信,5.67%,,0.6,1
019156,易方达全球配置混合(QDII)C(人民币),QDII-混合灵活,06869,长飞光纤光缆,长飞光纤光缆,光芯片/光通信,4.57%,,14.65,1
019156,易方达全球配置混合(QDII)C(人民币),QDII-混合灵活,GLW,康宁,康宁,光芯片/光通信,3.16%,,1.74,1
019156,易方达全球配置混合(QDII)C(人民币),QDII-混合灵活,MU,美光科技,美光科技,存储,3.08%,,0.68,1
019157,易方达全球配置混合(QDII)A(美元现汇),QDII-混合灵活,AXTI,AXT Inc,AXT Inc,AXTI,3.51%,,4.62,1
019157,易方达全球配置混合(QDII)A(美元现汇),QDII-混合灵活,LITE,Lumentum Holdings Inc,Lumentum,光芯片/光通信,5.67%,,0.6,1
019157,易方达全球配置混合(QDII)A(美元现汇),QDII-混合灵活,06869,长飞光纤光缆,长飞光纤光缆,光芯片/光通信,4.57%,,14.65,1
019157,易方达全球配置混合(QDII)A(美元现汇),QDII-混合灵活,GLW,康宁,康宁,光芯片/光通信,3.16%,,1.74,1
019157,易方达全球配置混合(QDII)A(美元现汇),QDII-混合灵活,MU,美光科技,美光科技,存储,3.08%,,0.68,1
019158,易方达全球配置混合(QDII)C(美元现汇),QDII-混合灵活,AXTI,AXT Inc,AXT Inc,AXTI,3.51%,,4.62,1
019158,易方达全球配置混合(QDII)C(美元现汇),QDII-混合灵活,LITE,Lumentum Holdings Inc,Lumentum,光芯片/光通信,5.67%,,0.6,1
019158,易方达全球配置混合(QDII)C(美元现汇),QDII-混合灵活,06869,长飞光纤光缆,长飞光纤光缆,光芯片/光通信,4.57%,,14.65,1
019158,易方达全球配置混合(QDII)C(美元现汇),QDII-混合灵活,GLW,康宁,康宁,光芯片/光通信,3.16%,,1.74,1
019158,易方达全球配置混合(QDII)C(美元现汇),QDII-混合灵活,MU,美光科技,美光科技,存储,3.08%,,0.68,1
019159,中欧产业领航混合A,混合型-偏股,06869,长飞光纤光缆,长飞光纤光缆,光芯片/光通信,6.33%,145.42,0.9,1
019160,中欧产业领航混合C,混合型-偏股,06869,长飞光纤光缆,长飞光纤光缆,光芯片/光通信,6.33%,145.42,0.9,1
019172,摩根纳斯达克100指数(QDII)人民币A,指数型-海外股票,NVDA,英伟达,英伟达,电芯片/核心半导体,8.28%,,21.25,1
019172,摩根纳斯达克100指数(QDII)人民币A,指数型-海外股票,AVGO,博通,博通,电芯片/核心半导体,2.87%,,4.15,1
019173,摩根纳斯达克100指数(QDII)人民币C,指数型-海外股票,NVDA,英伟达,英伟达,电芯片/核心半导体,8.28%,,21.25,1
019173,摩根纳斯达克100指数(QDII)人民币C,指数型-海外股票,AVGO,博通,博通,电芯片/核心半导体,2.87%,,4.15,1
019174,摩根纳斯达克100指数(QDII)美元现汇A,指数型-海外股票,NVDA,英伟达,英伟达,电芯片/核心半导体,8.28%,,21.25,1
019174,摩根纳斯达克100指数(QDII)美元现汇A,指数型-海外股票,AVGO,博通,博通,电芯片/核心半导体,2.87%,,4.15,1
019175,摩根纳斯达克100指数(QDII)美元现汇C,指数型-海外股票,NVDA,英伟达,英伟达,电芯片/核心半导体,8.28%,,21.25,1
019175,摩根纳斯达克100指数(QDII)美元现汇C,指数型-海外股票,AVGO,博通,博通,电芯片/核心半导体,2.87%,,4.15,1
019189,华商品质价值混合A,混合型-偏股,00981,中芯国际,中芯国际H,电芯片/核心半导体,2.73%,4559.37,101.85,1
019190,华商品质价值混合C,混合型-偏股,00981,中芯国际,中芯国际H,电芯片/核心半导体,2.73%,4559.37,101.85,1
019265,南方港股数字经济混合发起(QDII)A,QDII-混合偏股,06869,长飞光纤光缆,长飞光纤光缆,光芯片/光通信,4.83%,,2.4,1
019266,南方港股数字经济混合发起(QDII)C,QDII-混合偏股,06869,长飞光纤光缆,长飞光纤光缆,光芯片/光通信,4.83%,,2.4,1
019305,摩根标普500指数(QDII)人民币C,指数型-海外股票,NVDA,英伟达,英伟达,电芯片/核心半导体,7.45%,,31.37,1
019305,摩根标普500指数(QDII)人民币C,指数型-海外股票,AVGO,博通,博通,电芯片/核心半导体,2.57%,,6.1,1
019387,中欧时代共赢混合发起A1,混合型-偏股,06869,长飞光纤光缆,长飞光纤光缆,光芯片/光通信,6.73%,581.69,3.6,1
019388,中欧时代共赢混合发起A2,混合型-偏股,06869,长飞光纤光缆,长飞光纤光缆,光芯片/光通信,6.73%,581.69,3.6,1
019389,中欧时代共赢混合发起A3,混合型-偏股,06869,长飞光纤光缆,长飞光纤光缆,光芯片/光通信,6.73%,581.69,3.6,1
019390,光大研究精选混合C,混合型-偏股,00981,中芯国际,中芯国际H,电芯片/核心半导体,2.15%,134.3,3.0,1
019426,中银数字经济混合A,混合型-偏股,01347,华虹半导体,华虹半导体,电芯片/核心半导体,3.99%,363.37,5.3,1
019427,中银数字经济混合C,混合型-偏股,01347,华虹半导体,华虹半导体,电芯片/核心半导体,3.99%,363.37,5.3,1
019441,万家纳斯达克100指数发起式(QDII)A,指数型-海外股票,NVDA,英伟达,英伟达,电芯片/核心半导体,8.19%,,4.38,1
019441,万家纳斯达克100指数发起式(QDII)A,指数型-海外股票,AVGO,博通,博通,电芯片/核心半导体,2.84%,,0.85,1
019442,万家纳斯达克100指数发起式(QDII)C,指数型-海外股票,NVDA,英伟达,英伟达,电芯片/核心半导体,8.19%,,4.38,1
019442,万家纳斯达克100指数发起式(QDII)C,指数型-海外股票,AVGO,博通,博通,电芯片/核心半导体,2.84%,,0.85,1
019447,华夏全球科技先锋混合(QDII)A(美元现汇),QDII-混合偏股,LITE,Lumentum Holdings Inc,Lumentum,光芯片/光通信,4.72%,,4.56,1
019447,华夏全球科技先锋混合(QDII)A(美元现汇),QDII-混合偏股,COHR,Coherent Corp,Coherent,光芯片/光通信,4.59%,,13.08,1
019447,华夏全球科技先锋混合(QDII)A(美元现汇),QDII-混合偏股,GLW,康宁,康宁,光芯片/光通信,4.15%,,20.71,1
019447,华夏全球科技先锋混合(QDII)A(美元现汇),QDII-混合偏股,SNDK,闪迪,闪迪,存储,2.66%,,2.84,1
019447,华夏全球科技先锋混合(QDII)A(美元现汇),QDII-混合偏股,MU,美光科技,美光科技,存储,2.30%,,4.61,1
019447,华夏全球科技先锋混合(QDII)A(美元现汇),QDII-混合偏股,TSM,台积电,台积电ADR,电芯片/核心半导体,4.87%,,9.77,1
019448,华夏全球科技先锋混合(QDII)A(美元现钞),QDII-混合偏股,LITE,Lumentum Holdings Inc,Lumentum,光芯片/光通信,4.72%,,4.56,1
019448,华夏全球科技先锋混合(QDII)A(美元现钞),QDII-混合偏股,COHR,Coherent Corp,Coherent,光芯片/光通信,4.59%,,13.08,1
019448,华夏全球科技先锋混合(QDII)A(美元现钞),QDII-混合偏股,GLW,康宁,康宁,光芯片/光通信,4.15%,,20.71,1
019448,华夏全球科技先锋混合(QDII)A(美元现钞),QDII-混合偏股,SNDK,闪迪,闪迪,存储,2.66%,,2.84,1
019448,华夏全球科技先锋混合(QDII)A(美元现钞),QDII-混合偏股,MU,美光科技,美光科技,存储,2.30%,,4.61,1
019448,华夏全球科技先锋混合(QDII)A(美元现钞),QDII-混合偏股,TSM,台积电,台积电ADR,电芯片/核心半导体,4.87%,,9.77,1
019450,摩根欧洲动力策略股票(QDII)C,QDII-普通股票,ASML,阿斯麦控股公司,阿斯麦,电芯片/核心半导体,4.27%,,0.39,1
019498,兴全创新优势混合A,混合型-偏股,00981,中芯国际,中芯国际H,电芯片/核心半导体,4.66%,1430.26,31.95,1
019499,兴全创新优势混合C,混合型-偏股,00981,中芯国际,中芯国际H,电芯片/核心半导体,4.66%,1430.26,31.95,1
019546,汇添富上证50基本面增强指数D,指数型-股票,00981,中芯国际,中芯国际H,电芯片/核心半导体,3.55%,105.2,2.35,1
019549,华夏全球股票美元现汇(QDII),QDII-普通股票,LITE,Lumentum Holdings Inc,Lumentum,光芯片/光通信,1.56%,,0.83,1
019549,华夏全球股票美元现汇(QDII),QDII-普通股票,MU,美光科技,美光科技,存储,1.77%,,1.94,1
019549,华夏全球股票美元现汇(QDII),QDII-普通股票,NVDA,英伟达,英伟达,电芯片/核心半导体,3.34%,,7.11,1
019549,华夏全球股票美元现汇(QDII),QDII-普通股票,TSM,台积电,台积电ADR,电芯片/核心半导体,2.68%,,2.95,1
019549,华夏全球股票美元现汇(QDII),QDII-普通股票,AVGO,博通,博通,电芯片/核心半导体,2.17%,,2.6,1
019550,华夏全球股票美元现钞(QDII),QDII-普通股票,LITE,Lumentum Holdings Inc,Lumentum,光芯片/光通信,1.56%,,0.83,1
019550,华夏全球股票美元现钞(QDII),QDII-普通股票,MU,美光科技,美光科技,存储,1.77%,,1.94,1
019550,华夏全球股票美元现钞(QDII),QDII-普通股票,NVDA,英伟达,英伟达,电芯片/核心半导体,3.34%,,7.11,1
019550,华夏全球股票美元现钞(QDII),QDII-普通股票,TSM,台积电,台积电ADR,电芯片/核心半导体,2.68%,,2.95,1
019550,华夏全球股票美元现钞(QDII),QDII-普通股票,AVGO,博通,博通,电芯片/核心半导体,2.17%,,2.6,1
019641,摩根亚太优势混合(QDII)C,QDII-混合偏股,005930,三星电子,三星电子,存储,5.67%,,17.7,1
019641,摩根亚太优势混合(QDII)C,QDII-混合偏股,2330,台积电,台积电,电芯片/核心半导体,9.65%,,59.7,1
019641,摩根亚太优势混合(QDII)C,QDII-混合偏股,2308,台达电,台达电,电芯片/核心半导体,2.40%,,18.9,1
019659,万家养老目标2045三年持有混合发起式(FOF),FOF-均衡型,00981,中芯国际,中芯国际H,电芯片/核心半导体,0.18%,2.24,0.05,1
019690,华商产业机遇混合A,混合型-偏股,06869,长飞光纤光缆,长飞光纤光缆,光芯片/光通信,3.53%,191.92,1.19,1
019691,华商产业机遇混合C,混合型-偏股,06869,长飞光纤光缆,长飞光纤光缆,光芯片/光通信,3.53%,191.92,1.19,1
019736,宝盈纳斯达克100指数发起(QDII)A人民币,指数型-海外股票,NVDA,英伟达,英伟达,电芯片/核心半导体,8.20%,,5.59,1
019736,宝盈纳斯达克100指数发起(QDII)A人民币,指数型-海外股票,AVGO,博通,博通,电芯片/核心半导体,2.85%,,1.09,1
019737,宝盈纳斯达克100指数发起(QDII)C人民币,指数型-海外股票,NVDA,英伟达,英伟达,电芯片/核心半导体,8.20%,,5.59,1
019737,宝盈纳斯达克100指数发起(QDII)C人民币,指数型-海外股票,AVGO,博通,博通,电芯片/核心半导体,2.85%,,1.09,1
019738,宝盈纳斯达克100指数发起(QDII)A美元现汇,指数型-海外股票,NVDA,英伟达,英伟达,电芯片/核心半导体,8.20%,,5.59,1
019738,宝盈纳斯达克100指数发起(QDII)A美元现汇,指数型-海外股票,AVGO,博通,博通,电芯片/核心半导体,2.85%,,1.09,1
019739,宝盈纳斯达克100指数发起(QDII)C美元现汇,指数型-海外股票,NVDA,英伟达,英伟达,电芯片/核心半导体,8.20%,,5.59,1
019739,宝盈纳斯达克100指数发起(QDII)C美元现汇,指数型-海外股票,AVGO,博通,博通,电芯片/核心半导体,2.85%,,1.09,1
019765,国寿安保优选国企股票发起式A,股票型,01347,华虹半导体,华虹半导体,电芯片/核心半导体,8.68%,157.69,2.3,1
019765,国寿安保优选国企股票发起式A,股票型,00981,中芯国际,中芯国际H,电芯片/核心半导体,6.78%,123.11,2.75,1
019766,国寿安保优选国企股票发起式C,股票型,01347,华虹半导体,华虹半导体,电芯片/核心半导体,8.68%,157.69,2.3,1
019766,国寿安保优选国企股票发起式C,股票型,00981,中芯国际,中芯国际H,电芯片/核心半导体,6.78%,123.11,2.75,1
019820,鹏华远见精选混合发起式A,混合型-偏股,06869,长飞光纤光缆,长飞光纤光缆,光芯片/光通信,9.59%,1607.72,9.95,1
019821,鹏华远见精选混合发起式C,混合型-偏股,06869,长飞光纤光缆,长飞光纤光缆,光芯片/光通信,9.59%,1607.72,9.95,1
019824,国寿安保新材料股票发起式A,股票型,01415,高伟电子,高伟电子,光芯片/光通信,7.15%,338.71,14.8,1
019825,国寿安保新材料股票发起式C,股票型,01415,高伟电子,高伟电子,光芯片/光通信,7.15%,338.71,14.8,1
019829,华夏数字产业混合A,混合型-偏股,06869,长飞光纤光缆,长飞光纤光缆,光芯片/光通信,4.46%,4346.5,26.9,1
019830,华夏数字产业混合C,混合型-偏股,06869,长飞光纤光缆,长飞光纤光缆,光芯片/光通信,4.46%,4346.5,26.9,1
019925,华宝竞争优势混合C,混合型-偏股,00981,中芯国际,中芯国际H,电芯片/核心半导体,3.53%,1170.62,26.15,1
019941,富国洞见价值股票A,股票型,00981,中芯国际,中芯国际H,电芯片/核心半导体,4.79%,5470.89,122.2,1
019942,富国洞见价值股票C,股票型,00981,中芯国际,中芯国际H,电芯片/核心半导体,4.79%,5470.89,122.2,1
019943,兴业恒益6个月持有期债券A,债券型-混合二级,06869,长飞光纤光缆,长飞光纤光缆,光芯片/光通信,0.26%,64.63,0.4,1
019944,兴业恒益6个月持有期债券C,债券型-混合二级,06869,长飞光纤光缆,长飞光纤光缆,光芯片/光通信,0.26%,64.63,0.4,1
020090,万家研究领航混合A,混合型-偏股,06869,长飞光纤光缆,长飞光纤光缆,光芯片/光通信,8.82%,88.87,0.55,1
020090,万家研究领航混合A,混合型-偏股,01347,华虹半导体,华虹半导体,电芯片/核心半导体,2.72%,27.42,0.4,1
020091,万家研究领航混合C,混合型-偏股,06869,长飞光纤光缆,长飞光纤光缆,光芯片/光通信,8.82%,88.87,0.55,1
020091,万家研究领航混合C,混合型-偏股,01347,华虹半导体,华虹半导体,电芯片/核心半导体,2.72%,27.42,0.4,1
020362,中海沪港深价值优选混合C,混合型-灵活,06869,长飞光纤光缆,长飞光纤光缆,光芯片/光通信,3.32%,153.5,0.95,1
020362,中海沪港深价值优选混合C,混合型-灵活,00981,中芯国际,中芯国际H,电芯片/核心半导体,5.87%,271.27,6.06,1
020362,中海沪港深价值优选混合C,混合型-灵活,01347,华虹半导体,华虹半导体,电芯片/核心半导体,5.07%,234.16,3.42,1
020364,博时卓越成长混合A,混合型-偏股,06869,长飞光纤光缆,长飞光纤光缆,光芯片/光通信,3.01%,121.18,0.75,1
020365,博时卓越成长混合C,混合型-偏股,06869,长飞光纤光缆,长飞光纤光缆,光芯片/光通信,3.01%,121.18,0.75,1
020385,信澳恒瑞9个月持有期混合A,混合型-偏债,06869,长飞光纤光缆,长飞光纤光缆,光芯片/光通信,0.66%,8.08,0.05,1
020386,信澳恒瑞9个月持有期混合C,混合型-偏债,06869,长飞光纤光缆,长飞光纤光缆,光芯片/光通信,0.66%,8.08,0.05,1
020408,华商数字经济混合A,混合型-偏股,00981,中芯国际,中芯国际H,电芯片/核心半导体,4.86%,407.37,9.1,1
020409,华商数字经济混合C,混合型-偏股,00981,中芯国际,中芯国际H,电芯片/核心半导体,4.86%,407.37,9.1,1
020469,长城半导体混合发起式A,混合型-偏股,00981,中芯国际,中芯国际H,电芯片/核心半导体,5.94%,1958.49,43.75,1
020470,长城半导体混合发起式C,混合型-偏股,00981,中芯国际,中芯国际H,电芯片/核心半导体,5.94%,1958.49,43.75,1
020678,广发集盛债券A,债券型-混合二级,06869,长飞光纤光缆,长飞光纤光缆,光芯片/光通信,0.44%,8.08,0.05,1
020679,广发集盛债券C,债券型-混合二级,06869,长飞光纤光缆,长飞光纤光缆,光芯片/光通信,0.44%,8.08,0.05,1
020709,同泰恒盛债券D,债券型-混合二级,06869,长飞光纤光缆,长飞光纤光缆,光芯片/光通信,1.19%,573.61,3.55,1
020722,国寿安保数字经济股票发起式A,股票型,06869,长飞光纤光缆,长飞光纤光缆,光芯片/光通信,9.42%,2585.28,16.0,1
020723,国寿安保数字经济股票发起式C,股票型,06869,长飞光纤光缆,长飞光纤光缆,光芯片/光通信,9.42%,2585.28,16.0,1
020756,南方养老目标2055五年持有混合发起(FOF)Y,FOF-进取型,00981,中芯国际,中芯国际H,电芯片/核心半导体,0.17%,35.81,0.8,1
020774,国寿安保产业升级股票发起式C,股票型,06869,长飞光纤光缆,长飞光纤光缆,光芯片/光通信,7.71%,323.16,2.0,1
020775,国寿安保产业升级股票发起式A,股票型,06869,长飞光纤光缆,长飞光纤光缆,光芯片/光通信,7.71%,323.16,2.0,1
020821,大成领先动力混合A,混合型-偏股,06869,长飞光纤光缆,长飞光纤光缆,光芯片/光通信,9.93%,323.16,2.0,1
020822,大成领先动力混合C,混合型-偏股,06869,长飞光纤光缆,长飞光纤光缆,光芯片/光通信,9.93%,323.16,2.0,1
020875,中欧量化驱动混合C,混合型-偏股,01347,华虹半导体,华虹半导体,电芯片/核心半导体,0.29%,205.68,3.0,1
020957,中银全球策略(QDII-FOF)C,QDII-FOF,GLW,康宁,康宁,光芯片/光通信,0.17%,,0.1,1
020957,中银全球策略(QDII-FOF)C,QDII-FOF,NVDA,英伟达,英伟达,电芯片/核心半导体,0.45%,,0.2,1
020957,中银全球策略(QDII-FOF)C,QDII-FOF,ASML,阿斯麦,阿斯麦,电芯片/核心半导体,0.34%,,0.02,1
020957,中银全球策略(QDII-FOF)C,QDII-FOF,AMAT,应用材料,应用材料,电芯片/核心半导体,0.22%,,0.05,1
021000,南方纳斯达克100指数发起(QDII)I,指数型-海外股票,NVDA,英伟达,英伟达,电芯片/核心半导体,7.67%,,50.37,1
021000,南方纳斯达克100指数发起(QDII)I,指数型-海外股票,AVGO,博通,博通,电芯片/核心半导体,2.65%,,9.83,1
021198,汇添富优选价值混合发起式A,混合型-偏股,06869,长飞光纤光缆,长飞光纤光缆,光芯片/光通信,2.38%,88.87,0.55,1
021199,汇添富优选价值混合发起式C,混合型-偏股,06869,长飞光纤光缆,长飞光纤光缆,光芯片/光通信,2.38%,88.87,0.55,1
021277,广发全球精选股票(QDII)人民币C,QDII-普通股票,SNDK,闪迪,闪迪,存储,3.54%,,12.12,1
021277,广发全球精选股票(QDII)人民币C,QDII-普通股票,MU,美光科技,美光科技,存储,3.26%,,20.93,1
021277,广发全球精选股票(QDII)人民币C,QDII-普通股票,ASML,阿斯麦,阿斯麦,电芯片/核心半导体,5.21%,,8.57,1
021277,广发全球精选股票(QDII)人民币C,QDII-普通股票,NVDA,英伟达,英伟达,电芯片/核心半导体,4.47%,,55.67,1
021277,广发全球精选股票(QDII)人民币C,QDII-普通股票,LRCX,拉姆研究,拉姆研究,电芯片/核心半导体,4.01%,,40.72,1
021277,广发全球精选股票(QDII)人民币C,QDII-普通股票,AVGO,博通,博通,电芯片/核心半导体,3.27%,,22.94,1
021382,博时科技驱动混合A,混合型-偏股,06869,长飞光纤光缆,长飞光纤光缆,光芯片/光通信,4.18%,137.34,0.85,1
021383,博时科技驱动混合C,混合型-偏股,06869,长飞光纤光缆,长飞光纤光缆,光芯片/光通信,4.18%,137.34,0.85,1
021476,银河ESG主题混合发起式A,混合型-偏股,01347,华虹半导体,华虹半导体,电芯片/核心半导体,3.56%,41.14,0.6,1
021476,银河ESG主题混合发起式A,混合型-偏股,00981,中芯国际,中芯国际H,电芯片/核心半导体,3.49%,40.29,0.9,1
021477,银河ESG主题混合发起式C,混合型-偏股,01347,华虹半导体,华虹半导体,电芯片/核心半导体,3.56%,41.14,0.6,1
021477,银河ESG主题混合发起式C,混合型-偏股,00981,中芯国际,中芯国际H,电芯片/核心半导体,3.49%,40.29,0.9,1
021510,宏利半导体产业混合发起A,混合型-偏股,00981,中芯国际,中芯国际H,电芯片/核心半导体,2.78%,146.34,3.27,1
021511,宏利半导体产业混合发起C,混合型-偏股,00981,中芯国际,中芯国际H,电芯片/核心半导体,2.78%,146.34,3.27,1
021517,兴华兴利债券A,债券型-混合二级,00981,中芯国际,中芯国际H,电芯片/核心半导体,1.66%,80.58,1.8,1
021518,兴华兴利债券C,债券型-混合二级,00981,中芯国际,中芯国际H,电芯片/核心半导体,1.66%,80.58,1.8,1
021596,天弘稳健回报债券发起E,债券型-混合二级,01347,华虹半导体,华虹半导体,电芯片/核心半导体,0.31%,205.68,3.0,1
021655,海富通量化选股混合A,混合型-偏股,00981,中芯国际,中芯国际H,电芯片/核心半导体,0.19%,2.24,0.05,1
021656,海富通量化选股混合C,混合型-偏股,00981,中芯国际,中芯国际H,电芯片/核心半导体,0.19%,2.24,0.05,1
021662,国富亚洲机会股票(QDII)C,QDII-普通股票,005930,三星电子,三星电子,存储,5.28%,,12.89,1
021662,国富亚洲机会股票(QDII)C,QDII-普通股票,000660,SK海力士,SK海力士,存储,4.32%,,2.18,1
021662,国富亚洲机会股票(QDII)C,QDII-普通股票,2330,台积电,台积电,电芯片/核心半导体,5.48%,,26.8,1
021662,国富亚洲机会股票(QDII)C,QDII-普通股票,TSM,台积电,台积电ADR,电芯片/核心半导体,4.89%,,3.88,1
021662,国富亚洲机会股票(QDII)C,QDII-普通股票,2454,联发科,联发科,电芯片/核心半导体,2.94%,,17.0,1
021662,国富亚洲机会股票(QDII)C,QDII-普通股票,2308,台达电,台达电,电芯片/核心半导体,2.86%,,17.8,1
021699,汇添富远见成长混合发起式A,混合型-偏股,00981,中芯国际,中芯国际H,电芯片/核心半导体,9.12%,335.74,7.5,1
021699,汇添富远见成长混合发起式A,混合型-偏股,01347,华虹半导体,华虹半导体,电芯片/核心半导体,8.38%,308.52,4.5,1
021700,汇添富远见成长混合发起式C,混合型-偏股,00981,中芯国际,中芯国际H,电芯片/核心半导体,9.12%,335.74,7.5,1
021700,汇添富远见成长混合发起式C,混合型-偏股,01347,华虹半导体,华虹半导体,电芯片/核心半导体,8.38%,308.52,4.5,1
021755,中欧价值品质混合发起A,混合型-偏股,01347,华虹半导体,华虹半导体,电芯片/核心半导体,6.69%,315.38,4.6,1
021756,中欧价值品质混合发起C,混合型-偏股,01347,华虹半导体,华虹半导体,电芯片/核心半导体,6.69%,315.38,4.6,1
021795,广发稳信六个月持有期混合A,混合型-偏债,01415,高伟电子,高伟电子,光芯片/光通信,0.36%,48.06,2.1,1
021796,广发稳信六个月持有期混合C,混合型-偏债,01415,高伟电子,高伟电子,光芯片/光通信,0.36%,48.06,2.1,1
021842,国富全球科技互联混合(QDII)人民币C,QDII-混合偏股,GLW,康宁,康宁,光芯片/光通信,6.79%,,29.88,1
021842,国富全球科技互联混合(QDII)人民币C,QDII-混合偏股,MU,美光科技,美光科技,存储,7.69%,,13.62,1
021842,国富全球科技互联混合(QDII)人民币C,QDII-混合偏股,TSM,台积电,台积电ADR,电芯片/核心半导体,7.03%,,12.45,1
021842,国富全球科技互联混合(QDII)人民币C,QDII-混合偏股,LRCX,拉姆研究,拉姆研究,电芯片/核心半导体,7.02%,,19.67,1
021842,国富全球科技互联混合(QDII)人民币C,QDII-混合偏股,NVDA,英伟达,英伟达,电芯片/核心半导体,5.86%,,20.12,1
021842,国富全球科技互联混合(QDII)人民币C,QDII-混合偏股,INTC,英特尔,英特尔,电芯片/核心半导体,3.16%,,42.88,1
021843,国富全球科技互联混合(QDII)美元现汇C,QDII-混合偏股,GLW,康宁,康宁,光芯片/光通信,6.79%,,29.88,1
021843,国富全球科技互联混合(QDII)美元现汇C,QDII-混合偏股,MU,美光科技,美光科技,存储,7.69%,,13.62,1
021843,国富全球科技互联混合(QDII)美元现汇C,QDII-混合偏股,TSM,台积电,台积电ADR,电芯片/核心半导体,7.03%,,12.45,1
021843,国富全球科技互联混合(QDII)美元现汇C,QDII-混合偏股,LRCX,拉姆研究,拉姆研究,电芯片/核心半导体,7.02%,,19.67,1
021843,国富全球科技互联混合(QDII)美元现汇C,QDII-混合偏股,NVDA,英伟达,英伟达,电芯片/核心半导体,5.86%,,20.12,1
021843,国富全球科技互联混合(QDII)美元现汇C,QDII-混合偏股,INTC,英特尔,英特尔,电芯片/核心半导体,3.16%,,42.88,1
021891,融通中证港股通科技指数A,指数型-股票,00981,中芯国际,中芯国际H,电芯片/核心半导体,5.75%,492.42,11.0,1
021892,融通中证港股通科技指数C,指数型-股票,00981,中芯国际,中芯国际H,电芯片/核心半导体,5.75%,492.42,11.0,1
021937,华安半导体产业股票发起式A,股票型,06869,长飞光纤光缆,长飞光纤光缆,光芯片/光通信,3.82%,161.58,1.0,1
021937,华安半导体产业股票发起式A,股票型,01347,华虹半导体,华虹半导体,电芯片/核心半导体,3.89%,164.55,2.4,1
021938,华安半导体产业股票发起式C,股票型,06869,长飞光纤光缆,长飞光纤光缆,光芯片/光通信,3.82%,161.58,1.0,1
021938,华安半导体产业股票发起式C,股票型,01347,华虹半导体,华虹半导体,电芯片/核心半导体,3.89%,164.55,2.4,1
021967,西部利得均衡优选混合A,混合型-偏股,06869,长飞光纤光缆,长飞光纤光缆,光芯片/光通信,4.02%,6463.19,40.0,1
021968,西部利得均衡优选混合C,混合型-偏股,06869,长飞光纤光缆,长飞光纤光缆,光芯片/光通信,4.02%,6463.19,40.0,1
022016,华泰柏瑞集利债券A,债券型-混合二级,00981,中芯国际,中芯国际H,电芯片/核心半导体,0.30%,541.03,12.09,1
022017,华泰柏瑞集利债券C,债券型-混合二级,00981,中芯国际,中芯国际H,电芯片/核心半导体,0.30%,541.03,12.09,1
022121,国泰海通中证香港科技指数发起(QDII)A,指数型-海外股票,00981,中芯国际,中芯国际H,电芯片/核心半导体,4.33%,,10.65,1
022122,国泰海通中证香港科技指数发起(QDII)C,指数型-海外股票,00981,中芯国际,中芯国际H,电芯片/核心半导体,4.33%,,10.65,1
022124,国寿安保策略精选混合C,混合型-偏股,06869,长飞光纤光缆,长飞光纤光缆,光芯片/光通信,8.92%,10664.27,66.0,1
022168,富国洞见价值股票E,股票型,00981,中芯国际,中芯国际H,电芯片/核心半导体,4.79%,5470.89,122.2,1
022184,富国全球科技互联网股票(QDII)C,QDII-普通股票,000660,SK海力士,SK海力士,存储,4.11%,,2.35,1
022184,富国全球科技互联网股票(QDII)C,QDII-普通股票,005930,三星电子,三星电子,存储,3.33%,,9.2,1
022184,富国全球科技互联网股票(QDII)C,QDII-普通股票,TSM,台积电,台积电ADR,电芯片/核心半导体,10.06%,,9.0,1
022184,富国全球科技互联网股票(QDII)C,QDII-普通股票,NVDA,英伟达,英伟达,电芯片/核心半导体,9.80%,,17.0,1
022184,富国全球科技互联网股票(QDII)C,QDII-普通股票,AMD,超威半导体,超威半导体,电芯片/核心半导体,7.40%,,11.0,1
022184,富国全球科技互联网股票(QDII)C,QDII-普通股票,INTC,英特尔,英特尔,电芯片/核心半导体,3.66%,,25.1,1
022184,富国全球科技互联网股票(QDII)C,QDII-普通股票,ASML,阿斯麦,阿斯麦,电芯片/核心半导体,3.58%,,0.82,1
022204,永赢中证A50指数增强发起A,指数型-股票,00981,中芯国际,中芯国际H,电芯片/核心半导体,1.72%,64.91,1.45,1
022205,永赢中证A50指数增强发起C,指数型-股票,00981,中芯国际,中芯国际H,电芯片/核心半导体,1.72%,64.91,1.45,1
022334,广发产业甄选混合A,混合型-偏股,00981,中芯国际,中芯国际H,电芯片/核心半导体,4.17%,44.77,1.0,1
022335,广发产业甄选混合C,混合型-偏股,00981,中芯国际,中芯国际H,电芯片/核心半导体,4.17%,44.77,1.0,1
022525,天弘纳斯达克100指数发起(QDII)D,指数型-海外股票,NVDA,英伟达,英伟达,电芯片/核心半导体,7.75%,,30.68,1
022525,天弘纳斯达克100指数发起(QDII)D,指数型-海外股票,AVGO,博通,博通,电芯片/核心半导体,2.68%,,5.99,1
022672,平安产业竞争力混合C,混合型-偏股,00981,中芯国际,中芯国际H,电芯片/核心半导体,6.99%,5759.09,128.65,1
022673,平安产业竞争力混合A,混合型-偏股,00981,中芯国际,中芯国际H,电芯片/核心半导体,6.99%,5759.09,128.65,1
022682,平安盈弘6个月持有债券(FOF)A,FOF-稳健型,00981,中芯国际,中芯国际H,电芯片/核心半导体,0.25%,15.67,0.35,1
022683,平安盈弘6个月持有债券(FOF)C,FOF-稳健型,00981,中芯国际,中芯国际H,电芯片/核心半导体,0.25%,15.67,0.35,1
022704,银河科技成长混合发起式A,混合型-偏股,01347,华虹半导体,华虹半导体,电芯片/核心半导体,4.19%,123.41,1.8,1
022705,银河科技成长混合发起式C,混合型-偏股,01347,华虹半导体,华虹半导体,电芯片/核心半导体,4.19%,123.41,1.8,1
022834,鹏华中证沪港深科技龙头指数(LOF)I,指数型-股票,00981,中芯国际,中芯国际H,电芯片/核心半导体,3.23%,192.49,4.3,1
022914,易方达沪深300精选增强Y,指数型-股票,00981,中芯国际,中芯国际H,电芯片/核心半导体,1.37%,4675.76,104.45,1
023034,中欧恒生科技指数发起(QDII)A,指数型-海外股票,00981,中芯国际,中芯国际H,电芯片/核心半导体,6.05%,,50.55,1
023035,中欧恒生科技指数发起(QDII)C,指数型-海外股票,00981,中芯国际,中芯国际H,电芯片/核心半导体,6.05%,,50.55,1
023044,太平科技先锋混合发起式A,混合型-偏股,01347,华虹半导体,华虹半导体,电芯片/核心半导体,6.56%,301.67,4.4,1
023044,太平科技先锋混合发起式A,混合型-偏股,00981,中芯国际,中芯国际H,电芯片/核心半导体,5.35%,246.21,5.5,1
023045,太平科技先锋混合发起式C,混合型-偏股,01347,华虹半导体,华虹半导体,电芯片/核心半导体,6.56%,301.67,4.4,1
023045,太平科技先锋混合发起式C,混合型-偏股,00981,中芯国际,中芯国际H,电芯片/核心半导体,5.35%,246.21,5.5,1
023176,中邮沪港深精选混合C,混合型-偏股,00981,中芯国际,中芯国际H,电芯片/核心半导体,7.61%,268.59,6.0,1
023176,中邮沪港深精选混合C,混合型-偏股,01347,华虹半导体,华虹半导体,电芯片/核心半导体,2.72%,95.99,1.4,1
023392,景顺长城稳健增益债券F,债券型-混合二级,00981,中芯国际,中芯国际H,电芯片/核心半导体,0.36%,11191.39,250.0,1
023402,广发全球精选股票(QDII)人民币F,QDII-普通股票,SNDK,闪迪,闪迪,存储,3.54%,,12.12,1
023402,广发全球精选股票(QDII)人民币F,QDII-普通股票,MU,美光科技,美光科技,存储,3.26%,,20.93,1
023402,广发全球精选股票(QDII)人民币F,QDII-普通股票,ASML,阿斯麦,阿斯麦,电芯片/核心半导体,5.21%,,8.57,1
023402,广发全球精选股票(QDII)人民币F,QDII-普通股票,NVDA,英伟达,英伟达,电芯片/核心半导体,4.47%,,55.67,1
023402,广发全球精选股票(QDII)人民币F,QDII-普通股票,LRCX,拉姆研究,拉姆研究,电芯片/核心半导体,4.01%,,40.72,1
023402,广发全球精选股票(QDII)人民币F,QDII-普通股票,AVGO,博通,博通,电芯片/核心半导体,3.27%,,22.94,1
023422,建信纳斯达克100指数(QDII)D人民币,指数型-海外股票,NVDA,英伟达,英伟达,电芯片/核心半导体,8.29%,,18.03,1
023422,建信纳斯达克100指数(QDII)D人民币,指数型-海外股票,AVGO,博通,博通,电芯片/核心半导体,2.86%,,3.5,1
023451,中欧信息科技混合发起A,混合型-偏股,06869,长飞光纤光缆,长飞光纤光缆,光芯片/光通信,7.58%,68752.23,425.5,1
023452,中欧信息科技混合发起C,混合型-偏股,06869,长飞光纤光缆,长飞光纤光缆,光芯片/光通信,7.58%,68752.23,425.5,1
023559,招商普盛全球配置(QDII)人民币C,QDII-混合灵活,SNDK,闪迪,闪迪,存储,0.59%,,0.07,1
023559,招商普盛全球配置(QDII)人民币C,QDII-混合灵活,MU,美光科技,美光科技,存储,0.34%,,0.07,1
023559,招商普盛全球配置(QDII)人民币C,QDII-混合灵活,ARM,Arm Holdings plc ADR,Arm Holdings,电芯片/核心半导体,0.35%,,0.17,1
023559,招商普盛全球配置(QDII)人民币C,QDII-混合灵活,AVGO,博通,博通,电芯片/核心半导体,0.35%,,0.08,1
024148,长城恒生科技指数(QDII)A,指数型-海外股票,00981,中芯国际,中芯国际H,电芯片/核心半导体,6.07%,,25.95,1
024149,长城恒生科技指数(QDII)C,指数型-海外股票,00981,中芯国际,中芯国际H,电芯片/核心半导体,6.07%,,25.95,1
024159,大成港股通机遇混合A,混合型-偏股,00981,中芯国际,中芯国际H,电芯片/核心半导体,4.32%,8729.29,195.0,1
024160,大成港股通机遇混合C,混合型-偏股,00981,中芯国际,中芯国际H,电芯片/核心半导体,4.32%,8729.29,195.0,1
024166,西部利得恒生科技指数(QDII)A,指数型-海外股票,00981,中芯国际,中芯国际H,电芯片/核心半导体,6.13%,,35.8,1
024167,西部利得恒生科技指数(QDII)C,指数型-海外股票,00981,中芯国际,中芯国际H,电芯片/核心半导体,6.13%,,35.8,1
024169,信澳先进智造股票型C,股票型,01347,华虹半导体,华虹半导体,电芯片/核心半导体,6.13%,3968.55,57.88,1
024239,华夏全球科技先锋混合(QDII)C,QDII-混合偏股,LITE,Lumentum Holdings Inc,Lumentum,光芯片/光通信,4.72%,,4.56,1
024239,华夏全球科技先锋混合(QDII)C,QDII-混合偏股,COHR,Coherent Corp,Coherent,光芯片/光通信,4.59%,,13.08,1
024239,华夏全球科技先锋混合(QDII)C,QDII-混合偏股,GLW,康宁,康宁,光芯片/光通信,4.15%,,20.71,1
024239,华夏全球科技先锋混合(QDII)C,QDII-混合偏股,SNDK,闪迪,闪迪,存储,2.66%,,2.84,1
024239,华夏全球科技先锋混合(QDII)C,QDII-混合偏股,MU,美光科技,美光科技,存储,2.30%,,4.61,1
024239,华夏全球科技先锋混合(QDII)C,QDII-混合偏股,TSM,台积电,台积电ADR,电芯片/核心半导体,4.87%,,9.77,1
024396,东兴产业升级混合发起A,混合型-偏股,01347,华虹半导体,华虹半导体,电芯片/核心半导体,6.12%,102.84,1.5,1
024396,东兴产业升级混合发起A,混合型-偏股,00981,中芯国际,中芯国际H,电芯片/核心半导体,4.00%,67.15,1.5,1
024397,东兴产业升级混合发起C,混合型-偏股,01347,华虹半导体,华虹半导体,电芯片/核心半导体,6.12%,102.84,1.5,1
024397,东兴产业升级混合发起C,混合型-偏股,00981,中芯国际,中芯国际H,电芯片/核心半导体,4.00%,67.15,1.5,1
024433,嘉实成长共赢混合A,混合型-偏股,06869,长飞光纤光缆,长飞光纤光缆,光芯片/光通信,6.57%,9573.61,59.25,1
024433,嘉实成长共赢混合A,混合型-偏股,01347,华虹半导体,华虹半导体,电芯片/核心半导体,3.75%,5471.17,79.8,1
024434,嘉实成长共赢混合C,混合型-偏股,06869,长飞光纤光缆,长飞光纤光缆,光芯片/光通信,6.57%,9573.61,59.25,1
024434,嘉实成长共赢混合C,混合型-偏股,01347,华虹半导体,华虹半导体,电芯片/核心半导体,3.75%,5471.17,79.8,1
024439,交银瑞安混合A,混合型-偏股,06869,长飞光纤光缆,长飞光纤光缆,光芯片/光通信,3.33%,2073.38,12.83,1
024439,交银瑞安混合A,混合型-偏股,01347,华虹半导体,华虹半导体,电芯片/核心半导体,2.15%,1338.87,19.53,1
024440,交银瑞安混合C,混合型-偏股,06869,长飞光纤光缆,长飞光纤光缆,光芯片/光通信,3.33%,2073.38,12.83,1
024440,交银瑞安混合C,混合型-偏股,01347,华虹半导体,华虹半导体,电芯片/核心半导体,2.15%,1338.87,19.53,1
024441,汇添富均衡潜力优选混合A,混合型-偏股,06869,长飞光纤光缆,长飞光纤光缆,光芯片/光通信,6.85%,710.95,4.4,1
024442,汇添富均衡潜力优选混合C,混合型-偏股,06869,长飞光纤光缆,长飞光纤光缆,光芯片/光通信,6.85%,710.95,4.4,1
024459,华商致远回报混合A,混合型-偏股,06869,长飞光纤光缆,长飞光纤光缆,光芯片/光通信,8.95%,56043.23,346.85,1
024460,华商致远回报混合C,混合型-偏股,06869,长飞光纤光缆,长飞光纤光缆,光芯片/光通信,8.95%,56043.23,346.85,1
024469,大成至臻回报混合A,混合型-偏股,06869,长飞光纤光缆,长飞光纤光缆,光芯片/光通信,3.54%,1074.51,6.65,1
024470,大成至臻回报混合C,混合型-偏股,06869,长飞光纤光缆,长飞光纤光缆,光芯片/光通信,3.54%,1074.51,6.65,1
024474,兴全合熙混合A,混合型-偏股,01415,高伟电子,高伟电子,光芯片/光通信,3.46%,954.35,41.7,1
024475,兴全合熙混合C,混合型-偏股,01415,高伟电子,高伟电子,光芯片/光通信,3.46%,954.35,41.7,1
024501,招商科技智选混合发起式A,混合型-偏股,06869,长飞光纤光缆,长飞光纤光缆,光芯片/光通信,3.83%,56.55,0.35,1
024502,招商科技智选混合发起式C,混合型-偏股,06869,长飞光纤光缆,长飞光纤光缆,光芯片/光通信,3.83%,56.55,0.35,1
024534,平安港股通科技精选混合A,混合型-偏股,00981,中芯国际,中芯国际H,电芯片/核心半导体,7.68%,10714.64,239.35,1
024534,平安港股通科技精选混合A,混合型-偏股,01347,华虹半导体,华虹半导体,电芯片/核心半导体,7.25%,10112.76,147.5,1
024535,平安港股通科技精选混合C,混合型-偏股,00981,中芯国际,中芯国际H,电芯片/核心半导体,7.68%,10714.64,239.35,1
024535,平安港股通科技精选混合C,混合型-偏股,01347,华虹半导体,华虹半导体,电芯片/核心半导体,7.25%,10112.76,147.5,1
024615,天弘稳健回报债券发起D,债券型-混合二级,01347,华虹半导体,华虹半导体,电芯片/核心半导体,0.31%,205.68,3.0,1
024731,富国双利增强债券E,债券型-混合二级,00981,中芯国际,中芯国际H,电芯片/核心半导体,0.20%,1343.1,30.0,1
024735,永赢港股通科技智选混合发起A,混合型-偏股,06869,长飞光纤光缆,长飞光纤光缆,光芯片/光通信,4.32%,3191.2,19.75,1
024735,永赢港股通科技智选混合发起A,混合型-偏股,00981,中芯国际,中芯国际H,电芯片/核心半导体,7.59%,5604.65,125.2,1
024736,永赢港股通科技智选混合发起C,混合型-偏股,06869,长飞光纤光缆,长飞光纤光缆,光芯片/光通信,4.32%,3191.2,19.75,1
024736,永赢港股通科技智选混合发起C,混合型-偏股,00981,中芯国际,中芯国际H,电芯片/核心半导体,7.59%,5604.65,125.2,1
024820,国富国证港股通科技指数A,指数型-股票,00981,中芯国际,中芯国际H,电芯片/核心半导体,5.13%,2092.79,46.75,1
024821,国富国证港股通科技指数C,指数型-股票,00981,中芯国际,中芯国际H,电芯片/核心半导体,5.13%,2092.79,46.75,1
024836,中欧港股通科技混合发起A,混合型-偏股,06869,长飞光纤光缆,长飞光纤光缆,光芯片/光通信,9.19%,13936.28,86.25,1
024837,中欧港股通科技混合发起C,混合型-偏股,06869,长飞光纤光缆,长飞光纤光缆,光芯片/光通信,9.19%,13936.28,86.25,1
024847,国投瑞银中证港股通科技指数发起式A,指数型-股票,00981,中芯国际,中芯国际H,电芯片/核心半导体,6.02%,308.88,6.9,1
024848,国投瑞银中证港股通科技指数发起式C,指数型-股票,00981,中芯国际,中芯国际H,电芯片/核心半导体,6.02%,308.88,6.9,1
024885,天弘港股科技ETF联接A,指数型-股票,00981,中芯国际,中芯国际H,电芯片/核心半导体,0.00%,6.71,0.15,1
024886,天弘港股科技ETF联接C,指数型-股票,00981,中芯国际,中芯国际H,电芯片/核心半导体,0.00%,6.71,0.15,1
025024,华商港股通价值回报混合,混合型-偏股,00981,中芯国际,中芯国际H,电芯片/核心半导体,5.10%,9859.62,220.25,1
025152,华富安康三个月持有期债券A,债券型-混合二级,00981,中芯国际,中芯国际H,电芯片/核心半导体,0.04%,4.48,0.1,1
025153,华富安康三个月持有期债券C,债券型-混合二级,00981,中芯国际,中芯国际H,电芯片/核心半导体,0.04%,4.48,0.1,1
025181,浦银安盛港股通科技指数A,指数型-股票,00981,中芯国际,中芯国际H,电芯片/核心半导体,5.03%,1927.16,43.05,1
025182,浦银安盛港股通科技指数C,指数型-股票,00981,中芯国际,中芯国际H,电芯片/核心半导体,5.03%,1927.16,43.05,1
025191,富国成长策略混合C,混合型-偏股,06869,长飞光纤光缆,长飞光纤光缆,光芯片/光通信,7.61%,20973.73,129.8,1
025222,创金合信弘科混合发起A,混合型-偏股,01347,华虹半导体,华虹半导体,电芯片/核心半导体,3.73%,959.85,14.0,1
025223,创金合信弘科混合发起C,混合型-偏股,01347,华虹半导体,华虹半导体,电芯片/核心半导体,3.73%,959.85,14.0,1
025303,东方红汇诚债券A,债券型-混合二级,00981,中芯国际,中芯国际H,电芯片/核心半导体,0.08%,13.43,0.3,1
025304,东方红汇诚债券C,债券型-混合二级,00981,中芯国际,中芯国际H,电芯片/核心半导体,0.08%,13.43,0.3,1
025339,招商普盛全球配置(QDII)人民币D,QDII-混合灵活,SNDK,闪迪,闪迪,存储,0.59%,,0.07,1
025339,招商普盛全球配置(QDII)人民币D,QDII-混合灵活,MU,美光科技,美光科技,存储,0.34%,,0.07,1
025339,招商普盛全球配置(QDII)人民币D,QDII-混合灵活,ARM,Arm Holdings plc ADR,Arm Holdings,电芯片/核心半导体,0.35%,,0.17,1
025339,招商普盛全球配置(QDII)人民币D,QDII-混合灵活,AVGO,博通,博通,电芯片/核心半导体,0.35%,,0.08,1
025349,广发乾享核心精选混合A,混合型-偏股,06869,长飞光纤光缆,长飞光纤光缆,光芯片/光通信,5.41%,1736.98,10.75,1
025350,广发乾享核心精选混合C,混合型-偏股,06869,长飞光纤光缆,长飞光纤光缆,光芯片/光通信,5.41%,1736.98,10.75,1
025372,景顺长城景颐裕利债券F,债券型-混合二级,00981,中芯国际,中芯国际H,电芯片/核心半导体,0.11%,1051.99,23.5,1
025421,浦银安盛数字经济混合A,混合型-偏股,06869,长飞光纤光缆,长飞光纤光缆,光芯片/光通信,7.04%,17620.28,109.05,1
025422,浦银安盛数字经济混合C,混合型-偏股,06869,长飞光纤光缆,长飞光纤光缆,光芯片/光通信,7.04%,17620.28,109.05,1
025426,国联中证港股通综合指数增强A,指数型-股票,00981,中芯国际,中芯国际H,电芯片/核心半导体,6.46%,819.21,18.3,1
025427,国联中证港股通综合指数增强C,指数型-股票,00981,中芯国际,中芯国际H,电芯片/核心半导体,6.46%,819.21,18.3,1
025468,富国创新趋势股票C,股票型,06869,长飞光纤光缆,长飞光纤光缆,光芯片/光通信,3.04%,12239.69,75.75,1
025511,广发信息产业股票发起式A,股票型,06869,长飞光纤光缆,长飞光纤光缆,光芯片/光通信,0.85%,105.03,0.65,1
025512,广发信息产业股票发起式C,股票型,06869,长飞光纤光缆,长飞光纤光缆,光芯片/光通信,0.85%,105.03,0.65,1
025525,平安恒生港股通科技主题ETF发起式联接A,指数型-股票,00981,中芯国际,中芯国际H,电芯片/核心半导体,3.37%,282.02,6.3,1
025526,平安恒生港股通科技主题ETF发起式联接C,指数型-股票,00981,中芯国际,中芯国际H,电芯片/核心半导体,3.37%,282.02,6.3,1
025544,汇添富港股通科技精选混合发起式A,混合型-偏股,06869,长飞光纤光缆,长飞光纤光缆,光芯片/光通信,12.71%,31790.84,196.75,1
025544,汇添富港股通科技精选混合发起式A,混合型-偏股,00981,中芯国际,中芯国际H,电芯片/核心半导体,6.55%,16384.2,366.0,1
025544,汇添富港股通科技精选混合发起式A,混合型-偏股,01347,华虹半导体,华虹半导体,电芯片/核心半导体,6.25%,15631.92,228.0,1
025545,汇添富港股通科技精选混合发起式C,混合型-偏股,06869,长飞光纤光缆,长飞光纤光缆,光芯片/光通信,12.71%,31790.84,196.75,1
025545,汇添富港股通科技精选混合发起式C,混合型-偏股,00981,中芯国际,中芯国际H,电芯片/核心半导体,6.55%,16384.2,366.0,1
025545,汇添富港股通科技精选混合发起式C,混合型-偏股,01347,华虹半导体,华虹半导体,电芯片/核心半导体,6.25%,15631.92,228.0,1
025558,光大阳光启明星创新驱动混合A,混合型-偏股,06869,长飞光纤光缆,长飞光纤光缆,光芯片/光通信,2.22%,400.81,2.48,1
025559,光大阳光启明星创新驱动混合C,混合型-偏股,06869,长飞光纤光缆,长飞光纤光缆,光芯片/光通信,2.22%,400.81,2.48,1
025560,光大阳光启明星创新驱动混合D,混合型-偏股,06869,长飞光纤光缆,长飞光纤光缆,光芯片/光通信,2.22%,400.81,2.48,1
025648,易方达港股通科技混合A,混合型-偏股,06869,长飞光纤光缆,长飞光纤光缆,光芯片/光通信,9.55%,13233.39,81.9,1
025648,易方达港股通科技混合A,混合型-偏股,00981,中芯国际,中芯国际H,电芯片/核心半导体,5.48%,7596.72,169.7,1
025648,易方达港股通科技混合A,混合型-偏股,01347,华虹半导体,华虹半导体,电芯片/核心半导体,3.17%,4387.91,64.0,1
025649,易方达港股通科技混合C,混合型-偏股,06869,长飞光纤光缆,长飞光纤光缆,光芯片/光通信,9.55%,13233.39,81.9,1
025649,易方达港股通科技混合C,混合型-偏股,00981,中芯国际,中芯国际H,电芯片/核心半导体,5.48%,7596.72,169.7,1
025649,易方达港股通科技混合C,混合型-偏股,01347,华虹半导体,华虹半导体,电芯片/核心半导体,3.17%,4387.91,64.0,1
025673,鑫元港股通领航混合C,混合型-偏股,01347,华虹半导体,华虹半导体,电芯片/核心半导体,5.86%,308.52,4.5,1
025674,鑫元港股通领航混合A,混合型-偏股,01347,华虹半导体,华虹半导体,电芯片/核心半导体,5.86%,308.52,4.5,1
025686,国泰半导体制造精选混合发起A,混合型-偏股,01347,华虹半导体,华虹半导体,电芯片/核心半导体,2.01%,281.1,4.1,1
025687,国泰半导体制造精选混合发起C,混合型-偏股,01347,华虹半导体,华虹半导体,电芯片/核心半导体,2.01%,281.1,4.1,1
025701,易方达科技创新混合C,混合型-偏股,06869,长飞光纤光缆,长飞光纤光缆,光芯片/光通信,4.01%,8709.15,53.9,1
025758,华安新兴动力混合发起式A,混合型-偏股,06869,长飞光纤光缆,长飞光纤光缆,光芯片/光通信,6.69%,6018.85,37.25,1
025759,华安新兴动力混合发起式C,混合型-偏股,06869,长飞光纤光缆,长飞光纤光缆,光芯片/光通信,6.69%,6018.85,37.25,1
025880,汇添富科技领先混合A,混合型-偏股,06869,长飞光纤光缆,长飞光纤光缆,光芯片/光通信,5.75%,14889.58,92.15,1
025881,汇添富科技领先混合C,混合型-偏股,06869,长飞光纤光缆,长飞光纤光缆,光芯片/光通信,5.75%,14889.58,92.15,1
025918,易方达科技先锋混合A,混合型-偏股,06869,长飞光纤光缆,长飞光纤光缆,光芯片/光通信,3.16%,4758.53,29.45,1
025919,易方达科技先锋混合C,混合型-偏股,06869,长飞光纤光缆,长飞光纤光缆,光芯片/光通信,3.16%,4758.53,29.45,1
025988,鹏华创新未来混合(LOF)A,混合型-偏股,06869,长飞光纤光缆,长飞光纤光缆,光芯片/光通信,8.83%,15560.14,96.3,1
026173,路博迈港股通科技股票A,股票型,06869,长飞光纤光缆,长飞光纤光缆,光芯片/光通信,2.46%,1526.93,9.45,1
026173,路博迈港股通科技股票A,股票型,00981,中芯国际,中芯国际H,电芯片/核心半导体,3.34%,2079.36,46.45,1
026174,路博迈港股通科技股票C,股票型,06869,长飞光纤光缆,长飞光纤光缆,光芯片/光通信,2.46%,1526.93,9.45,1
026174,路博迈港股通科技股票C,股票型,00981,中芯国际,中芯国际H,电芯片/核心半导体,3.34%,2079.36,46.45,1
026206,宝盈恒生科技指数(QDII)A,指数型-海外股票,00981,中芯国际,中芯国际H,电芯片/核心半导体,5.99%,,96.15,1
026207,宝盈恒生科技指数(QDII)C,指数型-海外股票,00981,中芯国际,中芯国际H,电芯片/核心半导体,5.99%,,96.15,1
026210,平安科技精选混合发起式A,混合型-偏股,06869,长飞光纤光缆,长飞光纤光缆,光芯片/光通信,5.18%,2746.86,17.0,1
026211,平安科技精选混合发起式C,混合型-偏股,06869,长飞光纤光缆,长飞光纤光缆,光芯片/光通信,5.18%,2746.86,17.0,1
026228,富国全球科技互联网股票(QDII)D,QDII-普通股票,000660,SK海力士,SK海力士,存储,4.11%,,2.35,1
026228,富国全球科技互联网股票(QDII)D,QDII-普通股票,005930,三星电子,三星电子,存储,3.33%,,9.2,1
026228,富国全球科技互联网股票(QDII)D,QDII-普通股票,TSM,台积电,台积电ADR,电芯片/核心半导体,10.06%,,9.0,1
026228,富国全球科技互联网股票(QDII)D,QDII-普通股票,NVDA,英伟达,英伟达,电芯片/核心半导体,9.80%,,17.0,1
026228,富国全球科技互联网股票(QDII)D,QDII-普通股票,AMD,超威半导体,超威半导体,电芯片/核心半导体,7.40%,,11.0,1
026228,富国全球科技互联网股票(QDII)D,QDII-普通股票,INTC,英特尔,英特尔,电芯片/核心半导体,3.66%,,25.1,1
026228,富国全球科技互联网股票(QDII)D,QDII-普通股票,ASML,阿斯麦,阿斯麦,电芯片/核心半导体,3.58%,,0.82,1
050015,博时大中华亚太精选,QDII-普通股票,2330,台积电,台积电,电芯片/核心半导体,7.43%,,3.5,1
050015,博时大中华亚太精选,QDII-普通股票,2454,联发科,联发科,电芯片/核心半导体,3.95%,,2.2,1
050020,博时抗通胀增强回报,QDII-商品,NVDA,英伟达,英伟达,电芯片/核心半导体,7.09%,,0.52,1
050020,博时抗通胀增强回报,QDII-商品,TSM,台积电,台积电ADR,电芯片/核心半导体,4.40%,,0.17,1
050020,博时抗通胀增强回报,QDII-商品,ASML,阿斯麦,阿斯麦,电芯片/核心半导体,0.63%,,0.01,1
080006,长盛环球行业混合(QDII),QDII-混合偏股,COHR,Coherent Corp,Coherent,光芯片/光通信,2.00%,,0.04,1
080006,长盛环球行业混合(QDII),QDII-混合偏股,NVDA,英伟达,英伟达,电芯片/核心半导体,4.92%,,0.12,1
080006,长盛环球行业混合(QDII),QDII-混合偏股,TSM,台积电,台积电ADR,电芯片/核心半导体,3.89%,,0.05,1
080006,长盛环球行业混合(QDII),QDII-混合偏股,AVGO,博通,博通,电芯片/核心半导体,2.97%,,0.04,1
080006,长盛环球行业混合(QDII),QDII-混合偏股,MRVL,迈威尔科技,迈威尔科技,电芯片/核心半导体,2.38%,,0.1,1
100055,富国全球科技互联网股票(QDII)A,QDII-普通股票,000660,SK海力士,SK海力士,存储,4.11%,,2.35,1
100055,富国全球科技互联网股票(QDII)A,QDII-普通股票,005930,三星电子,三星电子,存储,3.33%,,9.2,1
100055,富国全球科技互联网股票(QDII)A,QDII-普通股票,TSM,台积电,台积电ADR,电芯片/核心半导体,10.06%,,9.0,1
100055,富国全球科技互联网股票(QDII)A,QDII-普通股票,NVDA,英伟达,英伟达,电芯片/核心半导体,9.80%,,17.0,1
100055,富国全球科技互联网股票(QDII)A,QDII-普通股票,AMD,超威半导体,超威半导体,电芯片/核心半导体,7.40%,,11.0,1
100055,富国全球科技互联网股票(QDII)A,QDII-普通股票,INTC,英特尔,英特尔,电芯片/核心半导体,3.66%,,25.1,1
100055,富国全球科技互联网股票(QDII)A,QDII-普通股票,ASML,阿斯麦,阿斯麦,电芯片/核心半导体,3.58%,,0.82,1
118001,易方达亚洲精选股票,QDII-普通股票,005930,三星电子,三星电子,存储,9.18%,,38.5,1
118001,易方达亚洲精选股票,QDII-普通股票,000660,SK海力士,SK海力士,存储,7.59%,,6.6,1
118001,易方达亚洲精选股票,QDII-普通股票,TSM,台积电,台积电ADR,电芯片/核心半导体,6.79%,,9.2,1
118001,易方达亚洲精选股票,QDII-普通股票,ASML,阿斯麦,阿斯麦,电芯片/核心半导体,5.19%,,1.8,1
118001,易方达亚洲精选股票,QDII-普通股票,2330,台积电,台积电,电芯片/核心半导体,3.31%,,27.5,1
159101,港股通科技ETF华夏,指数型-股票,00981,中芯国际,中芯国际H,电芯片/核心半导体,5.48%,16625.93,371.4,1
159120,港股通科技ETF国联安,指数型-股票,00981,中芯国际,中芯国际H,电芯片/核心半导体,5.46%,799.07,17.85,1
159120,港股通科技ETF国联安,指数型-股票,01347,华虹半导体,华虹半导体,电芯片/核心半导体,3.09%,452.5,6.6,1
159125,港股通科技ETF招商,指数型-股票,00981,中芯国际,中芯国际H,电芯片/核心半导体,5.43%,3415.61,76.3,1
159128,港股科技ETF天弘,指数型-股票,00981,中芯国际,中芯国际H,电芯片/核心半导体,5.48%,11708.43,261.55,1
159131,港股通信息技术ETF华宝,指数型-股票,00981,中芯国际,中芯国际H,电芯片/核心半导体,12.44%,6159.74,137.6,1
159131,港股通信息技术ETF华宝,指数型-股票,01347,华虹半导体,华虹半导体,电芯片/核心半导体,7.05%,3489.76,50.9,1
159135,港股通科技ETF前海开源,指数型-股票,00981,中芯国际,中芯国际H,电芯片/核心半导体,5.50%,3771.5,84.25,2
159135,港股通科技ETF前海开源,指数型-股票,01347,华虹半导体,华虹半导体,电芯片/核心半导体,3.09%,2118.54,30.9,2
159152,港股通科技ETF平安,指数型-股票,00981,中芯国际,中芯国际H,电芯片/核心半导体,5.36%,4158.72,92.9,2
159152,港股通科技ETF平安,指数型-股票,01347,华虹半导体,华虹半导体,电芯片/核心半导体,2.99%,2317.36,33.8,2
159251,港股通科技ETF万家,指数型-股票,00981,中芯国际,中芯国际H,电芯片/核心半导体,5.45%,1372.06,30.65,1
159262,港股通科技ETF广发,指数型-股票,00981,中芯国际,中芯国际H,电芯片/核心半导体,5.43%,50007.61,1117.1,1
159262,港股通科技ETF广发,指数型-股票,01347,华虹半导体,华虹半导体,电芯片/核心半导体,3.04%,27986.63,408.2,1
159269,港股通科技ETF南方,指数型-股票,00981,中芯国际,中芯国际H,电芯片/核心半导体,6.19%,11784.53,263.25,1
159501,纳指ETF嘉实,指数型-海外股票,NVDA,英伟达,英伟达,电芯片/核心半导体,8.16%,,65.01,1
159501,纳指ETF嘉实,指数型-海外股票,AVGO,博通,博通,电芯片/核心半导体,2.83%,,12.69,1
159509,纳指科技ETF景顺,指数型-海外股票,MU,美光科技,美光科技,存储,2.94%,,14.07,1
159509,纳指科技ETF景顺,指数型-海外股票,NVDA,英伟达,英伟达,电芯片/核心半导体,12.69%,,117.52,1
159509,纳指科技ETF景顺,指数型-海外股票,AVGO,博通,博通,电芯片/核心半导体,7.25%,,37.84,1
159509,纳指科技ETF景顺,指数型-海外股票,AMD,超威半导体,超威半导体,电芯片/核心半导体,2.40%,,19.06,1
159509,纳指科技ETF景顺,指数型-海外股票,AMAT,应用材料,应用材料,电芯片/核心半导体,1.98%,,9.34,1
159513,纳斯达克100ETF大成,指数型-海外股票,NVDA,英伟达,英伟达,电芯片/核心半导体,6.97%,,32.2,1
159513,纳斯达克100ETF大成,指数型-海外股票,AVGO,博通,博通,电芯片/核心半导体,2.41%,,6.26,1
159519,港股国企ETF国泰,指数型-海外股票,00981,中芯国际,中芯国际H,电芯片/核心半导体,4.53%,,13.23,1
159577,美国50ETF汇添富,指数型-海外股票,NVDA,英伟达,英伟达,电芯片/核心半导体,11.62%,,6.92,1
159577,美国50ETF汇添富,指数型-海外股票,AVGO,博通,博通,电芯片/核心半导体,3.82%,,1.28,1
159612,标普500ETF国泰,指数型-海外股票,NVDA,英伟达,英伟达,电芯片/核心半导体,6.90%,,4.26,1
159612,标普500ETF国泰,指数型-海外股票,AVGO,博通,博通,电芯片/核心半导体,2.39%,,0.83,1
159632,纳斯达克ETF华安,指数型-海外股票,NVDA,英伟达,英伟达,电芯片/核心半导体,7.96%,,58.75,1
159632,纳斯达克ETF华安,指数型-海外股票,AVGO,博通,博通,电芯片/核心半导体,2.75%,,11.42,1
159636,港股通科技30ETF工银,指数型-股票,00981,中芯国际,中芯国际H,电芯片/核心半导体,5.46%,162020.01,3619.3,1
159655,标普500ETF华夏,指数型-海外股票,NVDA,英伟达,英伟达,电芯片/核心半导体,7.47%,,20.99,1
159655,标普500ETF华夏,指数型-海外股票,AVGO,博通,博通,电芯片/核心半导体,2.59%,,4.1,1
159659,纳斯达克100ETF招商,指数型-海外股票,NVDA,英伟达,英伟达,电芯片/核心半导体,8.66%,,54.29,1
159659,纳斯达克100ETF招商,指数型-海外股票,AVGO,博通,博通,电芯片/核心半导体,3.00%,,10.59,1
159660,纳指ETF汇添富,指数型-海外股票,NVDA,英伟达,英伟达,电芯片/核心半导体,8.31%,,24.76,1
159660,纳指ETF汇添富,指数型-海外股票,AVGO,博通,博通,电芯片/核心半导体,2.88%,,4.83,1
159696,纳指ETF易方达,指数型-海外股票,NVDA,英伟达,英伟达,电芯片/核心半导体,8.04%,,25.04,1
159696,纳指ETF易方达,指数型-海外股票,AVGO,博通,博通,电芯片/核心半导体,2.78%,,4.89,1
159723,科技龙头ETF汇添富,指数型-股票,00981,中芯国际,中芯国际H,电芯片/核心半导体,3.33%,179.06,4.0,1
159740,恒生科技ETF大成,指数型-海外股票,00981,中芯国际,中芯国际H,电芯片/核心半导体,6.16%,,2533.7,1
159741,恒生科技ETF嘉实,指数型-海外股票,00981,中芯国际,中芯国际H,电芯片/核心半导体,6.45%,,162.35,1
159742,恒生科技ETF博时,指数型-海外股票,00981,中芯国际,中芯国际H,电芯片/核心半导体,6.29%,,669.15,1
159747,香港科技ETF南方,指数型-海外股票,00981,中芯国际,中芯国际H,电芯片/核心半导体,4.15%,,45.55,1
159750,港股科技50ETF招商,指数型-海外股票,00981,中芯国际,中芯国际H,电芯片/核心半导体,4.37%,,162.7,1
159751,港股通科技ETF鹏华,指数型-股票,00981,中芯国际,中芯国际H,电芯片/核心半导体,6.01%,6788.7,151.65,1
159941,纳指ETF广发,指数型-海外股票,NVDA,英伟达,英伟达,电芯片/核心半导体,7.88%,,180.38,1
159941,纳指ETF广发,指数型-海外股票,AVGO,博通,博通,电芯片/核心半导体,2.70%,,34.77,1
160125,南方香港优选股票,QDII-普通股票,06869,长飞光纤光缆,长飞光纤光缆,光芯片/光通信,4.00%,,14.15,1
160213,国泰纳斯达克100指数,指数型-海外股票,NVDA,英伟达,英伟达,电芯片/核心半导体,7.04%,,9.55,1
160213,国泰纳斯达克100指数,指数型-海外股票,AVGO,博通,博通,电芯片/核心半导体,2.44%,,1.87,1
160322,华夏港股通精选股票发起式(LOF)A,股票型,00981,中芯国际,中芯国际H,电芯片/核心半导体,5.14%,631.19,14.1,1
160644,鹏华港美互联股票人民币,QDII-普通股票,SNDK,闪迪,闪迪,存储,8.57%,,0.55,1
160644,鹏华港美互联股票人民币,QDII-普通股票,MU,美光科技,美光科技,存储,7.49%,,0.91,1
160644,鹏华港美互联股票人民币,QDII-普通股票,TSM,台积电,台积电ADR,电芯片/核心半导体,9.09%,,1.1,1
160644,鹏华港美互联股票人民币,QDII-普通股票,NVDA,英伟达,英伟达,电芯片/核心半导体,9.05%,,2.13,1
160644,鹏华港美互联股票人民币,QDII-普通股票,AVGO,博通,博通,电芯片/核心半导体,3.49%,,0.46,1
160644,鹏华港美互联股票人民币,QDII-普通股票,ASML,阿斯麦,阿斯麦,电芯片/核心半导体,2.85%,,0.09,1
160646,鹏华中证沪港深科技龙头指数(LOF)A,指数型-股票,00981,中芯国际,中芯国际H,电芯片/核心半导体,3.23%,192.49,4.3,1
161124,易方达香港小型股指数A,指数型-海外股票,06869,长飞光纤光缆,长飞光纤光缆,光芯片/光通信,6.30%,,2.5,1
161125,易方达标普500指数人民币A,指数型-海外股票,NVDA,英伟达,英伟达,电芯片/核心半导体,6.60%,,8.68,1
161125,易方达标普500指数人民币A,指数型-海外股票,AVGO,博通,博通,电芯片/核心半导体,2.29%,,1.7,1
161128,易方达标普信息科技指数(QDII-LOF)A(人民币),指数型-海外股票,MU,美光科技,美光科技,存储,1.81%,,2.67,1
161128,易方达标普信息科技指数(QDII-LOF)A(人民币),指数型-海外股票,NVDA,英伟达,英伟达,电芯片/核心半导体,20.16%,,57.71,1
161128,易方达标普信息科技指数(QDII-LOF)A(人民币),指数型-海外股票,AVGO,博通,博通,电芯片/核心半导体,6.98%,,11.26,1
161128,易方达标普信息科技指数(QDII-LOF)A(人民币),指数型-海外股票,AMD,超威半导体,超威半导体,电芯片/核心半导体,1.58%,,3.87,1
161128,易方达标普信息科技指数(QDII-LOF)A(人民币),指数型-海外股票,AMAT,应用材料,应用材料,电芯片/核心半导体,1.29%,,1.89,1
161128,易方达标普信息科技指数(QDII-LOF)A(人民币),指数型-海外股票,LRCX,拉姆研究,拉姆研究,电芯片/核心半导体,1.27%,,2.97,1
161132,易方达科顺定开混合,混合型-灵活,06869,长飞光纤光缆,长飞光纤光缆,光芯片/光通信,6.09%,492.82,3.05,1
161837,银华大盘两年定开混合,混合型-偏股,01347,华虹半导体,华虹半导体,电芯片/核心半导体,4.97%,980.42,14.3,1
161837,银华大盘两年定开混合,混合型-偏股,00981,中芯国际,中芯国际H,电芯片/核心半导体,4.74%,935.6,20.9,1
163813,中银全球策略(QDII-FOF)A,QDII-FOF,GLW,康宁,康宁,光芯片/光通信,0.17%,,0.1,1
163813,中银全球策略(QDII-FOF)A,QDII-FOF,NVDA,英伟达,英伟达,电芯片/核心半导体,0.45%,,0.2,1
163813,中银全球策略(QDII-FOF)A,QDII-FOF,ASML,阿斯麦,阿斯麦,电芯片/核心半导体,0.34%,,0.02,1
163813,中银全球策略(QDII-FOF)A,QDII-FOF,AMAT,应用材料,应用材料,电芯片/核心半导体,0.22%,,0.05,1
164212,天弘全球新能源汽车股票(QDII-LOF)A,QDII-普通股票,LITE,Lumentum Holdings Inc,Lumentum,光芯片/光通信,4.15%,,0.16,1
164212,天弘全球新能源汽车股票(QDII-LOF)A,QDII-普通股票,COHR,Coherent Corp,Coherent,光芯片/光通信,3.34%,,0.38,1
164212,天弘全球新能源汽车股票(QDII-LOF)A,QDII-普通股票,NVDA,英伟达,英伟达,电芯片/核心半导体,4.64%,,0.72,1
164212,天弘全球新能源汽车股票(QDII-LOF)A,QDII-普通股票,TSM,台积电,台积电ADR,电芯片/核心半导体,4.37%,,0.35,1
164212,天弘全球新能源汽车股票(QDII-LOF)A,QDII-普通股票,KLAC,科磊,科磊,电芯片/核心半导体,3.64%,,0.07,1
164212,天弘全球新能源汽车股票(QDII-LOF)A,QDII-普通股票,AVGO,博通,博通,电芯片/核心半导体,3.43%,,0.3,1
164212,天弘全球新能源汽车股票(QDII-LOF)A,QDII-普通股票,AMD,超威半导体,超威半导体,电芯片/核心半导体,3.31%,,0.44,1
164212,天弘全球新能源汽车股票(QDII-LOF)A,QDII-普通股票,LRCX,拉姆研究,拉姆研究,电芯片/核心半导体,3.27%,,0.42,1
168002,国寿安保策略精选混合A,混合型-偏股,06869,长飞光纤光缆,长飞光纤光缆,光芯片/光通信,8.92%,10664.27,66.0,1
169107,东方红恒阳五年持有混合,混合型-偏股,00981,中芯国际,中芯国际H,电芯片/核心半导体,3.58%,2171.35,48.5,1
169109,东方红睿和三年持有混合A,混合型-偏股,00981,中芯国际,中芯国际H,电芯片/核心半导体,3.57%,4877.69,108.95,1
202027,南方高端装备混合A,混合型-偏股,01347,华虹半导体,华虹半导体,电芯片/核心半导体,5.31%,5142.08,75.0,1
202027,南方高端装备混合A,混合型-偏股,00981,中芯国际,中芯国际H,电芯片/核心半导体,3.39%,3283.55,73.35,1
241001,华宝海外中国成长混合,QDII-混合偏股,06869,长飞光纤光缆,长飞光纤光缆,光芯片/光通信,5.44%,,2.1,1
262001,景顺长城大中华混合(QDII)A人民币,QDII-混合偏股,2330,台积电,台积电,电芯片/核心半导体,9.77%,,16.1,1
262001,景顺长城大中华混合(QDII)A人民币,QDII-混合偏股,2308,台达电,台达电,电芯片/核心半导体,4.33%,,9.1,1
270023,广发全球精选股票(QDII)人民币A,QDII-普通股票,SNDK,闪迪,闪迪,存储,3.54%,,12.12,1
270023,广发全球精选股票(QDII)人民币A,QDII-普通股票,MU,美光科技,美光科技,存储,3.26%,,20.93,1
270023,广发全球精选股票(QDII)人民币A,QDII-普通股票,ASML,阿斯麦,阿斯麦,电芯片/核心半导体,5.21%,,8.57,1
270023,广发全球精选股票(QDII)人民币A,QDII-普通股票,NVDA,英伟达,英伟达,电芯片/核心半导体,4.47%,,55.67,1
270023,广发全球精选股票(QDII)人民币A,QDII-普通股票,LRCX,拉姆研究,拉姆研究,电芯片/核心半导体,4.01%,,40.72,1
270023,广发全球精选股票(QDII)人民币A,QDII-普通股票,AVGO,博通,博通,电芯片/核心半导体,3.27%,,22.94,1
377016,摩根亚太优势混合(QDII)A,QDII-混合偏股,005930,三星电子,三星电子,存储,5.67%,,17.7,1
377016,摩根亚太优势混合(QDII)A,QDII-混合偏股,2330,台积电,台积电,电芯片/核心半导体,9.65%,,59.7,1
377016,摩根亚太优势混合(QDII)A,QDII-混合偏股,2308,台达电,台达电,电芯片/核心半导体,2.40%,,18.9,1
378006,摩根全球新兴市场混合(QDII),QDII-混合偏股,005930,三星电子,三星电子,存储,7.55%,,6.1,1
378006,摩根全球新兴市场混合(QDII),QDII-混合偏股,000660,SK海力士,SK海力士,存储,4.40%,,0.74,1
378006,摩根全球新兴市场混合(QDII),QDII-混合偏股,TSM,台积电,台积电ADR,电芯片/核心半导体,10.30%,,2.69,1
457001,国富亚洲机会股票(QDII)A,QDII-普通股票,005930,三星电子,三星电子,存储,5.28%,,12.89,1
457001,国富亚洲机会股票(QDII)A,QDII-普通股票,000660,SK海力士,SK海力士,存储,4.32%,,2.18,1
457001,国富亚洲机会股票(QDII)A,QDII-普通股票,2330,台积电,台积电,电芯片/核心半导体,5.48%,,26.8,1
457001,国富亚洲机会股票(QDII)A,QDII-普通股票,TSM,台积电,台积电ADR,电芯片/核心半导体,4.89%,,3.88,1
457001,国富亚洲机会股票(QDII)A,QDII-普通股票,2454,联发科,联发科,电芯片/核心半导体,2.94%,,17.0,1
457001,国富亚洲机会股票(QDII)A,QDII-普通股票,2308,台达电,台达电,电芯片/核心半导体,2.86%,,17.8,1
486001,工银全球股票(QDII)人民币,QDII-普通股票,NVDA,英伟达,英伟达,电芯片/核心半导体,3.48%,,1.05,1
486002,工银全球精选股票(QDII),QDII-普通股票,NVDA,英伟达,英伟达,电芯片/核心半导体,4.18%,,4.25,1
486002,工银全球精选股票(QDII),QDII-普通股票,TSM,台积电,台积电ADR,电芯片/核心半导体,2.69%,,1.41,1
486002,工银全球精选股票(QDII),QDII-普通股票,AVGO,博通,博通,电芯片/核心半导体,1.80%,,1.03,1
501062,南方瑞合定开混合(LOF),混合型-灵活,06869,长飞光纤光缆,长飞光纤光缆,光芯片/光通信,8.38%,6495.51,40.2,1
501062,南方瑞合定开混合(LOF),混合型-灵活,01347,华虹半导体,华虹半导体,电芯片/核心半导体,3.26%,2523.05,36.8,1
501077,富国创新企业灵活配置混合(LOF)A,混合型-灵活,06869,长飞光纤光缆,长飞光纤光缆,光芯片/光通信,1.13%,799.82,4.95,1
501081,中欧科创主题混合(LOF)A,混合型-偏股,00981,中芯国际,中芯国际H,电芯片/核心半导体,6.46%,16381.34,365.9,1
501082,博时科创主题灵活配置混合(LOF)A,混合型-灵活,06869,长飞光纤光缆,长飞光纤光缆,光芯片/光通信,4.60%,1850.09,11.45,1
501091,嘉实欣荣混合(LOF)A,混合型-偏股,06869,长飞光纤光缆,长飞光纤光缆,光芯片/光通信,8.36%,2423.7,15.0,1
501098,建信优享科技创新混合(LOF),混合型-偏股,01347,华虹半导体,华虹半导体,电芯片/核心半导体,4.74%,419.94,6.13,1
501099,平安新兴产业混合(LOF),混合型-偏股,06869,长飞光纤光缆,长飞光纤光缆,光芯片/光通信,2.83%,290.84,1.8,1
501188,汇添富核心精选混合(LOF),混合型-灵活,01347,华虹半导体,华虹半导体,电芯片/核心半导体,6.61%,5813.98,84.8,1
501188,汇添富核心精选混合(LOF),混合型-灵活,00981,中芯国际,中芯国际H,电芯片/核心半导体,6.16%,5418.87,121.05,1
501205,鹏华创新未来混合(LOF)C,混合型-偏股,06869,长飞光纤光缆,长飞光纤光缆,光芯片/光通信,8.83%,15560.14,96.3,1
501207,华夏创新未来混合(LOF),混合型-偏股,06869,长飞光纤光缆,长飞光纤光缆,光芯片/光通信,3.09%,6156.19,38.1,1
501208,中欧创新未来混合(LOF),混合型-偏股,00981,中芯国际,中芯国际H,电芯片/核心半导体,2.49%,6517.87,145.6,1
501226,长城全球新能源车股票发起式(QDII)A,QDII-普通股票,MU,美光科技,美光科技,存储,5.95%,,4.0,1
501226,长城全球新能源车股票发起式(QDII)A,QDII-普通股票,SNDK,闪迪,闪迪,存储,4.20%,,1.5,1
501226,长城全球新能源车股票发起式(QDII)A,QDII-普通股票,TSM,台积电,台积电ADR,电芯片/核心半导体,7.44%,,5.0,1
501226,长城全球新能源车股票发起式(QDII)A,QDII-普通股票,ASML,阿斯麦,阿斯麦,电芯片/核心半导体,7.27%,,1.25,1
501226,长城全球新能源车股票发起式(QDII)A,QDII-普通股票,NVDA,英伟达,英伟达,电芯片/核心半导体,6.99%,,9.1,1
501226,长城全球新能源车股票发起式(QDII)A,QDII-普通股票,AVGO,博通,博通,电芯片/核心半导体,5.45%,,4.0,1
501226,长城全球新能源车股票发起式(QDII)A,QDII-普通股票,KLAC,科磊,科磊,电芯片/核心半导体,4.54%,,0.7,1
501226,长城全球新能源车股票发起式(QDII)A,QDII-普通股票,LRCX,拉姆研究,拉姆研究,电芯片/核心半导体,4.23%,,4.5,1
501303,广发恒生中型股指数(LOF)A,指数型-股票,01347,华虹半导体,华虹半导体,电芯片/核心半导体,1.55%,75.42,1.1,1
501311,嘉实港股通新经济指数A,指数型-股票,00981,中芯国际,中芯国际H,电芯片/核心半导体,4.04%,13187.94,294.6,1
513010,恒生科技ETF易方达,指数型-海外股票,00981,中芯国际,中芯国际H,电芯片/核心半导体,6.27%,,4138.45,1
513020,港股科技ETF国泰,指数型-股票,00981,中芯国际,中芯国际H,电芯片/核心半导体,6.15%,26620.42,594.66,1
513100,纳指ETF国泰,指数型-海外股票,NVDA,英伟达,英伟达,电芯片/核心半导体,7.88%,,101.42,1
513100,纳指ETF国泰,指数型-海外股票,AVGO,博通,博通,电芯片/核心半导体,2.73%,,19.79,1
513110,纳指ETF华泰柏瑞,指数型-海外股票,NVDA,英伟达,英伟达,电芯片/核心半导体,8.25%,,27.1,1
513110,纳指ETF华泰柏瑞,指数型-海外股票,AVGO,博通,博通,电芯片/核心半导体,2.86%,,5.29,1
513150,港股通科技ETF华泰柏瑞,指数型-股票,00981,中芯国际,中芯国际H,电芯片/核心半导体,6.06%,812.5,18.15,1
513160,港股科技ETF银华,指数型-股票,00981,中芯国际,中芯国际H,电芯片/核心半导体,10.47%,51693.04,1154.75,1
513160,港股科技ETF银华,指数型-股票,01347,华虹半导体,华虹半导体,电芯片/核心半导体,3.04%,15035.44,219.3,1
513170,恒生央企ETF鹏华,指数型-海外股票,00981,中芯国际,中芯国际H,电芯片/核心半导体,5.85%,,48.25,1
513180,恒生科技ETF华夏,指数型-海外股票,00981,中芯国际,中芯国际H,电芯片/核心半导体,6.52%,,7254.35,1
513260,恒生科技ETF汇添富,指数型-海外股票,00981,中芯国际,中芯国际H,电芯片/核心半导体,6.31%,,963.9,1
513300,纳斯达克ETF华夏,指数型-海外股票,NVDA,英伟达,英伟达,电芯片/核心半导体,8.47%,,74.02,1
513300,纳斯达克ETF华夏,指数型-海外股票,AVGO,博通,博通,电芯片/核心半导体,2.93%,,14.44,1
513310,中韩半导体ETF华泰柏瑞,指数型-海外股票,005930,三星电子,三星电子,存储,18.84%,,129.24,1
513310,中韩半导体ETF华泰柏瑞,指数型-海外股票,000660,SK海力士,SK海力士,存储,15.53%,,22.08,1
513320,港股通新经济ETF易方达,指数型-股票,00981,中芯国际,中芯国际H,电芯片/核心半导体,4.25%,615.53,13.75,1
513380,恒生科技ETF广发,指数型-海外股票,00981,中芯国际,中芯国际H,电芯片/核心半导体,6.75%,,1800.95,1
513390,纳指100ETF博时,指数型-海外股票,NVDA,英伟达,英伟达,电芯片/核心半导体,8.21%,,22.4,1
513390,纳指100ETF博时,指数型-海外股票,AVGO,博通,博通,电芯片/核心半导体,2.85%,,4.38,1
513500,标普500ETF博时,指数型-海外股票,NVDA,英伟达,英伟达,电芯片/核心半导体,7.37%,,127.83,1
513500,标普500ETF博时,指数型-海外股票,AVGO,博通,博通,电芯片/核心半导体,2.55%,,24.97,1
513560,香港科技ETF兴银,指数型-股票,00981,中芯国际,中芯国际H,电芯片/核心半导体,6.04%,5242.05,117.1,1
513580,恒生科技ETF华安,指数型-海外股票,00981,中芯国际,中芯国际H,电芯片/核心半导体,6.18%,,623.6,1
513650,标普500ETF南方,指数型-海外股票,NVDA,英伟达,英伟达,电芯片/核心半导体,7.39%,,28.01,1
513650,标普500ETF南方,指数型-海外股票,AVGO,博通,博通,电芯片/核心半导体,2.56%,,5.47,1
513810,港股国企ETF华夏,指数型-海外股票,00981,中芯国际,中芯国际H,电芯片/核心半导体,4.32%,,6.35,1
513850,美国50ETF易方达,指数型-海外股票,NVDA,英伟达,英伟达,电芯片/核心半导体,11.55%,,16.1,1
513850,美国50ETF易方达,指数型-海外股票,AVGO,博通,博通,电芯片/核心半导体,3.80%,,2.98,1
513860,港股通科技ETF海富通,指数型-股票,00981,中芯国际,中芯国际H,电芯片/核心半导体,6.16%,21964.51,490.66,1
513870,纳指ETF富国,指数型-海外股票,NVDA,英伟达,英伟达,电芯片/核心半导体,7.95%,,12.68,1
513870,纳指ETF富国,指数型-海外股票,AVGO,博通,博通,电芯片/核心半导体,2.74%,,2.46,1
513890,恒生科技ETF摩根,指数型-海外股票,00981,中芯国际,中芯国际H,电芯片/核心半导体,6.99%,,137.15,1
513980,港股科技ETF景顺,指数型-股票,00981,中芯国际,中芯国际H,电芯片/核心半导体,6.14%,115054.22,2570.15,1
517350,沪港深科技ETF广发,指数型-股票,00981,中芯国际,中芯国际H,电芯片/核心半导体,3.41%,210.4,4.7,1
519696,交银环球精选混合(QDII)A,QDII-混合偏股,NVDA,英伟达,英伟达,电芯片/核心半导体,6.26%,,1.32,1
519696,交银环球精选混合(QDII)A,QDII-混合偏股,AVGO,博通,博通,电芯片/核心半导体,2.16%,,0.26,1
519981,长信标普100等权重指数人民币,指数型-海外股票,LITE,Lumentum Holdings Inc,Lumentum,光芯片/光通信,0.72%,,0.12,1
519981,长信标普100等权重指数人民币,指数型-海外股票,SNDK,闪迪,闪迪,存储,0.96%,,0.18,1
519981,长信标普100等权重指数人民币,指数型-海外股票,MU,美光科技,美光科技,存储,0.63%,,0.23,1
519981,长信标普100等权重指数人民币,指数型-海外股票,AMD,超威半导体,超威半导体,电芯片/核心半导体,0.56%,,0.33,1
520530,港股通科技ETF东财,指数型-股票,00981,中芯国际,中芯国际H,电芯片/核心半导体,6.14%,1401.16,31.3,1
520570,恒生科技ETF南方,指数型-海外股票,00981,中芯国际,中芯国际H,电芯片/核心半导体,6.31%,,390.15,1
520590,恒生科技ETF鹏华,指数型-海外股票,00981,中芯国际,中芯国际H,电芯片/核心半导体,6.37%,,37.1,1
520670,港股通科技ETF嘉实,指数型-股票,00981,中芯国际,中芯国际H,电芯片/核心半导体,5.49%,1269.1,28.35,1
520670,港股通科技ETF嘉实,指数型-股票,01347,华虹半导体,华虹半导体,电芯片/核心半导体,3.08%,713.04,10.4,1
520840,港股通恒生科技ETF华安,指数型-股票,00981,中芯国际,中芯国际H,电芯片/核心半导体,5.46%,6338.8,141.6,1
520840,港股通恒生科技ETF华安,指数型-股票,01347,华虹半导体,华虹半导体,电芯片/核心半导体,3.05%,3544.61,51.7,1
520860,港股通科技ETF富国,指数型-股票,00981,中芯国际,中芯国际H,电芯片/核心半导体,6.17%,3066.44,68.5,1
520920,天弘恒生科技ETF,指数型-海外股票,00981,中芯国际,中芯国际H,电芯片/核心半导体,6.49%,,2143.4,1
520980,港股通科技ETF汇添富,指数型-股票,00981,中芯国际,中芯国际H,电芯片/核心半导体,10.59%,48870.57,1091.7,1
520980,港股通科技ETF汇添富,指数型-股票,01347,华虹半导体,华虹半导体,电芯片/核心半导体,3.08%,14219.57,207.4,1
539001,建信纳斯达克100指数(QDII)A人民币,指数型-海外股票,NVDA,英伟达,英伟达,电芯片/核心半导体,8.29%,,18.03,1
539001,建信纳斯达克100指数(QDII)A人民币,指数型-海外股票,AVGO,博通,博通,电芯片/核心半导体,2.86%,,3.5,1
539002,建信新兴市场混合(QDII)A,QDII-混合偏股,GLW,康宁,康宁,光芯片/光通信,4.29%,,20.82,1
539002,建信新兴市场混合(QDII)A,QDII-混合偏股,LITE,Lumentum Holdings Inc,Lumentum,光芯片/光通信,3.58%,,3.37,1
539002,建信新兴市场混合(QDII)A,QDII-混合偏股,000660,SK海力士,SK海力士,存储,8.65%,,10.8,1
539002,建信新兴市场混合(QDII)A,QDII-混合偏股,005930,三星电子,三星电子,存储,6.76%,,40.74,1
539002,建信新兴市场混合(QDII)A,QDII-混合偏股,SNDK,闪迪,闪迪,存储,4.91%,,5.11,1
539002,建信新兴市场混合(QDII)A,QDII-混合偏股,TSM,台积电,台积电ADR,电芯片/核心半导体,10.26%,,20.04,1
539002,建信新兴市场混合(QDII)A,QDII-混合偏股,NVDA,英伟达,英伟达,电芯片/核心半导体,10.14%,,38.4,1
539002,建信新兴市场混合(QDII)A,QDII-混合偏股,AVGO,博通,博通,电芯片/核心半导体,8.52%,,18.17,1
910004,东方红启恒三年持有混合A,混合型-偏股,00981,中芯国际,中芯国际H,电芯片/核心半导体,3.54%,20737.65,463.25,1
910006,东方红启盛三年持有混合A,混合型-偏股,00981,中芯国际,中芯国际H,电芯片/核心半导体,4.90%,3317.13,74.1,1
910022,东方红启航三年持有混合A,混合型-偏股,00981,中芯国际,中芯国际H,电芯片/核心半导体,3.57%,3151.5,70.4,1
910024,东方红启阳三年持有混合A,混合型-偏股,00981,中芯国际,中芯国际H,电芯片/核心半导体,4.74%,1257.91,28.1,1
