基金代码,基金名称,基金类型,证券代码,证券名称,口径,分类,占净值比例,原始重复行数,原始最大行序号
000041,华夏全球股票(QDII)(人民币),QDII-普通股票,NVDA,英伟达,狭义海外AI,核心算力-GPU,3.34%,1,1
000041,华夏全球股票(QDII)(人民币),QDII-普通股票,AMZN,亚马逊,狭义海外AI,AI云,2.99%,1,2
000041,华夏全球股票(QDII)(人民币),QDII-普通股票,GOOGL,谷歌-A,狭义海外AI,AI云/大模型,2.94%,1,3
000041,华夏全球股票(QDII)(人民币),QDII-普通股票,MSFT,微软,狭义海外AI,AI云/软件,2.76%,1,4
000041,华夏全球股票(QDII)(人民币),QDII-普通股票,TSM,台积电,狭义海外AI,先进制程代工,2.68%,1,5
000041,华夏全球股票(QDII)(人民币),QDII-普通股票,AVGO,博通,狭义海外AI,AI网络/ASIC,2.17%,1,7
000041,华夏全球股票(QDII)(人民币),QDII-普通股票,MU,美光科技,狭义海外AI,AI存储/HBM,1.77%,1,8
000041,华夏全球股票(QDII)(人民币),QDII-普通股票,LITE,Lumentum Holdings Inc,扩展海外AI,光通信器件,1.56%,1,10
000041,华夏全球股票(QDII)(人民币),QDII-普通股票,GOOG,谷歌-C,狭义海外AI,AI云/大模型,0.41%,1,11
000043,嘉实美国成长股票人民币,QDII-普通股票,NVDA,英伟达,狭义海外AI,核心算力-GPU,9.97%,1,1
000043,嘉实美国成长股票人民币,QDII-普通股票,GOOGL,谷歌-A,狭义海外AI,AI云/大模型,6.20%,1,3
000043,嘉实美国成长股票人民币,QDII-普通股票,MSFT,微软,狭义海外AI,AI云/软件,6.17%,1,4
000043,嘉实美国成长股票人民币,QDII-普通股票,AVGO,博通,狭义海外AI,AI网络/ASIC,4.86%,1,5
000043,嘉实美国成长股票人民币,QDII-普通股票,AMZN,亚马逊,狭义海外AI,AI云,4.04%,1,6
000043,嘉实美国成长股票人民币,QDII-普通股票,GOOG,谷歌-C,狭义海外AI,AI云/大模型,2.90%,1,8
000043,嘉实美国成长股票人民币,QDII-普通股票,META,Meta Platforms Inc-A,狭义海外AI,AI平台,2.84%,1,9
000043,嘉实美国成长股票人民币,QDII-普通股票,TSM,台积电,狭义海外AI,先进制程代工,1.82%,1,11
000044,嘉实美国成长股票美元现汇,QDII-普通股票,NVDA,英伟达,狭义海外AI,核心算力-GPU,9.97%,1,1
000044,嘉实美国成长股票美元现汇,QDII-普通股票,GOOGL,谷歌-A,狭义海外AI,AI云/大模型,6.20%,1,3
000044,嘉实美国成长股票美元现汇,QDII-普通股票,MSFT,微软,狭义海外AI,AI云/软件,6.17%,1,4
000044,嘉实美国成长股票美元现汇,QDII-普通股票,AVGO,博通,狭义海外AI,AI网络/ASIC,4.86%,1,5
000044,嘉实美国成长股票美元现汇,QDII-普通股票,AMZN,亚马逊,狭义海外AI,AI云,4.04%,1,6
000044,嘉实美国成长股票美元现汇,QDII-普通股票,GOOG,谷歌-C,狭义海外AI,AI云/大模型,2.90%,1,8
000044,嘉实美国成长股票美元现汇,QDII-普通股票,META,Meta Platforms Inc-A,狭义海外AI,AI平台,2.84%,1,9
000044,嘉实美国成长股票美元现汇,QDII-普通股票,TSM,台积电,狭义海外AI,先进制程代工,1.82%,1,11
000118,广发聚鑫债券A,债券型-混合二级,00700,腾讯控股,广义离岸中国AI,中国离岸AI平台/云,2.23%,1,2
000118,广发聚鑫债券A,债券型-混合二级,02228,晶泰控股,广义离岸中国AI,中国离岸AI制药,0.67%,1,9
000119,广发聚鑫债券C,债券型-混合二级,00700,腾讯控股,广义离岸中国AI,中国离岸AI平台/云,2.23%,1,2
000119,广发聚鑫债券C,债券型-混合二级,02228,晶泰控股,广义离岸中国AI,中国离岸AI制药,0.67%,1,9
000551,中信保诚幸福消费混合A,混合型-偏股,00700,腾讯控股,广义离岸中国AI,中国离岸AI平台/云,4.82%,1,2
000551,中信保诚幸福消费混合A,混合型-偏股,09988,阿里巴巴-W,广义离岸中国AI,中国离岸AI平台/云,3.71%,1,6
000593,易方达标普消费品指数美元现汇A,指数型-海外股票,00700,腾讯控股,广义离岸中国AI,中国离岸AI平台/云,2.84%,1,9
000593,易方达标普消费品指数美元现汇A,指数型-海外股票,09988,阿里巴巴-W,广义离岸中国AI,中国离岸AI平台/云,1.05%,1,15
000761,国富健康优质生活股票,股票型,00700,腾讯控股,广义离岸中国AI,中国离岸AI平台/云,7.53%,1,1
000761,国富健康优质生活股票,股票型,09988,阿里巴巴-W,广义离岸中国AI,中国离岸AI平台/云,5.72%,1,2
000906,广发全球精选股票(QDII)美元A,QDII-普通股票,ASML,阿斯麦,狭义海外AI,半导体设备,5.21%,1,1
000906,广发全球精选股票(QDII)美元A,QDII-普通股票,GOOG,谷歌-C,狭义海外AI,AI云/大模型,4.94%,1,3
000906,广发全球精选股票(QDII)美元A,QDII-普通股票,NVDA,英伟达,狭义海外AI,核心算力-GPU,4.47%,1,4
000906,广发全球精选股票(QDII)美元A,QDII-普通股票,AMZN,亚马逊,狭义海外AI,AI云,4.02%,1,6
000906,广发全球精选股票(QDII)美元A,QDII-普通股票,LRCX,拉姆研究,狭义海外AI,半导体设备,4.01%,1,7
000906,广发全球精选股票(QDII)美元A,QDII-普通股票,SNDK,闪迪,扩展海外AI,AI存储,3.54%,1,8
000906,广发全球精选股票(QDII)美元A,QDII-普通股票,AVGO,博通,狭义海外AI,AI网络/ASIC,3.27%,1,9
000906,广发全球精选股票(QDII)美元A,QDII-普通股票,MU,美光科技,狭义海外AI,AI存储/HBM,3.26%,1,10
000906,广发全球精选股票(QDII)美元A,QDII-普通股票,GOOGL,谷歌-A,狭义海外AI,AI云/大模型,0.02%,1,11
000927,博时大中华亚太精选美元现汇,QDII-普通股票,2330,台积电,狭义海外AI,先进制程代工,7.43%,1,1
000927,博时大中华亚太精选美元现汇,QDII-普通股票,09988,阿里巴巴-W,广义离岸中国AI,中国离岸AI平台/云,5.05%,1,3
000927,博时大中华亚太精选美元现汇,QDII-普通股票,2454,联发科,扩展海外AI,边缘AI芯片,3.95%,1,6
000927,博时大中华亚太精选美元现汇,QDII-普通股票,00700,腾讯控股,广义离岸中国AI,中国离岸AI平台/云,3.89%,1,7
000934,国富大中华精选混合,QDII-混合偏股,00700,腾讯控股,广义离岸中国AI,中国离岸AI平台/云,5.54%,1,1
000934,国富大中华精选混合,QDII-混合偏股,09988,阿里巴巴-W,广义离岸中国AI,中国离岸AI平台/云,5.21%,1,2
000934,国富大中华精选混合,QDII-混合偏股,03896,金山云,广义离岸中国AI,中国离岸云计算,2.70%,1,4
000934,国富大中华精选混合,QDII-混合偏股,2330,台积电,狭义海外AI,先进制程代工,2.25%,1,7
000934,国富大中华精选混合,QDII-混合偏股,TSM,台积电,狭义海外AI,先进制程代工,2.11%,1,9
000948,华夏沪港通恒生ETF联接A,指数型-股票,00981,中芯国际,广义离岸中国AI,中国离岸半导体制造,0.00%,1,4
000979,景顺长城沪港深精选股票A,股票型,00700,腾讯控股,广义离岸中国AI,中国离岸AI平台/云,4.98%,1,7
000988,嘉实全球互联网股票人民币,QDII-普通股票,00700,腾讯控股,广义离岸中国AI,中国离岸AI平台/云,7.44%,1,2
000988,嘉实全球互联网股票人民币,QDII-普通股票,09988,阿里巴巴-W,广义离岸中国AI,中国离岸AI平台/云,7.32%,1,3
000988,嘉实全球互联网股票人民币,QDII-普通股票,GOOG,谷歌-C,狭义海外AI,AI云/大模型,4.23%,1,7
000988,嘉实全球互联网股票人民币,QDII-普通股票,GOOGL,谷歌-A,狭义海外AI,AI云/大模型,3.68%,1,10
000988,嘉实全球互联网股票人民币,QDII-普通股票,NVDA,英伟达,狭义海外AI,核心算力-GPU,3.26%,1,11
000989,嘉实全球互联网股票美元现汇,QDII-普通股票,00700,腾讯控股,广义离岸中国AI,中国离岸AI平台/云,7.44%,1,2
000989,嘉实全球互联网股票美元现汇,QDII-普通股票,09988,阿里巴巴-W,广义离岸中国AI,中国离岸AI平台/云,7.32%,1,3
000989,嘉实全球互联网股票美元现汇,QDII-普通股票,GOOG,谷歌-C,狭义海外AI,AI云/大模型,4.23%,1,7
000989,嘉实全球互联网股票美元现汇,QDII-普通股票,GOOGL,谷歌-A,狭义海外AI,AI云/大模型,3.68%,1,10
000989,嘉实全球互联网股票美元现汇,QDII-普通股票,NVDA,英伟达,狭义海外AI,核心算力-GPU,3.26%,1,11
000990,嘉实全球互联网股票美元现钞,QDII-普通股票,00700,腾讯控股,广义离岸中国AI,中国离岸AI平台/云,7.44%,1,2
000990,嘉实全球互联网股票美元现钞,QDII-普通股票,09988,阿里巴巴-W,广义离岸中国AI,中国离岸AI平台/云,7.32%,1,3
000990,嘉实全球互联网股票美元现钞,QDII-普通股票,GOOG,谷歌-C,狭义海外AI,AI云/大模型,4.23%,1,7
000990,嘉实全球互联网股票美元现钞,QDII-普通股票,GOOGL,谷歌-A,狭义海外AI,AI云/大模型,3.68%,1,10
000990,嘉实全球互联网股票美元现钞,QDII-普通股票,NVDA,英伟达,狭义海外AI,核心算力-GPU,3.26%,1,11
001215,博时沪港深优质企业基金A,混合型-灵活,00981,中芯国际,广义离岸中国AI,中国离岸半导体制造,8.04%,1,1
001215,博时沪港深优质企业基金A,混合型-灵活,09988,阿里巴巴-W,广义离岸中国AI,中国离岸AI平台/云,5.61%,1,4
001371,富国沪港深价值混合A,混合型-灵活,00700,腾讯控股,广义离岸中国AI,中国离岸AI平台/云,8.22%,1,1
001371,富国沪港深价值混合A,混合型-灵活,09988,阿里巴巴-W,广义离岸中国AI,中国离岸AI平台/云,6.05%,1,3
001392,国富金融地产混合A,混合型-灵活,09988,阿里巴巴-W,广义离岸中国AI,中国离岸AI平台/云,3.18%,1,10
001393,国富金融地产混合C,混合型-灵活,09988,阿里巴巴-W,广义离岸中国AI,中国离岸AI平台/云,3.18%,1,10
001581,华安沪港深通精选灵活配置混合A,混合型-灵活,03896,金山云,广义离岸中国AI,中国离岸云计算,3.18%,1,4
001581,华安沪港深通精选灵活配置混合A,混合型-灵活,09988,阿里巴巴-W,广义离岸中国AI,中国离岸AI平台/云,3.13%,1,5
001605,国富沪港深成长精选股票A,股票型,00700,腾讯控股,广义离岸中国AI,中国离岸AI平台/云,3.98%,1,2
001605,国富沪港深成长精选股票A,股票型,09988,阿里巴巴-W,广义离岸中国AI,中国离岸AI平台/云,3.48%,1,3
001605,国富沪港深成长精选股票A,股票型,03896,金山云,广义离岸中国AI,中国离岸云计算,2.79%,1,9
001662,创金合信沪港深精选混合,混合型-灵活,09988,阿里巴巴-W,广义离岸中国AI,中国离岸AI平台/云,3.27%,1,1
001662,创金合信沪港深精选混合,混合型-灵活,00700,腾讯控股,广义离岸中国AI,中国离岸AI平台/云,2.87%,1,2
001668,汇添富全球移动互联混合(QDII)人民币A,QDII-混合灵活,NVDA,英伟达,狭义海外AI,核心算力-GPU,8.96%,1,1
001668,汇添富全球移动互联混合(QDII)人民币A,QDII-混合灵活,GOOGL,谷歌-A,狭义海外AI,AI云/大模型,8.14%,1,2
001668,汇添富全球移动互联混合(QDII)人民币A,QDII-混合灵活,MSFT,微软,狭义海外AI,AI云/软件,5.00%,1,3
001668,汇添富全球移动互联混合(QDII)人民币A,QDII-混合灵活,AMZN,亚马逊,狭义海外AI,AI云,4.84%,1,4
001668,汇添富全球移动互联混合(QDII)人民币A,QDII-混合灵活,AVGO,博通,狭义海外AI,AI网络/ASIC,3.89%,1,6
001668,汇添富全球移动互联混合(QDII)人民币A,QDII-混合灵活,META,Meta Platforms Inc-A,狭义海外AI,AI平台,3.48%,1,7
001668,汇添富全球移动互联混合(QDII)人民币A,QDII-混合灵活,TSM,台积电,狭义海外AI,先进制程代工,3.34%,1,8
001668,汇添富全球移动互联混合(QDII)人民币A,QDII-混合灵活,MU,美光科技,狭义海外AI,AI存储/HBM,2.21%,1,10
001685,汇添富沪港深新价值股票,股票型,00700,腾讯控股,广义离岸中国AI,中国离岸AI平台/云,6.53%,1,2
001691,南方香港成长灵活配置混合,QDII-混合灵活,09988,阿里巴巴-W,广义离岸中国AI,中国离岸AI平台/云,7.83%,1,1
001691,南方香港成长灵活配置混合,QDII-混合灵活,00700,腾讯控股,广义离岸中国AI,中国离岸AI平台/云,7.78%,1,2
001694,华安沪港深外延增长灵活配置混合A,混合型-灵活,09988,阿里巴巴-W,广义离岸中国AI,中国离岸AI平台/云,4.95%,1,1
001694,华安沪港深外延增长灵活配置混合A,混合型-灵活,00700,腾讯控股,广义离岸中国AI,中国离岸AI平台/云,3.64%,1,8
001715,工银新焦点混合A,混合型-灵活,00700,腾讯控股,广义离岸中国AI,中国离岸AI平台/云,4.00%,1,6
001715,工银新焦点混合A,混合型-灵活,09988,阿里巴巴-W,广义离岸中国AI,中国离岸AI平台/云,3.11%,1,8
001764,广发沪港深新机遇股票,股票型,09988,阿里巴巴-W,广义离岸中国AI,中国离岸AI平台/云,5.44%,1,4
001764,广发沪港深新机遇股票,股票型,00700,腾讯控股,广义离岸中国AI,中国离岸AI平台/云,4.92%,1,7
001811,中欧明睿新常态混合A,混合型-偏股,00700,腾讯控股,广义离岸中国AI,中国离岸AI平台/云,6.66%,1,5
001827,富国研究优选沪港深灵活配置混合A,混合型-灵活,00700,腾讯控股,广义离岸中国AI,中国离岸AI平台/云,4.48%,1,8
001837,前海开源沪港深蓝筹精选混合A,混合型-灵活,00700,腾讯控股,广义离岸中国AI,中国离岸AI平台/云,9.15%,1,4
001837,前海开源沪港深蓝筹精选混合A,混合型-灵活,01810,小米集团-W,广义离岸中国AI,中国离岸AI终端/汽车,4.81%,1,8
001874,前海开源沪港深价值精选混合,混合型-灵活,00700,腾讯控股,广义离岸中国AI,中国离岸AI平台/云,9.15%,1,4
001874,前海开源沪港深价值精选混合,混合型-灵活,01810,小米集团-W,广义离岸中国AI,中国离岸AI终端/汽车,4.81%,1,8
001875,前海开源沪港深优势精选混合A,混合型-灵活,00700,腾讯控股,广义离岸中国AI,中国离岸AI平台/云,9.16%,1,4
001875,前海开源沪港深优势精选混合A,混合型-灵活,01810,小米集团-W,广义离岸中国AI,中国离岸AI终端/汽车,4.83%,1,8
001877,宝盈国家安全沪港深股票A,股票型,01347,华虹半导体,广义离岸中国AI,中国离岸半导体制造,4.31%,1,7
001878,嘉实沪港深精选股票,股票型,00700,腾讯控股,广义离岸中国AI,中国离岸AI平台/云,4.90%,1,6
001972,前海开源沪港深智慧生活混合,混合型-灵活,00700,腾讯控股,广义离岸中国AI,中国离岸AI平台/云,8.93%,1,1
001972,前海开源沪港深智慧生活混合,混合型-灵活,09988,阿里巴巴-W,广义离岸中国AI,中国离岸AI平台/云,5.08%,1,8
001980,中欧量化驱动混合A,混合型-偏股,00700,腾讯控股,广义离岸中国AI,中国离岸AI平台/云,1.82%,1,1
001980,中欧量化驱动混合A,混合型-偏股,01347,华虹半导体,广义离岸中国AI,中国离岸半导体制造,0.29%,1,10
001998,工银新焦点混合C,混合型-灵活,00700,腾讯控股,广义离岸中国AI,中国离岸AI平台/云,4.00%,1,6
001998,工银新焦点混合C,混合型-灵活,09988,阿里巴巴-W,广义离岸中国AI,中国离岸AI平台/云,3.11%,1,8
002121,广发沪港深新起点股票A,股票型,00700,腾讯控股,广义离岸中国AI,中国离岸AI平台/云,7.04%,1,2
002121,广发沪港深新起点股票A,股票型,09988,阿里巴巴-W,广义离岸中国AI,中国离岸AI平台/云,5.55%,1,4
002121,广发沪港深新起点股票A,股票型,01347,华虹半导体,广义离岸中国AI,中国离岸半导体制造,4.49%,1,6
002214,中海沪港深价值优选混合A,混合型-灵活,00700,腾讯控股,广义离岸中国AI,中国离岸AI平台/云,8.52%,1,1
002214,中海沪港深价值优选混合A,混合型-灵活,09988,阿里巴巴-W,广义离岸中国AI,中国离岸AI平台/云,8.16%,1,2
002214,中海沪港深价值优选混合A,混合型-灵活,00981,中芯国际,广义离岸中国AI,中国离岸半导体制造,5.87%,1,3
002214,中海沪港深价值优选混合A,混合型-灵活,01347,华虹半导体,广义离岸中国AI,中国离岸半导体制造,5.07%,1,4
002214,中海沪港深价值优选混合A,混合型-灵活,01810,小米集团-W,广义离岸中国AI,中国离岸AI终端/汽车,3.72%,1,6
002230,华夏大中华混合(QDII),QDII-混合灵活,TSM,台积电,狭义海外AI,先进制程代工,7.96%,1,2
002230,华夏大中华混合(QDII),QDII-混合灵活,NVDA,英伟达,狭义海外AI,核心算力-GPU,7.30%,1,3
002230,华夏大中华混合(QDII),QDII-混合灵活,MU,美光科技,狭义海外AI,AI存储/HBM,6.35%,1,4
002230,华夏大中华混合(QDII),QDII-混合灵活,LITE,Lumentum Holdings Inc,扩展海外AI,光通信器件,4.83%,1,6
002230,华夏大中华混合(QDII),QDII-混合灵活,SNDK,闪迪,扩展海外AI,AI存储,4.43%,1,8
002332,汇丰晋信沪港深A,股票型,00700,腾讯控股,广义离岸中国AI,中国离岸AI平台/云,6.02%,1,2
002333,汇丰晋信沪港深C,股票型,00700,腾讯控股,广义离岸中国AI,中国离岸AI平台/云,6.02%,1,2
002379,工银香港中小盘人民币,QDII-普通股票,09888,百度集团-SW,广义离岸中国AI,中国离岸AI/自动驾驶/云,4.35%,1,8
002379,工银香港中小盘人民币,QDII-普通股票,00992,联想集团,广义离岸中国AI,中国离岸AI PC/服务器,3.81%,1,9
002380,工银香港中小盘美元,QDII-普通股票,09888,百度集团-SW,广义离岸中国AI,中国离岸AI/自动驾驶/云,4.35%,1,8
002380,工银香港中小盘美元,QDII-普通股票,00992,联想集团,广义离岸中国AI,中国离岸AI PC/服务器,3.81%,1,9
002387,工银沪港深股票A,股票型,00700,腾讯控股,广义离岸中国AI,中国离岸AI平台/云,9.48%,1,1
002387,工银沪港深股票A,股票型,00981,中芯国际,广义离岸中国AI,中国离岸半导体制造,5.15%,1,3
002387,工银沪港深股票A,股票型,09988,阿里巴巴-W,广义离岸中国AI,中国离岸AI平台/云,5.05%,1,5
002423,华宝标普美国消费美元,指数型-海外股票,AMZN,亚马逊,狭义海外AI,AI云,22.37%,1,1
002443,前海开源沪港深龙头精选混合A,混合型-灵活,00700,腾讯控股,广义离岸中国AI,中国离岸AI平台/云,8.99%,1,2
002482,宝盈互联网沪港深混合,混合型-灵活,09988,阿里巴巴-W,广义离岸中国AI,中国离岸AI平台/云,7.21%,1,4
002482,宝盈互联网沪港深混合,混合型-灵活,00700,腾讯控股,广义离岸中国AI,中国离岸AI平台/云,3.74%,1,9
002555,博时沪港深优质企业基金C,混合型-灵活,00981,中芯国际,广义离岸中国AI,中国离岸半导体制造,8.04%,1,1
002555,博时沪港深优质企业基金C,混合型-灵活,09988,阿里巴巴-W,广义离岸中国AI,中国离岸AI平台/云,5.61%,1,4
002653,泰康沪港深精选混合,混合型-灵活,00700,腾讯控股,广义离岸中国AI,中国离岸AI平台/云,6.02%,1,1
002653,泰康沪港深精选混合,混合型-灵活,09988,阿里巴巴-W,广义离岸中国AI,中国离岸AI平台/云,3.55%,1,7
002662,前海开源沪港深大消费混合A,混合型-灵活,00700,腾讯控股,广义离岸中国AI,中国离岸AI平台/云,8.46%,1,2
002663,前海开源沪港深大消费混合C,混合型-灵活,00700,腾讯控股,广义离岸中国AI,中国离岸AI平台/云,8.46%,1,2
002685,中欧丰泓沪港深混合A,混合型-灵活,00700,腾讯控股,广义离岸中国AI,中国离岸AI平台/云,8.90%,1,1
002685,中欧丰泓沪港深混合A,混合型-灵活,01347,华虹半导体,广义离岸中国AI,中国离岸半导体制造,6.83%,1,7
002686,中欧丰泓沪港深混合C,混合型-灵活,00700,腾讯控股,广义离岸中国AI,中国离岸AI平台/云,8.90%,1,1
002686,中欧丰泓沪港深混合C,混合型-灵活,01347,华虹半导体,广义离岸中国AI,中国离岸半导体制造,6.83%,1,7
002860,前海开源沪港深新机遇混合A,混合型-灵活,09988,阿里巴巴-W,广义离岸中国AI,中国离岸AI平台/云,3.05%,1,10
002891,华夏移动互联混合人民币,QDII-混合灵活,SNDK,闪迪,扩展海外AI,AI存储,7.13%,1,2
002891,华夏移动互联混合人民币,QDII-混合灵活,MU,美光科技,狭义海外AI,AI存储/HBM,6.58%,1,3
002891,华夏移动互联混合人民币,QDII-混合灵活,LITE,Lumentum Holdings Inc,扩展海外AI,光通信器件,5.79%,1,5
002891,华夏移动互联混合人民币,QDII-混合灵活,GLW,康宁,扩展海外AI,光纤/材料,5.12%,1,6
002891,华夏移动互联混合人民币,QDII-混合灵活,GOOGL,谷歌-A,狭义海外AI,AI云/大模型,4.76%,1,7
002891,华夏移动互联混合人民币,QDII-混合灵活,NVDA,英伟达,狭义海外AI,核心算力-GPU,4.11%,1,8
002891,华夏移动互联混合人民币,QDII-混合灵活,INTC,英特尔,扩展海外AI,半导体,3.45%,1,9
002892,华夏移动互联混合美元现汇,QDII-混合灵活,SNDK,闪迪,扩展海外AI,AI存储,7.13%,1,2
002892,华夏移动互联混合美元现汇,QDII-混合灵活,MU,美光科技,狭义海外AI,AI存储/HBM,6.58%,1,3
002892,华夏移动互联混合美元现汇,QDII-混合灵活,LITE,Lumentum Holdings Inc,扩展海外AI,光通信器件,5.79%,1,5
002892,华夏移动互联混合美元现汇,QDII-混合灵活,GLW,康宁,扩展海外AI,光纤/材料,5.12%,1,6
002892,华夏移动互联混合美元现汇,QDII-混合灵活,GOOGL,谷歌-A,狭义海外AI,AI云/大模型,4.76%,1,7
002892,华夏移动互联混合美元现汇,QDII-混合灵活,NVDA,英伟达,狭义海外AI,核心算力-GPU,4.11%,1,8
002892,华夏移动互联混合美元现汇,QDII-混合灵活,INTC,英特尔,扩展海外AI,半导体,3.45%,1,9
002893,华夏移动互联混合美元现钞,QDII-混合灵活,SNDK,闪迪,扩展海外AI,AI存储,7.13%,1,2
002893,华夏移动互联混合美元现钞,QDII-混合灵活,MU,美光科技,狭义海外AI,AI存储/HBM,6.58%,1,3
002893,华夏移动互联混合美元现钞,QDII-混合灵活,LITE,Lumentum Holdings Inc,扩展海外AI,光通信器件,5.79%,1,5
002893,华夏移动互联混合美元现钞,QDII-混合灵活,GLW,康宁,扩展海外AI,光纤/材料,5.12%,1,6
002893,华夏移动互联混合美元现钞,QDII-混合灵活,GOOGL,谷歌-A,狭义海外AI,AI云/大模型,4.76%,1,7
002893,华夏移动互联混合美元现钞,QDII-混合灵活,NVDA,英伟达,狭义海外AI,核心算力-GPU,4.11%,1,8
002893,华夏移动互联混合美元现钞,QDII-混合灵活,INTC,英特尔,扩展海外AI,半导体,3.45%,1,9
003044,东方红战略精选混合A,混合型-偏债,00700,腾讯控股,广义离岸中国AI,中国离岸AI平台/云,1.88%,1,1
003044,东方红战略精选混合A,混合型-偏债,09988,阿里巴巴-W,广义离岸中国AI,中国离岸AI平台/云,1.07%,1,4
003045,东方红战略精选混合C,混合型-偏债,00700,腾讯控股,广义离岸中国AI,中国离岸AI平台/云,1.88%,1,1
003045,东方红战略精选混合C,混合型-偏债,09988,阿里巴巴-W,广义离岸中国AI,中国离岸AI平台/云,1.07%,1,4
003378,泰康策略优选混合,混合型-灵活,00700,腾讯控股,广义离岸中国AI,中国离岸AI平台/云,8.61%,1,1
003413,华泰柏瑞新经济沪港深混合A,混合型-灵活,09988,阿里巴巴-W,广义离岸中国AI,中国离岸AI平台/云,6.23%,1,5
003580,泰康沪港深价值优选混合,混合型-灵活,00700,腾讯控股,广义离岸中国AI,中国离岸AI平台/云,6.04%,1,1
003580,泰康沪港深价值优选混合,混合型-灵活,09988,阿里巴巴-W,广义离岸中国AI,中国离岸AI平台/云,3.83%,1,5
003718,易方达标普500指数美元汇A,指数型-海外股票,NVDA,英伟达,狭义海外AI,核心算力-GPU,6.60%,1,1
003718,易方达标普500指数美元汇A,指数型-海外股票,MSFT,微软,狭义海外AI,AI云/软件,4.28%,1,3
003718,易方达标普500指数美元汇A,指数型-海外股票,AMZN,亚马逊,狭义海外AI,AI云,3.17%,1,4
003718,易方达标普500指数美元汇A,指数型-海外股票,GOOGL,谷歌-A,狭义海外AI,AI云/大模型,2.61%,1,5
003718,易方达标普500指数美元汇A,指数型-海外股票,AVGO,博通,狭义海外AI,AI网络/ASIC,2.29%,1,6
003718,易方达标普500指数美元汇A,指数型-海外股票,GOOG,谷歌-C,狭义海外AI,AI云/大模型,2.09%,1,7
003718,易方达标普500指数美元汇A,指数型-海外股票,META,Meta Platforms Inc-A,狭义海外AI,AI平台,1.95%,1,8
003721,易方达标普信息科技指数(QDII-LOF)A(美元现汇),指数型-海外股票,NVDA,英伟达,狭义海外AI,核心算力-GPU,20.16%,1,1
003721,易方达标普信息科技指数(QDII-LOF)A(美元现汇),指数型-海外股票,MSFT,微软,狭义海外AI,AI云/软件,13.08%,1,3
003721,易方达标普信息科技指数(QDII-LOF)A(美元现汇),指数型-海外股票,AVGO,博通,狭义海外AI,AI网络/ASIC,6.98%,1,4
003721,易方达标普信息科技指数(QDII-LOF)A(美元现汇),指数型-海外股票,MU,美光科技,狭义海外AI,AI存储/HBM,1.81%,1,5
003721,易方达标普信息科技指数(QDII-LOF)A(美元现汇),指数型-海外股票,PLTR,Palantir Technologies Inc-A,狭义海外AI,AI软件,1.59%,1,6
003721,易方达标普信息科技指数(QDII-LOF)A(美元现汇),指数型-海外股票,AMD,超威半导体,狭义海外AI,核心算力-GPU,1.58%,1,7
003721,易方达标普信息科技指数(QDII-LOF)A(美元现汇),指数型-海外股票,AMAT,应用材料,狭义海外AI,半导体设备,1.29%,1,9
003721,易方达标普信息科技指数(QDII-LOF)A(美元现汇),指数型-海外股票,LRCX,拉姆研究,狭义海外AI,半导体设备,1.27%,1,10
004091,博时沪港深价值优选A,混合型-灵活,00981,中芯国际,广义离岸中国AI,中国离岸半导体制造,3.68%,1,7
004092,博时沪港深价值优选C,混合型-灵活,00981,中芯国际,广义离岸中国AI,中国离岸半导体制造,3.68%,1,7
004098,前海开源港股通股息率50强,股票型,09988,阿里巴巴-W,广义离岸中国AI,中国离岸AI平台/云,4.39%,1,2
004098,前海开源港股通股息率50强,股票型,00700,腾讯控股,广义离岸中国AI,中国离岸AI平台/云,3.31%,1,9
004099,前海开源沪港深景气行业精选混合,混合型-灵活,00700,腾讯控股,广义离岸中国AI,中国离岸AI平台/云,9.04%,1,2
004249,安信中国制造混合A,混合型-灵活,00700,腾讯控股,广义离岸中国AI,中国离岸AI平台/云,6.42%,1,4
004263,华安沪港深机会灵活配置混合,混合型-灵活,00981,中芯国际,广义离岸中国AI,中国离岸半导体制造,5.02%,1,7
004263,华安沪港深机会灵活配置混合,混合型-灵活,00700,腾讯控股,广义离岸中国AI,中国离岸AI平台/云,4.40%,1,10
004266,招商沪港深科技创新混合A,混合型-灵活,00700,腾讯控股,广义离岸中国AI,中国离岸AI平台/云,5.89%,1,1
004266,招商沪港深科技创新混合A,混合型-灵活,09988,阿里巴巴-W,广义离岸中国AI,中国离岸AI平台/云,2.23%,1,7
004278,东方红智逸沪港深定开混合,混合型-偏债,00700,腾讯控股,广义离岸中国AI,中国离岸AI平台/云,2.57%,1,1
004278,东方红智逸沪港深定开混合,混合型-偏债,09988,阿里巴巴-W,广义离岸中国AI,中国离岸AI平台/云,1.77%,1,2
004292,鹏华沪深港互联网股票,股票型,00700,腾讯控股,广义离岸中国AI,中国离岸AI平台/云,9.53%,1,1
004292,鹏华沪深港互联网股票,股票型,09988,阿里巴巴-W,广义离岸中国AI,中国离岸AI平台/云,9.37%,1,2
004292,鹏华沪深港互联网股票,股票型,01347,华虹半导体,广义离岸中国AI,中国离岸半导体制造,8.32%,1,3
004292,鹏华沪深港互联网股票,股票型,00981,中芯国际,广义离岸中国AI,中国离岸半导体制造,5.82%,1,5
004340,泰康兴泰回报沪港深混合A,混合型-偏债,00700,腾讯控股,广义离岸中国AI,中国离岸AI平台/云,8.47%,1,1
004424,汇添富文体娱乐混合A,混合型-偏股,00700,腾讯控股,广义离岸中国AI,中国离岸AI平台/云,4.09%,1,4
004451,汇添富双鑫添利债券A,债券型-混合二级,00700,腾讯控股,广义离岸中国AI,中国离岸AI平台/云,1.83%,1,2
004452,汇添富双鑫添利债券C,债券型-混合二级,00700,腾讯控股,广义离岸中国AI,中国离岸AI平台/云,1.83%,1,2
004476,景顺长城沪港深领先科技股票A,股票型,00700,腾讯控股,广义离岸中国AI,中国离岸AI平台/云,6.24%,1,1
004476,景顺长城沪港深领先科技股票A,股票型,09988,阿里巴巴-W,广义离岸中国AI,中国离岸AI平台/云,2.89%,1,7
004534,汇添富双盈回报一年持有债A,债券型-混合二级,00700,腾讯控股,广义离岸中国AI,中国离岸AI平台/云,0.42%,1,4
004535,汇添富双盈回报一年持有债C,债券型-混合二级,00700,腾讯控股,广义离岸中国AI,中国离岸AI平台/云,0.42%,1,4
004616,中欧电子信息产业沪港深股票A,股票型,09988,阿里巴巴-W,广义离岸中国AI,中国离岸AI平台/云,5.72%,1,1
004616,中欧电子信息产业沪港深股票A,股票型,00981,中芯国际,广义离岸中国AI,中国离岸半导体制造,4.11%,1,4
004703,南方兴盛先锋混合A,混合型-偏股,00700,腾讯控股,广义离岸中国AI,中国离岸AI平台/云,8.90%,1,1
004934,圆信永丰消费升级,混合型-灵活,09988,阿里巴巴-W,广义离岸中国AI,中国离岸AI平台/云,6.61%,1,2
004934,圆信永丰消费升级,混合型-灵活,00981,中芯国际,广义离岸中国AI,中国离岸半导体制造,6.19%,1,4
004958,圆信永丰优享生活,混合型-灵活,00981,中芯国际,广义离岸中国AI,中国离岸半导体制造,2.99%,1,7
004996,广发恒生中型股指数C,指数型-股票,00020,商汤-W,广义离岸中国AI,中国离岸AI软件,1.63%,1,2
004996,广发恒生中型股指数C,指数型-股票,01347,华虹半导体,广义离岸中国AI,中国离岸半导体制造,1.55%,1,4
005001,交银持续成长主题混合A,混合型-偏股,09988,阿里巴巴-W,广义离岸中国AI,中国离岸AI平台/云,8.52%,1,4
005001,交银持续成长主题混合A,混合型-偏股,00700,腾讯控股,广义离岸中国AI,中国离岸AI平台/云,5.77%,1,6
005119,银华智荟内在价值灵活配置混合发起A,混合型-灵活,01347,华虹半导体,广义离岸中国AI,中国离岸半导体制造,3.20%,1,11
005142,国联沪港深大消费主题A,混合型-灵活,00700,腾讯控股,广义离岸中国AI,中国离岸AI平台/云,9.48%,1,1
005142,国联沪港深大消费主题A,混合型-灵活,09988,阿里巴巴-W,广义离岸中国AI,中国离岸AI平台/云,8.08%,1,2
005142,国联沪港深大消费主题A,混合型-灵活,00981,中芯国际,广义离岸中国AI,中国离岸半导体制造,4.44%,1,4
005142,国联沪港深大消费主题A,混合型-灵活,03896,金山云,广义离岸中国AI,中国离岸云计算,2.69%,1,10
005143,国联沪港深大消费主题C,混合型-灵活,00700,腾讯控股,广义离岸中国AI,中国离岸AI平台/云,9.48%,1,1
005143,国联沪港深大消费主题C,混合型-灵活,09988,阿里巴巴-W,广义离岸中国AI,中国离岸AI平台/云,8.08%,1,2
005143,国联沪港深大消费主题C,混合型-灵活,00981,中芯国际,广义离岸中国AI,中国离岸半导体制造,4.44%,1,4
005143,国联沪港深大消费主题C,混合型-灵活,03896,金山云,广义离岸中国AI,中国离岸云计算,2.69%,1,10
005197,工银沪港深精选混合A,混合型-灵活,00700,腾讯控股,广义离岸中国AI,中国离岸AI平台/云,9.13%,1,1
005197,工银沪港深精选混合A,混合型-灵活,09988,阿里巴巴-W,广义离岸中国AI,中国离岸AI平台/云,5.04%,1,6
005198,工银沪港深精选混合C,混合型-灵活,00700,腾讯控股,广义离岸中国AI,中国离岸AI平台/云,9.13%,1,1
005198,工银沪港深精选混合C,混合型-灵活,09988,阿里巴巴-W,广义离岸中国AI,中国离岸AI平台/云,5.04%,1,6
005207,南方高端装备混合C,混合型-偏股,01347,华虹半导体,广义离岸中国AI,中国离岸半导体制造,5.31%,1,2
005207,南方高端装备混合C,混合型-偏股,00981,中芯国际,广义离岸中国AI,中国离岸半导体制造,3.39%,1,6
005228,汇添富港股通专注成长,混合型-偏股,00700,腾讯控股,广义离岸中国AI,中国离岸AI平台/云,9.16%,1,1
005228,汇添富港股通专注成长,混合型-偏股,09988,阿里巴巴-W,广义离岸中国AI,中国离岸AI平台/云,6.70%,1,2
005228,汇添富港股通专注成长,混合型-偏股,00981,中芯国际,广义离岸中国AI,中国离岸半导体制造,2.92%,1,10
005241,中欧时代智慧混合A,混合型-偏股,00700,腾讯控股,广义离岸中国AI,中国离岸AI平台/云,7.54%,1,3
005241,中欧时代智慧混合A,混合型-偏股,09988,阿里巴巴-W,广义离岸中国AI,中国离岸AI平台/云,6.66%,1,5
005242,中欧时代智慧混合C,混合型-偏股,00700,腾讯控股,广义离岸中国AI,中国离岸AI平台/云,7.54%,1,3
005242,中欧时代智慧混合C,混合型-偏股,09988,阿里巴巴-W,广义离岸中国AI,中国离岸AI平台/云,6.66%,1,5
005250,银华估值优势混合,混合型-偏股,01347,华虹半导体,广义离岸中国AI,中国离岸半导体制造,4.89%,1,4
005250,银华估值优势混合,混合型-偏股,00981,中芯国际,广义离岸中国AI,中国离岸半导体制造,4.17%,1,8
005250,银华估值优势混合,混合型-偏股,09988,阿里巴巴-W,广义离岸中国AI,中国离岸AI平台/云,4.06%,1,10
005255,浦银安盛港股通量化混合A,混合型-灵活,09988,阿里巴巴-W,广义离岸中国AI,中国离岸AI平台/云,7.20%,1,1
005255,浦银安盛港股通量化混合A,混合型-灵活,01347,华虹半导体,广义离岸中国AI,中国离岸半导体制造,6.33%,1,2
005255,浦银安盛港股通量化混合A,混合型-灵活,00981,中芯国际,广义离岸中国AI,中国离岸半导体制造,5.03%,1,10
005259,建信龙头企业股票,股票型,00700,腾讯控股,广义离岸中国AI,中国离岸AI平台/云,9.78%,1,2
005269,华泰柏瑞港股通量化混合A,混合型-灵活,09988,阿里巴巴-W,广义离岸中国AI,中国离岸AI平台/云,5.73%,1,1
005269,华泰柏瑞港股通量化混合A,混合型-灵活,00700,腾讯控股,广义离岸中国AI,中国离岸AI平台/云,5.34%,1,2
005335,浙商全景消费混合A,混合型-偏股,00700,腾讯控股,广义离岸中国AI,中国离岸AI平台/云,4.20%,1,3
005335,浙商全景消费混合A,混合型-偏股,09988,阿里巴巴-W,广义离岸中国AI,中国离岸AI平台/云,3.94%,1,4
005354,富国沪港深行业精选混合A,混合型-灵活,09988,阿里巴巴-W,广义离岸中国AI,中国离岸AI平台/云,6.23%,1,2
005354,富国沪港深行业精选混合A,混合型-灵活,00700,腾讯控股,广义离岸中国AI,中国离岸AI平台/云,5.05%,1,3
005379,汇添富价值创造定开混合,混合型-偏股,00700,腾讯控股,广义离岸中国AI,中国离岸AI平台/云,9.38%,1,1
005474,泰康均衡优选混合A,混合型-偏股,00700,腾讯控股,广义离岸中国AI,中国离岸AI平台/云,6.33%,1,1
005475,泰康均衡优选混合C,混合型-偏股,00700,腾讯控股,广义离岸中国AI,中国离岸AI平台/云,6.33%,1,1
005491,兴全合宜混合(LOF)C,混合型-灵活,09988,阿里巴巴-W,广义离岸中国AI,中国离岸AI平台/云,3.30%,1,9
005498,银华积极成长混合A,混合型-偏股,00700,腾讯控股,广义离岸中国AI,中国离岸AI平台/云,4.43%,1,2
005504,汇添富沪港深大盘价值混合A,混合型-偏股,00700,腾讯控股,广义离岸中国AI,中国离岸AI平台/云,8.53%,1,1
005504,汇添富沪港深大盘价值混合A,混合型-偏股,09988,阿里巴巴-W,广义离岸中国AI,中国离岸AI平台/云,7.60%,1,2
005504,汇添富沪港深大盘价值混合A,混合型-偏股,02228,晶泰控股,广义离岸中国AI,中国离岸AI制药,2.98%,1,6
005523,泰康颐年混合A,混合型-偏债,00700,腾讯控股,广义离岸中国AI,中国离岸AI平台/云,2.24%,1,1
005524,泰康颐年混合C,混合型-偏债,00700,腾讯控股,广义离岸中国AI,中国离岸AI平台/云,2.24%,1,1
005534,华夏新时代混合人民币(QDII),QDII-混合灵活,LITE,Lumentum Holdings Inc,扩展海外AI,光通信器件,5.35%,1,2
005543,银华心诚灵活配置混合A,混合型-灵活,00700,腾讯控股,广义离岸中国AI,中国离岸AI平台/云,9.07%,1,2
005543,银华心诚灵活配置混合A,混合型-灵活,09988,阿里巴巴-W,广义离岸中国AI,中国离岸AI平台/云,8.98%,1,3
005543,银华心诚灵活配置混合A,混合型-灵活,00981,中芯国际,广义离岸中国AI,中国离岸半导体制造,7.79%,1,5
005543,银华心诚灵活配置混合A,混合型-灵活,03896,金山云,广义离岸中国AI,中国离岸云计算,6.22%,1,6
005543,银华心诚灵活配置混合A,混合型-灵活,01347,华虹半导体,广义离岸中国AI,中国离岸半导体制造,4.76%,1,9
005552,国富新趋势混合A,混合型-灵活,00700,腾讯控股,广义离岸中国AI,中国离岸AI平台/云,1.00%,1,7
005553,国富新趋势混合C,混合型-灵活,00700,腾讯控股,广义离岸中国AI,中国离岸AI平台/云,1.00%,1,7
005593,摩根创新商业模式混合A,混合型-灵活,00700,腾讯控股,广义离岸中国AI,中国离岸AI平台/云,3.59%,1,10
005612,嘉实核心优势股票发起式,股票型,00700,腾讯控股,广义离岸中国AI,中国离岸AI平台/云,7.91%,1,1
005620,中欧品质消费股票A,股票型,00700,腾讯控股,广义离岸中国AI,中国离岸AI平台/云,6.40%,1,5
005621,中欧品质消费股票C,股票型,00700,腾讯控股,广义离岸中国AI,中国离岸AI平台/云,6.40%,1,5
005642,鹏扬景升A,混合型-灵活,00700,腾讯控股,广义离岸中国AI,中国离岸AI平台/云,9.43%,1,1
005643,鹏扬景升C,混合型-灵活,00700,腾讯控股,广义离岸中国AI,中国离岸AI平台/云,9.43%,1,1
005644,广发沪港深龙头混合,混合型-偏股,00700,腾讯控股,广义离岸中国AI,中国离岸AI平台/云,6.14%,1,2
005676,易方达标普消费品指数C,指数型-海外股票,00700,腾讯控股,广义离岸中国AI,中国离岸AI平台/云,2.84%,1,9
005676,易方达标普消费品指数C,指数型-海外股票,09988,阿里巴巴-W,广义离岸中国AI,中国离岸AI平台/云,1.05%,1,15
005698,华夏全球科技先锋混合(QDII)A(人民币),QDII-混合偏股,TSM,台积电,狭义海外AI,先进制程代工,4.87%,1,2
005698,华夏全球科技先锋混合(QDII)A(人民币),QDII-混合偏股,LITE,Lumentum Holdings Inc,扩展海外AI,光通信器件,4.72%,1,3
005698,华夏全球科技先锋混合(QDII)A(人民币),QDII-混合偏股,GLW,康宁,扩展海外AI,光纤/材料,4.15%,1,6
005698,华夏全球科技先锋混合(QDII)A(人民币),QDII-混合偏股,SNDK,闪迪,扩展海外AI,AI存储,2.66%,1,7
005698,华夏全球科技先锋混合(QDII)A(人民币),QDII-混合偏股,MU,美光科技,狭义海外AI,AI存储/HBM,2.30%,1,8
005701,摩根香港精选港股通混合A,混合型-偏股,00700,腾讯控股,广义离岸中国AI,中国离岸AI平台/云,5.40%,1,2
005701,摩根香港精选港股通混合A,混合型-偏股,09988,阿里巴巴-W,广义离岸中国AI,中国离岸AI平台/云,3.94%,1,3
005707,富国港股通量化精选股票A,股票型,00700,腾讯控股,广义离岸中国AI,中国离岸AI平台/云,9.37%,1,2
005707,富国港股通量化精选股票A,股票型,09988,阿里巴巴-W,广义离岸中国AI,中国离岸AI平台/云,7.06%,1,3
005729,南方人工智能混合,混合型-偏股,00700,腾讯控股,广义离岸中国AI,中国离岸AI平台/云,7.56%,1,4
005729,南方人工智能混合,混合型-偏股,09988,阿里巴巴-W,广义离岸中国AI,中国离岸AI平台/云,4.13%,1,9
005734,华夏沪港通恒生ETF联接C,指数型-股票,00981,中芯国际,广义离岸中国AI,中国离岸半导体制造,0.00%,1,4
005763,中欧电子信息产业沪港深股票C,股票型,09988,阿里巴巴-W,广义离岸中国AI,中国离岸AI平台/云,5.72%,1,1
005763,中欧电子信息产业沪港深股票C,股票型,00981,中芯国际,广义离岸中国AI,中国离岸半导体制造,4.11%,1,4
005765,中欧明睿新常态混合C,混合型-偏股,00700,腾讯控股,广义离岸中国AI,中国离岸AI平台/云,6.66%,1,5
005774,华夏产业升级混合A,混合型-偏股,09988,阿里巴巴-W,广义离岸中国AI,中国离岸AI平台/云,6.57%,1,3
005794,银华心怡灵活配置混合A,混合型-灵活,00700,腾讯控股,广义离岸中国AI,中国离岸AI平台/云,9.40%,1,2
005794,银华心怡灵活配置混合A,混合型-灵活,09988,阿里巴巴-W,广义离岸中国AI,中国离岸AI平台/云,8.43%,1,3
005794,银华心怡灵活配置混合A,混合型-灵活,00981,中芯国际,广义离岸中国AI,中国离岸半导体制造,8.03%,1,5
005794,银华心怡灵活配置混合A,混合型-灵活,03896,金山云,广义离岸中国AI,中国离岸云计算,5.80%,1,6
005794,银华心怡灵活配置混合A,混合型-灵活,01347,华虹半导体,广义离岸中国AI,中国离岸半导体制造,5.23%,1,8
005802,汇添富智能制造股票A,股票型,00981,中芯国际,广义离岸中国AI,中国离岸半导体制造,8.28%,1,3
005827,易方达蓝筹精选混合,混合型-偏股,00700,腾讯控股,广义离岸中国AI,中国离岸AI平台/云,9.60%,1,4
005827,易方达蓝筹精选混合,混合型-偏股,09988,阿里巴巴-W,广义离岸中国AI,中国离岸AI平台/云,9.22%,1,8
005847,富国沪港深业绩驱动混合型A,混合型-偏股,00700,腾讯控股,广义离岸中国AI,中国离岸AI平台/云,8.67%,1,2
005847,富国沪港深业绩驱动混合型A,混合型-偏股,09988,阿里巴巴-W,广义离岸中国AI,中国离岸AI平台/云,8.46%,1,3
005949,鑫元行业轮动混合A,混合型-灵活,00700,腾讯控股,广义离岸中国AI,中国离岸AI平台/云,3.02%,1,4
005950,鑫元行业轮动混合C,混合型-灵活,00700,腾讯控股,广义离岸中国AI,中国离岸AI平台/云,3.02%,1,4
005962,宝盈人工智能股票A,股票型,09988,阿里巴巴-W,广义离岸中国AI,中国离岸AI平台/云,6.34%,1,3
005962,宝盈人工智能股票A,股票型,00700,腾讯控股,广义离岸中国AI,中国离岸AI平台/云,4.18%,1,7
005963,宝盈人工智能股票C,股票型,09988,阿里巴巴-W,广义离岸中国AI,中国离岸AI平台/云,6.34%,1,3
005963,宝盈人工智能股票C,股票型,00700,腾讯控股,广义离岸中国AI,中国离岸AI平台/云,4.18%,1,7
005974,东方红配置精选混合A,混合型-偏债,00700,腾讯控股,广义离岸中国AI,中国离岸AI平台/云,1.28%,1,1
005975,东方红配置精选混合C,混合型-偏债,00700,腾讯控股,广义离岸中国AI,中国离岸AI平台/云,1.28%,1,1
006051,鹏扬核心价值灵活配置A,混合型-灵活,00700,腾讯控股,广义离岸中国AI,中国离岸AI平台/云,8.96%,1,3
006052,鹏扬核心价值灵活配置C,混合型-灵活,00700,腾讯控股,广义离岸中国AI,中国离岸AI平台/云,8.96%,1,3
006058,民生加银新兴成长混合,混合型-偏股,00700,腾讯控股,广义离岸中国AI,中国离岸AI平台/云,5.65%,1,3
006059,鹏扬泓利债券A,债券型-混合二级,09988,阿里巴巴-W,广义离岸中国AI,中国离岸AI平台/云,0.79%,1,1
006060,鹏扬泓利债券C,债券型-混合二级,09988,阿里巴巴-W,广义离岸中国AI,中国离岸AI平台/云,0.79%,1,1
006106,景顺长城量化港股通股票A,股票型,00700,腾讯控股,广义离岸中国AI,中国离岸AI平台/云,7.55%,1,1
006106,景顺长城量化港股通股票A,股票型,09988,阿里巴巴-W,广义离岸中国AI,中国离岸AI平台/云,5.24%,1,3
006122,华安低碳生活混合A,混合型-偏股,09988,阿里巴巴-W,广义离岸中国AI,中国离岸AI平台/云,6.74%,1,2
006127,华宝港股通标普香港上市中国中小盘指数(LOF)C,指数型-股票,09660,地平线机器人-W,广义离岸中国AI,中国离岸AI芯片/自动驾驶,2.11%,1,16
006179,富国品质生活混合A,混合型-偏股,00700,腾讯控股,广义离岸中国AI,中国离岸AI平台/云,4.48%,1,9
006202,交银核心资产混合A,混合型-偏股,00700,腾讯控股,广义离岸中国AI,中国离岸AI平台/云,6.95%,1,1
006202,交银核心资产混合A,混合型-偏股,09988,阿里巴巴-W,广义离岸中国AI,中国离岸AI平台/云,4.10%,1,6
006209,中信保诚新蓝筹混合,混合型-灵活,00700,腾讯控股,广义离岸中国AI,中国离岸AI平台/云,3.33%,1,7
006216,前海开源价值成长混合A,混合型-灵活,09988,阿里巴巴-W,广义离岸中国AI,中国离岸AI平台/云,8.56%,1,4
006217,前海开源价值成长混合C,混合型-灵活,09988,阿里巴巴-W,广义离岸中国AI,中国离岸AI平台/云,8.56%,1,4
006223,交银创新成长混合,混合型-偏股,00700,腾讯控股,广义离岸中国AI,中国离岸AI平台/云,8.11%,1,1
006223,交银创新成长混合,混合型-偏股,09988,阿里巴巴-W,广义离岸中国AI,中国离岸AI平台/云,4.03%,1,9
006257,信澳先进智造股票型A,股票型,01347,华虹半导体,广义离岸中国AI,中国离岸半导体制造,6.13%,1,5
006259,汇添富红利增长混合A,混合型-偏股,00700,腾讯控股,广义离岸中国AI,中国离岸AI平台/云,3.08%,1,3
006260,汇添富红利增长混合C,混合型-偏股,00700,腾讯控股,广义离岸中国AI,中国离岸AI平台/云,3.08%,1,3
006282,摩根欧洲动力策略股票(QDII)A,QDII-普通股票,ASML,阿斯麦控股公司,狭义海外AI,半导体设备,4.27%,1,1
006299,恒越核心精选混合A,混合型-偏股,00700,腾讯控股,广义离岸中国AI,中国离岸AI平台/云,7.99%,1,1
006299,恒越核心精选混合A,混合型-偏股,09988,阿里巴巴-W,广义离岸中国AI,中国离岸AI平台/云,4.40%,1,5
006308,汇添富全球消费混合(QDII)人民币A,QDII-混合偏股,GOOGL,谷歌-A,狭义海外AI,AI云/大模型,5.53%,1,2
006308,汇添富全球消费混合(QDII)人民币A,QDII-混合偏股,09988,阿里巴巴-W,广义离岸中国AI,中国离岸AI平台/云,2.33%,1,11
006308,汇添富全球消费混合(QDII)人民币A,QDII-混合偏股,GOOG,谷歌-C,狭义海外AI,AI云/大模型,0.54%,1,12
006309,汇添富全球消费混合(QDII)人民币C,QDII-混合偏股,GOOGL,谷歌-A,狭义海外AI,AI云/大模型,5.53%,1,2
006309,汇添富全球消费混合(QDII)人民币C,QDII-混合偏股,09988,阿里巴巴-W,广义离岸中国AI,中国离岸AI平台/云,2.33%,1,11
006309,汇添富全球消费混合(QDII)人民币C,QDII-混合偏股,GOOG,谷歌-C,狭义海外AI,AI云/大模型,0.54%,1,12
006310,汇添富全球消费混合(QDII)美元现汇,QDII-混合偏股,GOOGL,谷歌-A,狭义海外AI,AI云/大模型,5.53%,1,2
006310,汇添富全球消费混合(QDII)美元现汇,QDII-混合偏股,09988,阿里巴巴-W,广义离岸中国AI,中国离岸AI平台/云,2.33%,1,11
006310,汇添富全球消费混合(QDII)美元现汇,QDII-混合偏股,GOOG,谷歌-C,狭义海外AI,AI云/大模型,0.54%,1,12
006345,景顺长城集英两年定开混合,混合型-偏股,00700,腾讯控股,广义离岸中国AI,中国离岸AI平台/云,7.99%,1,2
006348,银华盛利混合发起式A,混合型-偏股,00981,中芯国际,广义离岸中国AI,中国离岸半导体制造,3.54%,1,8
006353,东方红核心优选定开混合A,混合型-偏债,00700,腾讯控股,广义离岸中国AI,中国离岸AI平台/云,0.58%,1,2
006370,国富大中华精选混合美元,QDII-混合偏股,00700,腾讯控股,广义离岸中国AI,中国离岸AI平台/云,5.54%,1,1
006370,国富大中华精选混合美元,QDII-混合偏股,09988,阿里巴巴-W,广义离岸中国AI,中国离岸AI平台/云,5.21%,1,2
006370,国富大中华精选混合美元,QDII-混合偏股,03896,金山云,广义离岸中国AI,中国离岸云计算,2.70%,1,4
006370,国富大中华精选混合美元,QDII-混合偏股,2330,台积电,狭义海外AI,先进制程代工,2.25%,1,7
006370,国富大中华精选混合美元,QDII-混合偏股,TSM,台积电,狭义海外AI,先进制程代工,2.11%,1,9
006373,国富全球科技互联混合(QDII)人民币A,QDII-混合偏股,MU,美光科技,狭义海外AI,AI存储/HBM,7.69%,1,1
006373,国富全球科技互联混合(QDII)人民币A,QDII-混合偏股,TSM,台积电,狭义海外AI,先进制程代工,7.03%,1,2
006373,国富全球科技互联混合(QDII)人民币A,QDII-混合偏股,LRCX,拉姆研究,狭义海外AI,半导体设备,7.02%,1,3
006373,国富全球科技互联混合(QDII)人民币A,QDII-混合偏股,GLW,康宁,扩展海外AI,光纤/材料,6.79%,1,4
006373,国富全球科技互联混合(QDII)人民币A,QDII-混合偏股,GOOG,谷歌-C,狭义海外AI,AI云/大模型,6.49%,1,5
006373,国富全球科技互联混合(QDII)人民币A,QDII-混合偏股,NVDA,英伟达,狭义海外AI,核心算力-GPU,5.86%,1,6
006373,国富全球科技互联混合(QDII)人民币A,QDII-混合偏股,INTC,英特尔,扩展海外AI,半导体,3.16%,1,10
006374,国富全球科技互联混合(QDII)美元现汇A,QDII-混合偏股,MU,美光科技,狭义海外AI,AI存储/HBM,7.69%,1,1
006374,国富全球科技互联混合(QDII)美元现汇A,QDII-混合偏股,TSM,台积电,狭义海外AI,先进制程代工,7.03%,1,2
006374,国富全球科技互联混合(QDII)美元现汇A,QDII-混合偏股,LRCX,拉姆研究,狭义海外AI,半导体设备,7.02%,1,3
006374,国富全球科技互联混合(QDII)美元现汇A,QDII-混合偏股,GLW,康宁,扩展海外AI,光纤/材料,6.79%,1,4
006374,国富全球科技互联混合(QDII)美元现汇A,QDII-混合偏股,GOOG,谷歌-C,狭义海外AI,AI云/大模型,6.49%,1,5
006374,国富全球科技互联混合(QDII)美元现汇A,QDII-混合偏股,NVDA,英伟达,狭义海外AI,核心算力-GPU,5.86%,1,6
006374,国富全球科技互联混合(QDII)美元现汇A,QDII-混合偏股,INTC,英特尔,扩展海外AI,半导体,3.16%,1,10
006392,中信保诚创新成长混合A,混合型-灵活,00700,腾讯控股,广义离岸中国AI,中国离岸AI平台/云,3.48%,1,7
006408,汇添富消费升级混合A,混合型-偏股,00700,腾讯控股,广义离岸中国AI,中国离岸AI平台/云,9.17%,1,1
006426,汇添富全球移动互联混合(QDII)美元现汇,QDII-混合灵活,NVDA,英伟达,狭义海外AI,核心算力-GPU,8.96%,1,1
006426,汇添富全球移动互联混合(QDII)美元现汇,QDII-混合灵活,GOOGL,谷歌-A,狭义海外AI,AI云/大模型,8.14%,1,2
006426,汇添富全球移动互联混合(QDII)美元现汇,QDII-混合灵活,MSFT,微软,狭义海外AI,AI云/软件,5.00%,1,3
006426,汇添富全球移动互联混合(QDII)美元现汇,QDII-混合灵活,AMZN,亚马逊,狭义海外AI,AI云,4.84%,1,4
006426,汇添富全球移动互联混合(QDII)美元现汇,QDII-混合灵活,AVGO,博通,狭义海外AI,AI网络/ASIC,3.89%,1,6
006426,汇添富全球移动互联混合(QDII)美元现汇,QDII-混合灵活,META,Meta Platforms Inc-A,狭义海外AI,AI平台,3.48%,1,7
006426,汇添富全球移动互联混合(QDII)美元现汇,QDII-混合灵活,TSM,台积电,狭义海外AI,先进制程代工,3.34%,1,8
006426,汇添富全球移动互联混合(QDII)美元现汇,QDII-混合灵活,MU,美光科技,狭义海外AI,AI存储/HBM,2.21%,1,10
006477,中邮沪港深精选混合A,混合型-偏股,00700,腾讯控股,广义离岸中国AI,中国离岸AI平台/云,9.21%,1,1
006477,中邮沪港深精选混合A,混合型-偏股,09988,阿里巴巴-W,广义离岸中国AI,中国离岸AI平台/云,8.64%,1,2
006477,中邮沪港深精选混合A,混合型-偏股,00981,中芯国际,广义离岸中国AI,中国离岸半导体制造,7.61%,1,4
006477,中邮沪港深精选混合A,混合型-偏股,01810,小米集团-W,广义离岸中国AI,中国离岸AI终端/汽车,4.21%,1,6
006477,中邮沪港深精选混合A,混合型-偏股,01347,华虹半导体,广义离岸中国AI,中国离岸半导体制造,2.72%,1,9
006529,中欧匠心两年持有期混合A,混合型-偏股,00700,腾讯控股,广义离岸中国AI,中国离岸AI平台/云,9.40%,1,4
006529,中欧匠心两年持有期混合A,混合型-偏股,09988,阿里巴巴-W,广义离岸中国AI,中国离岸AI平台/云,5.06%,1,8
006530,中欧匠心两年持有期混合C,混合型-偏股,00700,腾讯控股,广义离岸中国AI,中国离岸AI平台/云,9.40%,1,4
006530,中欧匠心两年持有期混合C,混合型-偏股,09988,阿里巴巴-W,广义离岸中国AI,中国离岸AI平台/云,5.06%,1,8
006535,恒生前海恒锦裕利A,混合型-偏债,00700,腾讯控股,广义离岸中国AI,中国离岸AI平台/云,1.64%,1,4
006535,恒生前海恒锦裕利A,混合型-偏债,09988,阿里巴巴-W,广义离岸中国AI,中国离岸AI平台/云,1.51%,1,6
006536,恒生前海恒锦裕利C,混合型-偏债,00700,腾讯控股,广义离岸中国AI,中国离岸AI平台/云,1.64%,1,4
006536,恒生前海恒锦裕利C,混合型-偏债,09988,阿里巴巴-W,广义离岸中国AI,中国离岸AI平台/云,1.51%,1,6
006537,恒生前海港股通精选混合,混合型-偏股,00700,腾讯控股,广义离岸中国AI,中国离岸AI平台/云,9.15%,1,1
006537,恒生前海港股通精选混合,混合型-偏股,09988,阿里巴巴-W,广义离岸中国AI,中国离岸AI平台/云,8.26%,1,2
006537,恒生前海港股通精选混合,混合型-偏股,00981,中芯国际,广义离岸中国AI,中国离岸半导体制造,4.70%,1,4
006537,恒生前海港股通精选混合,混合型-偏股,01347,华虹半导体,广义离岸中国AI,中国离岸半导体制造,2.99%,1,9
006551,中庚价值领航混合,混合型-偏股,00700,腾讯控股,广义离岸中国AI,中国离岸AI平台/云,2.68%,1,8
006551,中庚价值领航混合,混合型-偏股,09988,阿里巴巴-W,广义离岸中国AI,中国离岸AI平台/云,2.68%,1,9
006555,浦银安盛全球智能科技(QDII)A,QDII-普通股票,LITE,Lumentum Holdings Inc,扩展海外AI,光通信器件,8.22%,1,1
006555,浦银安盛全球智能科技(QDII)A,QDII-普通股票,GOOG,谷歌-C,狭义海外AI,AI云/大模型,6.40%,1,2
006555,浦银安盛全球智能科技(QDII)A,QDII-普通股票,TSM,台积电,狭义海外AI,先进制程代工,6.04%,1,3
006555,浦银安盛全球智能科技(QDII)A,QDII-普通股票,MU,美光科技,狭义海外AI,AI存储/HBM,5.13%,1,6
006555,浦银安盛全球智能科技(QDII)A,QDII-普通股票,INTC,英特尔,扩展海外AI,半导体,4.34%,1,7
006555,浦银安盛全球智能科技(QDII)A,QDII-普通股票,ASML,阿斯麦,狭义海外AI,半导体设备,3.25%,1,10
006556,海富通研究精选混合C,混合型-偏股,03896,金山云,广义离岸中国AI,中国离岸云计算,2.29%,1,5
006557,海富通研究精选混合A,混合型-偏股,03896,金山云,广义离岸中国AI,中国离岸云计算,2.29%,1,5
006568,国联安行业领先混合,混合型-偏股,09988,阿里巴巴-W,广义离岸中国AI,中国离岸AI平台/云,3.36%,1,8
006595,广发港股通优质增长混合A,混合型-偏股,00700,腾讯控股,广义离岸中国AI,中国离岸AI平台/云,7.26%,1,1
006595,广发港股通优质增长混合A,混合型-偏股,09988,阿里巴巴-W,广义离岸中国AI,中国离岸AI平台/云,5.01%,1,4
006595,广发港股通优质增长混合A,混合型-偏股,00992,联想集团,广义离岸中国AI,中国离岸AI PC/服务器,3.01%,1,10
006614,嘉实港股通新经济指数C,指数型-股票,00700,腾讯控股,广义离岸中国AI,中国离岸AI平台/云,14.00%,1,1
006614,嘉实港股通新经济指数C,指数型-股票,09988,阿里巴巴-W,广义离岸中国AI,中国离岸AI平台/云,13.04%,1,2
006614,嘉实港股通新经济指数C,指数型-股票,01810,小米集团-W,广义离岸中国AI,中国离岸AI终端/汽车,10.98%,1,3
006614,嘉实港股通新经济指数C,指数型-股票,00981,中芯国际,广义离岸中国AI,中国离岸半导体制造,4.04%,1,6
006615,工银战略新兴产业混合A,混合型-偏股,00700,腾讯控股,广义离岸中国AI,中国离岸AI平台/云,3.25%,1,10
006616,工银战略新兴产业混合C,混合型-偏股,00700,腾讯控股,广义离岸中国AI,中国离岸AI平台/云,3.25%,1,10
006644,弘毅远方消费升级混合A,混合型-偏股,09988,阿里巴巴-W,广义离岸中国AI,中国离岸AI平台/云,3.97%,1,10
006671,广发消费升级股票,股票型,00700,腾讯控股,广义离岸中国AI,中国离岸AI平台/云,7.05%,1,2
006671,广发消费升级股票,股票型,09988,阿里巴巴-W,广义离岸中国AI,中国离岸AI平台/云,3.29%,1,6
006696,汇添富研究优选灵活配置混合,混合型-灵活,00700,腾讯控股,广义离岸中国AI,中国离岸AI平台/云,5.13%,1,3
006752,天弘港股通精选A,混合型-灵活,00700,腾讯控股,广义离岸中国AI,中国离岸AI平台/云,6.36%,1,4
006753,天弘港股通精选C,混合型-灵活,00700,腾讯控股,广义离岸中国AI,中国离岸AI平台/云,6.36%,1,4
006768,华安沪港深优选混合,混合型-偏股,01347,华虹半导体,广义离岸中国AI,中国离岸半导体制造,3.73%,1,4
006768,华安沪港深优选混合,混合型-偏股,00700,腾讯控股,广义离岸中国AI,中国离岸AI平台/云,3.22%,1,5
006769,长城研究精选混合A,混合型-偏股,09988,阿里巴巴-W,广义离岸中国AI,中国离岸AI平台/云,3.41%,1,4
006775,前海开源优质成长混合,混合型-偏股,09988,阿里巴巴-W,广义离岸中国AI,中国离岸AI平台/云,8.30%,1,4
006781,汇丰晋信港股通精选股票,股票型,00700,腾讯控股,广义离岸中国AI,中国离岸AI平台/云,5.85%,1,1
006781,汇丰晋信港股通精选股票,股票型,09988,阿里巴巴-W,广义离岸中国AI,中国离岸AI平台/云,5.38%,1,3
006786,泰康港股通大消费指数A,指数型-股票,09988,阿里巴巴-W,广义离岸中国AI,中国离岸AI平台/云,12.10%,1,1
006787,泰康港股通大消费指数C,指数型-股票,09988,阿里巴巴-W,广义离岸中国AI,中国离岸AI平台/云,12.10%,1,1
006792,鹏华港美互联股票美元现汇,QDII-普通股票,TSM,台积电,狭义海外AI,先进制程代工,9.09%,1,1
006792,鹏华港美互联股票美元现汇,QDII-普通股票,NVDA,英伟达,狭义海外AI,核心算力-GPU,9.05%,1,2
006792,鹏华港美互联股票美元现汇,QDII-普通股票,SNDK,闪迪,扩展海外AI,AI存储,8.57%,1,3
006792,鹏华港美互联股票美元现汇,QDII-普通股票,MU,美光科技,狭义海外AI,AI存储/HBM,7.49%,1,4
006792,鹏华港美互联股票美元现汇,QDII-普通股票,00700,腾讯控股,广义离岸中国AI,中国离岸AI平台/云,6.58%,1,5
006792,鹏华港美互联股票美元现汇,QDII-普通股票,GOOGL,谷歌-A,狭义海外AI,AI云/大模型,5.69%,1,6
006792,鹏华港美互联股票美元现汇,QDII-普通股票,09988,阿里巴巴-W,广义离岸中国AI,中国离岸AI平台/云,4.69%,1,7
006792,鹏华港美互联股票美元现汇,QDII-普通股票,AVGO,博通,狭义海外AI,AI网络/ASIC,3.49%,1,9
006792,鹏华港美互联股票美元现汇,QDII-普通股票,ASML,阿斯麦,狭义海外AI,半导体设备,2.85%,1,10
006796,富国消费升级混合A,混合型-偏股,00700,腾讯控股,广义离岸中国AI,中国离岸AI平台/云,3.68%,1,3
006803,嘉实互通精选股票,股票型,00700,腾讯控股,广义离岸中国AI,中国离岸AI平台/云,6.35%,1,3
006803,嘉实互通精选股票,股票型,09988,阿里巴巴-W,广义离岸中国AI,中国离岸AI平台/云,4.85%,1,5
006868,华夏科技成长股票,股票型,00700,腾讯控股,广义离岸中国AI,中国离岸AI平台/云,4.26%,1,10
006879,华安智能生活混合A,混合型-偏股,09988,阿里巴巴-W,广义离岸中国AI,中国离岸AI平台/云,4.94%,1,1
006879,华安智能生活混合A,混合型-偏股,00700,腾讯控股,广义离岸中国AI,中国离岸AI平台/云,3.50%,1,8
006890,摩根领先优选混合A,混合型-偏股,09988,阿里巴巴-W,广义离岸中国AI,中国离岸AI平台/云,8.86%,1,1
006890,摩根领先优选混合A,混合型-偏股,00700,腾讯控股,广义离岸中国AI,中国离岸AI平台/云,7.84%,1,3
006904,泰康产业升级混合A,混合型-偏股,00700,腾讯控股,广义离岸中国AI,中国离岸AI平台/云,6.20%,1,1
006905,泰康产业升级混合C,混合型-偏股,00700,腾讯控股,广义离岸中国AI,中国离岸AI平台/云,6.20%,1,1
006923,前海开源沪港深非周期股票A,股票型,00700,腾讯控股,广义离岸中国AI,中国离岸AI平台/云,9.74%,1,1
006923,前海开源沪港深非周期股票A,股票型,09988,阿里巴巴-W,广义离岸中国AI,中国离岸AI平台/云,9.51%,1,3
006923,前海开源沪港深非周期股票A,股票型,00981,中芯国际,广义离岸中国AI,中国离岸半导体制造,4.34%,1,8
006923,前海开源沪港深非周期股票A,股票型,00992,联想集团,广义离岸中国AI,中国离岸AI PC/服务器,4.17%,1,9
006924,前海开源沪港深非周期股票C,股票型,00700,腾讯控股,广义离岸中国AI,中国离岸AI平台/云,9.74%,1,1
006924,前海开源沪港深非周期股票C,股票型,09988,阿里巴巴-W,广义离岸中国AI,中国离岸AI平台/云,9.51%,1,3
006924,前海开源沪港深非周期股票C,股票型,00981,中芯国际,广义离岸中国AI,中国离岸半导体制造,4.34%,1,8
006924,前海开源沪港深非周期股票C,股票型,00992,联想集团,广义离岸中国AI,中国离岸AI PC/服务器,4.17%,1,9
006952,中银景元回报混合,混合型-偏债,09988,阿里巴巴-W,广义离岸中国AI,中国离岸AI平台/云,3.84%,1,1
006952,中银景元回报混合,混合型-偏债,00981,中芯国际,广义离岸中国AI,中国离岸半导体制造,0.72%,1,10
007047,长城核心优势混合A,混合型-偏股,09988,阿里巴巴-W,广义离岸中国AI,中国离岸AI平台/云,3.58%,1,4
007063,长盛研发回报混合A,混合型-偏股,09988,阿里巴巴-W,广义离岸中国AI,中国离岸AI平台/云,4.75%,1,2
007063,长盛研发回报混合A,混合型-偏股,02228,晶泰控股,广义离岸中国AI,中国离岸AI制药,4.63%,1,5
007066,浦银安盛先进制造混合A,混合型-偏股,09988,阿里巴巴-W,广义离岸中国AI,中国离岸AI平台/云,6.06%,1,6
007066,浦银安盛先进制造混合A,混合型-偏股,00981,中芯国际,广义离岸中国AI,中国离岸半导体制造,3.10%,1,11
007067,浦银安盛先进制造混合C,混合型-偏股,09988,阿里巴巴-W,广义离岸中国AI,中国离岸AI平台/云,6.06%,1,6
007067,浦银安盛先进制造混合C,混合型-偏股,00981,中芯国际,广义离岸中国AI,中国离岸半导体制造,3.10%,1,11
007101,中欧远见两年定开混合C,混合型-偏股,00700,腾讯控股,广义离岸中国AI,中国离岸AI平台/云,2.13%,1,9
007107,太平MSCI香港价值增强A,指数型-股票,00992,联想集团,广义离岸中国AI,中国离岸AI PC/服务器,3.09%,1,6
007108,太平MSCI香港价值增强C,指数型-股票,00992,联想集团,广义离岸中国AI,中国离岸AI PC/服务器,3.09%,1,6
007110,国投瑞银港股通混合A,混合型-偏股,00700,腾讯控股,广义离岸中国AI,中国离岸AI平台/云,9.36%,1,2
007110,国投瑞银港股通混合A,混合型-偏股,09988,阿里巴巴-W,广义离岸中国AI,中国离岸AI平台/云,4.27%,1,8
007119,睿远成长价值混合A,混合型-偏股,00700,腾讯控股,广义离岸中国AI,中国离岸AI平台/云,7.15%,1,8
007120,睿远成长价值混合C,混合型-偏股,00700,腾讯控股,广义离岸中国AI,中国离岸AI平台/云,7.15%,1,8
007132,长城港股通价值精选混合A,混合型-偏股,00981,中芯国际,广义离岸中国AI,中国离岸半导体制造,8.64%,1,1
007132,长城港股通价值精选混合A,混合型-偏股,00700,腾讯控股,广义离岸中国AI,中国离岸AI平台/云,8.53%,1,2
007132,长城港股通价值精选混合A,混合型-偏股,01810,小米集团-W,广义离岸中国AI,中国离岸AI终端/汽车,8.40%,1,3
007132,长城港股通价值精选混合A,混合型-偏股,01347,华虹半导体,广义离岸中国AI,中国离岸半导体制造,4.56%,1,5
007139,富国民裕进取沪港深成长A,混合型-偏股,00700,腾讯控股,广义离岸中国AI,中国离岸AI平台/云,7.30%,1,5
007151,前海开源沪港深聚瑞混合,混合型-偏股,00700,腾讯控股,广义离岸中国AI,中国离岸AI平台/云,9.37%,1,1
007151,前海开源沪港深聚瑞混合,混合型-偏股,09988,阿里巴巴-W,广义离岸中国AI,中国离岸AI平台/云,4.55%,1,9
007182,万家沪港深蓝筹混合A,混合型-偏股,00700,腾讯控股,广义离岸中国AI,中国离岸AI平台/云,6.99%,1,2
007182,万家沪港深蓝筹混合A,混合型-偏股,09988,阿里巴巴-W,广义离岸中国AI,中国离岸AI平台/云,5.23%,1,3
007182,万家沪港深蓝筹混合A,混合型-偏股,01347,华虹半导体,广义离岸中国AI,中国离岸半导体制造,2.44%,1,9
007183,万家沪港深蓝筹混合C,混合型-偏股,00700,腾讯控股,广义离岸中国AI,中国离岸AI平台/云,6.99%,1,2
007183,万家沪港深蓝筹混合C,混合型-偏股,09988,阿里巴巴-W,广义离岸中国AI,中国离岸AI平台/云,5.23%,1,3
007183,万家沪港深蓝筹混合C,混合型-偏股,01347,华虹半导体,广义离岸中国AI,中国离岸半导体制造,2.44%,1,9
007193,恒越核心精选混合C,混合型-偏股,00700,腾讯控股,广义离岸中国AI,中国离岸AI平台/云,7.99%,1,1
007193,恒越核心精选混合C,混合型-偏股,09988,阿里巴巴-W,广义离岸中国AI,中国离岸AI平台/云,4.40%,1,5
007234,博时优势企业灵活配置混合C,混合型-灵活,00700,腾讯控股,广义离岸中国AI,中国离岸AI平台/云,2.06%,1,10
007277,恒生前海消费升级混合,混合型-偏股,09988,阿里巴巴-W,广义离岸中国AI,中国离岸AI平台/云,6.18%,1,3
007291,汇丰晋信港股通双核策略混合,混合型-偏股,09988,阿里巴巴-W,广义离岸中国AI,中国离岸AI平台/云,6.88%,1,4
007291,汇丰晋信港股通双核策略混合,混合型-偏股,00700,腾讯控股,广义离岸中国AI,中国离岸AI平台/云,5.84%,1,7
007303,京管泰富优势混合A,混合型-偏股,00700,腾讯控股,广义离岸中国AI,中国离岸AI平台/云,5.03%,1,3
007304,京管泰富优势混合C,混合型-偏股,00700,腾讯控股,广义离岸中国AI,中国离岸AI平台/云,5.03%,1,3
007318,中银民丰回报混合,混合型-偏债,09988,阿里巴巴-W,广义离岸中国AI,中国离岸AI平台/云,0.46%,1,4
007318,中银民丰回报混合,混合型-偏债,00981,中芯国际,广义离岸中国AI,中国离岸半导体制造,0.32%,1,6
007340,南方科技创新混合A,混合型-偏股,09988,阿里巴巴-W,广义离岸中国AI,中国离岸AI平台/云,4.01%,1,7
007340,南方科技创新混合A,混合型-偏股,01347,华虹半导体,广义离岸中国AI,中国离岸半导体制造,2.21%,1,10
007341,南方科技创新混合C,混合型-偏股,09988,阿里巴巴-W,广义离岸中国AI,中国离岸AI平台/云,4.01%,1,7
007341,南方科技创新混合C,混合型-偏股,01347,华虹半导体,广义离岸中国AI,中国离岸半导体制造,2.21%,1,10
007345,富国科技创新灵活配置混合,混合型-灵活,00700,腾讯控股,广义离岸中国AI,中国离岸AI平台/云,8.62%,1,3
007353,工银科技创新混合,混合型-偏股,00981,中芯国际,广义离岸中国AI,中国离岸半导体制造,4.00%,1,9
007354,创金合信港股通量化股票A,股票型,00700,腾讯控股,广义离岸中国AI,中国离岸AI平台/云,7.84%,1,1
007354,创金合信港股通量化股票A,股票型,09988,阿里巴巴-W,广义离岸中国AI,中国离岸AI平台/云,6.13%,1,3
007355,汇添富科技创新混合A,混合型-灵活,00700,腾讯控股,广义离岸中国AI,中国离岸AI平台/云,2.12%,1,10
007356,汇添富科技创新混合C,混合型-灵活,00700,腾讯控股,广义离岸中国AI,中国离岸AI平台/云,2.12%,1,10
007357,创金合信港股通量化股票C,股票型,00700,腾讯控股,广义离岸中国AI,中国离岸AI平台/云,7.84%,1,1
007357,创金合信港股通量化股票C,股票型,09988,阿里巴巴-W,广义离岸中国AI,中国离岸AI平台/云,6.13%,1,3
007368,浙商沪港深精选混合A,混合型-偏股,00700,腾讯控股,广义离岸中国AI,中国离岸AI平台/云,6.06%,1,4
007369,浙商沪港深精选混合C,混合型-偏股,00700,腾讯控股,广义离岸中国AI,中国离岸AI平台/云,6.06%,1,4
007412,景顺长城绩优成长混合A,混合型-偏股,00700,腾讯控股,广义离岸中国AI,中国离岸AI平台/云,8.78%,1,2
007415,南方致远混合A,混合型-偏债,00700,腾讯控股,广义离岸中国AI,中国离岸AI平台/云,0.47%,1,7
007416,南方致远混合C,混合型-偏债,00700,腾讯控股,广义离岸中国AI,中国离岸AI平台/云,0.47%,1,7
007449,兴全多维价值混合A,混合型-偏股,09988,阿里巴巴-W,广义离岸中国AI,中国离岸AI平台/云,3.36%,1,4
007450,兴全多维价值混合C,混合型-偏股,09988,阿里巴巴-W,广义离岸中国AI,中国离岸AI平台/云,3.36%,1,4
007455,富国蓝筹精选股票(QDII)人民币,QDII-普通股票,00700,腾讯控股,广义离岸中国AI,中国离岸AI平台/云,5.19%,1,2
007455,富国蓝筹精选股票(QDII)人民币,QDII-普通股票,09988,阿里巴巴-W,广义离岸中国AI,中国离岸AI平台/云,4.20%,1,4
007460,华安成长创新混合A,混合型-偏股,09988,阿里巴巴-W,广义离岸中国AI,中国离岸AI平台/云,4.89%,1,1
007460,华安成长创新混合A,混合型-偏股,00700,腾讯控股,广义离岸中国AI,中国离岸AI平台/云,3.97%,1,4
007484,信澳核心科技混合A,混合型-偏股,00700,腾讯控股,广义离岸中国AI,中国离岸AI平台/云,6.44%,1,2
007484,信澳核心科技混合A,混合型-偏股,09988,阿里巴巴-W,广义离岸中国AI,中国离岸AI平台/云,6.05%,1,5
007490,南方信息创新混合A,混合型-偏股,01347,华虹半导体,广义离岸中国AI,中国离岸半导体制造,3.85%,1,13
007491,南方信息创新混合C,混合型-偏股,01347,华虹半导体,广义离岸中国AI,中国离岸半导体制造,3.85%,1,11
007493,朱雀产业臻选混合A,混合型-偏股,00981,中芯国际,广义离岸中国AI,中国离岸半导体制造,8.86%,1,2
007494,朱雀产业臻选混合C,混合型-偏股,00981,中芯国际,广义离岸中国AI,中国离岸半导体制造,8.86%,1,2
007505,华夏AH经济蓝筹股票A,指数型-股票,00700,腾讯控股,广义离岸中国AI,中国离岸AI平台/云,10.00%,1,1
007505,华夏AH经济蓝筹股票A,指数型-股票,09988,阿里巴巴-W,广义离岸中国AI,中国离岸AI平台/云,7.91%,1,2
007506,华夏AH经济蓝筹股票C,指数型-股票,00700,腾讯控股,广义离岸中国AI,中国离岸AI平台/云,10.00%,1,1
007506,华夏AH经济蓝筹股票C,指数型-股票,09988,阿里巴巴-W,广义离岸中国AI,中国离岸AI平台/云,7.91%,1,2
007512,工银沪港深股票C,股票型,00700,腾讯控股,广义离岸中国AI,中国离岸AI平台/云,9.48%,1,1
007512,工银沪港深股票C,股票型,00981,中芯国际,广义离岸中国AI,中国离岸半导体制造,5.15%,1,3
007512,工银沪港深股票C,股票型,09988,阿里巴巴-W,广义离岸中国AI,中国离岸AI平台/云,5.05%,1,5
007523,汇添富内需增长股票A,股票型,09988,阿里巴巴-W,广义离岸中国AI,中国离岸AI平台/云,4.81%,1,3
007524,汇添富内需增长股票C,股票型,09988,阿里巴巴-W,广义离岸中国AI,中国离岸AI平台/云,4.81%,1,3
007548,易方达ESG责任投资股票,股票型,00700,腾讯控股,广义离岸中国AI,中国离岸AI平台/云,8.08%,1,3
007548,易方达ESG责任投资股票,股票型,09988,阿里巴巴-W,广义离岸中国AI,中国离岸AI平台/云,7.07%,1,4
007592,华夏价值精选混合A,混合型-偏股,09988,阿里巴巴-W,广义离岸中国AI,中国离岸AI平台/云,3.97%,1,6
007592,华夏价值精选混合A,混合型-偏股,00700,腾讯控股,广义离岸中国AI,中国离岸AI平台/云,2.97%,1,9
007660,招商和悦均衡养老三年持有混合(FOF)A,FOF-均衡型,00981,中芯国际,广义离岸中国AI,中国离岸半导体制造,0.32%,1,10
007729,招商普盛全球配置(QDII)人民币A,QDII-混合灵活,SNDK,闪迪,扩展海外AI,AI存储,0.59%,1,1
007729,招商普盛全球配置(QDII)人民币A,QDII-混合灵活,ARM,Arm Holdings plc ADR,狭义海外AI,AI芯片IP,0.35%,1,7
007729,招商普盛全球配置(QDII)人民币A,QDII-混合灵活,AVGO,博通,狭义海外AI,AI网络/ASIC,0.35%,1,8
007729,招商普盛全球配置(QDII)人民币A,QDII-混合灵活,MU,美光科技,狭义海外AI,AI存储/HBM,0.34%,1,9
007750,广发优势增长股票,股票型,00700,腾讯控股,广义离岸中国AI,中国离岸AI平台/云,3.11%,1,7
007850,方正富邦天睿混合A,混合型-灵活,09988,阿里巴巴-W,广义离岸中国AI,中国离岸AI平台/云,7.64%,1,2
007851,方正富邦天睿混合C,混合型-灵活,09988,阿里巴巴-W,广义离岸中国AI,中国离岸AI平台/云,7.64%,1,2
007880,朱雀产业智选混合A,混合型-偏股,00981,中芯国际,广义离岸中国AI,中国离岸半导体制造,4.56%,1,3
007881,朱雀产业智选混合C,混合型-偏股,00981,中芯国际,广义离岸中国AI,中国离岸半导体制造,4.56%,1,3
007887,东方红启元三年持有混合B,混合型-灵活,09988,阿里巴巴-W,广义离岸中国AI,中国离岸AI平台/云,4.58%,1,6
007959,方正富邦天恒混合A,混合型-灵活,00700,腾讯控股,广义离岸中国AI,中国离岸AI平台/云,7.47%,1,2
007960,方正富邦天恒混合C,混合型-灵活,00700,腾讯控股,广义离岸中国AI,中国离岸AI平台/云,7.47%,1,2
007975,招商普盛全球配置(QDII-FOF)美元现汇,QDII-混合灵活,SNDK,闪迪,扩展海外AI,AI存储,0.59%,1,1
007975,招商普盛全球配置(QDII-FOF)美元现汇,QDII-混合灵活,ARM,Arm Holdings plc ADR,狭义海外AI,AI芯片IP,0.35%,1,7
007975,招商普盛全球配置(QDII-FOF)美元现汇,QDII-混合灵活,AVGO,博通,狭义海外AI,AI网络/ASIC,0.35%,1,8
007975,招商普盛全球配置(QDII-FOF)美元现汇,QDII-混合灵活,MU,美光科技,狭义海外AI,AI存储/HBM,0.34%,1,9
008025,汇添富稳健增长混合A,混合型-偏债,00700,腾讯控股,广义离岸中国AI,中国离岸AI平台/云,1.41%,1,7
008026,汇添富稳健增长混合C,混合型-偏债,00700,腾讯控股,广义离岸中国AI,中国离岸AI平台/云,1.41%,1,7
008063,汇添富大盘核心资产混合A,混合型-偏股,09988,阿里巴巴-W,广义离岸中国AI,中国离岸AI平台/云,3.41%,1,9
008133,华安优质生活混合,混合型-偏股,09988,阿里巴巴-W,广义离岸中国AI,中国离岸AI平台/云,5.86%,1,1
008134,鹏华优选价值股票A,股票型,00700,腾讯控股,广义离岸中国AI,中国离岸AI平台/云,4.52%,1,5
008150,嘉实远见企业精选两年持有期混合,混合型-偏股,09988,阿里巴巴-W,广义离岸中国AI,中国离岸AI平台/云,3.48%,1,10
008158,招商盛鑫优选3个月持有(FOF)A,FOF-均衡型,00700,腾讯控股,广义离岸中国AI,中国离岸AI平台/云,0.45%,1,1
008159,招商盛鑫优选3个月持有(FOF)C,FOF-均衡型,00700,腾讯控股,广义离岸中国AI,中国离岸AI平台/云,0.45%,1,1
008166,工银消费股票A,股票型,00700,腾讯控股,广义离岸中国AI,中国离岸AI平台/云,9.01%,1,2
008167,工银消费股票C,股票型,00700,腾讯控股,广义离岸中国AI,中国离岸AI平台/云,9.01%,1,2
008183,招商普盛全球配置(QDII-FOF)美元现钞,QDII-混合灵活,SNDK,闪迪,扩展海外AI,AI存储,0.59%,1,1
008183,招商普盛全球配置(QDII-FOF)美元现钞,QDII-混合灵活,ARM,Arm Holdings plc ADR,狭义海外AI,AI芯片IP,0.35%,1,7
008183,招商普盛全球配置(QDII-FOF)美元现钞,QDII-混合灵活,AVGO,博通,狭义海外AI,AI网络/ASIC,0.35%,1,8
008183,招商普盛全球配置(QDII-FOF)美元现钞,QDII-混合灵活,MU,美光科技,狭义海外AI,AI存储/HBM,0.34%,1,9
008188,前海开源稳健增长三年混合,混合型-偏股,09988,阿里巴巴-W,广义离岸中国AI,中国离岸AI平台/云,8.62%,1,4
008227,宝盈研究精选混合A,混合型-偏股,00700,腾讯控股,广义离岸中国AI,中国离岸AI平台/云,5.11%,1,8
008228,宝盈研究精选混合C,混合型-偏股,00700,腾讯控股,广义离岸中国AI,中国离岸AI平台/云,5.11%,1,8
008253,华宝致远混合(QDII)A,QDII-混合偏股,NVDA,英伟达,狭义海外AI,核心算力-GPU,7.79%,1,1
008253,华宝致远混合(QDII)A,QDII-混合偏股,LITE,Lumentum Holdings Inc,扩展海外AI,光通信器件,7.07%,1,2
008253,华宝致远混合(QDII)A,QDII-混合偏股,SNDK,闪迪,扩展海外AI,AI存储,5.47%,1,3
008253,华宝致远混合(QDII)A,QDII-混合偏股,MU,美光科技,狭义海外AI,AI存储/HBM,4.53%,1,4
008253,华宝致远混合(QDII)A,QDII-混合偏股,AVGO,博通,狭义海外AI,AI网络/ASIC,4.15%,1,5
008253,华宝致远混合(QDII)A,QDII-混合偏股,GOOG,谷歌-C,狭义海外AI,AI云/大模型,3.96%,1,6
008253,华宝致远混合(QDII)A,QDII-混合偏股,TSM,台积电,狭义海外AI,先进制程代工,3.89%,1,7
008253,华宝致远混合(QDII)A,QDII-混合偏股,GLW,康宁,扩展海外AI,光纤/材料,2.96%,1,8
008253,华宝致远混合(QDII)A,QDII-混合偏股,ASML,阿斯麦,狭义海外AI,半导体设备,2.36%,1,10
008253,华宝致远混合(QDII)A,QDII-混合偏股,GOOGL,谷歌-A,狭义海外AI,AI云/大模型,0.96%,1,11
008254,华宝致远混合(QDII)C,QDII-混合偏股,NVDA,英伟达,狭义海外AI,核心算力-GPU,7.79%,1,1
008254,华宝致远混合(QDII)C,QDII-混合偏股,LITE,Lumentum Holdings Inc,扩展海外AI,光通信器件,7.07%,1,2
008254,华宝致远混合(QDII)C,QDII-混合偏股,SNDK,闪迪,扩展海外AI,AI存储,5.47%,1,3
008254,华宝致远混合(QDII)C,QDII-混合偏股,MU,美光科技,狭义海外AI,AI存储/HBM,4.53%,1,4
008254,华宝致远混合(QDII)C,QDII-混合偏股,AVGO,博通,狭义海外AI,AI网络/ASIC,4.15%,1,5
008254,华宝致远混合(QDII)C,QDII-混合偏股,GOOG,谷歌-C,狭义海外AI,AI云/大模型,3.96%,1,6
008254,华宝致远混合(QDII)C,QDII-混合偏股,TSM,台积电,狭义海外AI,先进制程代工,3.89%,1,7
008254,华宝致远混合(QDII)C,QDII-混合偏股,GLW,康宁,扩展海外AI,光纤/材料,2.96%,1,8
008254,华宝致远混合(QDII)C,QDII-混合偏股,ASML,阿斯麦,狭义海外AI,半导体设备,2.36%,1,10
008254,华宝致远混合(QDII)C,QDII-混合偏股,GOOGL,谷歌-A,狭义海外AI,AI云/大模型,0.96%,1,11
008260,长城价值优选混合A,混合型-偏股,00700,腾讯控股,广义离岸中国AI,中国离岸AI平台/云,2.65%,1,10
008261,招商研究优选股票A,股票型,00700,腾讯控股,广义离岸中国AI,中国离岸AI平台/云,3.43%,1,7
008262,招商研究优选股票C,股票型,00700,腾讯控股,广义离岸中国AI,中国离岸AI平台/云,3.43%,1,7
008263,东方红品质优选定开混合,混合型-偏债,00700,腾讯控股,广义离岸中国AI,中国离岸AI平台/云,2.69%,1,1
008263,东方红品质优选定开混合,混合型-偏债,09988,阿里巴巴-W,广义离岸中国AI,中国离岸AI平台/云,2.41%,1,2
008286,易方达研究精选股票,股票型,00700,腾讯控股,广义离岸中国AI,中国离岸AI平台/云,6.45%,1,4
008290,华安现代生活混合,混合型-偏股,00700,腾讯控股,广义离岸中国AI,中国离岸AI平台/云,8.90%,1,1
008290,华安现代生活混合,混合型-偏股,01347,华虹半导体,广义离岸中国AI,中国离岸半导体制造,5.25%,1,3
008294,朱雀企业优胜A,股票型,00981,中芯国际,广义离岸中国AI,中国离岸半导体制造,9.43%,1,2
008294,朱雀企业优胜A,股票型,00700,腾讯控股,广义离岸中国AI,中国离岸AI平台/云,5.44%,1,4
008295,朱雀企业优胜C,股票型,00981,中芯国际,广义离岸中国AI,中国离岸半导体制造,9.43%,1,2
008295,朱雀企业优胜C,股票型,00700,腾讯控股,广义离岸中国AI,中国离岸AI平台/云,5.44%,1,4
008313,光大研究精选混合A,混合型-偏股,00981,中芯国际,广义离岸中国AI,中国离岸半导体制造,2.15%,1,9
008314,摩根慧选成长股票A,股票型,00700,腾讯控股,广义离岸中国AI,中国离岸AI平台/云,3.24%,1,6
008315,摩根慧选成长股票C,股票型,00700,腾讯控股,广义离岸中国AI,中国离岸AI平台/云,3.24%,1,6
008317,光大睿盈混合A,混合型-偏股,09988,阿里巴巴-W,广义离岸中国AI,中国离岸AI平台/云,3.94%,1,2
008378,兴全社会价值三年持有混合,混合型-偏股,09988,阿里巴巴-W,广义离岸中国AI,中国离岸AI平台/云,5.16%,1,3
008381,前海开源新兴产业混合A,混合型-偏股,09988,阿里巴巴-W,广义离岸中国AI,中国离岸AI平台/云,6.25%,1,5
008401,大成标普500等权重指数(QDII)C人民币,指数型-海外股票,DELL,戴尔科技,扩展海外AI,AI服务器,0.21%,1,6
008416,鹏扬景瑞三年持有混合A,混合型-偏债,00700,腾讯控股,广义离岸中国AI,中国离岸AI平台/云,2.30%,1,3
008417,鹏扬景瑞三年持有混合C,混合型-偏债,00700,腾讯控股,广义离岸中国AI,中国离岸AI平台/云,2.30%,1,3
008469,朱雀安鑫回报债券A,债券型-混合二级,00981,中芯国际,广义离岸中国AI,中国离岸半导体制造,0.83%,1,3
008470,朱雀安鑫回报债券C,债券型-混合二级,00981,中芯国际,广义离岸中国AI,中国离岸半导体制造,0.83%,1,3
008499,鹏扬景科混合A,混合型-偏债,00700,腾讯控股,广义离岸中国AI,中国离岸AI平台/云,0.32%,1,5
008500,鹏扬景科混合C,混合型-偏债,00700,腾讯控股,广义离岸中国AI,中国离岸AI平台/云,0.32%,1,5
008501,鹏扬聚利六个月持有期债券A,债券型-混合二级,00700,腾讯控股,广义离岸中国AI,中国离岸AI平台/云,0.13%,1,5
008501,鹏扬聚利六个月持有期债券A,债券型-混合二级,09988,阿里巴巴-W,广义离岸中国AI,中国离岸AI平台/云,0.12%,1,8
008502,鹏扬聚利六个月持有期债券C,债券型-混合二级,00700,腾讯控股,广义离岸中国AI,中国离岸AI平台/云,0.13%,1,5
008502,鹏扬聚利六个月持有期债券C,债券型-混合二级,09988,阿里巴巴-W,广义离岸中国AI,中国离岸AI平台/云,0.12%,1,8
008513,南方宝丰混合A,混合型-偏债,00700,腾讯控股,广义离岸中国AI,中国离岸AI平台/云,0.94%,1,3
008513,南方宝丰混合A,混合型-偏债,09988,阿里巴巴-W,广义离岸中国AI,中国离岸AI平台/云,0.77%,1,4
008513,南方宝丰混合A,混合型-偏债,00981,中芯国际,广义离岸中国AI,中国离岸半导体制造,0.49%,1,10
008514,南方宝丰混合C,混合型-偏债,00700,腾讯控股,广义离岸中国AI,中国离岸AI平台/云,0.94%,1,3
008514,南方宝丰混合C,混合型-偏债,09988,阿里巴巴-W,广义离岸中国AI,中国离岸AI平台/云,0.77%,1,4
008514,南方宝丰混合C,混合型-偏债,00981,中芯国际,广义离岸中国AI,中国离岸半导体制造,0.49%,1,10
008515,国富基本面优选混合A,混合型-偏股,00700,腾讯控股,广义离岸中国AI,中国离岸AI平台/云,6.79%,1,4
008519,中金中证沪港深优选消费50指数A,指数型-股票,00700,腾讯控股,广义离岸中国AI,中国离岸AI平台/云,7.87%,1,5
008519,中金中证沪港深优选消费50指数A,指数型-股票,01810,小米集团-W,广义离岸中国AI,中国离岸AI终端/汽车,7.56%,1,6
008520,中金中证沪港深优选消费50指数C,指数型-股票,00700,腾讯控股,广义离岸中国AI,中国离岸AI平台/云,7.87%,1,5
008520,中金中证沪港深优选消费50指数C,指数型-股票,01810,小米集团-W,广义离岸中国AI,中国离岸AI终端/汽车,7.56%,1,6
008531,惠升惠民混合A,混合型-偏股,09988,阿里巴巴-W,广义离岸中国AI,中国离岸AI平台/云,6.97%,1,1
008531,惠升惠民混合A,混合型-偏股,00981,中芯国际,广义离岸中国AI,中国离岸半导体制造,3.92%,1,10
008532,惠升惠民混合C,混合型-偏股,09988,阿里巴巴-W,广义离岸中国AI,中国离岸AI平台/云,6.97%,1,1
008532,惠升惠民混合C,混合型-偏股,00981,中芯国际,广义离岸中国AI,中国离岸半导体制造,3.92%,1,10
008639,中欧预见稳瑞混合(FOF)A,FOF-稳健型,09988,阿里巴巴-W,广义离岸中国AI,中国离岸AI平台/云,0.34%,1,6
008640,方正富邦科技创新A,混合型-偏股,09988,阿里巴巴-W,广义离岸中国AI,中国离岸AI平台/云,4.12%,1,8
008640,方正富邦科技创新A,混合型-偏股,02228,晶泰控股,广义离岸中国AI,中国离岸AI制药,3.95%,1,9
008641,方正富邦科技创新C,混合型-偏股,09988,阿里巴巴-W,广义离岸中国AI,中国离岸AI平台/云,4.12%,1,8
008641,方正富邦科技创新C,混合型-偏股,02228,晶泰控股,广义离岸中国AI,中国离岸AI制药,3.95%,1,9
008655,招商科技创新混合A,混合型-偏股,09988,阿里巴巴-W,广义离岸中国AI,中国离岸AI平台/云,5.90%,1,3
008655,招商科技创新混合A,混合型-偏股,00981,中芯国际,广义离岸中国AI,中国离岸半导体制造,5.89%,1,4
008655,招商科技创新混合A,混合型-偏股,00700,腾讯控股,广义离岸中国AI,中国离岸AI平台/云,5.32%,1,8
008655,招商科技创新混合A,混合型-偏股,01347,华虹半导体,广义离岸中国AI,中国离岸半导体制造,4.93%,1,9
008656,招商科技创新混合C,混合型-偏股,09988,阿里巴巴-W,广义离岸中国AI,中国离岸AI平台/云,5.90%,1,3
008656,招商科技创新混合C,混合型-偏股,00981,中芯国际,广义离岸中国AI,中国离岸半导体制造,5.89%,1,4
008656,招商科技创新混合C,混合型-偏股,00700,腾讯控股,广义离岸中国AI,中国离岸AI平台/云,5.32%,1,8
008656,招商科技创新混合C,混合型-偏股,01347,华虹半导体,广义离岸中国AI,中国离岸半导体制造,4.93%,1,9
008657,景顺长城科技创新混合A,混合型-偏股,00700,腾讯控股,广义离岸中国AI,中国离岸AI平台/云,4.45%,1,9
008681,鹏华价值成长混合,混合型-偏股,00700,腾讯控股,广义离岸中国AI,中国离岸AI平台/云,2.99%,1,4
008715,景顺长城价值驱动一年持有混合,混合型-灵活,00700,腾讯控股,广义离岸中国AI,中国离岸AI平台/云,4.83%,1,2
008770,东方红安鑫甄选一年持有混合,混合型-偏债,00700,腾讯控股,广义离岸中国AI,中国离岸AI平台/云,0.56%,1,2
008786,长城健康生活混合A,混合型-灵活,00700,腾讯控股,广义离岸中国AI,中国离岸AI平台/云,5.16%,1,4
008811,鹏华科技创新混合,混合型-偏股,09988,阿里巴巴-W,广义离岸中国AI,中国离岸AI平台/云,5.42%,1,4
008833,银华汇盈一年持有期混合A,混合型-偏债,00700,腾讯控股,广义离岸中国AI,中国离岸AI平台/云,0.68%,1,3
008834,银华汇盈一年持有期混合C,混合型-偏债,00700,腾讯控股,广义离岸中国AI,中国离岸AI平台/云,0.68%,1,3
008854,南方内需增长两年股票A,股票型,00700,腾讯控股,广义离岸中国AI,中国离岸AI平台/云,7.19%,1,1
008855,南方内需增长两年股票C,股票型,00700,腾讯控股,广义离岸中国AI,中国离岸AI平台/云,7.19%,1,1
008860,民生加银龙头优选股票A,股票型,00700,腾讯控股,广义离岸中国AI,中国离岸AI平台/云,7.51%,1,5
008871,大成睿裕六月持有股票A,股票型,00700,腾讯控股,广义离岸中国AI,中国离岸AI平台/云,6.03%,1,3
008872,大成睿裕六月持有股票C,股票型,00700,腾讯控股,广义离岸中国AI,中国离岸AI平台/云,6.03%,1,3
008891,安信价值成长混合A,混合型-偏股,00700,腾讯控股,广义离岸中国AI,中国离岸AI平台/云,9.51%,1,3
008892,安信价值成长混合C,混合型-偏股,00700,腾讯控股,广义离岸中国AI,中国离岸AI平台/云,9.51%,1,3
008901,富国内需增长混合A,混合型-偏股,00700,腾讯控股,广义离岸中国AI,中国离岸AI平台/云,4.45%,1,7
008934,大成科技消费股票A,股票型,09988,阿里巴巴-W,广义离岸中国AI,中国离岸AI平台/云,7.78%,1,2
008935,大成科技消费股票C,股票型,09988,阿里巴巴-W,广义离岸中国AI,中国离岸AI平台/云,7.78%,1,2
008954,安信价值回报三年持有混合A,混合型-偏股,00700,腾讯控股,广义离岸中国AI,中国离岸AI平台/云,9.04%,1,4
008958,嘉实回报精选股票,股票型,00700,腾讯控股,广义离岸中国AI,中国离岸AI平台/云,7.93%,1,3
008962,建信科技创新混合A,混合型-偏股,00700,腾讯控股,广义离岸中国AI,中国离岸AI平台/云,3.65%,1,3
008963,建信科技创新混合C,混合型-偏股,00700,腾讯控股,广义离岸中国AI,中国离岸AI平台/云,3.65%,1,3
008969,睿远均衡价值三年持有混合A,混合型-偏股,00700,腾讯控股,广义离岸中国AI,中国离岸AI平台/云,9.75%,1,2
008970,睿远均衡价值三年持有混合C,混合型-偏股,00700,腾讯控股,广义离岸中国AI,中国离岸AI平台/云,9.75%,1,2
008973,大成中华沪深港300指数(LOF)C,指数型-股票,00700,腾讯控股,广义离岸中国AI,中国离岸AI平台/云,6.34%,1,1
008973,大成中华沪深港300指数(LOF)C,指数型-股票,09988,阿里巴巴-W,广义离岸中国AI,中国离岸AI平台/云,4.60%,1,2
008985,东方红启东三年持有混合,混合型-灵活,00981,中芯国际,广义离岸中国AI,中国离岸半导体制造,3.54%,1,6
008990,东方红匠心甄选一年持有混合,混合型-偏债,00700,腾讯控股,广义离岸中国AI,中国离岸AI平台/云,0.60%,1,2
009007,兴全沪港深两年持有混合,混合型-偏股,00700,腾讯控股,广义离岸中国AI,中国离岸AI平台/云,7.46%,1,1
009007,兴全沪港深两年持有混合,混合型-偏股,09988,阿里巴巴-W,广义离岸中国AI,中国离岸AI平台/云,6.18%,1,2
009007,兴全沪港深两年持有混合,混合型-偏股,00981,中芯国际,广义离岸中国AI,中国离岸半导体制造,2.76%,1,8
009010,华夏兴阳一年持有混合,混合型-偏股,00700,腾讯控股,广义离岸中国AI,中国离岸AI平台/云,4.25%,1,2
009011,华夏睿阳一年持有混合,混合型-偏股,00700,腾讯控股,广义离岸中国AI,中国离岸AI平台/云,3.52%,1,5
009014,泓德睿泽混合,混合型-偏股,09988,阿里巴巴-W,广义离岸中国AI,中国离岸AI平台/云,6.09%,1,1
009014,泓德睿泽混合,混合型-偏股,00700,腾讯控股,广义离岸中国AI,中国离岸AI平台/云,5.08%,1,4
009017,银华港股通精选股票发起式A,股票型,00700,腾讯控股,广义离岸中国AI,中国离岸AI平台/云,6.01%,1,1
009017,银华港股通精选股票发起式A,股票型,01347,华虹半导体,广义离岸中国AI,中国离岸半导体制造,5.70%,1,3
009017,银华港股通精选股票发起式A,股票型,09988,阿里巴巴-W,广义离岸中国AI,中国离岸AI平台/云,5.08%,1,7
009017,银华港股通精选股票发起式A,股票型,00981,中芯国际,广义离岸中国AI,中国离岸半导体制造,4.96%,1,9
009026,中银高质量发展机遇混合A,混合型-偏股,09988,阿里巴巴-W,广义离岸中国AI,中国离岸AI平台/云,4.77%,1,4
009026,中银高质量发展机遇混合A,混合型-偏股,00981,中芯国际,广义离岸中国AI,中国离岸半导体制造,2.45%,1,7
009029,工银高质量成长混合A,混合型-偏股,00700,腾讯控股,广义离岸中国AI,中国离岸AI平台/云,8.20%,1,4
009029,工银高质量成长混合A,混合型-偏股,00981,中芯国际,广义离岸中国AI,中国离岸半导体制造,7.95%,1,5
009029,工银高质量成长混合A,混合型-偏股,09988,阿里巴巴-W,广义离岸中国AI,中国离岸AI平台/云,3.55%,1,10
009030,工银高质量成长混合C,混合型-偏股,00700,腾讯控股,广义离岸中国AI,中国离岸AI平台/云,8.20%,1,4
009030,工银高质量成长混合C,混合型-偏股,00981,中芯国际,广义离岸中国AI,中国离岸半导体制造,7.95%,1,5
009030,工银高质量成长混合C,混合型-偏股,09988,阿里巴巴-W,广义离岸中国AI,中国离岸AI平台/云,3.55%,1,10
009057,博时科技创新混合A,混合型-偏股,00700,腾讯控股,广义离岸中国AI,中国离岸AI平台/云,4.10%,1,1
009058,博时科技创新混合C,混合型-偏股,00700,腾讯控股,广义离岸中国AI,中国离岸AI平台/云,4.10%,1,1
009076,工银圆兴混合,混合型-偏股,09988,阿里巴巴-W,广义离岸中国AI,中国离岸AI平台/云,3.18%,1,9
009086,鹏华价值共赢两年持有期混合,混合型-偏股,00700,腾讯控股,广义离岸中国AI,中国离岸AI平台/云,4.58%,1,1
009086,鹏华价值共赢两年持有期混合,混合型-偏股,09988,阿里巴巴-W,广义离岸中国AI,中国离岸AI平台/云,3.92%,1,3
009102,鹏扬红利优选混合A,混合型-偏股,00700,腾讯控股,广义离岸中国AI,中国离岸AI平台/云,8.85%,1,3
009103,鹏扬红利优选混合C,混合型-偏股,00700,腾讯控股,广义离岸中国AI,中国离岸AI平台/云,8.85%,1,3
009119,广发品质回报混合A,混合型-偏股,00700,腾讯控股,广义离岸中国AI,中国离岸AI平台/云,4.71%,1,3
009120,广发品质回报混合C,混合型-偏股,00700,腾讯控股,广义离岸中国AI,中国离岸AI平台/云,4.71%,1,3
009121,广发招享混合A,混合型-偏债,00700,腾讯控股,广义离岸中国AI,中国离岸AI平台/云,3.05%,1,2
009121,广发招享混合A,混合型-偏债,02228,晶泰控股,广义离岸中国AI,中国离岸AI制药,1.03%,1,7
009130,鹏扬景恒六个月持有混合A,混合型-偏债,00700,腾讯控股,广义离岸中国AI,中国离岸AI平台/云,1.39%,1,2
009131,鹏扬景恒六个月持有混合C,混合型-偏债,00700,腾讯控股,广义离岸中国AI,中国离岸AI平台/云,1.39%,1,2
009135,广发恒隆一年持有混合A,混合型-偏债,09988,阿里巴巴-W,广义离岸中国AI,中国离岸AI平台/云,1.17%,1,6
009136,广发恒隆一年持有混合C,混合型-偏债,09988,阿里巴巴-W,广义离岸中国AI,中国离岸AI平台/云,1.17%,1,6
009137,嘉实瑞和两年持有期混合,混合型-偏股,00700,腾讯控股,广义离岸中国AI,中国离岸AI平台/云,3.13%,1,9
009141,宏利价值长青混合A,混合型-偏股,00700,腾讯控股,广义离岸中国AI,中国离岸AI平台/云,3.82%,1,6
009142,宏利价值长青混合C,混合型-偏股,00700,腾讯控股,广义离岸中国AI,中国离岸AI平台/云,3.82%,1,6
009152,南方瑞盛三年混合A,混合型-偏股,00700,腾讯控股,广义离岸中国AI,中国离岸AI平台/云,2.95%,1,5
009153,南方瑞盛三年混合C,混合型-偏股,00700,腾讯控股,广义离岸中国AI,中国离岸AI平台/云,2.95%,1,5
009189,华宝成长策略混合A,混合型-偏股,00700,腾讯控股,广义离岸中国AI,中国离岸AI平台/云,4.03%,1,6
009199,万家价值优势一年持有期混合,混合型-偏股,00700,腾讯控股,广义离岸中国AI,中国离岸AI平台/云,8.47%,1,3
009199,万家价值优势一年持有期混合,混合型-偏股,09988,阿里巴巴-W,广义离岸中国AI,中国离岸AI平台/云,8.41%,1,4
009215,易方达瑞川混合A,混合型-灵活,00700,腾讯控股,广义离岸中国AI,中国离岸AI平台/云,3.23%,1,1
009215,易方达瑞川混合A,混合型-灵活,09988,阿里巴巴-W,广义离岸中国AI,中国离岸AI平台/云,3.12%,1,2
009216,易方达瑞川混合C,混合型-灵活,00700,腾讯控股,广义离岸中国AI,中国离岸AI平台/云,3.23%,1,1
009216,易方达瑞川混合C,混合型-灵活,09988,阿里巴巴-W,广义离岸中国AI,中国离岸AI平台/云,3.12%,1,2
009223,宝盈现代服务业混合A,混合型-偏股,00700,腾讯控股,广义离岸中国AI,中国离岸AI平台/云,5.02%,1,10
009224,宝盈现代服务业混合C,混合型-偏股,00700,腾讯控股,广义离岸中国AI,中国离岸AI平台/云,5.02%,1,10
009225,天弘中证中美互联网(QDII)A,指数型-海外股票,AMZN,亚马逊,狭义海外AI,AI云,10.30%,1,1
009225,天弘中证中美互联网(QDII)A,指数型-海外股票,META,Meta Platforms Inc-A,狭义海外AI,AI平台,9.63%,1,2
009225,天弘中证中美互联网(QDII)A,指数型-海外股票,00700,腾讯控股,广义离岸中国AI,中国离岸AI平台/云,8.91%,1,3
009225,天弘中证中美互联网(QDII)A,指数型-海外股票,09988,阿里巴巴-W,广义离岸中国AI,中国离岸AI平台/云,8.64%,1,4
009225,天弘中证中美互联网(QDII)A,指数型-海外股票,GOOGL,谷歌-A,狭义海外AI,AI云/大模型,5.67%,1,7
009225,天弘中证中美互联网(QDII)A,指数型-海外股票,01810,小米集团-W,广义离岸中国AI,中国离岸AI终端/汽车,4.97%,1,8
009225,天弘中证中美互联网(QDII)A,指数型-海外股票,GOOG,谷歌-C,狭义海外AI,AI云/大模型,4.59%,1,9
009226,天弘中证中美互联网(QDII)C,指数型-海外股票,AMZN,亚马逊,狭义海外AI,AI云,10.30%,1,1
009226,天弘中证中美互联网(QDII)C,指数型-海外股票,META,Meta Platforms Inc-A,狭义海外AI,AI平台,9.63%,1,2
009226,天弘中证中美互联网(QDII)C,指数型-海外股票,00700,腾讯控股,广义离岸中国AI,中国离岸AI平台/云,8.91%,1,3
009226,天弘中证中美互联网(QDII)C,指数型-海外股票,09988,阿里巴巴-W,广义离岸中国AI,中国离岸AI平台/云,8.64%,1,4
009226,天弘中证中美互联网(QDII)C,指数型-海外股票,GOOGL,谷歌-A,狭义海外AI,AI云/大模型,5.67%,1,7
009226,天弘中证中美互联网(QDII)C,指数型-海外股票,01810,小米集团-W,广义离岸中国AI,中国离岸AI终端/汽车,4.97%,1,8
009226,天弘中证中美互联网(QDII)C,指数型-海外股票,GOOG,谷歌-C,狭义海外AI,AI云/大模型,4.59%,1,9
009240,泰康蓝筹优势一年持有股票,股票型,00700,腾讯控股,广义离岸中国AI,中国离岸AI平台/云,8.57%,1,2
009265,易方达消费精选股票,股票型,00700,腾讯控股,广义离岸中国AI,中国离岸AI平台/云,4.51%,1,8
009318,南方成长先锋混合A,混合型-偏股,09988,阿里巴巴-W,广义离岸中国AI,中国离岸AI平台/云,4.02%,1,6
009318,南方成长先锋混合A,混合型-偏股,01347,华虹半导体,广义离岸中国AI,中国离岸半导体制造,2.28%,1,10
009319,南方成长先锋混合C,混合型-偏股,09988,阿里巴巴-W,广义离岸中国AI,中国离岸AI平台/云,4.02%,1,6
009319,南方成长先锋混合C,混合型-偏股,01347,华虹半导体,广义离岸中国AI,中国离岸半导体制造,2.28%,1,10
009342,易方达优质企业三年持有期混合,混合型-偏股,00700,腾讯控股,广义离岸中国AI,中国离岸AI平台/云,9.61%,1,4
009342,易方达优质企业三年持有期混合,混合型-偏股,09988,阿里巴巴-W,广义离岸中国AI,中国离岸AI平台/云,9.02%,1,8
009345,中银顺兴回报一年持有混合A,混合型-偏债,09988,阿里巴巴-W,广义离岸中国AI,中国离岸AI平台/云,1.40%,1,6
009346,中银顺兴回报一年持有混合C,混合型-偏债,09988,阿里巴巴-W,广义离岸中国AI,中国离岸AI平台/云,1.40%,1,6
009347,国联价值成长6个月持有混合A,混合型-偏股,00700,腾讯控股,广义离岸中国AI,中国离岸AI平台/云,5.41%,1,1
009348,国联价值成长6个月持有混合C,混合型-偏股,00700,腾讯控股,广义离岸中国AI,中国离岸AI平台/云,5.41%,1,1
009353,浙商科创一个月滚动持有混合A,混合型-偏股,00700,腾讯控股,广义离岸中国AI,中国离岸AI平台/云,1.62%,1,6
009354,浙商科创一个月滚动持有混合C,混合型-偏股,00700,腾讯控股,广义离岸中国AI,中国离岸AI平台/云,1.62%,1,6
009360,招商创新增长混合A,混合型-偏股,00700,腾讯控股,广义离岸中国AI,中国离岸AI平台/云,3.97%,1,9
009361,招商创新增长混合C,混合型-偏股,00700,腾讯控股,广义离岸中国AI,中国离岸AI平台/云,3.97%,1,9
009362,招商丰盈积极配置混合A,混合型-偏股,09988,阿里巴巴-W,广义离岸中国AI,中国离岸AI平台/云,2.42%,1,6
009363,招商丰盈积极配置混合C,混合型-偏股,09988,阿里巴巴-W,广义离岸中国AI,中国离岸AI平台/云,2.42%,1,6
009366,浦银安盛科技创新一年持有混合A,混合型-偏股,00700,腾讯控股,广义离岸中国AI,中国离岸AI平台/云,8.98%,1,1
009366,浦银安盛科技创新一年持有混合A,混合型-偏股,01810,小米集团-W,广义离岸中国AI,中国离岸AI终端/汽车,5.38%,1,9
009367,浦银安盛科技创新一年持有混合C,混合型-偏股,00700,腾讯控股,广义离岸中国AI,中国离岸AI平台/云,8.98%,1,1
009367,浦银安盛科技创新一年持有混合C,混合型-偏股,01810,小米集团-W,广义离岸中国AI,中国离岸AI终端/汽车,5.38%,1,9
009391,汇添富优质成长混合A,混合型-偏股,01347,华虹半导体,广义离岸中国AI,中国离岸半导体制造,2.81%,1,5
009392,汇添富优质成长混合C,混合型-偏股,01347,华虹半导体,广义离岸中国AI,中国离岸半导体制造,2.81%,1,5
009411,中银科技创新一年定开混合,混合型-偏股,00700,腾讯控股,广义离岸中国AI,中国离岸AI平台/云,4.63%,1,3
009411,中银科技创新一年定开混合,混合型-偏股,00981,中芯国际,广义离岸中国AI,中国离岸半导体制造,3.70%,1,4
009411,中银科技创新一年定开混合,混合型-偏股,09988,阿里巴巴-W,广义离岸中国AI,中国离岸AI平台/云,2.90%,1,9
009428,鹏扬景沣六个月持有期混合A,混合型-偏债,09988,阿里巴巴-W,广义离岸中国AI,中国离岸AI平台/云,0.79%,1,3
009429,鹏扬景沣六个月持有期混合C,混合型-偏债,09988,阿里巴巴-W,广义离岸中国AI,中国离岸AI平台/云,0.79%,1,3
009476,建信食品饮料行业股票A,股票型,00700,腾讯控股,广义离岸中国AI,中国离岸AI平台/云,6.07%,1,5
009491,宝盈创新驱动股票A,股票型,01347,华虹半导体,广义离岸中国AI,中国离岸半导体制造,5.56%,1,5
009492,宝盈创新驱动股票C,股票型,01347,华虹半导体,广义离岸中国AI,中国离岸半导体制造,5.56%,1,5
009556,兴全合丰三年持有混合,混合型-偏股,09988,阿里巴巴-W,广义离岸中国AI,中国离岸AI平台/云,5.45%,1,2
009562,工银全球股票(QDII)美元,QDII-普通股票,00700,腾讯控股,广义离岸中国AI,中国离岸AI平台/云,7.10%,1,1
009562,工银全球股票(QDII)美元,QDII-普通股票,09988,阿里巴巴-W,广义离岸中国AI,中国离岸AI平台/云,4.74%,1,2
009562,工银全球股票(QDII)美元,QDII-普通股票,NVDA,英伟达,狭义海外AI,核心算力-GPU,3.48%,1,3
009562,工银全球股票(QDII)美元,QDII-普通股票,GOOG,谷歌-C,狭义海外AI,AI云/大模型,2.70%,1,4
009562,工银全球股票(QDII)美元,QDII-普通股票,MSFT,微软,狭义海外AI,AI云/软件,1.92%,1,7
009562,工银全球股票(QDII)美元,QDII-普通股票,AMZN,亚马逊,狭义海外AI,AI云,1.67%,1,8
009563,工银全球股票(QDII)港币,QDII-普通股票,00700,腾讯控股,广义离岸中国AI,中国离岸AI平台/云,7.10%,1,1
009563,工银全球股票(QDII)港币,QDII-普通股票,09988,阿里巴巴-W,广义离岸中国AI,中国离岸AI平台/云,4.74%,1,2
009563,工银全球股票(QDII)港币,QDII-普通股票,NVDA,英伟达,狭义海外AI,核心算力-GPU,3.48%,1,3
009563,工银全球股票(QDII)港币,QDII-普通股票,GOOG,谷歌-C,狭义海外AI,AI云/大模型,2.70%,1,4
009563,工银全球股票(QDII)港币,QDII-普通股票,MSFT,微软,狭义海外AI,AI云/软件,1.92%,1,7
009563,工银全球股票(QDII)港币,QDII-普通股票,AMZN,亚马逊,狭义海外AI,AI云,1.67%,1,8
009570,鹏华匠心精选混合A,混合型-偏股,00700,腾讯控股,广义离岸中国AI,中国离岸AI平台/云,2.89%,1,8
009571,鹏华匠心精选混合C,混合型-偏股,00700,腾讯控股,广义离岸中国AI,中国离岸AI平台/云,2.89%,1,8
009572,南方养老2040三年持有混合发起(FOF)A,FOF-均衡型,00981,中芯国际,广义离岸中国AI,中国离岸半导体制造,0.43%,1,9
009576,东方红智远三年持有混合,混合型-偏股,09988,阿里巴巴-W,广义离岸中国AI,中国离岸AI平台/云,6.69%,1,3
009576,东方红智远三年持有混合,混合型-偏股,00981,中芯国际,广义离岸中国AI,中国离岸半导体制造,5.31%,1,4
009596,泰康创新成长混合A,混合型-偏股,00700,腾讯控股,广义离岸中国AI,中国离岸AI平台/云,6.66%,1,1
009597,泰康创新成长混合C,混合型-偏股,00700,腾讯控股,广义离岸中国AI,中国离岸AI平台/云,6.66%,1,1
009598,景顺长城科创三年定开混合,混合型-灵活,00700,腾讯控股,广义离岸中国AI,中国离岸AI平台/云,4.17%,1,2
009601,招商科技动力3个月滚动持有股票A,股票型,00981,中芯国际,广义离岸中国AI,中国离岸半导体制造,5.55%,1,3
009601,招商科技动力3个月滚动持有股票A,股票型,09988,阿里巴巴-W,广义离岸中国AI,中国离岸AI平台/云,5.30%,1,6
009601,招商科技动力3个月滚动持有股票A,股票型,00700,腾讯控股,广义离岸中国AI,中国离岸AI平台/云,4.98%,1,8
009601,招商科技动力3个月滚动持有股票A,股票型,01347,华虹半导体,广义离岸中国AI,中国离岸半导体制造,4.54%,1,10
009602,招商科技动力3个月滚动持有股票C,股票型,00981,中芯国际,广义离岸中国AI,中国离岸半导体制造,5.55%,1,3
009602,招商科技动力3个月滚动持有股票C,股票型,09988,阿里巴巴-W,广义离岸中国AI,中国离岸AI平台/云,5.30%,1,6
009602,招商科技动力3个月滚动持有股票C,股票型,00700,腾讯控股,广义离岸中国AI,中国离岸AI平台/云,4.98%,1,8
009602,招商科技动力3个月滚动持有股票C,股票型,01347,华虹半导体,广义离岸中国AI,中国离岸半导体制造,4.54%,1,10
009618,交银启汇混合A,混合型-偏股,00700,腾讯控股,广义离岸中国AI,中国离岸AI平台/云,2.97%,1,6
009619,博时女性消费主题混合A,混合型-偏股,00700,腾讯控股,广义离岸中国AI,中国离岸AI平台/云,4.82%,1,8
009620,博时女性消费主题混合C,混合型-偏股,00700,腾讯控股,广义离岸中国AI,中国离岸AI平台/云,4.82%,1,8
009621,中欧心益稳健6个月混合A,混合型-偏债,00700,腾讯控股,广义离岸中国AI,中国离岸AI平台/云,1.86%,1,3
009621,中欧心益稳健6个月混合A,混合型-偏债,09988,阿里巴巴-W,广义离岸中国AI,中国离岸AI平台/云,0.77%,1,6
009622,中欧心益稳健6个月混合C,混合型-偏债,00700,腾讯控股,广义离岸中国AI,中国离岸AI平台/云,1.86%,1,3
009622,中欧心益稳健6个月混合C,混合型-偏债,09988,阿里巴巴-W,广义离岸中国AI,中国离岸AI平台/云,0.77%,1,6
009630,浦银安盛ESG责任投资混合A,混合型-偏股,00700,腾讯控股,广义离岸中国AI,中国离岸AI平台/云,9.01%,1,1
009630,浦银安盛ESG责任投资混合A,混合型-偏股,01810,小米集团-W,广义离岸中国AI,中国离岸AI终端/汽车,4.96%,1,9
009631,浦银安盛ESG责任投资混合C,混合型-偏股,00700,腾讯控股,广义离岸中国AI,中国离岸AI平台/云,9.01%,1,1
009631,浦银安盛ESG责任投资混合C,混合型-偏股,01810,小米集团-W,广义离岸中国AI,中国离岸AI终端/汽车,4.96%,1,9
009646,南方核心成长混合A,混合型-偏股,00700,腾讯控股,广义离岸中国AI,中国离岸AI平台/云,5.24%,1,2
009647,南方核心成长混合C,混合型-偏股,00700,腾讯控股,广义离岸中国AI,中国离岸AI平台/云,5.24%,1,2
009681,南方创新精选一年定开混合A,混合型-偏股,00700,腾讯控股,广义离岸中国AI,中国离岸AI平台/云,5.81%,1,2
009682,南方创新精选一年定开混合C,混合型-偏股,00700,腾讯控股,广义离岸中国AI,中国离岸AI平台/云,5.81%,1,2
009689,易方达瑞锦混合A,混合型-灵活,09988,阿里巴巴-W,广义离岸中国AI,中国离岸AI平台/云,0.42%,1,6
009690,易方达瑞锦混合C,混合型-灵活,09988,阿里巴巴-W,广义离岸中国AI,中国离岸AI平台/云,0.42%,1,6
009691,国泰浩益混合A,混合型-偏债,00700,腾讯控股,广义离岸中国AI,中国离岸AI平台/云,0.96%,1,4
009692,国泰浩益混合C,混合型-偏债,00700,腾讯控股,广义离岸中国AI,中国离岸AI平台/云,0.96%,1,4
009695,招商成长精选一年定开混合A,混合型-偏股,00700,腾讯控股,广义离岸中国AI,中国离岸AI平台/云,4.99%,1,1
009696,招商成长精选一年定开混合C,混合型-偏股,00700,腾讯控股,广义离岸中国AI,中国离岸AI平台/云,4.99%,1,1
009697,华夏成长精选6个月定开混合A,混合型-偏股,00700,腾讯控股,广义离岸中国AI,中国离岸AI平台/云,8.50%,1,2
009697,华夏成长精选6个月定开混合A,混合型-偏股,09988,阿里巴巴-W,广义离岸中国AI,中国离岸AI平台/云,5.03%,1,6
009698,华夏成长精选6个月定开混合C,混合型-偏股,00700,腾讯控股,广义离岸中国AI,中国离岸AI平台/云,8.50%,1,2
009698,华夏成长精选6个月定开混合C,混合型-偏股,09988,阿里巴巴-W,广义离岸中国AI,中国离岸AI平台/云,5.03%,1,6
009704,南方景气驱动混合A,混合型-偏股,00700,腾讯控股,广义离岸中国AI,中国离岸AI平台/云,4.83%,1,4
009705,南方景气驱动混合C,混合型-偏股,00700,腾讯控股,广义离岸中国AI,中国离岸AI平台/云,4.83%,1,4
009707,工银新兴制造混合A,混合型-偏股,00981,中芯国际,广义离岸中国AI,中国离岸半导体制造,4.27%,1,9
009708,工银新兴制造混合C,混合型-偏股,00981,中芯国际,广义离岸中国AI,中国离岸半导体制造,4.27%,1,9
009725,东方红优质甄选一年持有混合A,混合型-偏债,00700,腾讯控股,广义离岸中国AI,中国离岸AI平台/云,0.35%,1,3
009740,博时研究臻选持有期混合A,混合型-灵活,00700,腾讯控股,广义离岸中国AI,中国离岸AI平台/云,3.08%,1,10
009741,博时研究臻选持有期混合C,混合型-灵活,00700,腾讯控股,广义离岸中国AI,中国离岸AI平台/云,3.08%,1,10
009776,中欧阿尔法混合A,混合型-偏股,09988,阿里巴巴-W,广义离岸中国AI,中国离岸AI平台/云,6.78%,1,4
009777,中欧阿尔法混合C,混合型-偏股,09988,阿里巴巴-W,广义离岸中国AI,中国离岸AI平台/云,6.78%,1,4
009795,嘉实远见精选两年持有期混合,混合型-偏股,00700,腾讯控股,广义离岸中国AI,中国离岸AI平台/云,4.17%,1,8
009806,东方红招盈甄选一年混合A,混合型-偏债,00700,腾讯控股,广义离岸中国AI,中国离岸AI平台/云,1.36%,1,1
009806,东方红招盈甄选一年混合A,混合型-偏债,09988,阿里巴巴-W,广义离岸中国AI,中国离岸AI平台/云,1.09%,1,3
009807,东方红招盈甄选一年混合C,混合型-偏债,00700,腾讯控股,广义离岸中国AI,中国离岸AI平台/云,1.36%,1,1
009807,东方红招盈甄选一年混合C,混合型-偏债,09988,阿里巴巴-W,广义离岸中国AI,中国离岸AI平台/云,1.09%,1,3
009842,东方红明鉴优选两年定开混合,混合型-偏债,01810,小米集团-W,广义离岸中国AI,中国离岸AI终端/汽车,0.84%,1,3
009842,东方红明鉴优选两年定开混合,混合型-偏债,00700,腾讯控股,广义离岸中国AI,中国离岸AI平台/云,0.49%,1,6
009842,东方红明鉴优选两年定开混合,混合型-偏债,09988,阿里巴巴-W,广义离岸中国AI,中国离岸AI平台/云,0.43%,1,7
009842,东方红明鉴优选两年定开混合,混合型-偏债,00981,中芯国际,广义离岸中国AI,中国离岸半导体制造,0.34%,1,9
009846,国富港股通远见价值混合A,混合型-偏股,09988,阿里巴巴-W,广义离岸中国AI,中国离岸AI平台/云,5.96%,1,1
009846,国富港股通远见价值混合A,混合型-偏股,00700,腾讯控股,广义离岸中国AI,中国离岸AI平台/云,5.67%,1,2
009846,国富港股通远见价值混合A,混合型-偏股,00981,中芯国际,广义离岸中国AI,中国离岸半导体制造,3.32%,1,4
009846,国富港股通远见价值混合A,混合型-偏股,03896,金山云,广义离岸中国AI,中国离岸云计算,3.02%,1,6
009852,银华品质消费股票A,股票型,09988,阿里巴巴-W,广义离岸中国AI,中国离岸AI平台/云,6.75%,1,3
009852,银华品质消费股票A,股票型,00700,腾讯控股,广义离岸中国AI,中国离岸AI平台/云,5.69%,1,4
009857,博时价值臻选持有期混合A,混合型-灵活,09988,阿里巴巴-W,广义离岸中国AI,中国离岸AI平台/云,4.37%,1,8
009858,博时价值臻选持有期混合C,混合型-灵活,09988,阿里巴巴-W,广义离岸中国AI,中国离岸AI平台/云,4.37%,1,8
009859,银华乐享混合A,混合型-偏股,01347,华虹半导体,广义离岸中国AI,中国离岸半导体制造,2.58%,1,11
009863,富国创新趋势股票A,股票型,00700,腾讯控股,广义离岸中国AI,中国离岸AI平台/云,8.48%,1,4
009878,平安低碳经济混合A,混合型-偏股,09988,阿里巴巴-W,广义离岸中国AI,中国离岸AI平台/云,3.57%,1,8
009879,平安低碳经济混合C,混合型-偏股,09988,阿里巴巴-W,广义离岸中国AI,中国离岸AI平台/云,3.57%,1,8
009891,融通产业趋势臻选股票A,股票型,00700,腾讯控股,广义离岸中国AI,中国离岸AI平台/云,4.82%,1,8
009896,广发港股通成长精选股票A,股票型,00700,腾讯控股,广义离岸中国AI,中国离岸AI平台/云,7.83%,1,3
009896,广发港股通成长精选股票A,股票型,09988,阿里巴巴-W,广义离岸中国AI,中国离岸AI平台/云,7.56%,1,4
009896,广发港股通成长精选股票A,股票型,00981,中芯国际,广义离岸中国AI,中国离岸半导体制造,6.12%,1,5
009896,广发港股通成长精选股票A,股票型,01347,华虹半导体,广义离岸中国AI,中国离岸半导体制造,5.30%,1,6
009896,广发港股通成长精选股票A,股票型,09660,地平线机器人-W,广义离岸中国AI,中国离岸AI芯片/自动驾驶,4.09%,1,7
009897,广发港股通成长精选股票C,股票型,00700,腾讯控股,广义离岸中国AI,中国离岸AI平台/云,7.83%,1,3
009897,广发港股通成长精选股票C,股票型,09988,阿里巴巴-W,广义离岸中国AI,中国离岸AI平台/云,7.56%,1,4
009897,广发港股通成长精选股票C,股票型,00981,中芯国际,广义离岸中国AI,中国离岸半导体制造,6.12%,1,5
009897,广发港股通成长精选股票C,股票型,01347,华虹半导体,广义离岸中国AI,中国离岸半导体制造,5.30%,1,6
009897,广发港股通成长精选股票C,股票型,09660,地平线机器人-W,广义离岸中国AI,中国离岸AI芯片/自动驾驶,4.09%,1,7
009914,富国成长动力混合A,混合型-偏股,00700,腾讯控股,广义离岸中国AI,中国离岸AI平台/云,8.40%,1,5
009929,南方创新驱动混合A,混合型-偏股,00700,腾讯控股,广义离岸中国AI,中国离岸AI平台/云,5.81%,1,3
009930,南方创新驱动混合C,混合型-偏股,00700,腾讯控股,广义离岸中国AI,中国离岸AI平台/云,5.81%,1,3
009960,银华多元机遇混合,混合型-偏股,00700,腾讯控股,广义离岸中国AI,中国离岸AI平台/云,4.13%,1,1
009960,银华多元机遇混合,混合型-偏股,09988,阿里巴巴-W,广义离岸中国AI,中国离岸AI平台/云,4.03%,1,2
009960,银华多元机遇混合,混合型-偏股,01347,华虹半导体,广义离岸中国AI,中国离岸半导体制造,1.92%,1,7
009975,华宝标普美国消费人民币C,指数型-海外股票,AMZN,亚马逊,狭义海外AI,AI云,22.37%,1,1
009977,银华招利一年持有期混合A,混合型-偏债,00700,腾讯控股,广义离岸中国AI,中国离岸AI平台/云,1.93%,1,2
009977,银华招利一年持有期混合A,混合型-偏债,09988,阿里巴巴-W,广义离岸中国AI,中国离岸AI平台/云,1.11%,1,4
009977,银华招利一年持有期混合A,混合型-偏债,00981,中芯国际,广义离岸中国AI,中国离岸半导体制造,0.80%,1,6
009978,银华招利一年持有期混合C,混合型-偏债,00700,腾讯控股,广义离岸中国AI,中国离岸AI平台/云,1.93%,1,2
009978,银华招利一年持有期混合C,混合型-偏债,09988,阿里巴巴-W,广义离岸中国AI,中国离岸AI平台/云,1.11%,1,4
009978,银华招利一年持有期混合C,混合型-偏债,00981,中芯国际,广义离岸中国AI,中国离岸半导体制造,0.80%,1,6
009983,永赢港股通品质生活慧选混合A,混合型-偏股,00700,腾讯控股,广义离岸中国AI,中国离岸AI平台/云,4.60%,1,8
009984,鹏华启航混合,混合型-偏股,09988,阿里巴巴-W,广义离岸中国AI,中国离岸AI平台/云,5.88%,1,2
009998,摩根慧见两年持有期混合,混合型-偏股,00700,腾讯控股,广义离岸中国AI,中国离岸AI平台/云,3.22%,1,7
010003,景顺长城电子信息产业股票A,股票型,00981,中芯国际,广义离岸中国AI,中国离岸半导体制造,5.55%,1,6
010004,景顺长城电子信息产业股票C,股票型,00981,中芯国际,广义离岸中国AI,中国离岸半导体制造,5.55%,1,6
010010,国投瑞银港股通6个月定开股票,股票型,00700,腾讯控股,广义离岸中国AI,中国离岸AI平台/云,9.63%,1,2
010010,国投瑞银港股通6个月定开股票,股票型,09988,阿里巴巴-W,广义离岸中国AI,中国离岸AI平台/云,5.97%,1,5
010018,招商瑞泽一年持有期混合A,混合型-偏债,00700,腾讯控股,广义离岸中国AI,中国离岸AI平台/云,0.38%,1,4
010019,招商瑞泽一年持有期混合C,混合型-偏债,00700,腾讯控股,广义离岸中国AI,中国离岸AI平台/云,0.38%,1,4
010024,广发沪港深新起点股票C,股票型,00700,腾讯控股,广义离岸中国AI,中国离岸AI平台/云,7.04%,1,2
010024,广发沪港深新起点股票C,股票型,09988,阿里巴巴-W,广义离岸中国AI,中国离岸AI平台/云,5.55%,1,4
010024,广发沪港深新起点股票C,股票型,01347,华虹半导体,广义离岸中国AI,中国离岸半导体制造,4.49%,1,6
010027,景顺长城核心中景一年持有混合,混合型-偏股,00700,腾讯控股,广义离岸中国AI,中国离岸AI平台/云,4.35%,1,3
010027,景顺长城核心中景一年持有混合,混合型-偏股,09988,阿里巴巴-W,广义离岸中国AI,中国离岸AI平台/云,3.01%,1,6
010029,富国稳进回报12个月持有期混合A,混合型-偏债,00700,腾讯控股,广义离岸中国AI,中国离岸AI平台/云,0.26%,1,4
010030,富国稳进回报12个月持有期混合C,混合型-偏债,00700,腾讯控股,广义离岸中国AI,中国离岸AI平台/云,0.26%,1,4
010041,嘉实港股优势混合A,混合型-偏股,00700,腾讯控股,广义离岸中国AI,中国离岸AI平台/云,6.84%,1,4
010042,嘉实港股优势混合C,混合型-偏股,00700,腾讯控股,广义离岸中国AI,中国离岸AI平台/云,6.84%,1,4
010045,汇添富稳健添盈一年持有混合,混合型-偏债,00700,腾讯控股,广义离岸中国AI,中国离岸AI平台/云,0.83%,1,9
010054,万家健康产业混合A,混合型-偏股,02228,晶泰控股,广义离岸中国AI,中国离岸AI制药,7.66%,1,1
010055,万家健康产业混合C,混合型-偏股,02228,晶泰控股,广义离岸中国AI,中国离岸AI制药,7.66%,1,1
010062,南方行业精选一年混合A,混合型-偏股,00700,腾讯控股,广义离岸中国AI,中国离岸AI平台/云,6.61%,1,3
010063,南方行业精选一年混合C,混合型-偏股,00700,腾讯控股,广义离岸中国AI,中国离岸AI平台/云,6.61%,1,3
010068,工银双盈债券A,债券型-混合二级,00700,腾讯控股,广义离岸中国AI,中国离岸AI平台/云,2.51%,1,1
010068,工银双盈债券A,债券型-混合二级,09988,阿里巴巴-W,广义离岸中国AI,中国离岸AI平台/云,2.49%,1,2
010068,工银双盈债券A,债券型-混合二级,01810,小米集团-W,广义离岸中国AI,中国离岸AI终端/汽车,2.21%,1,3
010069,工银双盈债券C,债券型-混合二级,00700,腾讯控股,广义离岸中国AI,中国离岸AI平台/云,2.51%,1,1
010069,工银双盈债券C,债券型-混合二级,09988,阿里巴巴-W,广义离岸中国AI,中国离岸AI平台/云,2.49%,1,2
010069,工银双盈债券C,债券型-混合二级,01810,小米集团-W,广义离岸中国AI,中国离岸AI终端/汽车,2.21%,1,3
010094,交银产业机遇混合,混合型-偏股,00700,腾讯控股,广义离岸中国AI,中国离岸AI平台/云,8.90%,1,2
010094,交银产业机遇混合,混合型-偏股,09988,阿里巴巴-W,广义离岸中国AI,中国离岸AI平台/云,3.62%,1,10
010102,西部利得鑫泓增强债券A,债券型-混合二级,00700,腾讯控股,广义离岸中国AI,中国离岸AI平台/云,0.46%,1,3
010103,西部利得鑫泓增强债券C,债券型-混合二级,00700,腾讯控股,广义离岸中国AI,中国离岸AI平台/云,0.46%,1,3
010104,景顺长城消费精选混合A,混合型-偏股,00700,腾讯控股,广义离岸中国AI,中国离岸AI平台/云,4.82%,1,4
010105,景顺长城消费精选混合C,混合型-偏股,00700,腾讯控股,广义离岸中国AI,中国离岸AI平台/云,4.82%,1,4
010116,民生加银新兴产业混合A,混合型-偏股,00700,腾讯控股,广义离岸中国AI,中国离岸AI平台/云,5.92%,1,4
010117,民生加银新兴产业混合C,混合型-偏股,00700,腾讯控股,广义离岸中国AI,中国离岸AI平台/云,5.92%,1,4
010132,南方创新成长混合A,混合型-偏股,00700,腾讯控股,广义离岸中国AI,中国离岸AI平台/云,5.02%,1,2
010133,南方创新成长混合C,混合型-偏股,00700,腾讯控股,广义离岸中国AI,中国离岸AI平台/云,5.02%,1,2
010135,宏利高研发6个月持有混合A,混合型-偏股,00981,中芯国际,广义离岸中国AI,中国离岸半导体制造,8.24%,1,7
010136,宏利高研发6个月持有混合C,混合型-偏股,00981,中芯国际,广义离岸中国AI,中国离岸半导体制造,8.24%,1,7
010141,朱雀企业优选A,股票型,00981,中芯国际,广义离岸中国AI,中国离岸半导体制造,9.04%,1,2
010141,朱雀企业优选A,股票型,00700,腾讯控股,广义离岸中国AI,中国离岸AI平台/云,4.77%,1,4
010142,朱雀企业优选C,股票型,00981,中芯国际,广义离岸中国AI,中国离岸半导体制造,9.04%,1,2
010142,朱雀企业优选C,股票型,00700,腾讯控股,广义离岸中国AI,中国离岸AI平台/云,4.77%,1,4
010143,交银施罗德启欣混合,混合型-偏股,00700,腾讯控股,广义离岸中国AI,中国离岸AI平台/云,8.19%,1,1
010143,交银施罗德启欣混合,混合型-偏股,09988,阿里巴巴-W,广义离岸中国AI,中国离岸AI平台/云,4.04%,1,8
010166,招商兴和优选1年持有期混合,混合型-偏股,09988,阿里巴巴-W,广义离岸中国AI,中国离岸AI平台/云,4.52%,1,9
010176,中加新兴消费混合A,混合型-偏股,00700,腾讯控股,广义离岸中国AI,中国离岸AI平台/云,8.22%,1,2
010176,中加新兴消费混合A,混合型-偏股,09988,阿里巴巴-W,广义离岸中国AI,中国离岸AI平台/云,3.92%,1,10
010177,中加新兴消费混合C,混合型-偏股,00700,腾讯控股,广义离岸中国AI,中国离岸AI平台/云,8.22%,1,2
010177,中加新兴消费混合C,混合型-偏股,09988,阿里巴巴-W,广义离岸中国AI,中国离岸AI平台/云,3.92%,1,10
010178,大成企业能力驱动混合A,混合型-偏股,00700,腾讯控股,广义离岸中国AI,中国离岸AI平台/云,4.81%,1,8
010179,大成企业能力驱动混合C,混合型-偏股,00700,腾讯控股,广义离岸中国AI,中国离岸AI平台/云,4.81%,1,8
010180,华夏科技龙头两年持有混合,混合型-偏股,01347,华虹半导体,广义离岸中国AI,中国离岸半导体制造,5.19%,1,5
010196,易方达核心优势股票A,股票型,09988,阿里巴巴-W,广义离岸中国AI,中国离岸AI平台/云,6.49%,1,4
010196,易方达核心优势股票A,股票型,00700,腾讯控股,广义离岸中国AI,中国离岸AI平台/云,6.16%,1,5
010197,易方达核心优势股票C,股票型,09988,阿里巴巴-W,广义离岸中国AI,中国离岸AI平台/云,6.49%,1,4
010197,易方达核心优势股票C,股票型,00700,腾讯控股,广义离岸中国AI,中国离岸AI平台/云,6.16%,1,5
010204,中银港股通优势成长股票,股票型,00700,腾讯控股,广义离岸中国AI,中国离岸AI平台/云,4.89%,1,3
010204,中银港股通优势成长股票,股票型,09988,阿里巴巴-W,广义离岸中国AI,中国离岸AI平台/云,4.45%,1,5
010213,中欧互联网先锋混合A,混合型-偏股,09988,阿里巴巴-W,广义离岸中国AI,中国离岸AI平台/云,8.90%,1,1
010213,中欧互联网先锋混合A,混合型-偏股,00700,腾讯控股,广义离岸中国AI,中国离岸AI平台/云,8.83%,1,2
010214,中欧互联网先锋混合C,混合型-偏股,09988,阿里巴巴-W,广义离岸中国AI,中国离岸AI平台/云,8.90%,1,1
010214,中欧互联网先锋混合C,混合型-偏股,00700,腾讯控股,广义离岸中国AI,中国离岸AI平台/云,8.83%,1,2
010219,汇添富稳健添益一年持有混合,混合型-偏债,00700,腾讯控股,广义离岸中国AI,中国离岸AI平台/云,1.66%,1,2
010225,东方红启航三年持有混合B,混合型-偏股,00981,中芯国际,广义离岸中国AI,中国离岸半导体制造,3.57%,1,6
010230,南方宝昌混合A,混合型-偏债,00700,腾讯控股,广义离岸中国AI,中国离岸AI平台/云,1.02%,1,7
010231,南方宝昌混合C,混合型-偏债,00700,腾讯控股,广义离岸中国AI,中国离岸AI平台/云,1.02%,1,7
010264,鹏华成长智选混合A,混合型-偏股,00981,中芯国际,广义离岸中国AI,中国离岸半导体制造,1.01%,1,7
010264,鹏华成长智选混合A,混合型-偏股,01347,华虹半导体,广义离岸中国AI,中国离岸半导体制造,0.95%,1,9
010265,鹏华成长智选混合C,混合型-偏股,00981,中芯国际,广义离岸中国AI,中国离岸半导体制造,1.01%,1,7
010265,鹏华成长智选混合C,混合型-偏股,01347,华虹半导体,广义离岸中国AI,中国离岸半导体制造,0.95%,1,9
010271,国富价值成长一年持有期混合A,混合型-偏股,09988,阿里巴巴-W,广义离岸中国AI,中国离岸AI平台/云,6.21%,1,1
010271,国富价值成长一年持有期混合A,混合型-偏股,00700,腾讯控股,广义离岸中国AI,中国离岸AI平台/云,6.17%,1,2
010272,国富价值成长一年持有期混合C,混合型-偏股,09988,阿里巴巴-W,广义离岸中国AI,中国离岸AI平台/云,6.21%,1,1
010272,国富价值成长一年持有期混合C,混合型-偏股,00700,腾讯控股,广义离岸中国AI,中国离岸AI平台/云,6.17%,1,2
010289,景顺长城产业趋势混合A,混合型-偏股,00700,腾讯控股,广义离岸中国AI,中国离岸AI平台/云,5.84%,1,1
010289,景顺长城产业趋势混合A,混合型-偏股,09988,阿里巴巴-W,广义离岸中国AI,中国离岸AI平台/云,2.78%,1,10
010292,东方红核心优选定开混合C,混合型-偏债,00700,腾讯控股,广义离岸中国AI,中国离岸AI平台/云,0.58%,1,2
010298,汇添富品牌驱动六个月持有混合,混合型-偏股,09988,阿里巴巴-W,广义离岸中国AI,中国离岸AI平台/云,6.76%,1,2
010301,达诚成长先锋混合A,混合型-偏股,09988,阿里巴巴-W,广义离岸中国AI,中国离岸AI平台/云,8.43%,1,1
010302,达诚成长先锋混合C,混合型-偏股,09988,阿里巴巴-W,广义离岸中国AI,中国离岸AI平台/云,8.43%,1,1
010305,华夏创新驱动混合A,混合型-偏股,00700,腾讯控股,广义离岸中国AI,中国离岸AI平台/云,5.31%,1,5
010305,华夏创新驱动混合A,混合型-偏股,09988,阿里巴巴-W,广义离岸中国AI,中国离岸AI平台/云,5.08%,1,6
010306,华夏创新驱动混合C,混合型-偏股,00700,腾讯控股,广义离岸中国AI,中国离岸AI平台/云,5.31%,1,5
010306,华夏创新驱动混合C,混合型-偏股,09988,阿里巴巴-W,广义离岸中国AI,中国离岸AI平台/云,5.08%,1,6
010333,华夏核心资产混合A,混合型-偏股,00700,腾讯控股,广义离岸中国AI,中国离岸AI平台/云,3.48%,1,1
010333,华夏核心资产混合A,混合型-偏股,09988,阿里巴巴-W,广义离岸中国AI,中国离岸AI平台/云,2.87%,1,6
010333,华夏核心资产混合A,混合型-偏股,00981,中芯国际,广义离岸中国AI,中国离岸半导体制造,2.35%,1,10
010334,华夏核心资产混合C,混合型-偏股,00700,腾讯控股,广义离岸中国AI,中国离岸AI平台/云,3.48%,1,1
010334,华夏核心资产混合C,混合型-偏股,09988,阿里巴巴-W,广义离岸中国AI,中国离岸AI平台/云,2.87%,1,6
010334,华夏核心资产混合C,混合型-偏股,00981,中芯国际,广义离岸中国AI,中国离岸半导体制造,2.35%,1,10
010335,华宝竞争优势混合A,混合型-偏股,00981,中芯国际,广义离岸中国AI,中国离岸半导体制造,3.53%,1,10
010336,中欧悦享生活混合A,混合型-偏股,00700,腾讯控股,广义离岸中国AI,中国离岸AI平台/云,6.09%,1,1
010337,中欧悦享生活混合C,混合型-偏股,00700,腾讯控股,广义离岸中国AI,中国离岸AI平台/云,6.09%,1,1
010338,国投瑞银远见成长混合A,混合型-偏股,00700,腾讯控股,广义离岸中国AI,中国离岸AI平台/云,4.04%,1,7
010339,国投瑞银远见成长混合C,混合型-偏股,00700,腾讯控股,广义离岸中国AI,中国离岸AI平台/云,4.04%,1,7
010340,易方达高质量严选三年持有,混合型-偏股,00700,腾讯控股,广义离岸中国AI,中国离岸AI平台/云,4.15%,1,3
010340,易方达高质量严选三年持有,混合型-偏股,09988,阿里巴巴-W,广义离岸中国AI,中国离岸AI平台/云,4.02%,1,4
010350,景顺长城品质长青混合A,混合型-偏股,00700,腾讯控股,广义离岸中国AI,中国离岸AI平台/云,9.69%,1,2
010361,嘉实品质优选股票A,股票型,00981,中芯国际,广义离岸中国AI,中国离岸半导体制造,3.84%,1,9
010361,嘉实品质优选股票A,股票型,01347,华虹半导体,广义离岸中国AI,中国离岸半导体制造,3.81%,1,10
010362,嘉实品质优选股票C,股票型,00981,中芯国际,广义离岸中国AI,中国离岸半导体制造,3.84%,1,9
010362,嘉实品质优选股票C,股票型,01347,华虹半导体,广义离岸中国AI,中国离岸半导体制造,3.81%,1,10
010383,宝盈基础产业混合A,混合型-偏股,09988,阿里巴巴-W,广义离岸中国AI,中国离岸AI平台/云,5.39%,1,3
010383,宝盈基础产业混合A,混合型-偏股,00700,腾讯控股,广义离岸中国AI,中国离岸AI平台/云,3.50%,1,9
010384,宝盈基础产业混合C,混合型-偏股,09988,阿里巴巴-W,广义离岸中国AI,中国离岸AI平台/云,5.39%,1,3
010384,宝盈基础产业混合C,混合型-偏股,00700,腾讯控股,广义离岸中国AI,中国离岸AI平台/云,3.50%,1,9
010389,易方达科益混合A,混合型-偏股,09988,阿里巴巴-W,广义离岸中国AI,中国离岸AI平台/云,7.54%,1,3
010390,易方达科益混合C,混合型-偏股,09988,阿里巴巴-W,广义离岸中国AI,中国离岸AI平台/云,7.54%,1,3
010391,易方达战略新兴产业股票A,股票型,00981,中芯国际,广义离岸中国AI,中国离岸半导体制造,3.09%,1,10
010392,易方达战略新兴产业股票C,股票型,00981,中芯国际,广义离岸中国AI,中国离岸半导体制造,3.09%,1,10
010409,富国消费精选30股票A,股票型,00700,腾讯控股,广义离岸中国AI,中国离岸AI平台/云,4.13%,1,8
010410,长城品质成长混合A,混合型-偏股,00700,腾讯控股,广义离岸中国AI,中国离岸AI平台/云,4.58%,1,2
010410,长城品质成长混合A,混合型-偏股,09988,阿里巴巴-W,广义离岸中国AI,中国离岸AI平台/云,3.65%,1,8
010411,长城品质成长混合C,混合型-偏股,00700,腾讯控股,广义离岸中国AI,中国离岸AI平台/云,4.58%,1,2
010411,长城品质成长混合C,混合型-偏股,09988,阿里巴巴-W,广义离岸中国AI,中国离岸AI平台/云,3.65%,1,8
010420,民生加银成长优选股票A,股票型,00700,腾讯控股,广义离岸中国AI,中国离岸AI平台/云,6.10%,1,3
010429,中欧睿见混合A,混合型-偏股,09988,阿里巴巴-W,广义离岸中国AI,中国离岸AI平台/云,6.31%,1,4
010429,中欧睿见混合A,混合型-偏股,00700,腾讯控股,广义离岸中国AI,中国离岸AI平台/云,5.61%,1,5
010430,招商安阳债券A,债券型-混合二级,00700,腾讯控股,广义离岸中国AI,中国离岸AI平台/云,0.55%,1,1
010431,招商安阳债券C,债券型-混合二级,00700,腾讯控股,广义离岸中国AI,中国离岸AI平台/云,0.55%,1,1
010437,嘉实竞争力优选混合A,混合型-偏股,00700,腾讯控股,广义离岸中国AI,中国离岸AI平台/云,5.93%,1,3
010437,嘉实竞争力优选混合A,混合型-偏股,09988,阿里巴巴-W,广义离岸中国AI,中国离岸AI平台/云,4.26%,1,5
010438,嘉实竞争力优选混合C,混合型-偏股,00700,腾讯控股,广义离岸中国AI,中国离岸AI平台/云,5.93%,1,3
010438,嘉实竞争力优选混合C,混合型-偏股,09988,阿里巴巴-W,广义离岸中国AI,中国离岸AI平台/云,4.26%,1,5
010441,东方红启兴三年持有混合B,混合型-偏股,09988,阿里巴巴-W,广义离岸中国AI,中国离岸AI平台/云,7.81%,1,4
010442,东方红启盛三年持有混合B,混合型-偏股,09988,阿里巴巴-W,广义离岸中国AI,中国离岸AI平台/云,6.21%,1,3
010442,东方红启盛三年持有混合B,混合型-偏股,00981,中芯国际,广义离岸中国AI,中国离岸半导体制造,4.90%,1,5
010444,南方誉尚一年持有期混合A,混合型-偏债,00700,腾讯控股,广义离岸中国AI,中国离岸AI平台/云,2.00%,1,1
010445,南方誉尚一年持有期混合C,混合型-偏债,00700,腾讯控股,广义离岸中国AI,中国离岸AI平台/云,2.00%,1,1
010449,广发恒悦债券A,债券型-混合二级,00700,腾讯控股,广义离岸中国AI,中国离岸AI平台/云,0.47%,1,7
010450,广发恒悦债券C,债券型-混合二级,00700,腾讯控股,广义离岸中国AI,中国离岸AI平台/云,0.47%,1,7
010451,广发恒悦债券E,债券型-混合二级,00700,腾讯控股,广义离岸中国AI,中国离岸AI平台/云,0.47%,1,7
010453,广发瑞福精选混合C,混合型-偏股,00981,中芯国际,广义离岸中国AI,中国离岸半导体制造,3.35%,1,5
010455,博时产业精选混合A,混合型-灵活,00981,中芯国际,广义离岸中国AI,中国离岸半导体制造,7.38%,1,3
010455,博时产业精选混合A,混合型-灵活,01347,华虹半导体,广义离岸中国AI,中国离岸半导体制造,3.92%,1,5
010456,博时产业精选混合C,混合型-灵活,00981,中芯国际,广义离岸中国AI,中国离岸半导体制造,7.38%,1,3
010456,博时产业精选混合C,混合型-灵活,01347,华虹半导体,广义离岸中国AI,中国离岸半导体制造,3.92%,1,5
010457,广发睿鑫混合A,混合型-偏股,00700,腾讯控股,广义离岸中国AI,中国离岸AI平台/云,4.69%,1,4
010458,广发睿鑫混合C,混合型-偏股,00700,腾讯控股,广义离岸中国AI,中国离岸AI平台/云,4.69%,1,4
010480,汇添富稳进双盈一年持有混合,混合型-偏债,00700,腾讯控股,广义离岸中国AI,中国离岸AI平台/云,0.82%,1,4
010483,交银启道混合,混合型-偏股,00700,腾讯控股,广义离岸中国AI,中国离岸AI平台/云,8.45%,1,1
010483,交银启道混合,混合型-偏股,09988,阿里巴巴-W,广义离岸中国AI,中国离岸AI平台/云,4.04%,1,8
010518,华夏先锋科技一年定开混合A,混合型-偏股,00981,中芯国际,广义离岸中国AI,中国离岸半导体制造,6.13%,1,2
010518,华夏先锋科技一年定开混合A,混合型-偏股,00700,腾讯控股,广义离岸中国AI,中国离岸AI平台/云,5.08%,1,5
010519,华夏先锋科技一年定开混合C,混合型-偏股,00981,中芯国际,广义离岸中国AI,中国离岸半导体制造,6.13%,1,2
010519,华夏先锋科技一年定开混合C,混合型-偏股,00700,腾讯控股,广义离岸中国AI,中国离岸AI平台/云,5.08%,1,5
010536,泰康优势企业混合A,混合型-偏股,00700,腾讯控股,广义离岸中国AI,中国离岸AI平台/云,8.82%,1,2
010537,泰康优势企业混合C,混合型-偏股,00700,腾讯控股,广义离岸中国AI,中国离岸AI平台/云,8.82%,1,2
010551,淳厚欣颐一年持有期混合,混合型-偏股,00700,腾讯控股,广义离岸中国AI,中国离岸AI平台/云,9.21%,1,2
010551,淳厚欣颐一年持有期混合,混合型-偏股,09988,阿里巴巴-W,广义离岸中国AI,中国离岸AI平台/云,7.75%,1,3
010554,华安新兴消费混合A,混合型-偏股,09988,阿里巴巴-W,广义离岸中国AI,中国离岸AI平台/云,5.40%,1,1
010555,华安新兴消费混合C,混合型-偏股,09988,阿里巴巴-W,广义离岸中国AI,中国离岸AI平台/云,5.40%,1,1
010583,富国蓝筹精选股票(QDII)美元,QDII-普通股票,00700,腾讯控股,广义离岸中国AI,中国离岸AI平台/云,5.19%,1,2
010583,富国蓝筹精选股票(QDII)美元,QDII-普通股票,09988,阿里巴巴-W,广义离岸中国AI,中国离岸AI平台/云,4.20%,1,4
010587,鹏扬先进制造混合A,混合型-偏股,00981,中芯国际,广义离岸中国AI,中国离岸半导体制造,4.78%,1,3
010588,鹏扬先进制造混合C,混合型-偏股,00981,中芯国际,广义离岸中国AI,中国离岸半导体制造,4.78%,1,3
010589,鹏扬景安一年持有期混合A,混合型-偏债,00700,腾讯控股,广义离岸中国AI,中国离岸AI平台/云,1.44%,1,3
010590,鹏扬景安一年持有期混合C,混合型-偏债,00700,腾讯控股,广义离岸中国AI,中国离岸AI平台/云,1.44%,1,3
010591,富国中国中小盘混合(QDII)美元,QDII-混合偏股,00700,腾讯控股,广义离岸中国AI,中国离岸AI平台/云,4.97%,1,1
010599,汇添富高质量成长30一年混合A,混合型-偏股,00700,腾讯控股,广义离岸中国AI,中国离岸AI平台/云,4.76%,1,4
010600,光大安瑞一年持有A,债券型-混合二级,00700,腾讯控股,广义离岸中国AI,中国离岸AI平台/云,1.07%,1,1
010601,光大安瑞一年持有C,债券型-混合二级,00700,腾讯控股,广义离岸中国AI,中国离岸AI平台/云,1.07%,1,1
010602,长城均衡优选混合A,混合型-偏股,09988,阿里巴巴-W,广义离岸中国AI,中国离岸AI平台/云,2.83%,1,6
010602,长城均衡优选混合A,混合型-偏股,00700,腾讯控股,广义离岸中国AI,中国离岸AI平台/云,2.73%,1,8
010610,摩根远见两年持有期混合,混合型-偏股,00700,腾讯控股,广义离岸中国AI,中国离岸AI平台/云,7.13%,1,4
010610,摩根远见两年持有期混合,混合型-偏股,00981,中芯国际,广义离岸中国AI,中国离岸半导体制造,3.17%,1,9
010610,摩根远见两年持有期混合,混合型-偏股,09988,阿里巴巴-W,广义离岸中国AI,中国离岸AI平台/云,2.76%,1,10
010662,富国均衡优选混合,混合型-偏股,00981,中芯国际,广义离岸中国AI,中国离岸半导体制造,5.91%,1,4
010667,安信价值回报三年持有混合C,混合型-偏股,00700,腾讯控股,广义离岸中国AI,中国离岸AI平台/云,9.04%,1,4
010671,景顺长城大中华混合(QDII)A美元现汇,QDII-混合偏股,2330,台积电,狭义海外AI,先进制程代工,9.77%,1,1
010671,景顺长城大中华混合(QDII)A美元现汇,QDII-混合偏股,00700,腾讯控股,广义离岸中国AI,中国离岸AI平台/云,7.16%,1,2
010671,景顺长城大中华混合(QDII)A美元现汇,QDII-混合偏股,2308,台达电,扩展海外AI,数据中心电源,4.33%,1,5
010671,景顺长城大中华混合(QDII)A美元现汇,QDII-混合偏股,09988,阿里巴巴-W,广义离岸中国AI,中国离岸AI平台/云,4.27%,1,6
010680,华夏新兴成长股票A,股票型,00700,腾讯控股,广义离岸中国AI,中国离岸AI平台/云,5.69%,1,4
010680,华夏新兴成长股票A,股票型,09988,阿里巴巴-W,广义离岸中国AI,中国离岸AI平台/云,5.13%,1,6
010681,华夏新兴成长股票C,股票型,00700,腾讯控股,广义离岸中国AI,中国离岸AI平台/云,5.69%,1,4
010681,华夏新兴成长股票C,股票型,09988,阿里巴巴-W,广义离岸中国AI,中国离岸AI平台/云,5.13%,1,6
010688,招商瑞德一年持有期混合A,混合型-偏债,00700,腾讯控股,广义离岸中国AI,中国离岸AI平台/云,1.84%,1,1
010688,招商瑞德一年持有期混合A,混合型-偏债,09988,阿里巴巴-W,广义离岸中国AI,中国离岸AI平台/云,1.45%,1,2
010689,招商瑞德一年持有期混合C,混合型-偏债,00700,腾讯控股,广义离岸中国AI,中国离岸AI平台/云,1.84%,1,1
010689,招商瑞德一年持有期混合C,混合型-偏债,09988,阿里巴巴-W,广义离岸中国AI,中国离岸AI平台/云,1.45%,1,2
010692,华夏核心价值混合A,混合型-偏股,09988,阿里巴巴-W,广义离岸中国AI,中国离岸AI平台/云,1.89%,1,10
010693,华夏核心价值混合C,混合型-偏股,09988,阿里巴巴-W,广义离岸中国AI,中国离岸AI平台/云,1.89%,1,10
010697,国联行业先锋6个月持有混合A,混合型-偏股,00700,腾讯控股,广义离岸中国AI,中国离岸AI平台/云,9.10%,1,2
010698,国联行业先锋6个月持有混合C,混合型-偏股,00700,腾讯控股,广义离岸中国AI,中国离岸AI平台/云,9.10%,1,2
010700,东方红锦丰优选两年定开混合,混合型-偏债,00700,腾讯控股,广义离岸中国AI,中国离岸AI平台/云,2.62%,1,1
010700,东方红锦丰优选两年定开混合,混合型-偏债,09988,阿里巴巴-W,广义离岸中国AI,中国离岸AI平台/云,1.93%,1,2
010712,中欧瑾利混合A,混合型-偏债,00700,腾讯控股,广义离岸中国AI,中国离岸AI平台/云,1.84%,1,4
010712,中欧瑾利混合A,混合型-偏债,09988,阿里巴巴-W,广义离岸中国AI,中国离岸AI平台/云,1.52%,1,6
010713,中欧瑾利混合C,混合型-偏债,00700,腾讯控股,广义离岸中国AI,中国离岸AI平台/云,1.84%,1,4
010713,中欧瑾利混合C,混合型-偏债,09988,阿里巴巴-W,广义离岸中国AI,中国离岸AI平台/云,1.52%,1,6
010717,前海开源优质企业6个月持有混合A,混合型-偏股,00700,腾讯控股,广义离岸中国AI,中国离岸AI平台/云,9.15%,1,4
010717,前海开源优质企业6个月持有混合A,混合型-偏股,01810,小米集团-W,广义离岸中国AI,中国离岸AI终端/汽车,4.84%,1,8
010718,前海开源优质企业6个月持有混合C,混合型-偏股,00700,腾讯控股,广义离岸中国AI,中国离岸AI平台/云,9.15%,1,4
010718,前海开源优质企业6个月持有混合C,混合型-偏股,01810,小米集团-W,广义离岸中国AI,中国离岸AI终端/汽车,4.84%,1,8
010730,银华心佳两年持有期混合,混合型-偏股,00981,中芯国际,广义离岸中国AI,中国离岸半导体制造,5.55%,1,4
010730,银华心佳两年持有期混合,混合型-偏股,09988,阿里巴巴-W,广义离岸中国AI,中国离岸AI平台/云,4.61%,1,6
010736,易方达沪深300指数增强A,指数型-股票,09988,阿里巴巴-W,广义离岸中国AI,中国离岸AI平台/云,3.95%,1,5
010736,易方达沪深300指数增强A,指数型-股票,00981,中芯国际,广义离岸中国AI,中国离岸半导体制造,1.37%,1,13
010737,易方达沪深300指数增强C,指数型-股票,09988,阿里巴巴-W,广义离岸中国AI,中国离岸AI平台/云,3.95%,1,5
010737,易方达沪深300指数增强C,指数型-股票,00981,中芯国际,广义离岸中国AI,中国离岸半导体制造,1.37%,1,13
010744,工银灵动价值混合A,混合型-偏股,00700,腾讯控股,广义离岸中国AI,中国离岸AI平台/云,3.74%,1,1
010744,工银灵动价值混合A,混合型-偏股,09988,阿里巴巴-W,广义离岸中国AI,中国离岸AI平台/云,2.42%,1,3
010745,工银灵动价值混合C,混合型-偏股,00700,腾讯控股,广义离岸中国AI,中国离岸AI平台/云,3.74%,1,1
010745,工银灵动价值混合C,混合型-偏股,09988,阿里巴巴-W,广义离岸中国AI,中国离岸AI平台/云,2.42%,1,3
010754,招商沪港深科技创新混合C,混合型-灵活,00700,腾讯控股,广义离岸中国AI,中国离岸AI平台/云,5.89%,1,1
010754,招商沪港深科技创新混合C,混合型-灵活,09988,阿里巴巴-W,广义离岸中国AI,中国离岸AI平台/云,2.23%,1,7
010761,华商甄选回报混合A,混合型-偏股,03896,金山云,广义离岸中国AI,中国离岸云计算,3.49%,1,7
010761,华商甄选回报混合A,混合型-偏股,09988,阿里巴巴-W,广义离岸中国AI,中国离岸AI平台/云,3.12%,1,8
010775,博时恒旭持有期混合A,混合型-偏债,00700,腾讯控股,广义离岸中国AI,中国离岸AI平台/云,1.44%,1,2
010776,博时恒旭持有期混合C,混合型-偏债,00700,腾讯控股,广义离岸中国AI,中国离岸AI平台/云,1.44%,1,2
010783,德邦沪港深龙头混合A,混合型-偏股,00700,腾讯控股,广义离岸中国AI,中国离岸AI平台/云,4.14%,1,1
010783,德邦沪港深龙头混合A,混合型-偏股,09988,阿里巴巴-W,广义离岸中国AI,中国离岸AI平台/云,2.66%,1,4
010784,德邦沪港深龙头混合C,混合型-偏股,00700,腾讯控股,广义离岸中国AI,中国离岸AI平台/云,4.14%,1,1
010784,德邦沪港深龙头混合C,混合型-偏股,09988,阿里巴巴-W,广义离岸中国AI,中国离岸AI平台/云,2.66%,1,4
010789,汇添富恒生指数(QDII-LOF)C,指数型-海外股票,00700,腾讯控股,广义离岸中国AI,中国离岸AI平台/云,7.36%,1,1
010789,汇添富恒生指数(QDII-LOF)C,指数型-海外股票,09988,阿里巴巴-W,广义离岸中国AI,中国离岸AI平台/云,6.86%,1,3
010789,汇添富恒生指数(QDII-LOF)C,指数型-海外股票,01810,小米集团-W,广义离岸中国AI,中国离岸AI终端/汽车,3.46%,1,6
010795,民生价值发现一年持有混合A,混合型-偏股,00700,腾讯控股,广义离岸中国AI,中国离岸AI平台/云,4.39%,1,3
010796,民生价值发现一年持有混合C,混合型-偏股,00700,腾讯控股,广义离岸中国AI,中国离岸AI平台/云,4.39%,1,3
010832,国泰合益混合A,混合型-偏债,00700,腾讯控股,广义离岸中国AI,中国离岸AI平台/云,0.32%,1,9
010833,国泰合益混合C,混合型-偏债,00700,腾讯控股,广义离岸中国AI,中国离岸AI平台/云,0.32%,1,9
010839,易方达瑞安灵活配置混合A,混合型-灵活,09988,阿里巴巴-W,广义离岸中国AI,中国离岸AI平台/云,0.45%,1,8
010840,易方达瑞安灵活配置混合C,混合型-灵活,09988,阿里巴巴-W,广义离岸中国AI,中国离岸AI平台/云,0.45%,1,8
010843,富国天润回报混合A,混合型-偏债,09988,阿里巴巴-W,广义离岸中国AI,中国离岸AI平台/云,1.87%,1,2
010844,富国天润回报混合C,混合型-偏债,09988,阿里巴巴-W,广义离岸中国AI,中国离岸AI平台/云,1.87%,1,2
010864,泓德卓远混合A,混合型-偏股,00981,中芯国际,广义离岸中国AI,中国离岸半导体制造,2.30%,1,10
010865,泓德卓远混合C,混合型-偏股,00981,中芯国际,广义离岸中国AI,中国离岸半导体制造,2.30%,1,10
010868,华宝安盈混合A,混合型-偏债,00700,腾讯控股,广义离岸中国AI,中国离岸AI平台/云,0.53%,1,5
010868,华宝安盈混合A,混合型-偏债,03896,金山云,广义离岸中国AI,中国离岸云计算,0.41%,1,10
010869,汇添富稳健欣享一年持有混合,混合型-偏债,00700,腾讯控股,广义离岸中国AI,中国离岸AI平台/云,0.51%,1,6
010870,汇添富稳健鑫添益六个月持有混合A,混合型-偏债,00700,腾讯控股,广义离岸中国AI,中国离岸AI平台/云,0.38%,1,1
010874,泰康品质生活混合A,混合型-偏股,00700,腾讯控股,广义离岸中国AI,中国离岸AI平台/云,8.84%,1,1
010875,泰康品质生活混合C,混合型-偏股,00700,腾讯控股,广义离岸中国AI,中国离岸AI平台/云,8.84%,1,1
010878,诺德优势产业,混合型-偏股,09988,阿里巴巴-W,广义离岸中国AI,中国离岸AI平台/云,4.89%,1,3
010879,南方宝升混合A,混合型-偏债,00700,腾讯控股,广义离岸中国AI,中国离岸AI平台/云,0.56%,1,9
010880,南方宝升混合C,混合型-偏债,00700,腾讯控股,广义离岸中国AI,中国离岸AI平台/云,0.56%,1,9
010881,南方宝顺混合A,混合型-偏债,00700,腾讯控股,广义离岸中国AI,中国离岸AI平台/云,0.62%,1,8
010882,南方宝顺混合C,混合型-偏债,00700,腾讯控股,广义离岸中国AI,中国离岸AI平台/云,0.62%,1,8
010887,南方消费升级混合A,混合型-偏股,00700,腾讯控股,广义离岸中国AI,中国离岸AI平台/云,3.15%,1,8
010888,南方消费升级混合C,混合型-偏股,00700,腾讯控股,广义离岸中国AI,中国离岸AI平台/云,3.15%,1,8
010890,交银鸿福六个月持有混合A,混合型-偏债,00700,腾讯控股,广义离岸中国AI,中国离岸AI平台/云,0.91%,1,1
010891,交银鸿福六个月持有混合C,混合型-偏债,00700,腾讯控股,广义离岸中国AI,中国离岸AI平台/云,0.91%,1,1
010898,银河产业动力混合A,混合型-偏股,00700,腾讯控股,广义离岸中国AI,中国离岸AI平台/云,5.77%,1,5
010898,银河产业动力混合A,混合型-偏股,01347,华虹半导体,广义离岸中国AI,中国离岸半导体制造,5.44%,1,7
010898,银河产业动力混合A,混合型-偏股,09988,阿里巴巴-W,广义离岸中国AI,中国离岸AI平台/云,5.04%,1,10
010902,博时成长领航混合A,混合型-灵活,09988,阿里巴巴-W,广义离岸中国AI,中国离岸AI平台/云,4.45%,1,4
010903,博时成长领航混合C,混合型-灵活,09988,阿里巴巴-W,广义离岸中国AI,中国离岸AI平台/云,4.45%,1,4
010904,博时双季鑫6个月持有混合A,混合型-偏债,00981,中芯国际,广义离岸中国AI,中国离岸半导体制造,1.60%,1,10
010905,博时双季鑫6个月持有混合C,混合型-偏债,00981,中芯国际,广义离岸中国AI,中国离岸半导体制造,1.60%,1,10
010912,国泰成长价值混合A,混合型-偏股,01347,华虹半导体,广义离岸中国AI,中国离岸半导体制造,1.75%,1,11
010913,国泰成长价值混合C,混合型-偏股,01347,华虹半导体,广义离岸中国AI,中国离岸半导体制造,1.75%,1,11
010914,长盛成长精选混合A,混合型-偏股,00700,腾讯控股,广义离岸中国AI,中国离岸AI平台/云,7.14%,1,1
010915,长盛成长精选混合C,混合型-偏股,00700,腾讯控股,广义离岸中国AI,中国离岸AI平台/云,7.14%,1,1
010922,朱雀匠心一年持有,混合型-偏股,00981,中芯国际,广义离岸中国AI,中国离岸半导体制造,8.82%,1,2
010922,朱雀匠心一年持有,混合型-偏股,00700,腾讯控股,广义离岸中国AI,中国离岸AI平台/云,5.52%,1,4
010924,博时双季鑫6个月持有混合B,混合型-偏债,00981,中芯国际,广义离岸中国AI,中国离岸半导体制造,1.60%,1,10
010966,富国成长领航混合,混合型-偏股,00981,中芯国际,广义离岸中国AI,中国离岸半导体制造,4.65%,1,7
010969,华夏安阳6个月持有期混合A,混合型-偏股,00700,腾讯控股,广义离岸中国AI,中国离岸AI平台/云,7.77%,1,2
010970,华夏安阳6个月持有期混合C,混合型-偏股,00700,腾讯控股,广义离岸中国AI,中国离岸AI平台/云,7.77%,1,2
011006,工银圆丰三年持有期混合,混合型-偏股,00700,腾讯控股,广义离岸中国AI,中国离岸AI平台/云,5.86%,1,3
011013,长城消费30股票A,股票型,09988,阿里巴巴-W,广义离岸中国AI,中国离岸AI平台/云,4.00%,1,3
011014,长城消费30股票C,股票型,09988,阿里巴巴-W,广义离岸中国AI,中国离岸AI平台/云,4.00%,1,3
011021,汇添富互联网核心资产六个月持有混合A,混合型-偏股,00700,腾讯控股,广义离岸中国AI,中国离岸AI平台/云,9.92%,1,1
011021,汇添富互联网核心资产六个月持有混合A,混合型-偏股,00981,中芯国际,广义离岸中国AI,中国离岸半导体制造,5.24%,1,5
011021,汇添富互联网核心资产六个月持有混合A,混合型-偏股,09988,阿里巴巴-W,广义离岸中国AI,中国离岸AI平台/云,4.63%,1,6
011021,汇添富互联网核心资产六个月持有混合A,混合型-偏股,01347,华虹半导体,广义离岸中国AI,中国离岸半导体制造,4.06%,1,8
011022,汇添富互联网核心资产六个月持有混合C,混合型-偏股,00700,腾讯控股,广义离岸中国AI,中国离岸AI平台/云,9.92%,1,1
011022,汇添富互联网核心资产六个月持有混合C,混合型-偏股,00981,中芯国际,广义离岸中国AI,中国离岸半导体制造,5.24%,1,5
011022,汇添富互联网核心资产六个月持有混合C,混合型-偏股,09988,阿里巴巴-W,广义离岸中国AI,中国离岸AI平台/云,4.63%,1,6
011022,汇添富互联网核心资产六个月持有混合C,混合型-偏股,01347,华虹半导体,广义离岸中国AI,中国离岸半导体制造,4.06%,1,8
011032,东方红睿泽三年持有混合C,混合型-偏股,00700,腾讯控股,广义离岸中国AI,中国离岸AI平台/云,7.66%,1,2
011032,东方红睿泽三年持有混合C,混合型-偏股,09988,阿里巴巴-W,广义离岸中国AI,中国离岸AI平台/云,5.64%,1,5
011033,南方宝恒混合A,混合型-偏债,00700,腾讯控股,广义离岸中国AI,中国离岸AI平台/云,0.63%,1,3
011034,南方宝恒混合C,混合型-偏债,00700,腾讯控股,广义离岸中国AI,中国离岸AI平台/云,0.63%,1,3
011042,国泰价值先锋股票A,股票型,00981,中芯国际,广义离岸中国AI,中国离岸半导体制造,3.47%,1,8
011043,国泰价值先锋股票C,股票型,00981,中芯国际,广义离岸中国AI,中国离岸半导体制造,3.47%,1,8
011044,中银顺泽回报一年持有期混合A,混合型-偏债,00700,腾讯控股,广义离岸中国AI,中国离岸AI平台/云,0.82%,1,2
011044,中银顺泽回报一年持有期混合A,混合型-偏债,09988,阿里巴巴-W,广义离岸中国AI,中国离岸AI平台/云,0.71%,1,3
011045,中银顺泽回报一年持有期混合C,混合型-偏债,00700,腾讯控股,广义离岸中国AI,中国离岸AI平台/云,0.82%,1,2
011045,中银顺泽回报一年持有期混合C,混合型-偏债,09988,阿里巴巴-W,广义离岸中国AI,中国离岸AI平台/云,0.71%,1,3
011050,天弘裕新混合A,混合型-偏债,00700,腾讯控股,广义离岸中国AI,中国离岸AI平台/云,0.89%,1,4
011051,天弘裕新混合C,混合型-偏债,00700,腾讯控股,广义离岸中国AI,中国离岸AI平台/云,0.89%,1,4
011064,南方誉享一年持有期混合A,混合型-偏债,00700,腾讯控股,广义离岸中国AI,中国离岸AI平台/云,0.62%,1,10
011065,南方誉享一年持有期混合C,混合型-偏债,00700,腾讯控股,广义离岸中国AI,中国离岸AI平台/云,0.62%,1,10
011077,汇丰晋信创新先锋,股票型,00700,腾讯控股,广义离岸中国AI,中国离岸AI平台/云,7.79%,1,3
011081,国投瑞银港股通混合C,混合型-偏股,00700,腾讯控股,广义离岸中国AI,中国离岸AI平台/云,9.36%,1,2
011081,国投瑞银港股通混合C,混合型-偏股,09988,阿里巴巴-W,广义离岸中国AI,中国离岸AI平台/云,4.27%,1,8
011091,工银双玺6个月持有期债券A,债券型-混合二级,00700,腾讯控股,广义离岸中国AI,中国离岸AI平台/云,0.38%,1,1
011091,工银双玺6个月持有期债券A,债券型-混合二级,09988,阿里巴巴-W,广义离岸中国AI,中国离岸AI平台/云,0.20%,1,5
011092,工银双玺6个月持有期债券C,债券型-混合二级,00700,腾讯控股,广义离岸中国AI,中国离岸AI平台/云,0.38%,1,1
011092,工银双玺6个月持有期债券C,债券型-混合二级,09988,阿里巴巴-W,广义离岸中国AI,中国离岸AI平台/云,0.20%,1,5
011099,富国价值创造混合A,混合型-偏股,00700,腾讯控股,广义离岸中国AI,中国离岸AI平台/云,4.11%,1,8
011100,富国价值创造混合C,混合型-偏股,00700,腾讯控股,广义离岸中国AI,中国离岸AI平台/云,4.11%,1,8
011109,南方晖元6个月持有期债券A,债券型-混合二级,00700,腾讯控股,广义离岸中国AI,中国离岸AI平台/云,0.41%,1,1
011110,南方晖元6个月持有期债券C,债券型-混合二级,00700,腾讯控股,广义离岸中国AI,中国离岸AI平台/云,0.41%,1,1
011114,富国沪港深行业精选混合C,混合型-灵活,09988,阿里巴巴-W,广义离岸中国AI,中国离岸AI平台/云,6.23%,1,2
011114,富国沪港深行业精选混合C,混合型-灵活,00700,腾讯控股,广义离岸中国AI,中国离岸AI平台/云,5.05%,1,3
011117,富国沪港深业绩驱动混合型C,混合型-偏股,00700,腾讯控股,广义离岸中国AI,中国离岸AI平台/云,8.67%,1,2
011117,富国沪港深业绩驱动混合型C,混合型-偏股,09988,阿里巴巴-W,广义离岸中国AI,中国离岸AI平台/云,8.46%,1,3
011119,汇添富稳健睿选一年持有混合C,混合型-偏债,00700,腾讯控股,广义离岸中国AI,中国离岸AI平台/云,1.91%,1,2
011119,汇添富稳健睿选一年持有混合C,混合型-偏债,09988,阿里巴巴-W,广义离岸中国AI,中国离岸AI平台/云,0.81%,1,10
011122,汇添富ESG可持续成长股票A,股票型,00700,腾讯控股,广义离岸中国AI,中国离岸AI平台/云,4.63%,1,3
011123,汇添富ESG可持续成长股票C,股票型,00700,腾讯控股,广义离岸中国AI,中国离岸AI平台/云,4.63%,1,3
011131,富国沪港深价值混合C,混合型-灵活,00700,腾讯控股,广义离岸中国AI,中国离岸AI平台/云,8.22%,1,1
011131,富国沪港深价值混合C,混合型-灵活,09988,阿里巴巴-W,广义离岸中国AI,中国离岸AI平台/云,6.05%,1,3
011152,国富兴海回报混合A,混合型-偏股,00700,腾讯控股,广义离岸中国AI,中国离岸AI平台/云,7.16%,1,2
011153,华宝新兴消费混合A,混合型-偏股,00700,腾讯控股,广义离岸中国AI,中国离岸AI平台/云,9.79%,1,4
011154,华宝新兴消费混合C,混合型-偏股,00700,腾讯控股,广义离岸中国AI,中国离岸AI平台/云,9.79%,1,4
011155,金鹰责任投资混合A,混合型-偏股,02228,晶泰控股,广义离岸中国AI,中国离岸AI制药,6.54%,1,5
011156,金鹰责任投资混合C,混合型-偏股,02228,晶泰控股,广义离岸中国AI,中国离岸AI制药,6.54%,1,5
011162,博时港股通领先趋势混合A,混合型-偏股,00700,腾讯控股,广义离岸中国AI,中国离岸AI平台/云,8.29%,1,1
011162,博时港股通领先趋势混合A,混合型-偏股,09988,阿里巴巴-W,广义离岸中国AI,中国离岸AI平台/云,5.02%,1,6
011162,博时港股通领先趋势混合A,混合型-偏股,01347,华虹半导体,广义离岸中国AI,中国离岸半导体制造,4.75%,1,7
011163,博时港股通领先趋势混合C,混合型-偏股,00700,腾讯控股,广义离岸中国AI,中国离岸AI平台/云,8.29%,1,1
011163,博时港股通领先趋势混合C,混合型-偏股,09988,阿里巴巴-W,广义离岸中国AI,中国离岸AI平台/云,5.02%,1,6
011163,博时港股通领先趋势混合C,混合型-偏股,01347,华虹半导体,广义离岸中国AI,中国离岸半导体制造,4.75%,1,7
011167,景顺长城景气成长混合A,混合型-偏股,00981,中芯国际,广义离岸中国AI,中国离岸半导体制造,4.22%,1,1
011170,宝盈智慧生活混合A,混合型-偏股,09988,阿里巴巴-W,广义离岸中国AI,中国离岸AI平台/云,8.60%,1,3
011170,宝盈智慧生活混合A,混合型-偏股,00700,腾讯控股,广义离岸中国AI,中国离岸AI平台/云,7.90%,1,4
011171,宝盈智慧生活混合C,混合型-偏股,09988,阿里巴巴-W,广义离岸中国AI,中国离岸AI平台/云,8.60%,1,3
011171,宝盈智慧生活混合C,混合型-偏股,00700,腾讯控股,广义离岸中国AI,中国离岸AI平台/云,7.90%,1,4
011173,银华心享一年持有期混合,混合型-偏股,00700,腾讯控股,广义离岸中国AI,中国离岸AI平台/云,4.96%,1,1
011173,银华心享一年持有期混合,混合型-偏股,09988,阿里巴巴-W,广义离岸中国AI,中国离岸AI平台/云,3.17%,1,5
011173,银华心享一年持有期混合,混合型-偏股,00981,中芯国际,广义离岸中国AI,中国离岸半导体制造,1.39%,1,10
011174,中庚价值品质一年持有期混合,混合型-偏股,00700,腾讯控股,广义离岸中国AI,中国离岸AI平台/云,7.93%,1,4
011175,平安恒鑫混合A,混合型-偏债,00700,腾讯控股,广义离岸中国AI,中国离岸AI平台/云,0.76%,1,3
011176,平安恒鑫混合C,混合型-偏债,00700,腾讯控股,广义离岸中国AI,中国离岸AI平台/云,0.76%,1,3
011177,博时汇融回报一年持有混合A,混合型-偏股,00700,腾讯控股,广义离岸中国AI,中国离岸AI平台/云,3.72%,1,4
011177,博时汇融回报一年持有混合A,混合型-偏股,01347,华虹半导体,广义离岸中国AI,中国离岸半导体制造,3.05%,1,9
011178,博时汇融回报一年持有混合C,混合型-偏股,00700,腾讯控股,广义离岸中国AI,中国离岸AI平台/云,3.72%,1,4
011178,博时汇融回报一年持有混合C,混合型-偏股,01347,华虹半导体,广义离岸中国AI,中国离岸半导体制造,3.05%,1,9
011188,信澳星奕混合A,混合型-偏股,01810,小米集团-W,广义离岸中国AI,中国离岸AI终端/汽车,9.88%,1,1
011188,信澳星奕混合A,混合型-偏股,09988,阿里巴巴-W,广义离岸中国AI,中国离岸AI平台/云,4.21%,1,10
011196,摩根优势成长混合A,混合型-偏股,00700,腾讯控股,广义离岸中国AI,中国离岸AI平台/云,3.37%,1,6
011197,摩根优势成长混合C,混合型-偏股,00700,腾讯控股,广义离岸中国AI,中国离岸AI平台/云,3.37%,1,6
011223,信澳星奕混合C,混合型-偏股,01810,小米集团-W,广义离岸中国AI,中国离岸AI终端/汽车,9.88%,1,1
011223,信澳星奕混合C,混合型-偏股,09988,阿里巴巴-W,广义离岸中国AI,中国离岸AI平台/云,4.21%,1,10
011229,创金合信数字经济主题股票A,股票型,09988,阿里巴巴-W,广义离岸中国AI,中国离岸AI平台/云,4.65%,1,5
011230,创金合信数字经济主题股票C,股票型,09988,阿里巴巴-W,广义离岸中国AI,中国离岸AI平台/云,4.65%,1,5
011246,嘉实阿尔法优选混合A,混合型-偏股,01347,华虹半导体,广义离岸中国AI,中国离岸半导体制造,2.28%,1,4
011246,嘉实阿尔法优选混合A,混合型-偏股,09988,阿里巴巴-W,广义离岸中国AI,中国离岸AI平台/云,2.21%,1,5
011247,嘉实阿尔法优选混合C,混合型-偏股,01347,华虹半导体,广义离岸中国AI,中国离岸半导体制造,2.28%,1,4
011247,嘉实阿尔法优选混合C,混合型-偏股,09988,阿里巴巴-W,广义离岸中国AI,中国离岸AI平台/云,2.21%,1,5
011248,嘉实品质回报混合,混合型-偏股,00700,腾讯控股,广义离岸中国AI,中国离岸AI平台/云,7.89%,1,3
011256,交银鸿光一年混合A,混合型-偏债,00700,腾讯控股,广义离岸中国AI,中国离岸AI平台/云,1.86%,1,1
011256,交银鸿光一年混合A,混合型-偏债,09988,阿里巴巴-W,广义离岸中国AI,中国离岸AI平台/云,1.29%,1,3
011257,交银鸿光一年混合C,混合型-偏债,00700,腾讯控股,广义离岸中国AI,中国离岸AI平台/云,1.86%,1,1
011257,交银鸿光一年混合C,混合型-偏债,09988,阿里巴巴-W,广义离岸中国AI,中国离岸AI平台/云,1.29%,1,3
011259,汇添富高质量成长30一年混合C,混合型-偏股,00700,腾讯控股,广义离岸中国AI,中国离岸AI平台/云,4.76%,1,4
011267,长盛鑫盛稳健一年持有A,混合型-偏债,00700,腾讯控股,广义离岸中国AI,中国离岸AI平台/云,4.42%,1,3
011268,长盛鑫盛稳健一年持有C,混合型-偏债,00700,腾讯控股,广义离岸中国AI,中国离岸AI平台/云,4.42%,1,3
011275,交银成长动力一年持有混合A,混合型-偏股,00700,腾讯控股,广义离岸中国AI,中国离岸AI平台/云,8.16%,1,1
011275,交银成长动力一年持有混合A,混合型-偏股,09988,阿里巴巴-W,广义离岸中国AI,中国离岸AI平台/云,4.02%,1,9
011276,交银成长动力一年持有混合C,混合型-偏股,00700,腾讯控股,广义离岸中国AI,中国离岸AI平台/云,8.16%,1,1
011276,交银成长动力一年持有混合C,混合型-偏股,09988,阿里巴巴-W,广义离岸中国AI,中国离岸AI平台/云,4.02%,1,9
011278,华夏内需驱动混合A,混合型-偏股,00700,腾讯控股,广义离岸中国AI,中国离岸AI平台/云,3.79%,1,6
011279,华夏内需驱动混合C,混合型-偏股,00700,腾讯控股,广义离岸中国AI,中国离岸AI平台/云,3.79%,1,6
011285,民生价值优选6个月持有股票A,股票型,00700,腾讯控股,广义离岸中国AI,中国离岸AI平台/云,7.51%,1,2
011286,民生价值优选6个月持有股票C,股票型,00700,腾讯控股,广义离岸中国AI,中国离岸AI平台/云,7.51%,1,2
011287,前海开源聚慧三年持有混合,混合型-偏股,09988,阿里巴巴-W,广义离岸中国AI,中国离岸AI平台/云,8.49%,1,4
011304,工银创新成长混合A,混合型-偏股,00700,腾讯控股,广义离岸中国AI,中国离岸AI平台/云,5.58%,1,4
011305,工银创新成长混合C,混合型-偏股,00700,腾讯控股,广义离岸中国AI,中国离岸AI平台/云,5.58%,1,4
011336,兴全汇吉一年持有混合A,混合型-偏债,00700,腾讯控股,广义离岸中国AI,中国离岸AI平台/云,3.40%,1,3
011336,兴全汇吉一年持有混合A,混合型-偏债,09988,阿里巴巴-W,广义离岸中国AI,中国离岸AI平台/云,3.05%,1,5
011337,兴全汇吉一年持有混合C,混合型-偏债,00700,腾讯控股,广义离岸中国AI,中国离岸AI平台/云,3.40%,1,3
011337,兴全汇吉一年持有混合C,混合型-偏债,09988,阿里巴巴-W,广义离岸中国AI,中国离岸AI平台/云,3.05%,1,5
011340,博时战略新材料主题混合A,混合型-偏股,01347,华虹半导体,广义离岸中国AI,中国离岸半导体制造,5.62%,1,4
011340,博时战略新材料主题混合A,混合型-偏股,00981,中芯国际,广义离岸中国AI,中国离岸半导体制造,4.11%,1,7
011341,博时战略新材料主题混合C,混合型-偏股,01347,华虹半导体,广义离岸中国AI,中国离岸半导体制造,5.62%,1,4
011341,博时战略新材料主题混合C,混合型-偏股,00981,中芯国际,广义离岸中国AI,中国离岸半导体制造,4.11%,1,7
011344,景顺长城融景一年持有混合A,混合型-偏股,00700,腾讯控股,广义离岸中国AI,中国离岸AI平台/云,5.53%,1,1
011344,景顺长城融景一年持有混合A,混合型-偏股,09988,阿里巴巴-W,广义离岸中国AI,中国离岸AI平台/云,2.82%,1,9
011345,景顺长城融景一年持有混合C,混合型-偏股,00700,腾讯控股,广义离岸中国AI,中国离岸AI平台/云,5.53%,1,1
011345,景顺长城融景一年持有混合C,混合型-偏股,09988,阿里巴巴-W,广义离岸中国AI,中国离岸AI平台/云,2.82%,1,9
011347,易方达宁易一年持有混合A,混合型-偏债,09988,阿里巴巴-W,广义离岸中国AI,中国离岸AI平台/云,0.98%,1,5
011348,易方达宁易一年持有混合C,混合型-偏债,09988,阿里巴巴-W,广义离岸中国AI,中国离岸AI平台/云,0.98%,1,5
011349,淳厚现代服务业股票A,股票型,00700,腾讯控股,广义离岸中国AI,中国离岸AI平台/云,8.20%,1,2
011349,淳厚现代服务业股票A,股票型,09988,阿里巴巴-W,广义离岸中国AI,中国离岸AI平台/云,8.02%,1,3
011350,淳厚现代服务业股票C,股票型,00700,腾讯控股,广义离岸中国AI,中国离岸AI平台/云,8.20%,1,2
011350,淳厚现代服务业股票C,股票型,09988,阿里巴巴-W,广义离岸中国AI,中国离岸AI平台/云,8.02%,1,3
011363,南方兴润价值一年持有混合A,混合型-灵活,01347,华虹半导体,广义离岸中国AI,中国离岸半导体制造,2.83%,1,8
011364,南方兴润价值一年持有混合C,混合型-灵活,01347,华虹半导体,广义离岸中国AI,中国离岸半导体制造,2.83%,1,8
011371,华商远见价值A,混合型-偏股,09988,阿里巴巴-W,广义离岸中国AI,中国离岸AI平台/云,2.80%,1,6
011371,华商远见价值A,混合型-偏股,03896,金山云,广义离岸中国AI,中国离岸云计算,2.73%,1,7
011372,华商远见价值C,混合型-偏股,09988,阿里巴巴-W,广义离岸中国AI,中国离岸AI平台/云,2.80%,1,6
011372,华商远见价值C,混合型-偏股,03896,金山云,广义离岸中国AI,中国离岸云计算,2.73%,1,7
011387,工银宁瑞6个月持有期混合A,混合型-偏债,00700,腾讯控股,广义离岸中国AI,中国离岸AI平台/云,1.21%,1,1
011388,工银宁瑞6个月持有期混合C,混合型-偏债,00700,腾讯控股,广义离岸中国AI,中国离岸AI平台/云,1.21%,1,1
011390,华安添祥6个月持有混合A,混合型-偏债,09988,阿里巴巴-W,广义离岸中国AI,中国离岸AI平台/云,0.62%,1,9
011393,中欧融益稳健一年混合A,混合型-偏债,09988,阿里巴巴-W,广义离岸中国AI,中国离岸AI平台/云,0.55%,1,3
011393,中欧融益稳健一年混合A,混合型-偏债,00700,腾讯控股,广义离岸中国AI,中国离岸AI平台/云,0.37%,1,6
011394,中欧融益稳健一年混合C,混合型-偏债,09988,阿里巴巴-W,广义离岸中国AI,中国离岸AI平台/云,0.55%,1,3
011394,中欧融益稳健一年混合C,混合型-偏债,00700,腾讯控股,广义离岸中国AI,中国离岸AI平台/云,0.37%,1,6
011401,汇添富成长精选混合A,混合型-偏股,09988,阿里巴巴-W,广义离岸中国AI,中国离岸AI平台/云,2.29%,1,10
011402,汇添富成长精选混合C,混合型-偏股,09988,阿里巴巴-W,广义离岸中国AI,中国离岸AI平台/云,2.29%,1,10
011405,银华稳健增长一年持有期混合,混合型-偏股,00700,腾讯控股,广义离岸中国AI,中国离岸AI平台/云,1.56%,1,7
011418,汇添富消费精选两年持有股票A,股票型,00700,腾讯控股,广义离岸中国AI,中国离岸AI平台/云,8.96%,1,2
011419,汇添富消费精选两年持有股票C,股票型,00700,腾讯控股,广义离岸中国AI,中国离岸AI平台/云,8.96%,1,2
011420,广发全球科技三个月定开混合(QDII)人民币A,QDII-混合偏股,TSM,台积电,狭义海外AI,先进制程代工,9.10%,1,1
011420,广发全球科技三个月定开混合(QDII)人民币A,QDII-混合偏股,GOOG,谷歌-C,狭义海外AI,AI云/大模型,7.49%,1,2
011420,广发全球科技三个月定开混合(QDII)人民币A,QDII-混合偏股,META,Meta Platforms Inc-A,狭义海外AI,AI平台,6.07%,1,4
011420,广发全球科技三个月定开混合(QDII)人民币A,QDII-混合偏股,00700,腾讯控股,广义离岸中国AI,中国离岸AI平台/云,4.03%,1,7
011420,广发全球科技三个月定开混合(QDII)人民币A,QDII-混合偏股,AMZN,亚马逊,狭义海外AI,AI云,3.40%,1,10
011421,广发全球科技三个月定开混合(QDII)美元A,QDII-混合偏股,TSM,台积电,狭义海外AI,先进制程代工,9.10%,1,1
011421,广发全球科技三个月定开混合(QDII)美元A,QDII-混合偏股,GOOG,谷歌-C,狭义海外AI,AI云/大模型,7.49%,1,2
011421,广发全球科技三个月定开混合(QDII)美元A,QDII-混合偏股,META,Meta Platforms Inc-A,狭义海外AI,AI平台,6.07%,1,4
011421,广发全球科技三个月定开混合(QDII)美元A,QDII-混合偏股,00700,腾讯控股,广义离岸中国AI,中国离岸AI平台/云,4.03%,1,7
011421,广发全球科技三个月定开混合(QDII)美元A,QDII-混合偏股,AMZN,亚马逊,狭义海外AI,AI云,3.40%,1,10
011422,广发全球科技三个月定开混合(QDII)人民币C,QDII-混合偏股,TSM,台积电,狭义海外AI,先进制程代工,9.10%,1,1
011422,广发全球科技三个月定开混合(QDII)人民币C,QDII-混合偏股,GOOG,谷歌-C,狭义海外AI,AI云/大模型,7.49%,1,2
011422,广发全球科技三个月定开混合(QDII)人民币C,QDII-混合偏股,META,Meta Platforms Inc-A,狭义海外AI,AI平台,6.07%,1,4
011422,广发全球科技三个月定开混合(QDII)人民币C,QDII-混合偏股,00700,腾讯控股,广义离岸中国AI,中国离岸AI平台/云,4.03%,1,7
011422,广发全球科技三个月定开混合(QDII)人民币C,QDII-混合偏股,AMZN,亚马逊,狭义海外AI,AI云,3.40%,1,10
011423,广发全球科技三个月定开混合(QDII)美元C,QDII-混合偏股,TSM,台积电,狭义海外AI,先进制程代工,9.10%,1,1
011423,广发全球科技三个月定开混合(QDII)美元C,QDII-混合偏股,GOOG,谷歌-C,狭义海外AI,AI云/大模型,7.49%,1,2
011423,广发全球科技三个月定开混合(QDII)美元C,QDII-混合偏股,META,Meta Platforms Inc-A,狭义海外AI,AI平台,6.07%,1,4
011423,广发全球科技三个月定开混合(QDII)美元C,QDII-混合偏股,00700,腾讯控股,广义离岸中国AI,中国离岸AI平台/云,4.03%,1,7
011423,广发全球科技三个月定开混合(QDII)美元C,QDII-混合偏股,AMZN,亚马逊,狭义海外AI,AI云,3.40%,1,10
011435,中欧研究精选混合A,混合型-偏股,00700,腾讯控股,广义离岸中国AI,中国离岸AI平台/云,3.19%,1,6
011436,中欧研究精选混合C,混合型-偏股,00700,腾讯控股,广义离岸中国AI,中国离岸AI平台/云,3.19%,1,6
011450,招商企业优选混合A,混合型-偏股,09988,阿里巴巴-W,广义离岸中国AI,中国离岸AI平台/云,4.72%,1,8
011451,招商企业优选混合C,混合型-偏股,09988,阿里巴巴-W,广义离岸中国AI,中国离岸AI平台/云,4.72%,1,8
011455,长城竞争优势六个月混合A,混合型-偏股,00700,腾讯控股,广义离岸中国AI,中国离岸AI平台/云,4.08%,1,6
011456,长城竞争优势六个月混合C,混合型-偏股,00700,腾讯控股,广义离岸中国AI,中国离岸AI平台/云,4.08%,1,6
011457,新华行业龙头主题股票,股票型,03896,金山云,广义离岸中国AI,中国离岸云计算,4.98%,1,5
011460,鹏华创新成长混合A,混合型-偏股,00700,腾讯控股,广义离岸中国AI,中国离岸AI平台/云,7.36%,1,1
011461,鹏华创新成长混合C,混合型-偏股,00700,腾讯控股,广义离岸中国AI,中国离岸AI平台/云,7.36%,1,1
011468,国富竞争优势三年持有期混合A,混合型-偏股,00700,腾讯控股,广义离岸中国AI,中国离岸AI平台/云,6.16%,1,5
011469,国富竞争优势三年持有期混合C,混合型-偏股,00700,腾讯控股,广义离岸中国AI,中国离岸AI平台/云,6.16%,1,5
011479,广发诚享混合A,混合型-偏股,00700,腾讯控股,广义离岸中国AI,中国离岸AI平台/云,1.80%,1,9
011480,广发诚享混合C,混合型-偏股,00700,腾讯控股,广义离岸中国AI,中国离岸AI平台/云,1.80%,1,9
011531,朱雀恒心一年持有混合,混合型-偏股,00981,中芯国际,广义离岸中国AI,中国离岸半导体制造,8.89%,1,2
011542,鹏华远见回报三年持有混合,混合型-偏股,00700,腾讯控股,广义离岸中国AI,中国离岸AI平台/云,2.37%,1,9
011556,富国民裕进取沪港深成长C,混合型-偏股,00700,腾讯控股,广义离岸中国AI,中国离岸AI平台/云,7.30%,1,5
011562,汇添富稳健盈和一年持有混合,混合型-偏债,00700,腾讯控股,广义离岸中国AI,中国离岸AI平台/云,2.35%,1,3
011563,淳厚利加混合A,混合型-偏债,00700,腾讯控股,广义离岸中国AI,中国离岸AI平台/云,7.06%,1,1
011563,淳厚利加混合A,混合型-偏债,09988,阿里巴巴-W,广义离岸中国AI,中国离岸AI平台/云,2.60%,1,7
011564,淳厚利加混合C,混合型-偏债,00700,腾讯控股,广义离岸中国AI,中国离岸AI平台/云,7.06%,1,1
011564,淳厚利加混合C,混合型-偏债,09988,阿里巴巴-W,广义离岸中国AI,中国离岸AI平台/云,2.60%,1,7
011567,富国消费升级混合C,混合型-偏股,00700,腾讯控股,广义离岸中国AI,中国离岸AI平台/云,3.68%,1,3
011583,大成港股精选混合(QDII)A,QDII-混合偏股,00700,腾讯控股,广义离岸中国AI,中国离岸AI平台/云,6.65%,1,3
011583,大成港股精选混合(QDII)A,QDII-混合偏股,09988,阿里巴巴-W,广义离岸中国AI,中国离岸AI平台/云,4.34%,1,6
011584,大成港股精选混合(QDII)C,QDII-混合偏股,00700,腾讯控股,广义离岸中国AI,中国离岸AI平台/云,6.65%,1,3
011584,大成港股精选混合(QDII)C,QDII-混合偏股,09988,阿里巴巴-W,广义离岸中国AI,中国离岸AI平台/云,4.34%,1,6
011599,国联安匠心科技1个月滚动持有混合,混合型-偏股,01347,华虹半导体,广义离岸中国AI,中国离岸半导体制造,6.39%,1,7
011626,嘉实匠心回报混合A,混合型-偏股,00700,腾讯控股,广义离岸中国AI,中国离岸AI平台/云,6.98%,1,4
011627,嘉实匠心回报混合C,混合型-偏股,00700,腾讯控股,广义离岸中国AI,中国离岸AI平台/云,6.98%,1,4
011635,富国港股通策略精选混合A,混合型-偏股,09988,阿里巴巴-W,广义离岸中国AI,中国离岸AI平台/云,5.43%,1,1
011635,富国港股通策略精选混合A,混合型-偏股,00700,腾讯控股,广义离岸中国AI,中国离岸AI平台/云,5.21%,1,2
011636,富国港股通策略精选混合C,混合型-偏股,09988,阿里巴巴-W,广义离岸中国AI,中国离岸AI平台/云,5.43%,1,1
011636,富国港股通策略精选混合C,混合型-偏股,00700,腾讯控股,广义离岸中国AI,中国离岸AI平台/云,5.21%,1,2
011637,广发沪港深价值成长混合A,混合型-偏股,00700,腾讯控股,广义离岸中国AI,中国离岸AI平台/云,5.58%,1,3
011637,广发沪港深价值成长混合A,混合型-偏股,09988,阿里巴巴-W,广义离岸中国AI,中国离岸AI平台/云,3.77%,1,4
011637,广发沪港深价值成长混合A,混合型-偏股,00981,中芯国际,广义离岸中国AI,中国离岸半导体制造,2.77%,1,8
011638,广发沪港深价值成长混合C,混合型-偏股,00700,腾讯控股,广义离岸中国AI,中国离岸AI平台/云,5.58%,1,3
011638,广发沪港深价值成长混合C,混合型-偏股,09988,阿里巴巴-W,广义离岸中国AI,中国离岸AI平台/云,3.77%,1,4
011638,广发沪港深价值成长混合C,混合型-偏股,00981,中芯国际,广义离岸中国AI,中国离岸半导体制造,2.77%,1,8
011649,易方达逆向投资混合A,混合型-偏股,00981,中芯国际,广义离岸中国AI,中国离岸半导体制造,2.13%,1,10
011650,易方达逆向投资混合C,混合型-偏股,00981,中芯国际,广义离岸中国AI,中国离岸半导体制造,2.13%,1,10
011651,招商港股通核心精选股票A,股票型,00700,腾讯控股,广义离岸中国AI,中国离岸AI平台/云,7.43%,1,1
011652,招商港股通核心精选股票C,股票型,00700,腾讯控股,广义离岸中国AI,中国离岸AI平台/云,7.43%,1,1
011653,国泰鑫享稳健6个月滚动持有债券,债券型-混合二级,00700,腾讯控股,广义离岸中国AI,中国离岸AI平台/云,0.24%,1,7
011654,国泰鑫享稳健6个月滚动持有债券C,债券型-混合二级,00700,腾讯控股,广义离岸中国AI,中国离岸AI平台/云,0.24%,1,7
011681,汇添富均衡精选六个月持有混合A,混合型-偏股,01347,华虹半导体,广义离岸中国AI,中国离岸半导体制造,2.63%,1,5
011681,汇添富均衡精选六个月持有混合A,混合型-偏股,09988,阿里巴巴-W,广义离岸中国AI,中国离岸AI平台/云,2.54%,1,8
011682,汇添富均衡精选六个月持有混合C,混合型-偏股,01347,华虹半导体,广义离岸中国AI,中国离岸半导体制造,2.63%,1,5
011682,汇添富均衡精选六个月持有混合C,混合型-偏股,09988,阿里巴巴-W,广义离岸中国AI,中国离岸AI平台/云,2.54%,1,8
011687,易方达龙头优选两年持有混合A,混合型-偏股,00700,腾讯控股,广义离岸中国AI,中国离岸AI平台/云,8.34%,1,2
011687,易方达龙头优选两年持有混合A,混合型-偏股,09988,阿里巴巴-W,广义离岸中国AI,中国离岸AI平台/云,7.45%,1,4
011688,易方达龙头优选两年持有混合C,混合型-偏股,00700,腾讯控股,广义离岸中国AI,中国离岸AI平台/云,8.34%,1,2
011688,易方达龙头优选两年持有混合C,混合型-偏股,09988,阿里巴巴-W,广义离岸中国AI,中国离岸AI平台/云,7.45%,1,4
011690,招商品质发现混合A,混合型-偏股,09988,阿里巴巴-W,广义离岸中国AI,中国离岸AI平台/云,7.57%,1,3
011691,招商品质发现混合C,混合型-偏股,09988,阿里巴巴-W,广义离岸中国AI,中国离岸AI平台/云,7.57%,1,3
011706,长信标普100等权重指数美元,指数型-海外股票,SNDK,闪迪,扩展海外AI,AI存储,0.96%,1,1
011706,长信标普100等权重指数美元,指数型-海外股票,LITE,Lumentum Holdings Inc,扩展海外AI,光通信器件,0.72%,1,13
011706,长信标普100等权重指数美元,指数型-海外股票,MU,美光科技,狭义海外AI,AI存储/HBM,0.63%,1,14
011706,长信标普100等权重指数美元,指数型-海外股票,AMD,超威半导体,狭义海外AI,核心算力-GPU,0.56%,1,15
011708,中欧嘉益一年持有期混合A,混合型-偏股,00700,腾讯控股,广义离岸中国AI,中国离岸AI平台/云,4.84%,1,4
011709,中欧嘉益一年持有期混合C,混合型-偏股,00700,腾讯控股,广义离岸中国AI,中国离岸AI平台/云,4.84%,1,4
011722,前海开源深圳特区精选股票A,股票型,00700,腾讯控股,广义离岸中国AI,中国离岸AI平台/云,7.17%,1,2
011723,前海开源深圳特区精选股票C,股票型,00700,腾讯控股,广义离岸中国AI,中国离岸AI平台/云,7.17%,1,2
011724,东方红启恒三年持有混合B,混合型-偏股,00981,中芯国际,广义离岸中国AI,中国离岸半导体制造,3.54%,1,6
011746,南方誉浦一年持有混合A,混合型-偏债,00700,腾讯控股,广义离岸中国AI,中国离岸AI平台/云,0.63%,1,9
011747,南方誉浦一年持有混合C,混合型-偏债,00700,腾讯控股,广义离岸中国AI,中国离岸AI平台/云,0.63%,1,9
011777,易方达稳健增长混合A,混合型-平衡,00700,腾讯控股,广义离岸中国AI,中国离岸AI平台/云,4.93%,1,3
011777,易方达稳健增长混合A,混合型-平衡,09988,阿里巴巴-W,广义离岸中国AI,中国离岸AI平台/云,2.55%,1,6
011778,易方达稳健增长混合C,混合型-平衡,00700,腾讯控股,广义离岸中国AI,中国离岸AI平台/云,4.93%,1,3
011778,易方达稳健增长混合C,混合型-平衡,09988,阿里巴巴-W,广义离岸中国AI,中国离岸AI平台/云,2.55%,1,6
011783,泓德睿源三年持有期混合,混合型-灵活,09988,阿里巴巴-W,广义离岸中国AI,中国离岸AI平台/云,6.40%,1,1
011783,泓德睿源三年持有期混合,混合型-灵活,00700,腾讯控股,广义离岸中国AI,中国离岸AI平台/云,5.12%,1,4
011788,工银聚益混合A,混合型-偏债,00700,腾讯控股,广义离岸中国AI,中国离岸AI平台/云,0.37%,1,6
011789,工银聚益混合C,混合型-偏债,00700,腾讯控股,广义离岸中国AI,中国离岸AI平台/云,0.37%,1,6
011790,建信创新驱动混合,混合型-偏股,00700,腾讯控股,广义离岸中国AI,中国离岸AI平台/云,3.18%,1,6
011791,招商瑞盈9个月持有期混合A,混合型-偏债,00700,腾讯控股,广义离岸中国AI,中国离岸AI平台/云,1.86%,1,1
011791,招商瑞盈9个月持有期混合A,混合型-偏债,09988,阿里巴巴-W,广义离岸中国AI,中国离岸AI平台/云,1.47%,1,2
011792,招商瑞盈9个月持有期混合C,混合型-偏债,00700,腾讯控股,广义离岸中国AI,中国离岸AI平台/云,1.86%,1,1
011792,招商瑞盈9个月持有期混合C,混合型-偏债,09988,阿里巴巴-W,广义离岸中国AI,中国离岸AI平台/云,1.47%,1,2
011803,景顺长城宁景6个月持有混合A,混合型-偏债,00981,中芯国际,广义离岸中国AI,中国离岸半导体制造,0.87%,1,1
011804,景顺长城宁景6个月持有混合C,混合型-偏债,00981,中芯国际,广义离岸中国AI,中国离岸半导体制造,0.87%,1,1
011805,嘉实优质核心两年持有混合A,混合型-偏股,01347,华虹半导体,广义离岸中国AI,中国离岸半导体制造,3.97%,1,10
011806,嘉实优质核心两年持有混合C,混合型-偏股,01347,华虹半导体,广义离岸中国AI,中国离岸半导体制造,3.97%,1,10
011813,融通创新动力混合A,混合型-偏股,03896,金山云,广义离岸中国AI,中国离岸云计算,4.90%,1,4
011813,融通创新动力混合A,混合型-偏股,09988,阿里巴巴-W,广义离岸中国AI,中国离岸AI平台/云,3.13%,1,9
011814,融通创新动力混合C,混合型-偏股,03896,金山云,广义离岸中国AI,中国离岸云计算,4.90%,1,4
011814,融通创新动力混合C,混合型-偏股,09988,阿里巴巴-W,广义离岸中国AI,中国离岸AI平台/云,3.13%,1,9
011818,鹏扬景阳一年持有混合A,混合型-偏债,09988,阿里巴巴-W,广义离岸中国AI,中国离岸AI平台/云,0.81%,1,3
011819,鹏扬景阳一年持有混合C,混合型-偏债,09988,阿里巴巴-W,广义离岸中国AI,中国离岸AI平台/云,0.81%,1,3
011836,银华智能建造股票发起式,股票型,00700,腾讯控股,广义离岸中国AI,中国离岸AI平台/云,5.08%,1,3
011837,鹏扬中国优质成长混合A,混合型-偏股,00700,腾讯控股,广义离岸中国AI,中国离岸AI平台/云,4.77%,1,4
011838,鹏扬中国优质成长混合C,混合型-偏股,00700,腾讯控股,广义离岸中国AI,中国离岸AI平台/云,4.77%,1,4
011841,嘉实兴锐优选一年持有混合A,混合型-偏股,00700,腾讯控股,广义离岸中国AI,中国离岸AI平台/云,2.21%,1,4
011841,嘉实兴锐优选一年持有混合A,混合型-偏股,00981,中芯国际,广义离岸中国AI,中国离岸半导体制造,2.21%,1,5
011841,嘉实兴锐优选一年持有混合A,混合型-偏股,09988,阿里巴巴-W,广义离岸中国AI,中国离岸AI平台/云,2.00%,1,6
011842,嘉实兴锐优选一年持有混合C,混合型-偏股,00700,腾讯控股,广义离岸中国AI,中国离岸AI平台/云,2.21%,1,4
011842,嘉实兴锐优选一年持有混合C,混合型-偏股,00981,中芯国际,广义离岸中国AI,中国离岸半导体制造,2.21%,1,5
011842,嘉实兴锐优选一年持有混合C,混合型-偏股,09988,阿里巴巴-W,广义离岸中国AI,中国离岸AI平台/云,2.00%,1,6
011847,易方达商业模式优选混合A,混合型-偏股,00700,腾讯控股,广义离岸中国AI,中国离岸AI平台/云,7.59%,1,4
011847,易方达商业模式优选混合A,混合型-偏股,09988,阿里巴巴-W,广义离岸中国AI,中国离岸AI平台/云,6.60%,1,5
011848,易方达商业模式优选混合C,混合型-偏股,00700,腾讯控股,广义离岸中国AI,中国离岸AI平台/云,7.59%,1,4
011848,易方达商业模式优选混合C,混合型-偏股,09988,阿里巴巴-W,广义离岸中国AI,中国离岸AI平台/云,6.60%,1,5
011851,天弘先进制造混合A,混合型-偏股,00700,腾讯控股,广义离岸中国AI,中国离岸AI平台/云,4.74%,1,5
011852,天弘先进制造混合C,混合型-偏股,00700,腾讯控股,广义离岸中国AI,中国离岸AI平台/云,4.74%,1,5
011853,招商中证消费龙头指数增强A,指数型-股票,00700,腾讯控股,广义离岸中国AI,中国离岸AI平台/云,0.50%,1,11
011854,招商中证消费龙头指数增强C,指数型-股票,00700,腾讯控股,广义离岸中国AI,中国离岸AI平台/云,0.50%,1,11
011856,安信均衡成长18个月持有混合A,混合型-偏股,00700,腾讯控股,广义离岸中国AI,中国离岸AI平台/云,9.64%,1,3
011856,安信均衡成长18个月持有混合A,混合型-偏股,01810,小米集团-W,广义离岸中国AI,中国离岸AI终端/汽车,3.48%,1,7
011857,安信均衡成长18个月持有混合C,混合型-偏股,00700,腾讯控股,广义离岸中国AI,中国离岸AI平台/云,9.64%,1,3
011857,安信均衡成长18个月持有混合C,混合型-偏股,01810,小米集团-W,广义离岸中国AI,中国离岸AI终端/汽车,3.48%,1,7
011864,博时恒泰债券A,债券型-混合二级,00700,腾讯控股,广义离岸中国AI,中国离岸AI平台/云,1.21%,1,3
011865,博时恒泰债券C,债券型-混合二级,00700,腾讯控股,广义离岸中国AI,中国离岸AI平台/云,1.21%,1,3
011866,广发价值增长混合A,混合型-偏股,00700,腾讯控股,广义离岸中国AI,中国离岸AI平台/云,8.45%,1,4
011867,广发价值增长混合C,混合型-偏股,00700,腾讯控股,广义离岸中国AI,中国离岸AI平台/云,8.45%,1,4
011871,前海开源沪港深优势精选混合C,混合型-灵活,00700,腾讯控股,广义离岸中国AI,中国离岸AI平台/云,9.16%,1,4
011871,前海开源沪港深优势精选混合C,混合型-灵活,01810,小米集团-W,广义离岸中国AI,中国离岸AI终端/汽车,4.83%,1,8
011874,博时先进制造混合A,混合型-偏股,00700,腾讯控股,广义离岸中国AI,中国离岸AI平台/云,3.01%,1,9
011875,博时先进制造混合C,混合型-偏股,00700,腾讯控股,广义离岸中国AI,中国离岸AI平台/云,3.01%,1,9
011884,工银景气优选混合A,混合型-偏股,00700,腾讯控股,广义离岸中国AI,中国离岸AI平台/云,2.60%,1,9
011885,工银景气优选混合C,混合型-偏股,00700,腾讯控股,广义离岸中国AI,中国离岸AI平台/云,2.60%,1,9
011893,易方达长期价值混合A,混合型-偏股,00700,腾讯控股,广义离岸中国AI,中国离岸AI平台/云,8.87%,1,2
011893,易方达长期价值混合A,混合型-偏股,09988,阿里巴巴-W,广义离岸中国AI,中国离岸AI平台/云,6.45%,1,4
011894,易方达长期价值混合C,混合型-偏股,00700,腾讯控股,广义离岸中国AI,中国离岸AI平台/云,8.87%,1,2
011894,易方达长期价值混合C,混合型-偏股,09988,阿里巴巴-W,广义离岸中国AI,中国离岸AI平台/云,6.45%,1,4
011897,长城悦享回报债券A,债券型-混合二级,09988,阿里巴巴-W,广义离岸中国AI,中国离岸AI平台/云,0.99%,1,1
011897,长城悦享回报债券A,债券型-混合二级,00700,腾讯控股,广义离岸中国AI,中国离岸AI平台/云,0.75%,1,3
011897,长城悦享回报债券A,债券型-混合二级,00981,中芯国际,广义离岸中国AI,中国离岸半导体制造,0.59%,1,6
011898,长城悦享回报债券C,债券型-混合二级,09988,阿里巴巴-W,广义离岸中国AI,中国离岸AI平台/云,0.99%,1,1
011898,长城悦享回报债券C,债券型-混合二级,00700,腾讯控股,广义离岸中国AI,中国离岸AI平台/云,0.75%,1,3
011898,长城悦享回报债券C,债券型-混合二级,00981,中芯国际,广义离岸中国AI,中国离岸半导体制造,0.59%,1,6
011908,广发沪港深价值精选混合A,混合型-偏股,00700,腾讯控股,广义离岸中国AI,中国离岸AI平台/云,8.04%,1,1
011908,广发沪港深价值精选混合A,混合型-偏股,00981,中芯国际,广义离岸中国AI,中国离岸半导体制造,4.47%,1,4
011909,广发沪港深价值精选混合C,混合型-偏股,00700,腾讯控股,广义离岸中国AI,中国离岸AI平台/云,8.04%,1,1
011909,广发沪港深价值精选混合C,混合型-偏股,00981,中芯国际,广义离岸中国AI,中国离岸半导体制造,4.47%,1,4
011913,华夏永泓一年持有混合A,混合型-偏债,09988,阿里巴巴-W,广义离岸中国AI,中国离岸AI平台/云,0.65%,1,4
011913,华夏永泓一年持有混合A,混合型-偏债,00981,中芯国际,广义离岸中国AI,中国离岸半导体制造,0.63%,1,5
011914,华夏永泓一年持有混合C,混合型-偏债,09988,阿里巴巴-W,广义离岸中国AI,中国离岸AI平台/云,0.65%,1,4
011914,华夏永泓一年持有混合C,混合型-偏债,00981,中芯国际,广义离岸中国AI,中国离岸半导体制造,0.63%,1,5
011923,大成消费精选股票A,股票型,00700,腾讯控股,广义离岸中国AI,中国离岸AI平台/云,4.89%,1,8
011924,嘉实港股互联网产业核心资产A,混合型-偏股,00700,腾讯控股,广义离岸中国AI,中国离岸AI平台/云,9.37%,1,1
011924,嘉实港股互联网产业核心资产A,混合型-偏股,09988,阿里巴巴-W,广义离岸中国AI,中国离岸AI平台/云,8.97%,1,2
011924,嘉实港股互联网产业核心资产A,混合型-偏股,09660,地平线机器人-W,广义离岸中国AI,中国离岸AI芯片/自动驾驶,5.08%,1,7
011924,嘉实港股互联网产业核心资产A,混合型-偏股,01347,华虹半导体,广义离岸中国AI,中国离岸半导体制造,4.21%,1,8
011925,嘉实港股互联网产业核心资产C,混合型-偏股,00700,腾讯控股,广义离岸中国AI,中国离岸AI平台/云,9.37%,1,1
011925,嘉实港股互联网产业核心资产C,混合型-偏股,09988,阿里巴巴-W,广义离岸中国AI,中国离岸AI平台/云,8.97%,1,2
011925,嘉实港股互联网产业核心资产C,混合型-偏股,09660,地平线机器人-W,广义离岸中国AI,中国离岸AI芯片/自动驾驶,5.08%,1,7
011925,嘉实港股互联网产业核心资产C,混合型-偏股,01347,华虹半导体,广义离岸中国AI,中国离岸半导体制造,4.21%,1,8
011926,大成消费精选股票C,股票型,00700,腾讯控股,广义离岸中国AI,中国离岸AI平台/云,4.89%,1,8
011930,华夏时代前沿一年持有混合A,混合型-偏股,00700,腾讯控股,广义离岸中国AI,中国离岸AI平台/云,7.69%,1,1
011930,华夏时代前沿一年持有混合A,混合型-偏股,09988,阿里巴巴-W,广义离岸中国AI,中国离岸AI平台/云,7.14%,1,2
011930,华夏时代前沿一年持有混合A,混合型-偏股,03896,金山云,广义离岸中国AI,中国离岸云计算,6.06%,1,4
011931,华夏时代前沿一年持有混合C,混合型-偏股,00700,腾讯控股,广义离岸中国AI,中国离岸AI平台/云,7.69%,1,1
011931,华夏时代前沿一年持有混合C,混合型-偏股,09988,阿里巴巴-W,广义离岸中国AI,中国离岸AI平台/云,7.14%,1,2
011931,华夏时代前沿一年持有混合C,混合型-偏股,03896,金山云,广义离岸中国AI,中国离岸云计算,6.06%,1,4
011932,工银战略远见混合A,混合型-偏股,00700,腾讯控股,广义离岸中国AI,中国离岸AI平台/云,5.03%,1,3
011933,工银战略远见混合C,混合型-偏股,00700,腾讯控股,广义离岸中国AI,中国离岸AI平台/云,5.03%,1,3
011936,华夏阿尔法精选混合A,混合型-偏股,00700,腾讯控股,广义离岸中国AI,中国离岸AI平台/云,4.86%,1,3
011937,华夏阿尔法精选混合C,混合型-偏股,00700,腾讯控股,广义离岸中国AI,中国离岸AI平台/云,4.86%,1,3
011969,建信港股通精选混合A,混合型-偏股,00700,腾讯控股,广义离岸中国AI,中国离岸AI平台/云,9.89%,1,1
011969,建信港股通精选混合A,混合型-偏股,09988,阿里巴巴-W,广义离岸中国AI,中国离岸AI平台/云,4.97%,1,5
011970,建信港股通精选混合C,混合型-偏股,00700,腾讯控股,广义离岸中国AI,中国离岸AI平台/云,9.89%,1,1
011970,建信港股通精选混合C,混合型-偏股,09988,阿里巴巴-W,广义离岸中国AI,中国离岸AI平台/云,4.97%,1,5
012001,中泰星宇价值成长混合A,混合型-偏股,01810,小米集团-W,广义离岸中国AI,中国离岸AI终端/汽车,8.47%,1,5
012001,中泰星宇价值成长混合A,混合型-偏股,00700,腾讯控股,广义离岸中国AI,中国离岸AI平台/云,7.04%,1,6
012002,中泰星宇价值成长混合C,混合型-偏股,01810,小米集团-W,广义离岸中国AI,中国离岸AI终端/汽车,8.47%,1,5
012002,中泰星宇价值成长混合C,混合型-偏股,00700,腾讯控股,广义离岸中国AI,中国离岸AI平台/云,7.04%,1,6
012003,招商价值成长混合A,混合型-偏股,00700,腾讯控股,广义离岸中国AI,中国离岸AI平台/云,4.12%,1,4
012004,招商价值成长混合C,混合型-偏股,00700,腾讯控股,广义离岸中国AI,中国离岸AI平台/云,4.12%,1,4
012008,易方达稳健回报混合A,混合型-平衡,00700,腾讯控股,广义离岸中国AI,中国离岸AI平台/云,5.00%,1,3
012008,易方达稳健回报混合A,混合型-平衡,09988,阿里巴巴-W,广义离岸中国AI,中国离岸AI平台/云,2.59%,1,6
012009,易方达稳健回报混合C,混合型-平衡,00700,腾讯控股,广义离岸中国AI,中国离岸AI平台/云,5.00%,1,3
012009,易方达稳健回报混合C,混合型-平衡,09988,阿里巴巴-W,广义离岸中国AI,中国离岸AI平台/云,2.59%,1,6
012014,工银聚润6个月持有混合A,混合型-偏债,09988,阿里巴巴-W,广义离岸中国AI,中国离岸AI平台/云,1.16%,1,7
012014,工银聚润6个月持有混合A,混合型-偏债,00981,中芯国际,广义离岸中国AI,中国离岸半导体制造,0.99%,1,9
012014,工银聚润6个月持有混合A,混合型-偏债,00700,腾讯控股,广义离岸中国AI,中国离岸AI平台/云,0.94%,1,10
012015,工银聚润6个月持有混合C,混合型-偏债,09988,阿里巴巴-W,广义离岸中国AI,中国离岸AI平台/云,1.16%,1,7
012015,工银聚润6个月持有混合C,混合型-偏债,00981,中芯国际,广义离岸中国AI,中国离岸半导体制造,0.99%,1,9
012015,工银聚润6个月持有混合C,混合型-偏债,00700,腾讯控股,广义离岸中国AI,中国离岸AI平台/云,0.94%,1,10
012029,广发恒鑫一年持有期混合A,混合型-偏债,09988,阿里巴巴-W,广义离岸中国AI,中国离岸AI平台/云,0.78%,1,7
012030,广发恒鑫一年持有期混合C,混合型-偏债,09988,阿里巴巴-W,广义离岸中国AI,中国离岸AI平台/云,0.78%,1,7
012033,广发睿盛混合A,混合型-偏股,00700,腾讯控股,广义离岸中国AI,中国离岸AI平台/云,4.23%,1,10
012034,广发睿盛混合C,混合型-偏股,00700,腾讯控股,广义离岸中国AI,中国离岸AI平台/云,4.23%,1,10
012060,富国全球消费精选混合(QDII)人民币A,QDII-混合偏股,00700,腾讯控股,广义离岸中国AI,中国离岸AI平台/云,4.21%,1,3
012060,富国全球消费精选混合(QDII)人民币A,QDII-混合偏股,GOOGL,谷歌-A,狭义海外AI,AI云/大模型,3.58%,1,5
012061,富国全球消费精选混合(QDII)美元,QDII-混合偏股,00700,腾讯控股,广义离岸中国AI,中国离岸AI平台/云,4.21%,1,3
012061,富国全球消费精选混合(QDII)美元,QDII-混合偏股,GOOGL,谷歌-A,狭义海外AI,AI云/大模型,3.58%,1,5
012062,富国全球消费精选混合(QDII)人民币C,QDII-混合偏股,00700,腾讯控股,广义离岸中国AI,中国离岸AI平台/云,4.21%,1,3
012062,富国全球消费精选混合(QDII)人民币C,QDII-混合偏股,GOOGL,谷歌-A,狭义海外AI,AI云/大模型,3.58%,1,5
012064,圆信永丰兴诺一年持有期混合,混合型-灵活,00981,中芯国际,广义离岸中国AI,中国离岸半导体制造,8.03%,1,3
012064,圆信永丰兴诺一年持有期混合,混合型-灵活,09988,阿里巴巴-W,广义离岸中国AI,中国离岸AI平台/云,6.41%,1,5
012064,圆信永丰兴诺一年持有期混合,混合型-灵活,01347,华虹半导体,广义离岸中国AI,中国离岸半导体制造,2.57%,1,9
012067,嘉实蓝筹优势混合A,混合型-偏股,00700,腾讯控股,广义离岸中国AI,中国离岸AI平台/云,7.27%,1,1
012068,嘉实蓝筹优势混合C,混合型-偏股,00700,腾讯控股,广义离岸中国AI,中国离岸AI平台/云,7.27%,1,1
012073,华安均衡优选混合A,混合型-偏股,03896,金山云,广义离岸中国AI,中国离岸云计算,3.53%,1,2
012073,华安均衡优选混合A,混合型-偏股,09988,阿里巴巴-W,广义离岸中国AI,中国离岸AI平台/云,3.16%,1,5
012074,华安均衡优选混合C,混合型-偏股,03896,金山云,广义离岸中国AI,中国离岸云计算,3.53%,1,2
012074,华安均衡优选混合C,混合型-偏股,09988,阿里巴巴-W,广义离岸中国AI,中国离岸AI平台/云,3.16%,1,5
012075,易方达稳健添利混合A,混合型-平衡,00700,腾讯控股,广义离岸中国AI,中国离岸AI平台/云,4.43%,1,3
012075,易方达稳健添利混合A,混合型-平衡,09988,阿里巴巴-W,广义离岸中国AI,中国离岸AI平台/云,2.30%,1,6
012076,易方达稳健添利混合C,混合型-平衡,00700,腾讯控股,广义离岸中国AI,中国离岸AI平台/云,4.43%,1,3
012076,易方达稳健添利混合C,混合型-平衡,09988,阿里巴巴-W,广义离岸中国AI,中国离岸AI平台/云,2.30%,1,6
012088,东方红锦和甄选18个月持有混合A,混合型-偏债,00700,腾讯控股,广义离岸中国AI,中国离岸AI平台/云,0.97%,1,2
012089,东方红锦和甄选18个月持有混合C,混合型-偏债,00700,腾讯控股,广义离岸中国AI,中国离岸AI平台/云,0.97%,1,2
012096,鑫元鑫动力混合A,混合型-偏股,00981,中芯国际,广义离岸中国AI,中国离岸半导体制造,6.72%,1,4
012097,鑫元鑫动力混合C,混合型-偏股,00981,中芯国际,广义离岸中国AI,中国离岸半导体制造,6.72%,1,4
012111,鹏华安颐混合A,混合型-偏债,00981,中芯国际,广义离岸中国AI,中国离岸半导体制造,0.04%,1,10
012112,鹏华安颐混合C,混合型-偏债,00981,中芯国际,广义离岸中国AI,中国离岸半导体制造,0.04%,1,10
012119,工银核心优势混合A,混合型-偏股,09988,阿里巴巴-W,广义离岸中国AI,中国离岸AI平台/云,4.00%,1,9
012120,工银核心优势混合C,混合型-偏股,09988,阿里巴巴-W,广义离岸中国AI,中国离岸AI平台/云,4.00%,1,9
012123,招商金安成长严选混合,混合型-偏股,09988,阿里巴巴-W,广义离岸中国AI,中国离岸AI平台/云,2.31%,1,8
012124,博道盛彦混合A,混合型-偏股,00700,腾讯控股,广义离岸中国AI,中国离岸AI平台/云,8.67%,1,1
012125,博道盛彦混合C,混合型-偏股,00700,腾讯控股,广义离岸中国AI,中国离岸AI平台/云,8.67%,1,1
012130,景顺长城先进智造混合A,混合型-偏股,00981,中芯国际,广义离岸中国AI,中国离岸半导体制造,4.50%,1,1
012131,景顺长城先进智造混合C,混合型-偏股,00981,中芯国际,广义离岸中国AI,中国离岸半导体制造,4.50%,1,1
012138,景顺长城安益回报一年持有混合A,混合型-偏债,00700,腾讯控股,广义离岸中国AI,中国离岸AI平台/云,2.53%,1,3
012139,景顺长城安益回报一年持有混合C,混合型-偏债,00700,腾讯控股,广义离岸中国AI,中国离岸AI平台/云,2.53%,1,3
012150,诺德价值发现一年持有混合,混合型-偏股,00981,中芯国际,广义离岸中国AI,中国离岸半导体制造,5.89%,1,6
012150,诺德价值发现一年持有混合,混合型-偏股,09988,阿里巴巴-W,广义离岸中国AI,中国离岸AI平台/云,3.82%,1,10
012154,博时研究慧选混合C,混合型-偏股,00700,腾讯控股,广义离岸中国AI,中国离岸AI平台/云,3.15%,1,10
012157,汇添富上证50基本面增强指数A,指数型-股票,00981,中芯国际,广义离岸中国AI,中国离岸半导体制造,3.55%,1,10
012158,汇添富上证50基本面增强指数C,指数型-股票,00981,中芯国际,广义离岸中国AI,中国离岸半导体制造,3.55%,1,10
012161,安信招信一年持有混合A,混合型-偏债,00700,腾讯控股,广义离岸中国AI,中国离岸AI平台/云,0.55%,1,5
012162,安信招信一年持有混合C,混合型-偏债,00700,腾讯控股,广义离岸中国AI,中国离岸AI平台/云,0.55%,1,5
012170,华夏永顺一年持有混合A,混合型-偏债,00700,腾讯控股,广义离岸中国AI,中国离岸AI平台/云,1.43%,1,4
012170,华夏永顺一年持有混合A,混合型-偏债,00981,中芯国际,广义离岸中国AI,中国离岸半导体制造,1.06%,1,6
012171,华夏永顺一年持有混合C,混合型-偏债,00700,腾讯控股,广义离岸中国AI,中国离岸AI平台/云,1.43%,1,4
012171,华夏永顺一年持有混合C,混合型-偏债,00981,中芯国际,广义离岸中国AI,中国离岸半导体制造,1.06%,1,6
012175,易方达稳健增利混合A,混合型-平衡,00700,腾讯控股,广义离岸中国AI,中国离岸AI平台/云,4.86%,1,3
012175,易方达稳健增利混合A,混合型-平衡,09988,阿里巴巴-W,广义离岸中国AI,中国离岸AI平台/云,2.52%,1,6
012176,易方达稳健增利混合C,混合型-平衡,00700,腾讯控股,广义离岸中国AI,中国离岸AI平台/云,4.86%,1,3
012176,易方达稳健增利混合C,混合型-平衡,09988,阿里巴巴-W,广义离岸中国AI,中国离岸AI平台/云,2.52%,1,6
012184,大成创新趋势混合A,混合型-偏股,00700,腾讯控股,广义离岸中国AI,中国离岸AI平台/云,3.33%,1,9
012185,大成创新趋势混合C,混合型-偏股,00700,腾讯控股,广义离岸中国AI,中国离岸AI平台/云,3.33%,1,9
012186,招商品质成长混合A,混合型-偏股,00700,腾讯控股,广义离岸中国AI,中国离岸AI平台/云,3.97%,1,9
012187,招商品质成长混合C,混合型-偏股,00700,腾讯控股,广义离岸中国AI,中国离岸AI平台/云,3.97%,1,9
012188,华安优势龙头混合A,混合型-偏股,00700,腾讯控股,广义离岸中国AI,中国离岸AI平台/云,4.08%,1,4
012189,华安优势龙头混合C,混合型-偏股,00700,腾讯控股,广义离岸中国AI,中国离岸AI平台/云,4.08%,1,4
012191,中银恒泰9个月持有期债券A,债券型-混合二级,09988,阿里巴巴-W,广义离岸中国AI,中国离岸AI平台/云,1.06%,1,1
012191,中银恒泰9个月持有期债券A,债券型-混合二级,00700,腾讯控股,广义离岸中国AI,中国离岸AI平台/云,0.95%,1,2
012192,中银恒泰9个月持有期债券C,债券型-混合二级,09988,阿里巴巴-W,广义离岸中国AI,中国离岸AI平台/云,1.06%,1,1
012192,中银恒泰9个月持有期债券C,债券型-混合二级,00700,腾讯控股,广义离岸中国AI,中国离岸AI平台/云,0.95%,1,2
012198,国金核心资产一年持有A,混合型-偏股,01347,华虹半导体,广义离岸中国AI,中国离岸半导体制造,6.31%,1,2
012198,国金核心资产一年持有A,混合型-偏股,00981,中芯国际,广义离岸中国AI,中国离岸半导体制造,4.04%,1,5
012198,国金核心资产一年持有A,混合型-偏股,09988,阿里巴巴-W,广义离岸中国AI,中国离岸AI平台/云,3.19%,1,8
012199,国金核心资产一年持有C,混合型-偏股,01347,华虹半导体,广义离岸中国AI,中国离岸半导体制造,6.31%,1,2
012199,国金核心资产一年持有C,混合型-偏股,00981,中芯国际,广义离岸中国AI,中国离岸半导体制造,4.04%,1,5
012199,国金核心资产一年持有C,混合型-偏股,09988,阿里巴巴-W,广义离岸中国AI,中国离岸AI平台/云,3.19%,1,8
012202,中加消费优选混合A,混合型-偏股,09988,阿里巴巴-W,广义离岸中国AI,中国离岸AI平台/云,4.64%,1,4
012203,中加消费优选混合C,混合型-偏股,09988,阿里巴巴-W,广义离岸中国AI,中国离岸AI平台/云,4.64%,1,4
012204,中银通利债券A,债券型-混合二级,09988,阿里巴巴-W,广义离岸中国AI,中国离岸AI平台/云,0.50%,1,4
012205,中银通利债券C,债券型-混合二级,09988,阿里巴巴-W,广义离岸中国AI,中国离岸AI平台/云,0.50%,1,4
012208,华夏港股前沿经济混合(QDII)A,QDII-混合偏股,00700,腾讯控股,广义离岸中国AI,中国离岸AI平台/云,8.74%,1,1
012208,华夏港股前沿经济混合(QDII)A,QDII-混合偏股,09988,阿里巴巴-W,广义离岸中国AI,中国离岸AI平台/云,6.15%,1,2
012208,华夏港股前沿经济混合(QDII)A,QDII-混合偏股,00981,中芯国际,广义离岸中国AI,中国离岸半导体制造,6.02%,1,3
012208,华夏港股前沿经济混合(QDII)A,QDII-混合偏股,09888,百度集团-SW,广义离岸中国AI,中国离岸AI/自动驾驶/云,4.34%,1,6
012209,华夏港股前沿经济混合(QDII)C,QDII-混合偏股,00700,腾讯控股,广义离岸中国AI,中国离岸AI平台/云,8.74%,1,1
012209,华夏港股前沿经济混合(QDII)C,QDII-混合偏股,09988,阿里巴巴-W,广义离岸中国AI,中国离岸AI平台/云,6.15%,1,2
012209,华夏港股前沿经济混合(QDII)C,QDII-混合偏股,00981,中芯国际,广义离岸中国AI,中国离岸半导体制造,6.02%,1,3
012209,华夏港股前沿经济混合(QDII)C,QDII-混合偏股,09888,百度集团-SW,广义离岸中国AI,中国离岸AI/自动驾驶/云,4.34%,1,6
012210,申万菱信智能汽车股票A,股票型,09660,地平线机器人-W,广义离岸中国AI,中国离岸AI芯片/自动驾驶,6.27%,1,7
012211,申万菱信智能汽车股票C,股票型,09660,地平线机器人-W,广义离岸中国AI,中国离岸AI芯片/自动驾驶,6.27%,1,7
012225,嘉实优势精选混合A,混合型-偏股,00700,腾讯控股,广义离岸中国AI,中国离岸AI平台/云,7.87%,1,1
012226,嘉实优势精选混合C,混合型-偏股,00700,腾讯控股,广义离岸中国AI,中国离岸AI平台/云,7.87%,1,1
012227,景顺长城港股通全球竞争力A,混合型-偏股,00700,腾讯控股,广义离岸中国AI,中国离岸AI平台/云,7.97%,1,1
012228,景顺长城港股通全球竞争力C,混合型-偏股,00700,腾讯控股,广义离岸中国AI,中国离岸AI平台/云,7.97%,1,1
012239,惠升优势企业一年持有期混合,混合型-灵活,00700,腾讯控股,广义离岸中国AI,中国离岸AI平台/云,3.93%,1,3
012253,鹏扬景润一年持有混合A,混合型-偏债,00700,腾讯控股,广义离岸中国AI,中国离岸AI平台/云,2.33%,1,2
012254,鹏扬景润一年持有混合C,混合型-偏债,00700,腾讯控股,广义离岸中国AI,中国离岸AI平台/云,2.33%,1,2
012255,富国高质量混合,混合型-偏股,00700,腾讯控股,广义离岸中国AI,中国离岸AI平台/云,3.91%,1,9
012260,广发睿明优质企业混合A,混合型-偏股,00700,腾讯控股,广义离岸中国AI,中国离岸AI平台/云,3.96%,1,4
012260,广发睿明优质企业混合A,混合型-偏股,09988,阿里巴巴-W,广义离岸中国AI,中国离岸AI平台/云,3.13%,1,8
012261,广发睿明优质企业混合C,混合型-偏股,00700,腾讯控股,广义离岸中国AI,中国离岸AI平台/云,3.96%,1,4
012261,广发睿明优质企业混合C,混合型-偏股,09988,阿里巴巴-W,广义离岸中国AI,中国离岸AI平台/云,3.13%,1,8
012292,泰康鼎泰一年持有期混合A,混合型-偏债,00700,腾讯控股,广义离岸中国AI,中国离岸AI平台/云,3.76%,1,1
012293,泰康鼎泰一年持有期混合C,混合型-偏债,00700,腾讯控股,广义离岸中国AI,中国离岸AI平台/云,3.76%,1,1
012294,泰康优势精选三年持有期混合,混合型-偏股,00700,腾讯控股,广义离岸中国AI,中国离岸AI平台/云,6.73%,1,1
012330,广发集优9个月持有期债券A,债券型-混合二级,09988,阿里巴巴-W,广义离岸中国AI,中国离岸AI平台/云,0.72%,1,6
012331,广发集优9个月持有期债券C,债券型-混合二级,09988,阿里巴巴-W,广义离岸中国AI,中国离岸AI平台/云,0.72%,1,6
012360,汇丰晋信港股通核心资产股票发起式A,股票型,00700,腾讯控股,广义离岸中国AI,中国离岸AI平台/云,9.41%,1,2
012361,汇丰晋信港股通核心资产股票发起式C,股票型,00700,腾讯控股,广义离岸中国AI,中国离岸AI平台/云,9.41%,1,2
012377,长盛安睿一年持有混合A,混合型-偏债,00700,腾讯控股,广义离岸中国AI,中国离岸AI平台/云,4.40%,1,3
012378,长盛安睿一年持有混合C,混合型-偏债,00700,腾讯控股,广义离岸中国AI,中国离岸AI平台/云,4.40%,1,3
012379,创金合信港股互联网3个月持有期混合(QDII)A,QDII-混合偏股,00700,腾讯控股,广义离岸中国AI,中国离岸AI平台/云,7.39%,1,1
012379,创金合信港股互联网3个月持有期混合(QDII)A,QDII-混合偏股,00981,中芯国际,广义离岸中国AI,中国离岸半导体制造,6.77%,1,2
012379,创金合信港股互联网3个月持有期混合(QDII)A,QDII-混合偏股,01810,小米集团-W,广义离岸中国AI,中国离岸AI终端/汽车,6.45%,1,4
012379,创金合信港股互联网3个月持有期混合(QDII)A,QDII-混合偏股,09988,阿里巴巴-W,广义离岸中国AI,中国离岸AI平台/云,5.90%,1,5
012379,创金合信港股互联网3个月持有期混合(QDII)A,QDII-混合偏股,09660,地平线机器人-W,广义离岸中国AI,中国离岸AI芯片/自动驾驶,2.15%,1,10
012380,创金合信港股互联网3个月持有期混合(QDII)C,QDII-混合偏股,00700,腾讯控股,广义离岸中国AI,中国离岸AI平台/云,7.39%,1,1
012380,创金合信港股互联网3个月持有期混合(QDII)C,QDII-混合偏股,00981,中芯国际,广义离岸中国AI,中国离岸半导体制造,6.77%,1,2
012380,创金合信港股互联网3个月持有期混合(QDII)C,QDII-混合偏股,01810,小米集团-W,广义离岸中国AI,中国离岸AI终端/汽车,6.45%,1,4
012380,创金合信港股互联网3个月持有期混合(QDII)C,QDII-混合偏股,09988,阿里巴巴-W,广义离岸中国AI,中国离岸AI平台/云,5.90%,1,5
012380,创金合信港股互联网3个月持有期混合(QDII)C,QDII-混合偏股,09660,地平线机器人-W,广义离岸中国AI,中国离岸AI芯片/自动驾驶,2.15%,1,10
012397,南方佳元6个月持有债券A,债券型-混合二级,00700,腾讯控股,广义离岸中国AI,中国离岸AI平台/云,0.44%,1,7
012398,南方佳元6个月持有债券C,债券型-混合二级,00700,腾讯控股,广义离岸中国AI,中国离岸AI平台/云,0.44%,1,7
012399,南方永元一年持有债券A,债券型-混合二级,00700,腾讯控股,广义离岸中国AI,中国离岸AI平台/云,0.62%,1,3
012399,南方永元一年持有债券A,债券型-混合二级,09988,阿里巴巴-W,广义离岸中国AI,中国离岸AI平台/云,0.44%,1,7
012400,南方永元一年持有债券C,债券型-混合二级,00700,腾讯控股,广义离岸中国AI,中国离岸AI平台/云,0.62%,1,3
012400,南方永元一年持有债券C,债券型-混合二级,09988,阿里巴巴-W,广义离岸中国AI,中国离岸AI平台/云,0.44%,1,7
012406,永赢长远价值混合A,混合型-偏股,00700,腾讯控股,广义离岸中国AI,中国离岸AI平台/云,3.03%,1,7
012407,永赢长远价值混合C,混合型-偏股,00700,腾讯控股,广义离岸中国AI,中国离岸AI平台/云,3.03%,1,7
012408,广发恒昌一年持有混合A,混合型-偏债,00700,腾讯控股,广义离岸中国AI,中国离岸AI平台/云,3.12%,1,2
012408,广发恒昌一年持有混合A,混合型-偏债,02228,晶泰控股,广义离岸中国AI,中国离岸AI制药,1.62%,1,4
012409,广发恒昌一年持有混合C,混合型-偏债,00700,腾讯控股,广义离岸中国AI,中国离岸AI平台/云,3.12%,1,2
012409,广发恒昌一年持有混合C,混合型-偏债,02228,晶泰控股,广义离岸中国AI,中国离岸AI制药,1.62%,1,4
012412,汇泉策略优选混合A,混合型-偏股,00700,腾讯控股,广义离岸中国AI,中国离岸AI平台/云,1.97%,1,4
012428,华夏核心制造混合A,混合型-偏股,00700,腾讯控股,广义离岸中国AI,中国离岸AI平台/云,7.59%,1,4
012428,华夏核心制造混合A,混合型-偏股,09988,阿里巴巴-W,广义离岸中国AI,中国离岸AI平台/云,4.97%,1,7
012429,华夏核心制造混合C,混合型-偏股,00700,腾讯控股,广义离岸中国AI,中国离岸AI平台/云,7.59%,1,4
012429,华夏核心制造混合C,混合型-偏股,09988,阿里巴巴-W,广义离岸中国AI,中国离岸AI平台/云,4.97%,1,7
012434,银华多元回报一年持有期混合,混合型-偏股,00700,腾讯控股,广义离岸中国AI,中国离岸AI平台/云,4.39%,1,1
012434,银华多元回报一年持有期混合,混合型-偏股,09988,阿里巴巴-W,广义离岸中国AI,中国离岸AI平台/云,4.13%,1,2
012439,东方红睿和三年持有混合C,混合型-偏股,00981,中芯国际,广义离岸中国AI,中国离岸半导体制造,3.57%,1,6
012447,华夏互联网龙头混合A,混合型-偏股,09988,阿里巴巴-W,广义离岸中国AI,中国离岸AI平台/云,9.79%,1,1
012447,华夏互联网龙头混合A,混合型-偏股,00700,腾讯控股,广义离岸中国AI,中国离岸AI平台/云,8.23%,1,2
012448,华夏互联网龙头混合C,混合型-偏股,09988,阿里巴巴-W,广义离岸中国AI,中国离岸AI平台/云,9.79%,1,1
012448,华夏互联网龙头混合C,混合型-偏股,00700,腾讯控股,广义离岸中国AI,中国离岸AI平台/云,8.23%,1,2
012459,汇添富稳健睿享一年持有混合A,混合型-偏债,00700,腾讯控股,广义离岸中国AI,中国离岸AI平台/云,0.29%,1,6
012460,汇添富稳健睿享一年持有混合C,混合型-偏债,00700,腾讯控股,广义离岸中国AI,中国离岸AI平台/云,0.29%,1,6
012473,大成成长回报六个月持有混合A,混合型-偏股,00700,腾讯控股,广义离岸中国AI,中国离岸AI平台/云,3.35%,1,10
012474,大成成长回报六个月持有混合C,混合型-偏股,00700,腾讯控股,广义离岸中国AI,中国离岸AI平台/云,3.35%,1,10
012477,富国匠心精选12个月持有混合A,混合型-偏股,00700,腾讯控股,广义离岸中国AI,中国离岸AI平台/云,8.39%,1,5
012478,富国匠心精选12个月持有混合C,混合型-偏股,00700,腾讯控股,广义离岸中国AI,中国离岸AI平台/云,8.39%,1,5
012483,前海开源优质龙头6个月持有混合A,混合型-偏股,00700,腾讯控股,广义离岸中国AI,中国离岸AI平台/云,6.09%,1,2
012483,前海开源优质龙头6个月持有混合A,混合型-偏股,09988,阿里巴巴-W,广义离岸中国AI,中国离岸AI平台/云,5.33%,1,7
012484,前海开源优质龙头6个月持有混合C,混合型-偏股,00700,腾讯控股,广义离岸中国AI,中国离岸AI平台/云,6.09%,1,2
012484,前海开源优质龙头6个月持有混合C,混合型-偏股,09988,阿里巴巴-W,广义离岸中国AI,中国离岸AI平台/云,5.33%,1,7
012485,建信汇益一年持有混合A,混合型-偏债,00700,腾讯控股,广义离岸中国AI,中国离岸AI平台/云,0.60%,1,5
012486,建信汇益一年持有混合C,混合型-偏债,00700,腾讯控股,广义离岸中国AI,中国离岸AI平台/云,0.60%,1,5
012493,长信内需均衡混合A,混合型-偏股,09988,阿里巴巴-W,广义离岸中国AI,中国离岸AI平台/云,7.88%,1,1
012494,长信内需均衡混合C,混合型-偏股,09988,阿里巴巴-W,广义离岸中国AI,中国离岸AI平台/云,7.88%,1,1
012496,同泰行业优选股票A,股票型,01810,小米集团-W,广义离岸中国AI,中国离岸AI终端/汽车,5.43%,1,9
012497,同泰行业优选股票C,股票型,01810,小米集团-W,广义离岸中国AI,中国离岸AI终端/汽车,5.43%,1,9
012502,银华安盛混合,混合型-偏股,00981,中芯国际,广义离岸中国AI,中国离岸半导体制造,6.10%,1,3
012502,银华安盛混合,混合型-偏股,09988,阿里巴巴-W,广义离岸中国AI,中国离岸AI平台/云,5.65%,1,4
012506,东方品质消费一年持有期混合A,混合型-偏股,00700,腾讯控股,广义离岸中国AI,中国离岸AI平台/云,5.44%,1,1
012506,东方品质消费一年持有期混合A,混合型-偏股,09988,阿里巴巴-W,广义离岸中国AI,中国离岸AI平台/云,3.50%,1,9
012507,东方品质消费一年持有期混合C,混合型-偏股,00700,腾讯控股,广义离岸中国AI,中国离岸AI平台/云,5.44%,1,1
012507,东方品质消费一年持有期混合C,混合型-偏股,09988,阿里巴巴-W,广义离岸中国AI,中国离岸AI平台/云,3.50%,1,9
012510,国富优质企业一年持有期混合A,混合型-偏股,09988,阿里巴巴-W,广义离岸中国AI,中国离岸AI平台/云,6.68%,1,1
012510,国富优质企业一年持有期混合A,混合型-偏股,00700,腾讯控股,广义离岸中国AI,中国离岸AI平台/云,6.04%,1,2
012510,国富优质企业一年持有期混合A,混合型-偏股,00981,中芯国际,广义离岸中国AI,中国离岸半导体制造,5.06%,1,7
012511,国富优质企业一年持有期混合C,混合型-偏股,09988,阿里巴巴-W,广义离岸中国AI,中国离岸AI平台/云,6.68%,1,1
012511,国富优质企业一年持有期混合C,混合型-偏股,00700,腾讯控股,广义离岸中国AI,中国离岸AI平台/云,6.04%,1,2
012511,国富优质企业一年持有期混合C,混合型-偏股,00981,中芯国际,广义离岸中国AI,中国离岸半导体制造,5.06%,1,7
012523,国联高质量成长混合A,混合型-偏股,00700,腾讯控股,广义离岸中国AI,中国离岸AI平台/云,5.55%,1,1
012523,国联高质量成长混合A,混合型-偏股,02228,晶泰控股,广义离岸中国AI,中国离岸AI制药,3.09%,1,10
012524,国联高质量成长混合C,混合型-偏股,00700,腾讯控股,广义离岸中国AI,中国离岸AI平台/云,5.55%,1,1
012524,国联高质量成长混合C,混合型-偏股,02228,晶泰控股,广义离岸中国AI,中国离岸AI制药,3.09%,1,10
012568,天弘高端制造混合A,混合型-偏股,00700,腾讯控股,广义离岸中国AI,中国离岸AI平台/云,4.76%,1,5
012569,天弘高端制造混合C,混合型-偏股,00700,腾讯控股,广义离岸中国AI,中国离岸AI平台/云,4.76%,1,5
012570,建信恒生科技指数发起(QDII)A,指数型-海外股票,01810,小米集团-W,广义离岸中国AI,中国离岸AI终端/汽车,7.80%,1,3
012570,建信恒生科技指数发起(QDII)A,指数型-海外股票,00700,腾讯控股,广义离岸中国AI,中国离岸AI平台/云,7.35%,1,4
012570,建信恒生科技指数发起(QDII)A,指数型-海外股票,09988,阿里巴巴-W,广义离岸中国AI,中国离岸AI平台/云,6.85%,1,6
012570,建信恒生科技指数发起(QDII)A,指数型-海外股票,00981,中芯国际,广义离岸中国AI,中国离岸半导体制造,6.02%,1,7
012570,建信恒生科技指数发起(QDII)A,指数型-海外股票,09888,百度集团-SW,广义离岸中国AI,中国离岸AI/自动驾驶/云,3.70%,1,10
012571,建信恒生科技指数发起(QDII)C,指数型-海外股票,01810,小米集团-W,广义离岸中国AI,中国离岸AI终端/汽车,7.80%,1,3
012571,建信恒生科技指数发起(QDII)C,指数型-海外股票,00700,腾讯控股,广义离岸中国AI,中国离岸AI平台/云,7.35%,1,4
012571,建信恒生科技指数发起(QDII)C,指数型-海外股票,09988,阿里巴巴-W,广义离岸中国AI,中国离岸AI平台/云,6.85%,1,6
012571,建信恒生科技指数发起(QDII)C,指数型-海外股票,00981,中芯国际,广义离岸中国AI,中国离岸半导体制造,6.02%,1,7
012571,建信恒生科技指数发起(QDII)C,指数型-海外股票,09888,百度集团-SW,广义离岸中国AI,中国离岸AI/自动驾驶/云,3.70%,1,10
012584,南方中国新兴经济9个月持有期混合(QDII)A,QDII-混合偏股,00700,腾讯控股,广义离岸中国AI,中国离岸AI平台/云,2.84%,1,9
012585,南方中国新兴经济9个月持有期混合(QDII)C,QDII-混合偏股,00700,腾讯控股,广义离岸中国AI,中国离岸AI平台/云,2.84%,1,9
012586,南方港股创新视野一年持有混合A,混合型-灵活,01347,华虹半导体,广义离岸中国AI,中国离岸半导体制造,4.46%,1,8
012587,南方港股创新视野一年持有混合C,混合型-灵活,01347,华虹半导体,广义离岸中国AI,中国离岸半导体制造,4.46%,1,8
012588,南方港股通优势企业混合A,混合型-偏股,00700,腾讯控股,广义离岸中国AI,中国离岸AI平台/云,8.67%,1,1
012588,南方港股通优势企业混合A,混合型-偏股,00981,中芯国际,广义离岸中国AI,中国离岸半导体制造,2.94%,1,9
012589,南方港股通优势企业混合C,混合型-偏股,00700,腾讯控股,广义离岸中国AI,中国离岸AI平台/云,8.67%,1,1
012589,南方港股通优势企业混合C,混合型-偏股,00981,中芯国际,广义离岸中国AI,中国离岸半导体制造,2.94%,1,9
012613,创金合信产业智选混合A,混合型-偏股,00981,中芯国际,广义离岸中国AI,中国离岸半导体制造,6.61%,1,2
012614,创金合信产业智选混合C,混合型-偏股,00981,中芯国际,广义离岸中国AI,中国离岸半导体制造,6.61%,1,2
012640,鹏华稳健鸿利一年持有期混合A,混合型-偏股,00700,腾讯控股,广义离岸中国AI,中国离岸AI平台/云,5.12%,1,5
012641,鹏华稳健鸿利一年持有期混合C,混合型-偏股,00700,腾讯控股,广义离岸中国AI,中国离岸AI平台/云,5.12%,1,5
012647,中欧洞见一年持有混合,混合型-偏股,00700,腾讯控股,广义离岸中国AI,中国离岸AI平台/云,4.90%,1,7
012650,博时半导体主题混合A,混合型-偏股,01347,华虹半导体,广义离岸中国AI,中国离岸半导体制造,8.20%,1,1
012650,博时半导体主题混合A,混合型-偏股,00981,中芯国际,广义离岸中国AI,中国离岸半导体制造,5.73%,1,7
012651,博时半导体主题混合C,混合型-偏股,01347,华虹半导体,广义离岸中国AI,中国离岸半导体制造,8.20%,1,1
012651,博时半导体主题混合C,混合型-偏股,00981,中芯国际,广义离岸中国AI,中国离岸半导体制造,5.73%,1,7
012669,南方新兴产业混合A,混合型-偏股,00700,腾讯控股,广义离岸中国AI,中国离岸AI平台/云,7.13%,1,1
012670,南方新兴产业混合C,混合型-偏股,00700,腾讯控股,广义离岸中国AI,中国离岸AI平台/云,7.13%,1,1
012683,东方红安盈甄选一年持有混合A,混合型-偏债,01810,小米集团-W,广义离岸中国AI,中国离岸AI终端/汽车,0.70%,1,3
012683,东方红安盈甄选一年持有混合A,混合型-偏债,00700,腾讯控股,广义离岸中国AI,中国离岸AI平台/云,0.51%,1,5
012683,东方红安盈甄选一年持有混合A,混合型-偏债,09988,阿里巴巴-W,广义离岸中国AI,中国离岸AI平台/云,0.38%,1,8
012684,东方红安盈甄选一年持有混合C,混合型-偏债,01810,小米集团-W,广义离岸中国AI,中国离岸AI终端/汽车,0.70%,1,3
012684,东方红安盈甄选一年持有混合C,混合型-偏债,00700,腾讯控股,广义离岸中国AI,中国离岸AI平台/云,0.51%,1,5
012684,东方红安盈甄选一年持有混合C,混合型-偏债,09988,阿里巴巴-W,广义离岸中国AI,中国离岸AI平台/云,0.38%,1,8
012704,中银兴利稳健回报灵活配置混合A,混合型-灵活,09988,阿里巴巴-W,广义离岸中国AI,中国离岸AI平台/云,5.69%,1,1
012704,中银兴利稳健回报灵活配置混合A,混合型-灵活,00981,中芯国际,广义离岸中国AI,中国离岸半导体制造,1.22%,1,10
012705,中银兴利稳健回报灵活配置混合C,混合型-灵活,09988,阿里巴巴-W,广义离岸中国AI,中国离岸AI平台/云,5.69%,1,1
012705,中银兴利稳健回报灵活配置混合C,混合型-灵活,00981,中芯国际,广义离岸中国AI,中国离岸半导体制造,1.22%,1,10
012706,中银核心精选混合A,混合型-偏股,00700,腾讯控股,广义离岸中国AI,中国离岸AI平台/云,3.01%,1,3
012706,中银核心精选混合A,混合型-偏股,01347,华虹半导体,广义离岸中国AI,中国离岸半导体制造,2.72%,1,4
012706,中银核心精选混合A,混合型-偏股,00981,中芯国际,广义离岸中国AI,中国离岸半导体制造,2.58%,1,5
012706,中银核心精选混合A,混合型-偏股,09988,阿里巴巴-W,广义离岸中国AI,中国离岸AI平台/云,1.85%,1,9
012707,中银核心精选混合C,混合型-偏股,00700,腾讯控股,广义离岸中国AI,中国离岸AI平台/云,3.01%,1,3
012707,中银核心精选混合C,混合型-偏股,01347,华虹半导体,广义离岸中国AI,中国离岸半导体制造,2.72%,1,4
012707,中银核心精选混合C,混合型-偏股,00981,中芯国际,广义离岸中国AI,中国离岸半导体制造,2.58%,1,5
012707,中银核心精选混合C,混合型-偏股,09988,阿里巴巴-W,广义离岸中国AI,中国离岸AI平台/云,1.85%,1,9
012711,前海开源沪港深蓝筹精选混合C,混合型-灵活,00700,腾讯控股,广义离岸中国AI,中国离岸AI平台/云,9.15%,1,4
012711,前海开源沪港深蓝筹精选混合C,混合型-灵活,01810,小米集团-W,广义离岸中国AI,中国离岸AI终端/汽车,4.81%,1,8
012719,华夏新兴经济一年持有混合A,混合型-偏股,00700,腾讯控股,广义离岸中国AI,中国离岸AI平台/云,7.95%,1,3
012720,华夏新兴经济一年持有混合C,混合型-偏股,00700,腾讯控股,广义离岸中国AI,中国离岸AI平台/云,7.95%,1,3
012746,富国双利增强债券A,债券型-混合二级,09988,阿里巴巴-W,广义离岸中国AI,中国离岸AI平台/云,0.47%,1,2
012746,富国双利增强债券A,债券型-混合二级,00700,腾讯控股,广义离岸中国AI,中国离岸AI平台/云,0.38%,1,5
012746,富国双利增强债券A,债券型-混合二级,00981,中芯国际,广义离岸中国AI,中国离岸半导体制造,0.20%,1,10
012747,富国双利增强债券C,债券型-混合二级,09988,阿里巴巴-W,广义离岸中国AI,中国离岸AI平台/云,0.47%,1,2
012747,富国双利增强债券C,债券型-混合二级,00700,腾讯控股,广义离岸中国AI,中国离岸AI平台/云,0.38%,1,5
012747,富国双利增强债券C,债券型-混合二级,00981,中芯国际,广义离岸中国AI,中国离岸半导体制造,0.20%,1,10
012751,建信纳斯达克100指数(QDII)A美元现汇,指数型-海外股票,NVDA,英伟达,狭义海外AI,核心算力-GPU,8.29%,1,1
012751,建信纳斯达克100指数(QDII)A美元现汇,指数型-海外股票,MSFT,微软,狭义海外AI,AI云/软件,5.38%,1,3
012751,建信纳斯达克100指数(QDII)A美元现汇,指数型-海外股票,AMZN,亚马逊,狭义海外AI,AI云,4.35%,1,4
012751,建信纳斯达克100指数(QDII)A美元现汇,指数型-海外股票,META,Meta Platforms Inc-A,狭义海外AI,AI平台,3.29%,1,6
012751,建信纳斯达克100指数(QDII)A美元现汇,指数型-海外股票,GOOGL,谷歌-A,狭义海外AI,AI云/大模型,3.27%,1,8
012751,建信纳斯达克100指数(QDII)A美元现汇,指数型-海外股票,GOOG,谷歌-C,狭义海外AI,AI云/大模型,3.03%,1,9
012751,建信纳斯达克100指数(QDII)A美元现汇,指数型-海外股票,AVGO,博通,狭义海外AI,AI网络/ASIC,2.86%,1,10
012752,建信纳斯达克100指数(QDII)C人民币,指数型-海外股票,NVDA,英伟达,狭义海外AI,核心算力-GPU,8.29%,1,1
012752,建信纳斯达克100指数(QDII)C人民币,指数型-海外股票,MSFT,微软,狭义海外AI,AI云/软件,5.38%,1,3
012752,建信纳斯达克100指数(QDII)C人民币,指数型-海外股票,AMZN,亚马逊,狭义海外AI,AI云,4.35%,1,4
012752,建信纳斯达克100指数(QDII)C人民币,指数型-海外股票,META,Meta Platforms Inc-A,狭义海外AI,AI平台,3.29%,1,6
012752,建信纳斯达克100指数(QDII)C人民币,指数型-海外股票,GOOGL,谷歌-A,狭义海外AI,AI云/大模型,3.27%,1,8
012752,建信纳斯达克100指数(QDII)C人民币,指数型-海外股票,GOOG,谷歌-C,狭义海外AI,AI云/大模型,3.03%,1,9
012752,建信纳斯达克100指数(QDII)C人民币,指数型-海外股票,AVGO,博通,狭义海外AI,AI网络/ASIC,2.86%,1,10
012753,建信纳斯达克100指数(QDII)C美元现汇,指数型-海外股票,NVDA,英伟达,狭义海外AI,核心算力-GPU,8.29%,1,1
012753,建信纳斯达克100指数(QDII)C美元现汇,指数型-海外股票,MSFT,微软,狭义海外AI,AI云/软件,5.38%,1,3
012753,建信纳斯达克100指数(QDII)C美元现汇,指数型-海外股票,AMZN,亚马逊,狭义海外AI,AI云,4.35%,1,4
012753,建信纳斯达克100指数(QDII)C美元现汇,指数型-海外股票,META,Meta Platforms Inc-A,狭义海外AI,AI平台,3.29%,1,6
012753,建信纳斯达克100指数(QDII)C美元现汇,指数型-海外股票,GOOGL,谷歌-A,狭义海外AI,AI云/大模型,3.27%,1,8
012753,建信纳斯达克100指数(QDII)C美元现汇,指数型-海外股票,GOOG,谷歌-C,狭义海外AI,AI云/大模型,3.03%,1,9
012753,建信纳斯达克100指数(QDII)C美元现汇,指数型-海外股票,AVGO,博通,狭义海外AI,AI网络/ASIC,2.86%,1,10
012770,光大创新生活混合A,混合型-偏股,00700,腾讯控股,广义离岸中国AI,中国离岸AI平台/云,4.69%,1,3
012770,光大创新生活混合A,混合型-偏股,09988,阿里巴巴-W,广义离岸中国AI,中国离岸AI平台/云,3.12%,1,7
012779,博时移动互联主题混合A,混合型-偏股,09988,阿里巴巴-W,广义离岸中国AI,中国离岸AI平台/云,4.89%,1,2
012779,博时移动互联主题混合A,混合型-偏股,01347,华虹半导体,广义离岸中国AI,中国离岸半导体制造,4.03%,1,4
012779,博时移动互联主题混合A,混合型-偏股,00981,中芯国际,广义离岸中国AI,中国离岸半导体制造,3.89%,1,5
012779,博时移动互联主题混合A,混合型-偏股,00700,腾讯控股,广义离岸中国AI,中国离岸AI平台/云,3.77%,1,6
012780,博时移动互联主题混合C,混合型-偏股,09988,阿里巴巴-W,广义离岸中国AI,中国离岸AI平台/云,4.89%,1,2
012780,博时移动互联主题混合C,混合型-偏股,01347,华虹半导体,广义离岸中国AI,中国离岸半导体制造,4.03%,1,4
012780,博时移动互联主题混合C,混合型-偏股,00981,中芯国际,广义离岸中国AI,中国离岸半导体制造,3.89%,1,5
012780,博时移动互联主题混合C,混合型-偏股,00700,腾讯控股,广义离岸中国AI,中国离岸AI平台/云,3.77%,1,6
012789,汇添富双享回报债券A,债券型-混合二级,00700,腾讯控股,广义离岸中国AI,中国离岸AI平台/云,0.80%,1,6
012789,汇添富双享回报债券A,债券型-混合二级,09988,阿里巴巴-W,广义离岸中国AI,中国离岸AI平台/云,0.57%,1,8
012790,汇添富双享回报债券C,债券型-混合二级,00700,腾讯控股,广义离岸中国AI,中国离岸AI平台/云,0.80%,1,6
012790,汇添富双享回报债券C,债券型-混合二级,09988,阿里巴巴-W,广义离岸中国AI,中国离岸AI平台/云,0.57%,1,8
012809,鹏华中证沪港深科技龙头指数(LOF)C,指数型-股票,00700,腾讯控股,广义离岸中国AI,中国离岸AI平台/云,8.40%,1,1
012809,鹏华中证沪港深科技龙头指数(LOF)C,指数型-股票,09988,阿里巴巴-W,广义离岸中国AI,中国离岸AI平台/云,8.19%,1,2
012809,鹏华中证沪港深科技龙头指数(LOF)C,指数型-股票,01810,小米集团-W,广义离岸中国AI,中国离岸AI终端/汽车,5.87%,1,4
012809,鹏华中证沪港深科技龙头指数(LOF)C,指数型-股票,00981,中芯国际,广义离岸中国AI,中国离岸半导体制造,3.23%,1,9
012812,国富鑫颐收益混合A,混合型-偏债,00700,腾讯控股,广义离岸中国AI,中国离岸AI平台/云,2.86%,1,1
012813,国富鑫颐收益混合C,混合型-偏债,00700,腾讯控股,广义离岸中国AI,中国离岸AI平台/云,2.86%,1,1
012820,汇添富价值领先混合,混合型-偏股,00700,腾讯控股,广义离岸中国AI,中国离岸AI平台/云,9.24%,1,1
012826,工银聚宁9个月持有期混合A,混合型-偏债,00700,腾讯控股,广义离岸中国AI,中国离岸AI平台/云,1.98%,1,2
012827,工银聚宁9个月持有期混合C,混合型-偏债,00700,腾讯控股,广义离岸中国AI,中国离岸AI平台/云,1.98%,1,2
012833,交银鸿信一年持有期混合A,混合型-偏债,00700,腾讯控股,广义离岸中国AI,中国离岸AI平台/云,1.58%,1,2
012833,交银鸿信一年持有期混合A,混合型-偏债,09988,阿里巴巴-W,广义离岸中国AI,中国离岸AI平台/云,1.24%,1,3
012834,交银鸿信一年持有期混合C,混合型-偏债,00700,腾讯控股,广义离岸中国AI,中国离岸AI平台/云,1.58%,1,2
012834,交银鸿信一年持有期混合C,混合型-偏债,09988,阿里巴巴-W,广义离岸中国AI,中国离岸AI平台/云,1.24%,1,3
012835,招商景气精选股票A,股票型,00700,腾讯控股,广义离岸中国AI,中国离岸AI平台/云,3.43%,1,6
012836,招商景气精选股票C,股票型,00700,腾讯控股,广义离岸中国AI,中国离岸AI平台/云,3.43%,1,6
012846,恒越蓝筹精选混合,混合型-偏股,00700,腾讯控股,广义离岸中国AI,中国离岸AI平台/云,6.64%,1,1
012846,恒越蓝筹精选混合,混合型-偏股,00981,中芯国际,广义离岸中国AI,中国离岸半导体制造,4.90%,1,4
012846,恒越蓝筹精选混合,混合型-偏股,09988,阿里巴巴-W,广义离岸中国AI,中国离岸AI平台/云,4.64%,1,5
012848,大成悦享生活混合A,混合型-偏股,00700,腾讯控股,广义离岸中国AI,中国离岸AI平台/云,4.96%,1,7
012849,大成悦享生活混合C,混合型-偏股,00700,腾讯控股,广义离岸中国AI,中国离岸AI平台/云,4.96%,1,7
012850,国联低碳经济3个月持有混合A,混合型-偏股,09988,阿里巴巴-W,广义离岸中国AI,中国离岸AI平台/云,4.71%,1,5
012851,国联低碳经济3个月持有混合C,混合型-偏股,09988,阿里巴巴-W,广义离岸中国AI,中国离岸AI平台/云,4.71%,1,5
012860,易方达标普500指数人民币C,指数型-海外股票,NVDA,英伟达,狭义海外AI,核心算力-GPU,6.60%,1,1
012860,易方达标普500指数人民币C,指数型-海外股票,MSFT,微软,狭义海外AI,AI云/软件,4.28%,1,3
012860,易方达标普500指数人民币C,指数型-海外股票,AMZN,亚马逊,狭义海外AI,AI云,3.17%,1,4
012860,易方达标普500指数人民币C,指数型-海外股票,GOOGL,谷歌-A,狭义海外AI,AI云/大模型,2.61%,1,5
012860,易方达标普500指数人民币C,指数型-海外股票,AVGO,博通,狭义海外AI,AI网络/ASIC,2.29%,1,6
012860,易方达标普500指数人民币C,指数型-海外股票,GOOG,谷歌-C,狭义海外AI,AI云/大模型,2.09%,1,7
012860,易方达标普500指数人民币C,指数型-海外股票,META,Meta Platforms Inc-A,狭义海外AI,AI平台,1.95%,1,8
012861,易方达标普500指数美元汇C,指数型-海外股票,NVDA,英伟达,狭义海外AI,核心算力-GPU,6.60%,1,1
012861,易方达标普500指数美元汇C,指数型-海外股票,MSFT,微软,狭义海外AI,AI云/软件,4.28%,1,3
012861,易方达标普500指数美元汇C,指数型-海外股票,AMZN,亚马逊,狭义海外AI,AI云,3.17%,1,4
012861,易方达标普500指数美元汇C,指数型-海外股票,GOOGL,谷歌-A,狭义海外AI,AI云/大模型,2.61%,1,5
012861,易方达标普500指数美元汇C,指数型-海外股票,AVGO,博通,狭义海外AI,AI网络/ASIC,2.29%,1,6
012861,易方达标普500指数美元汇C,指数型-海外股票,GOOG,谷歌-C,狭义海外AI,AI云/大模型,2.09%,1,7
012861,易方达标普500指数美元汇C,指数型-海外股票,META,Meta Platforms Inc-A,狭义海外AI,AI平台,1.95%,1,8
012868,易方达标普信息科技指数(QDII-LOF)C(人民币),指数型-海外股票,NVDA,英伟达,狭义海外AI,核心算力-GPU,20.16%,1,1
012868,易方达标普信息科技指数(QDII-LOF)C(人民币),指数型-海外股票,MSFT,微软,狭义海外AI,AI云/软件,13.08%,1,3
012868,易方达标普信息科技指数(QDII-LOF)C(人民币),指数型-海外股票,AVGO,博通,狭义海外AI,AI网络/ASIC,6.98%,1,4
012868,易方达标普信息科技指数(QDII-LOF)C(人民币),指数型-海外股票,MU,美光科技,狭义海外AI,AI存储/HBM,1.81%,1,5
012868,易方达标普信息科技指数(QDII-LOF)C(人民币),指数型-海外股票,PLTR,Palantir Technologies Inc-A,狭义海外AI,AI软件,1.59%,1,6
012868,易方达标普信息科技指数(QDII-LOF)C(人民币),指数型-海外股票,AMD,超威半导体,狭义海外AI,核心算力-GPU,1.58%,1,7
012868,易方达标普信息科技指数(QDII-LOF)C(人民币),指数型-海外股票,AMAT,应用材料,狭义海外AI,半导体设备,1.29%,1,9
012868,易方达标普信息科技指数(QDII-LOF)C(人民币),指数型-海外股票,LRCX,拉姆研究,狭义海外AI,半导体设备,1.27%,1,10
012869,易方达标普信息科技指数(QDII-LOF)C(美元现汇),指数型-海外股票,NVDA,英伟达,狭义海外AI,核心算力-GPU,20.16%,1,1
012869,易方达标普信息科技指数(QDII-LOF)C(美元现汇),指数型-海外股票,MSFT,微软,狭义海外AI,AI云/软件,13.08%,1,3
012869,易方达标普信息科技指数(QDII-LOF)C(美元现汇),指数型-海外股票,AVGO,博通,狭义海外AI,AI网络/ASIC,6.98%,1,4
012869,易方达标普信息科技指数(QDII-LOF)C(美元现汇),指数型-海外股票,MU,美光科技,狭义海外AI,AI存储/HBM,1.81%,1,5
012869,易方达标普信息科技指数(QDII-LOF)C(美元现汇),指数型-海外股票,PLTR,Palantir Technologies Inc-A,狭义海外AI,AI软件,1.59%,1,6
012869,易方达标普信息科技指数(QDII-LOF)C(美元现汇),指数型-海外股票,AMD,超威半导体,狭义海外AI,核心算力-GPU,1.58%,1,7
012869,易方达标普信息科技指数(QDII-LOF)C(美元现汇),指数型-海外股票,AMAT,应用材料,狭义海外AI,半导体设备,1.29%,1,9
012869,易方达标普信息科技指数(QDII-LOF)C(美元现汇),指数型-海外股票,LRCX,拉姆研究,狭义海外AI,半导体设备,1.27%,1,10
012884,华夏港股通精选股票发起式(LOF)C,股票型,00700,腾讯控股,广义离岸中国AI,中国离岸AI平台/云,6.60%,1,3
012884,华夏港股通精选股票发起式(LOF)C,股票型,09988,阿里巴巴-W,广义离岸中国AI,中国离岸AI平台/云,5.39%,1,5
012884,华夏港股通精选股票发起式(LOF)C,股票型,00981,中芯国际,广义离岸中国AI,中国离岸半导体制造,5.14%,1,8
012892,安信优质企业三年持有混合A,混合型-偏股,00700,腾讯控股,广义离岸中国AI,中国离岸AI平台/云,9.02%,1,4
012893,安信优质企业三年持有混合C,混合型-偏股,00700,腾讯控股,广义离岸中国AI,中国离岸AI平台/云,9.02%,1,4
012920,易方达全球成长精选混合(QDII)人民币A,QDII-混合偏股,TSM,台积电,狭义海外AI,先进制程代工,8.88%,1,1
012920,易方达全球成长精选混合(QDII)人民币A,QDII-混合偏股,LITE,Lumentum Holdings Inc,扩展海外AI,光通信器件,8.68%,1,2
012920,易方达全球成长精选混合(QDII)人民币A,QDII-混合偏股,GLW,康宁,扩展海外AI,光纤/材料,4.67%,1,4
012920,易方达全球成长精选混合(QDII)人民币A,QDII-混合偏股,GOOGL,谷歌-A,狭义海外AI,AI云/大模型,3.36%,1,9
012921,易方达全球成长精选混合(QDII)美元现汇A,QDII-混合偏股,TSM,台积电,狭义海外AI,先进制程代工,8.88%,1,1
012921,易方达全球成长精选混合(QDII)美元现汇A,QDII-混合偏股,LITE,Lumentum Holdings Inc,扩展海外AI,光通信器件,8.68%,1,2
012921,易方达全球成长精选混合(QDII)美元现汇A,QDII-混合偏股,GLW,康宁,扩展海外AI,光纤/材料,4.67%,1,4
012921,易方达全球成长精选混合(QDII)美元现汇A,QDII-混合偏股,GOOGL,谷歌-A,狭义海外AI,AI云/大模型,3.36%,1,9
012922,易方达全球成长精选混合(QDII)人民币C,QDII-混合偏股,TSM,台积电,狭义海外AI,先进制程代工,8.88%,1,1
012922,易方达全球成长精选混合(QDII)人民币C,QDII-混合偏股,LITE,Lumentum Holdings Inc,扩展海外AI,光通信器件,8.68%,1,2
012922,易方达全球成长精选混合(QDII)人民币C,QDII-混合偏股,GLW,康宁,扩展海外AI,光纤/材料,4.67%,1,4
012922,易方达全球成长精选混合(QDII)人民币C,QDII-混合偏股,GOOGL,谷歌-A,狭义海外AI,AI云/大模型,3.36%,1,9
012923,易方达全球成长精选混合(QDII)美元现汇C,QDII-混合偏股,TSM,台积电,狭义海外AI,先进制程代工,8.88%,1,1
012923,易方达全球成长精选混合(QDII)美元现汇C,QDII-混合偏股,LITE,Lumentum Holdings Inc,扩展海外AI,光通信器件,8.68%,1,2
012923,易方达全球成长精选混合(QDII)美元现汇C,QDII-混合偏股,GLW,康宁,扩展海外AI,光纤/材料,4.67%,1,4
012923,易方达全球成长精选混合(QDII)美元现汇C,QDII-混合偏股,GOOGL,谷歌-A,狭义海外AI,AI云/大模型,3.36%,1,9
012924,华夏新时代混合美元现汇(QDII),QDII-混合灵活,LITE,Lumentum Holdings Inc,扩展海外AI,光通信器件,5.35%,1,2
012925,华夏新时代混合美元现钞(QDII),QDII-混合灵活,LITE,Lumentum Holdings Inc,扩展海外AI,光通信器件,5.35%,1,2
012943,广发稳睿六个月持有混合A,混合型-偏债,00700,腾讯控股,广义离岸中国AI,中国离岸AI平台/云,2.46%,1,5
012944,广发稳睿六个月持有混合C,混合型-偏债,00700,腾讯控股,广义离岸中国AI,中国离岸AI平台/云,2.46%,1,5
012949,东方红招瑞甄选18个月持有混合A,混合型-偏债,00700,腾讯控股,广义离岸中国AI,中国离岸AI平台/云,2.75%,1,1
012949,东方红招瑞甄选18个月持有混合A,混合型-偏债,09988,阿里巴巴-W,广义离岸中国AI,中国离岸AI平台/云,2.13%,1,2
012950,东方红招瑞甄选18个月持有混合C,混合型-偏债,00700,腾讯控股,广义离岸中国AI,中国离岸AI平台/云,2.75%,1,1
012950,东方红招瑞甄选18个月持有混合C,混合型-偏债,09988,阿里巴巴-W,广义离岸中国AI,中国离岸AI平台/云,2.13%,1,2
012951,汇添富鑫享添利六个月持有混合A,混合型-偏债,00700,腾讯控股,广义离岸中国AI,中国离岸AI平台/云,0.73%,1,3
012952,汇添富鑫享添利六个月持有混合C,混合型-偏债,00700,腾讯控股,广义离岸中国AI,中国离岸AI平台/云,0.73%,1,3
012955,国寿安保稳盛6个月持有混合A,混合型-偏债,00700,腾讯控股,广义离岸中国AI,中国离岸AI平台/云,0.34%,1,5
012956,国寿安保稳盛6个月持有混合C,混合型-偏债,00700,腾讯控股,广义离岸中国AI,中国离岸AI平台/云,0.34%,1,5
012963,招商稳健平衡混合A,混合型-平衡,01810,小米集团-W,广义离岸中国AI,中国离岸AI终端/汽车,2.77%,1,4
012964,招商稳健平衡混合C,混合型-平衡,01810,小米集团-W,广义离岸中国AI,中国离岸AI终端/汽车,2.77%,1,4
012965,招商瑞泰1年持有混合A,混合型-偏债,00700,腾讯控股,广义离岸中国AI,中国离岸AI平台/云,0.47%,1,3
012966,招商瑞泰1年持有混合C,混合型-偏债,00700,腾讯控股,广义离岸中国AI,中国离岸AI平台/云,0.47%,1,3
012967,广发行业严选三年持有期混合A,混合型-偏股,01810,小米集团-W,广义离岸中国AI,中国离岸AI终端/汽车,3.31%,1,7
012968,广发行业严选三年持有期混合C,混合型-偏股,01810,小米集团-W,广义离岸中国AI,中国离岸AI终端/汽车,3.31%,1,7
012971,东吴消费成长混合A,混合型-偏股,09988,阿里巴巴-W,广义离岸中国AI,中国离岸AI平台/云,6.30%,1,2
012971,东吴消费成长混合A,混合型-偏股,00700,腾讯控股,广义离岸中国AI,中国离岸AI平台/云,5.24%,1,7
012972,东吴消费成长混合C,混合型-偏股,09988,阿里巴巴-W,广义离岸中国AI,中国离岸AI平台/云,6.30%,1,2
012972,东吴消费成长混合C,混合型-偏股,00700,腾讯控股,广义离岸中国AI,中国离岸AI平台/云,5.24%,1,7
012987,嘉合锦明混合A,混合型-偏股,00981,中芯国际,广义离岸中国AI,中国离岸半导体制造,5.35%,1,5
012988,嘉合锦明混合C,混合型-偏股,00981,中芯国际,广义离岸中国AI,中国离岸半导体制造,5.35%,1,5
012993,汇添富品牌力一年持有混合A,混合型-偏股,00700,腾讯控股,广义离岸中国AI,中国离岸AI平台/云,5.78%,1,3
012994,汇添富品牌力一年持有混合C,混合型-偏股,00700,腾讯控股,广义离岸中国AI,中国离岸AI平台/云,5.78%,1,3
013004,国泰价值领航股票A,股票型,00700,腾讯控股,广义离岸中国AI,中国离岸AI平台/云,7.27%,1,2
013004,国泰价值领航股票A,股票型,09988,阿里巴巴-W,广义离岸中国AI,中国离岸AI平台/云,3.51%,1,10
013005,国泰价值领航股票C,股票型,00700,腾讯控股,广义离岸中国AI,中国离岸AI平台/云,7.27%,1,2
013005,国泰价值领航股票C,股票型,09988,阿里巴巴-W,广义离岸中国AI,中国离岸AI平台/云,3.51%,1,10
013009,万家港股通精选混合A,混合型-偏股,00700,腾讯控股,广义离岸中国AI,中国离岸AI平台/云,7.52%,1,2
013009,万家港股通精选混合A,混合型-偏股,09988,阿里巴巴-W,广义离岸中国AI,中国离岸AI平台/云,5.08%,1,3
013010,万家港股通精选混合C,混合型-偏股,00700,腾讯控股,广义离岸中国AI,中国离岸AI平台/云,7.52%,1,2
013010,万家港股通精选混合C,混合型-偏股,09988,阿里巴巴-W,广义离岸中国AI,中国离岸AI平台/云,5.08%,1,3
013041,鹏扬景浦一年持有混合A,混合型-偏债,00700,腾讯控股,广义离岸中国AI,中国离岸AI平台/云,1.38%,1,2
013042,鹏扬景浦一年持有混合C,混合型-偏债,00700,腾讯控股,广义离岸中国AI,中国离岸AI平台/云,1.38%,1,2
013045,富国内需增长混合C,混合型-偏股,00700,腾讯控股,广义离岸中国AI,中国离岸AI平台/云,4.45%,1,7
013047,富国品质生活混合C,混合型-偏股,00700,腾讯控股,广义离岸中国AI,中国离岸AI平台/云,4.48%,1,9
013051,汇泉臻心致远混合A,混合型-偏股,00981,中芯国际,广义离岸中国AI,中国离岸半导体制造,4.90%,1,5
013051,汇泉臻心致远混合A,混合型-偏股,09988,阿里巴巴-W,广义离岸中国AI,中国离岸AI平台/云,3.17%,1,10
013052,汇泉臻心致远混合C,混合型-偏股,00981,中芯国际,广义离岸中国AI,中国离岸半导体制造,4.90%,1,5
013052,汇泉臻心致远混合C,混合型-偏股,09988,阿里巴巴-W,广义离岸中国AI,中国离岸AI平台/云,3.17%,1,10
013063,广发集益一年持有债券A,债券型-混合二级,00700,腾讯控股,广义离岸中国AI,中国离岸AI平台/云,1.58%,1,4
013064,广发集益一年持有债券C,债券型-混合二级,00700,腾讯控股,广义离岸中国AI,中国离岸AI平台/云,1.58%,1,4
013095,安信远见成长混合A,混合型-偏股,00700,腾讯控股,广义离岸中国AI,中国离岸AI平台/云,3.78%,1,9
013096,安信远见成长混合C,混合型-偏股,00700,腾讯控股,广义离岸中国AI,中国离岸AI平台/云,3.78%,1,9
013101,华夏稳福六个月持有混合A,混合型-偏债,09988,阿里巴巴-W,广义离岸中国AI,中国离岸AI平台/云,0.52%,1,2
013102,华夏稳福六个月持有混合C,混合型-偏债,09988,阿里巴巴-W,广义离岸中国AI,中国离岸AI平台/云,0.52%,1,2
013109,华夏优势价值一年持有混合A,混合型-偏股,00700,腾讯控股,广义离岸中国AI,中国离岸AI平台/云,2.31%,1,8
013110,华夏优势价值一年持有混合C,混合型-偏股,00700,腾讯控股,广义离岸中国AI,中国离岸AI平台/云,2.31%,1,8
013123,汇添富精选核心优势一年持有混合A,混合型-偏股,00700,腾讯控股,广义离岸中国AI,中国离岸AI平台/云,4.47%,1,3
013124,汇添富精选核心优势一年持有混合C,混合型-偏股,00700,腾讯控股,广义离岸中国AI,中国离岸AI平台/云,4.47%,1,3
013132,创金合信文娱媒体股票发起A,股票型,00700,腾讯控股,广义离岸中国AI,中国离岸AI平台/云,3.26%,1,7
013133,创金合信文娱媒体股票发起C,股票型,00700,腾讯控股,广义离岸中国AI,中国离岸AI平台/云,3.26%,1,7
013143,富国安诚回报12个月持有期混合A,混合型-偏债,09988,阿里巴巴-W,广义离岸中国AI,中国离岸AI平台/云,3.16%,1,1
013144,富国安诚回报12个月持有期混合C,混合型-偏债,09988,阿里巴巴-W,广义离岸中国AI,中国离岸AI平台/云,3.16%,1,1
013209,金鹰大视野混合A,混合型-偏股,00700,腾讯控股,广义离岸中国AI,中国离岸AI平台/云,6.43%,1,1
013210,金鹰大视野混合C,混合型-偏股,00700,腾讯控股,广义离岸中国AI,中国离岸AI平台/云,6.43%,1,1
013211,华富安盈一年持有期债券A,债券型-混合二级,00700,腾讯控股,广义离岸中国AI,中国离岸AI平台/云,1.86%,1,1
013211,华富安盈一年持有期债券A,债券型-混合二级,09988,阿里巴巴-W,广义离岸中国AI,中国离岸AI平台/云,0.92%,1,4
013212,华富安盈一年持有期债券C,债券型-混合二级,00700,腾讯控股,广义离岸中国AI,中国离岸AI平台/云,1.86%,1,1
013212,华富安盈一年持有期债券C,债券型-混合二级,09988,阿里巴巴-W,广义离岸中国AI,中国离岸AI平台/云,0.92%,1,4
013224,浦银安盛港股通量化混合C,混合型-灵活,09988,阿里巴巴-W,广义离岸中国AI,中国离岸AI平台/云,7.20%,1,1
013224,浦银安盛港股通量化混合C,混合型-灵活,01347,华虹半导体,广义离岸中国AI,中国离岸半导体制造,6.33%,1,2
013224,浦银安盛港股通量化混合C,混合型-灵活,00981,中芯国际,广义离岸中国AI,中国离岸半导体制造,5.03%,1,10
013225,景顺长城安景一年持有期混合A,混合型-偏债,00700,腾讯控股,广义离岸中国AI,中国离岸AI平台/云,0.15%,1,4
013226,景顺长城安景一年持有期混合C,混合型-偏债,00700,腾讯控股,广义离岸中国AI,中国离岸AI平台/云,0.15%,1,4
013269,交银瑞和三年持有期混合,混合型-偏股,09988,阿里巴巴-W,广义离岸中国AI,中国离岸AI平台/云,8.78%,1,5
013269,交银瑞和三年持有期混合,混合型-偏股,00700,腾讯控股,广义离岸中国AI,中国离岸AI平台/云,5.93%,1,6
013270,前海开源聚利一年持有混合A,混合型-偏股,00700,腾讯控股,广义离岸中国AI,中国离岸AI平台/云,9.19%,1,4
013270,前海开源聚利一年持有混合A,混合型-偏股,01810,小米集团-W,广义离岸中国AI,中国离岸AI终端/汽车,4.86%,1,8
013271,前海开源聚利一年持有混合C,混合型-偏股,00700,腾讯控股,广义离岸中国AI,中国离岸AI平台/云,9.19%,1,4
013271,前海开源聚利一年持有混合C,混合型-偏股,01810,小米集团-W,广义离岸中国AI,中国离岸AI终端/汽车,4.86%,1,8
013293,长城健康消费混合A,混合型-偏股,09988,阿里巴巴-W,广义离岸中国AI,中国离岸AI平台/云,4.42%,1,1
013293,长城健康消费混合A,混合型-偏股,00700,腾讯控股,广义离岸中国AI,中国离岸AI平台/云,2.12%,1,10
013328,嘉实全球价值股票(QDII)人民币,QDII-普通股票,NVDA,英伟达,狭义海外AI,核心算力-GPU,4.59%,1,1
013328,嘉实全球价值股票(QDII)人民币,QDII-普通股票,GOOGL,谷歌-A,狭义海外AI,AI云/大模型,3.04%,1,2
013328,嘉实全球价值股票(QDII)人民币,QDII-普通股票,TSM,台积电,狭义海外AI,先进制程代工,2.18%,1,4
013328,嘉实全球价值股票(QDII)人民币,QDII-普通股票,MSFT,微软,狭义海外AI,AI云/软件,1.45%,1,5
013328,嘉实全球价值股票(QDII)人民币,QDII-普通股票,AVGO,博通,狭义海外AI,AI网络/ASIC,1.21%,1,8
013328,嘉实全球价值股票(QDII)人民币,QDII-普通股票,GOOG,谷歌-C,狭义海外AI,AI云/大模型,0.97%,1,11
013329,嘉实全球价值股票(QDII)美元现汇,QDII-普通股票,NVDA,英伟达,狭义海外AI,核心算力-GPU,4.59%,1,1
013329,嘉实全球价值股票(QDII)美元现汇,QDII-普通股票,GOOGL,谷歌-A,狭义海外AI,AI云/大模型,3.04%,1,2
013329,嘉实全球价值股票(QDII)美元现汇,QDII-普通股票,TSM,台积电,狭义海外AI,先进制程代工,2.18%,1,4
013329,嘉实全球价值股票(QDII)美元现汇,QDII-普通股票,MSFT,微软,狭义海外AI,AI云/软件,1.45%,1,5
013329,嘉实全球价值股票(QDII)美元现汇,QDII-普通股票,AVGO,博通,狭义海外AI,AI网络/ASIC,1.21%,1,8
013329,嘉实全球价值股票(QDII)美元现汇,QDII-普通股票,GOOG,谷歌-C,狭义海外AI,AI云/大模型,0.97%,1,11
013363,大成中国优势混合(QDII)A,QDII-混合偏股,00981,中芯国际,广义离岸中国AI,中国离岸半导体制造,6.69%,1,5
013363,大成中国优势混合(QDII)A,QDII-混合偏股,09988,阿里巴巴-W,广义离岸中国AI,中国离岸AI平台/云,3.49%,1,10
013364,大成中国优势混合(QDII)C,QDII-混合偏股,00981,中芯国际,广义离岸中国AI,中国离岸半导体制造,6.69%,1,5
013364,大成中国优势混合(QDII)C,QDII-混合偏股,09988,阿里巴巴-W,广义离岸中国AI,中国离岸AI平台/云,3.49%,1,10
013365,汇添富产业升级混合A,混合型-偏股,09988,阿里巴巴-W,广义离岸中国AI,中国离岸AI平台/云,7.36%,1,4
013366,汇添富产业升级混合C,混合型-偏股,09988,阿里巴巴-W,广义离岸中国AI,中国离岸AI平台/云,7.36%,1,4
013389,华夏成长先锋一年持有混合A,混合型-偏股,01347,华虹半导体,广义离岸中国AI,中国离岸半导体制造,4.97%,1,7
013389,华夏成长先锋一年持有混合A,混合型-偏股,09988,阿里巴巴-W,广义离岸中国AI,中国离岸AI平台/云,4.89%,1,8
013390,华夏成长先锋一年持有混合C,混合型-偏股,01347,华虹半导体,广义离岸中国AI,中国离岸半导体制造,4.97%,1,7
013390,华夏成长先锋一年持有混合C,混合型-偏股,09988,阿里巴巴-W,广义离岸中国AI,中国离岸AI平台/云,4.89%,1,8
013392,广发港股通优质增长混合C,混合型-偏股,00700,腾讯控股,广义离岸中国AI,中国离岸AI平台/云,7.26%,1,1
013392,广发港股通优质增长混合C,混合型-偏股,09988,阿里巴巴-W,广义离岸中国AI,中国离岸AI平台/云,5.01%,1,4
013392,广发港股通优质增长混合C,混合型-偏股,00992,联想集团,广义离岸中国AI,中国离岸AI PC/服务器,3.01%,1,10
013404,大成标普500等权重指数(QDII)A美元,指数型-海外股票,DELL,戴尔科技,扩展海外AI,AI服务器,0.21%,1,6
013414,太平智远三个月定开股票发起式,股票型,01347,华虹半导体,广义离岸中国AI,中国离岸半导体制造,6.14%,1,2
013417,博时核心资产精选混合A,混合型-偏股,00700,腾讯控股,广义离岸中国AI,中国离岸AI平台/云,8.43%,1,5
013418,博时核心资产精选混合C,混合型-偏股,00700,腾讯控股,广义离岸中国AI,中国离岸AI平台/云,8.43%,1,5
013422,太平智行三个月定开混合发起式,混合型-偏股,00700,腾讯控股,广义离岸中国AI,中国离岸AI平台/云,2.06%,1,8
013426,贝莱德中国新视野混合A,混合型-偏股,00700,腾讯控股,广义离岸中国AI,中国离岸AI平台/云,3.62%,1,7
013427,贝莱德中国新视野混合C,混合型-偏股,00700,腾讯控股,广义离岸中国AI,中国离岸AI平台/云,3.62%,1,7
013431,华泰柏瑞景气汇选三年持有期混合A,混合型-偏股,00981,中芯国际,广义离岸中国AI,中国离岸半导体制造,1.77%,1,7
013432,华泰柏瑞景气汇选三年持有期混合C,混合型-偏股,00981,中芯国际,广义离岸中国AI,中国离岸半导体制造,1.77%,1,7
013450,博时凤凰领航混合A,混合型-偏股,09988,阿里巴巴-W,广义离岸中国AI,中国离岸AI平台/云,4.03%,1,3
013451,博时凤凰领航混合C,混合型-偏股,09988,阿里巴巴-W,广义离岸中国AI,中国离岸AI平台/云,4.03%,1,3
013467,华夏安盈稳健养老目标一年持有混合(FOF)A,FOF-稳健型,00700,腾讯控股,广义离岸中国AI,中国离岸AI平台/云,0.81%,1,1
013485,尚正竞争优势混合发起A,混合型-偏股,00700,腾讯控股,广义离岸中国AI,中国离岸AI平台/云,9.70%,1,2
013486,尚正竞争优势混合发起C,混合型-偏股,00700,腾讯控股,广义离岸中国AI,中国离岸AI平台/云,9.70%,1,2
013517,易方达悦浦一年持有混合A,混合型-偏债,09988,阿里巴巴-W,广义离岸中国AI,中国离岸AI平台/云,0.39%,1,10
013518,易方达悦浦一年持有混合C,混合型-偏债,09988,阿里巴巴-W,广义离岸中国AI,中国离岸AI平台/云,0.39%,1,10
013524,富国悦享回报12个月持有期混合A,混合型-偏债,09988,阿里巴巴-W,广义离岸中国AI,中国离岸AI平台/云,0.82%,1,1
013524,富国悦享回报12个月持有期混合A,混合型-偏债,00700,腾讯控股,广义离岸中国AI,中国离岸AI平台/云,0.44%,1,7
013525,富国悦享回报12个月持有期混合C,混合型-偏债,09988,阿里巴巴-W,广义离岸中国AI,中国离岸AI平台/云,0.82%,1,1
013525,富国悦享回报12个月持有期混合C,混合型-偏债,00700,腾讯控股,广义离岸中国AI,中国离岸AI平台/云,0.44%,1,7
013540,汇添富稳健睿享一年持有混合D,混合型-偏债,00700,腾讯控股,广义离岸中国AI,中国离岸AI平台/云,0.29%,1,6
013548,招商享利增强债券A,债券型-混合二级,00700,腾讯控股,广义离岸中国AI,中国离岸AI平台/云,1.91%,1,1
013548,招商享利增强债券A,债券型-混合二级,09988,阿里巴巴-W,广义离岸中国AI,中国离岸AI平台/云,1.50%,1,2
013549,招商享利增强债券C,债券型-混合二级,00700,腾讯控股,广义离岸中国AI,中国离岸AI平台/云,1.91%,1,1
013549,招商享利增强债券C,债券型-混合二级,09988,阿里巴巴-W,广义离岸中国AI,中国离岸AI平台/云,1.50%,1,2
013575,鹏扬品质精选混合A,混合型-偏股,00700,腾讯控股,广义离岸中国AI,中国离岸AI平台/云,4.10%,1,3
013576,鹏扬品质精选混合C,混合型-偏股,00700,腾讯控股,广义离岸中国AI,中国离岸AI平台/云,4.10%,1,3
013603,易方达均衡优选一年持有混合A,混合型-偏股,00981,中芯国际,广义离岸中国AI,中国离岸半导体制造,2.12%,1,10
013604,易方达均衡优选一年持有混合C,混合型-偏股,00981,中芯国际,广义离岸中国AI,中国离岸半导体制造,2.12%,1,10
013610,中信保诚前瞻优势混合,混合型-偏股,00700,腾讯控股,广义离岸中国AI,中国离岸AI平台/云,4.48%,1,2
013613,宝盈国家安全沪港深股票C,股票型,01347,华虹半导体,广义离岸中国AI,中国离岸半导体制造,4.31%,1,7
013616,广发睿智两年持有期混合发起式A,混合型-偏股,09988,阿里巴巴-W,广义离岸中国AI,中国离岸AI平台/云,5.02%,1,3
013616,广发睿智两年持有期混合发起式A,混合型-偏股,00700,腾讯控股,广义离岸中国AI,中国离岸AI平台/云,4.30%,1,5
013617,广发睿智两年持有期混合发起式C,混合型-偏股,09988,阿里巴巴-W,广义离岸中国AI,中国离岸AI平台/云,5.02%,1,3
013617,广发睿智两年持有期混合发起式C,混合型-偏股,00700,腾讯控股,广义离岸中国AI,中国离岸AI平台/云,4.30%,1,5
013621,华安智能生活混合C,混合型-偏股,09988,阿里巴巴-W,广义离岸中国AI,中国离岸AI平台/云,4.94%,1,1
013621,华安智能生活混合C,混合型-偏股,00700,腾讯控股,广义离岸中国AI,中国离岸AI平台/云,3.50%,1,8
013630,嘉实均衡臻选一年持有混合A,混合型-偏股,09988,阿里巴巴-W,广义离岸中国AI,中国离岸AI平台/云,7.09%,1,2
013630,嘉实均衡臻选一年持有混合A,混合型-偏股,00700,腾讯控股,广义离岸中国AI,中国离岸AI平台/云,6.35%,1,5
013631,嘉实均衡臻选一年持有混合C,混合型-偏股,09988,阿里巴巴-W,广义离岸中国AI,中国离岸AI平台/云,7.09%,1,2
013631,嘉实均衡臻选一年持有混合C,混合型-偏股,00700,腾讯控股,广义离岸中国AI,中国离岸AI平台/云,6.35%,1,5
013636,国投瑞银策略回报混合A,混合型-偏股,00700,腾讯控股,广义离岸中国AI,中国离岸AI平台/云,2.91%,1,6
013637,国投瑞银策略回报混合C,混合型-偏股,00700,腾讯控股,广义离岸中国AI,中国离岸AI平台/云,2.91%,1,6
013693,博道盛兴一年持有期混合,混合型-偏股,00700,腾讯控股,广义离岸中国AI,中国离岸AI平台/云,8.97%,1,1
013765,平安恒泰1年持有混合A,混合型-偏债,09988,阿里巴巴-W,广义离岸中国AI,中国离岸AI平台/云,0.11%,1,4
013766,平安恒泰1年持有混合C,混合型-偏债,09988,阿里巴巴-W,广义离岸中国AI,中国离岸AI平台/云,0.11%,1,4
013785,东方红优质甄选一年持有混合C,混合型-偏债,00700,腾讯控股,广义离岸中国AI,中国离岸AI平台/云,0.35%,1,3
013824,汇丰晋信慧悦混合,混合型-偏债,00981,中芯国际,广义离岸中国AI,中国离岸半导体制造,1.51%,1,8
013826,天弘永丰稳健养老目标一年持有混合(FOF)A,FOF-稳健型,09988,阿里巴巴-W,广义离岸中国AI,中国离岸AI平台/云,1.30%,1,3
013840,银华集成电路混合A,混合型-偏股,00981,中芯国际,广义离岸中国AI,中国离岸半导体制造,3.19%,1,11
013840,银华集成电路混合A,混合型-偏股,01347,华虹半导体,广义离岸中国AI,中国离岸半导体制造,3.18%,1,12
013841,银华集成电路混合C,混合型-偏股,00981,中芯国际,广义离岸中国AI,中国离岸半导体制造,3.19%,1,10
013841,银华集成电路混合C,混合型-偏股,01347,华虹半导体,广义离岸中国AI,中国离岸半导体制造,3.18%,1,11
013842,银华新锐成长混合A,混合型-偏股,01347,华虹半导体,广义离岸中国AI,中国离岸半导体制造,4.43%,1,8
013843,银华新锐成长混合C,混合型-偏股,01347,华虹半导体,广义离岸中国AI,中国离岸半导体制造,4.43%,1,8
013861,泓德产业升级混合A,混合型-偏股,00981,中芯国际,广义离岸中国AI,中国离岸半导体制造,2.43%,1,10
013862,泓德产业升级混合C,混合型-偏股,00981,中芯国际,广义离岸中国AI,中国离岸半导体制造,2.43%,1,10
013867,汇安优势企业精选混合A,混合型-偏股,01347,华虹半导体,广义离岸中国AI,中国离岸半导体制造,3.10%,1,9
013868,汇安优势企业精选混合C,混合型-偏股,01347,华虹半导体,广义离岸中国AI,中国离岸半导体制造,3.10%,1,9
013880,广发招享混合C,混合型-偏债,00700,腾讯控股,广义离岸中国AI,中国离岸AI平台/云,3.05%,1,2
013880,广发招享混合C,混合型-偏债,02228,晶泰控股,广义离岸中国AI,中国离岸AI制药,1.03%,1,7
013888,天弘沪港深新消费品牌指数A,指数型-股票,00700,腾讯控股,广义离岸中国AI,中国离岸AI平台/云,8.64%,1,3
013888,天弘沪港深新消费品牌指数A,指数型-股票,09988,阿里巴巴-W,广义离岸中国AI,中国离岸AI平台/云,8.40%,1,4
013888,天弘沪港深新消费品牌指数A,指数型-股票,01810,小米集团-W,广义离岸中国AI,中国离岸AI终端/汽车,8.08%,1,5
013889,天弘沪港深新消费品牌指数C,指数型-股票,00700,腾讯控股,广义离岸中国AI,中国离岸AI平台/云,8.64%,1,3
013889,天弘沪港深新消费品牌指数C,指数型-股票,09988,阿里巴巴-W,广义离岸中国AI,中国离岸AI平台/云,8.40%,1,4
013889,天弘沪港深新消费品牌指数C,指数型-股票,01810,小米集团-W,广义离岸中国AI,中国离岸AI终端/汽车,8.08%,1,5
013890,国泰睿毅三年持有期混合A,混合型-偏股,09988,阿里巴巴-W,广义离岸中国AI,中国离岸AI平台/云,3.33%,1,8
013891,国泰睿毅三年持有期混合C,混合型-偏股,09988,阿里巴巴-W,广义离岸中国AI,中国离岸AI平台/云,3.33%,1,8
013904,景顺长城养老2035三年持有混合(FOF)A,FOF-均衡型,00700,腾讯控股,广义离岸中国AI,中国离岸AI平台/云,0.62%,1,1
013912,中欧招益稳健一年持有混合A,混合型-偏债,00700,腾讯控股,广义离岸中国AI,中国离岸AI平台/云,3.55%,1,2
013913,中欧招益稳健一年持有混合C,混合型-偏债,00700,腾讯控股,广义离岸中国AI,中国离岸AI平台/云,3.55%,1,2
013916,国联成长先锋一年持有混合A,混合型-偏股,00700,腾讯控股,广义离岸中国AI,中国离岸AI平台/云,4.83%,1,5
013917,国联成长先锋一年持有混合C,混合型-偏股,00700,腾讯控股,广义离岸中国AI,中国离岸AI平台/云,4.83%,1,5
013939,汇泉策略优选混合C,混合型-偏股,00700,腾讯控股,广义离岸中国AI,中国离岸AI平台/云,1.97%,1,4
013944,招商智星稳健配置混合(FOF-LOF)C,FOF-稳健型,00700,腾讯控股,广义离岸中国AI,中国离岸AI平台/云,0.31%,1,1
013945,交银中证海外中国互联网指数(LOF)C,指数型-海外股票,00700,腾讯控股,广义离岸中国AI,中国离岸AI平台/云,9.54%,1,1
013945,交银中证海外中国互联网指数(LOF)C,指数型-海外股票,09988,阿里巴巴-W,广义离岸中国AI,中国离岸AI平台/云,8.00%,1,3
013945,交银中证海外中国互联网指数(LOF)C,指数型-海外股票,09888,百度集团-SW,广义离岸中国AI,中国离岸AI/自动驾驶/云,3.92%,1,7
013967,广发恒享一年持有期混合A,混合型-偏债,09988,阿里巴巴-W,广义离岸中国AI,中国离岸AI平台/云,1.46%,1,1
013968,广发恒享一年持有期混合C,混合型-偏债,09988,阿里巴巴-W,广义离岸中国AI,中国离岸AI平台/云,1.46%,1,1
013991,中欧港股通精选一年持有混合A,混合型-偏股,00700,腾讯控股,广义离岸中国AI,中国离岸AI平台/云,9.24%,1,1
013991,中欧港股通精选一年持有混合A,混合型-偏股,09988,阿里巴巴-W,广义离岸中国AI,中国离岸AI平台/云,5.11%,1,6
013992,中欧港股通精选一年持有混合C,混合型-偏股,00700,腾讯控股,广义离岸中国AI,中国离岸AI平台/云,9.24%,1,1
013992,中欧港股通精选一年持有混合C,混合型-偏股,09988,阿里巴巴-W,广义离岸中国AI,中国离岸AI平台/云,5.11%,1,6
014000,中欧丰利债券A,债券型-混合二级,09988,阿里巴巴-W,广义离岸中国AI,中国离岸AI平台/云,1.29%,1,4
014000,中欧丰利债券A,债券型-混合二级,00700,腾讯控股,广义离岸中国AI,中国离岸AI平台/云,0.91%,1,8
014001,中欧丰利债券C,债券型-混合二级,09988,阿里巴巴-W,广义离岸中国AI,中国离岸AI平台/云,1.29%,1,4
014001,中欧丰利债券C,债券型-混合二级,00700,腾讯控股,广义离岸中国AI,中国离岸AI平台/云,0.91%,1,8
014002,浦银安盛全球智能科技(QDII)C,QDII-普通股票,LITE,Lumentum Holdings Inc,扩展海外AI,光通信器件,8.22%,1,1
014002,浦银安盛全球智能科技(QDII)C,QDII-普通股票,GOOG,谷歌-C,狭义海外AI,AI云/大模型,6.40%,1,2
014002,浦银安盛全球智能科技(QDII)C,QDII-普通股票,TSM,台积电,狭义海外AI,先进制程代工,6.04%,1,3
014002,浦银安盛全球智能科技(QDII)C,QDII-普通股票,MU,美光科技,狭义海外AI,AI存储/HBM,5.13%,1,6
014002,浦银安盛全球智能科技(QDII)C,QDII-普通股票,INTC,英特尔,扩展海外AI,半导体,4.34%,1,7
014002,浦银安盛全球智能科技(QDII)C,QDII-普通股票,ASML,阿斯麦,狭义海外AI,半导体设备,3.25%,1,10
014036,博时成长回报混合A,混合型-偏股,01347,华虹半导体,广义离岸中国AI,中国离岸半导体制造,4.10%,1,8
014037,博时成长回报混合C,混合型-偏股,01347,华虹半导体,广义离岸中国AI,中国离岸半导体制造,4.10%,1,8
014042,银华心诚灵活配置混合C,混合型-灵活,00700,腾讯控股,广义离岸中国AI,中国离岸AI平台/云,9.07%,1,2
014042,银华心诚灵活配置混合C,混合型-灵活,09988,阿里巴巴-W,广义离岸中国AI,中国离岸AI平台/云,8.98%,1,3
014042,银华心诚灵活配置混合C,混合型-灵活,00981,中芯国际,广义离岸中国AI,中国离岸半导体制造,7.79%,1,5
014042,银华心诚灵活配置混合C,混合型-灵活,03896,金山云,广义离岸中国AI,中国离岸云计算,6.22%,1,6
014042,银华心诚灵活配置混合C,混合型-灵活,01347,华虹半导体,广义离岸中国AI,中国离岸半导体制造,4.76%,1,9
014043,银华心怡灵活配置混合C,混合型-灵活,00700,腾讯控股,广义离岸中国AI,中国离岸AI平台/云,9.40%,1,2
014043,银华心怡灵活配置混合C,混合型-灵活,09988,阿里巴巴-W,广义离岸中国AI,中国离岸AI平台/云,8.43%,1,3
014043,银华心怡灵活配置混合C,混合型-灵活,00981,中芯国际,广义离岸中国AI,中国离岸半导体制造,8.03%,1,5
014043,银华心怡灵活配置混合C,混合型-灵活,03896,金山云,广义离岸中国AI,中国离岸云计算,5.80%,1,6
014043,银华心怡灵活配置混合C,混合型-灵活,01347,华虹半导体,广义离岸中国AI,中国离岸半导体制造,5.23%,1,8
014045,银华积极成长混合C,混合型-偏股,00700,腾讯控股,广义离岸中国AI,中国离岸AI平台/云,4.43%,1,2
014052,银华港股通精选股票发起式C,股票型,00700,腾讯控股,广义离岸中国AI,中国离岸AI平台/云,6.01%,1,1
014052,银华港股通精选股票发起式C,股票型,01347,华虹半导体,广义离岸中国AI,中国离岸半导体制造,5.70%,1,3
014052,银华港股通精选股票发起式C,股票型,09988,阿里巴巴-W,广义离岸中国AI,中国离岸AI平台/云,5.08%,1,7
014052,银华港股通精选股票发起式C,股票型,00981,中芯国际,广义离岸中国AI,中国离岸半导体制造,4.96%,1,9
014053,太平睿庆混合A,混合型-偏债,00700,腾讯控股,广义离岸中国AI,中国离岸AI平台/云,1.49%,1,3
014054,太平睿庆混合C,混合型-偏债,00700,腾讯控股,广义离岸中国AI,中国离岸AI平台/云,1.49%,1,3
014080,交银启汇混合C,混合型-偏股,00700,腾讯控股,广义离岸中国AI,中国离岸AI平台/云,2.97%,1,6
014094,南方誉盈一年持有混合A,混合型-偏债,00700,腾讯控股,广义离岸中国AI,中国离岸AI平台/云,1.93%,1,2
014094,南方誉盈一年持有混合A,混合型-偏债,00981,中芯国际,广义离岸中国AI,中国离岸半导体制造,1.26%,1,6
014095,南方誉盈一年持有混合C,混合型-偏债,00700,腾讯控股,广义离岸中国AI,中国离岸AI平台/云,1.93%,1,2
014095,南方誉盈一年持有混合C,混合型-偏债,00981,中芯国际,广义离岸中国AI,中国离岸半导体制造,1.26%,1,6
014107,博时品质生活混合A,混合型-偏股,00700,腾讯控股,广义离岸中国AI,中国离岸AI平台/云,8.39%,1,1
014108,博时品质生活混合C,混合型-偏股,00700,腾讯控股,广义离岸中国AI,中国离岸AI平台/云,8.39%,1,1
014148,景顺长城安鼎一年持有期混合A,混合型-偏债,00700,腾讯控股,广义离岸中国AI,中国离岸AI平台/云,1.94%,1,1
014149,景顺长城安鼎一年持有期混合C,混合型-偏债,00700,腾讯控股,广义离岸中国AI,中国离岸AI平台/云,1.94%,1,1
014163,富国港股通量化精选股票C,股票型,00700,腾讯控股,广义离岸中国AI,中国离岸AI平台/云,9.37%,1,2
014163,富国港股通量化精选股票C,股票型,09988,阿里巴巴-W,广义离岸中国AI,中国离岸AI平台/云,7.06%,1,3
014175,工银价值成长混合A,混合型-偏股,01347,华虹半导体,广义离岸中国AI,中国离岸半导体制造,2.92%,1,6
014176,工银价值成长混合C,混合型-偏股,01347,华虹半导体,广义离岸中国AI,中国离岸半导体制造,2.92%,1,6
014177,华安景气驱动一年持有混合A,混合型-偏股,09988,阿里巴巴-W,广义离岸中国AI,中国离岸AI平台/云,4.88%,1,1
014177,华安景气驱动一年持有混合A,混合型-偏股,00700,腾讯控股,广义离岸中国AI,中国离岸AI平台/云,3.34%,1,8
014178,华安景气驱动一年持有混合C,混合型-偏股,09988,阿里巴巴-W,广义离岸中国AI,中国离岸AI平台/云,4.88%,1,1
014178,华安景气驱动一年持有混合C,混合型-偏股,00700,腾讯控股,广义离岸中国AI,中国离岸AI平台/云,3.34%,1,8
014193,汇添富中证芯片产业指数增强发起式A,指数型-股票,00981,中芯国际,广义离岸中国AI,中国离岸半导体制造,1.98%,1,13
014194,汇添富中证芯片产业指数增强发起式C,指数型-股票,00981,中芯国际,广义离岸中国AI,中国离岸半导体制造,1.98%,1,13
014199,建信沃信一年持有混合A,混合型-偏股,00700,腾讯控股,广义离岸中国AI,中国离岸AI平台/云,9.14%,1,2
014200,建信沃信一年持有混合C,混合型-偏股,00700,腾讯控股,广义离岸中国AI,中国离岸AI平台/云,9.14%,1,2
014210,国投瑞银竞争优势混合A,混合型-偏股,00700,腾讯控股,广义离岸中国AI,中国离岸AI平台/云,4.03%,1,3
014210,国投瑞银竞争优势混合A,混合型-偏股,09988,阿里巴巴-W,广义离岸中国AI,中国离岸AI平台/云,3.85%,1,5
014211,国投瑞银竞争优势混合C,混合型-偏股,00700,腾讯控股,广义离岸中国AI,中国离岸AI平台/云,4.03%,1,3
014211,国投瑞银竞争优势混合C,混合型-偏股,09988,阿里巴巴-W,广义离岸中国AI,中国离岸AI平台/云,3.85%,1,5
014214,光大核心资产混合A,混合型-偏股,00700,腾讯控股,广义离岸中国AI,中国离岸AI平台/云,5.14%,1,3
014214,光大核心资产混合A,混合型-偏股,09988,阿里巴巴-W,广义离岸中国AI,中国离岸AI平台/云,3.69%,1,5
014215,光大核心资产混合C,混合型-偏股,00700,腾讯控股,广义离岸中国AI,中国离岸AI平台/云,5.14%,1,3
014215,光大核心资产混合C,混合型-偏股,09988,阿里巴巴-W,广义离岸中国AI,中国离岸AI平台/云,3.69%,1,5
014218,汇添富中证科创创业50指数增强发起式A,指数型-股票,00981,中芯国际,广义离岸中国AI,中国离岸半导体制造,3.07%,1,9
014219,汇添富中证科创创业50指数增强发起式C,指数型-股票,00981,中芯国际,广义离岸中国AI,中国离岸半导体制造,3.07%,1,9
014228,浦银安盛品质优选混合A,混合型-偏股,00700,腾讯控股,广义离岸中国AI,中国离岸AI平台/云,8.25%,1,1
014228,浦银安盛品质优选混合A,混合型-偏股,01810,小米集团-W,广义离岸中国AI,中国离岸AI终端/汽车,5.16%,1,7
014229,浦银安盛品质优选混合C,混合型-偏股,00700,腾讯控股,广义离岸中国AI,中国离岸AI平台/云,8.25%,1,1
014229,浦银安盛品质优选混合C,混合型-偏股,01810,小米集团-W,广义离岸中国AI,中国离岸AI终端/汽车,5.16%,1,7
014235,淳厚时代优选混合A,混合型-偏股,03896,金山云,广义离岸中国AI,中国离岸云计算,1.91%,1,10
014236,淳厚时代优选混合C,混合型-偏股,03896,金山云,广义离岸中国AI,中国离岸云计算,1.91%,1,10
014239,国泰产业精选混合C,混合型-偏股,09988,阿里巴巴-W,广义离岸中国AI,中国离岸AI平台/云,4.66%,1,3
014239,国泰产业精选混合C,混合型-偏股,00700,腾讯控股,广义离岸中国AI,中国离岸AI平台/云,3.80%,1,7
014244,鹏扬竞争力先锋一年持有混合A,混合型-偏股,00700,腾讯控股,广义离岸中国AI,中国离岸AI平台/云,9.09%,1,1
014245,鹏扬竞争力先锋一年持有混合C,混合型-偏股,00700,腾讯控股,广义离岸中国AI,中国离岸AI平台/云,9.09%,1,1
014261,摩根沃享远见一年持有期混合A,混合型-偏股,00700,腾讯控股,广义离岸中国AI,中国离岸AI平台/云,6.56%,1,5
014261,摩根沃享远见一年持有期混合A,混合型-偏股,00981,中芯国际,广义离岸中国AI,中国离岸半导体制造,2.86%,1,9
014262,摩根沃享远见一年持有期混合C,混合型-偏股,00700,腾讯控股,广义离岸中国AI,中国离岸AI平台/云,6.56%,1,5
014262,摩根沃享远见一年持有期混合C,混合型-偏股,00981,中芯国际,广义离岸中国AI,中国离岸半导体制造,2.86%,1,9
014287,泰康新锐成长混合A,混合型-偏股,00700,腾讯控股,广义离岸中国AI,中国离岸AI平台/云,5.14%,1,1
014287,泰康新锐成长混合A,混合型-偏股,09988,阿里巴巴-W,广义离岸中国AI,中国离岸AI平台/云,3.49%,1,6
014287,泰康新锐成长混合A,混合型-偏股,00981,中芯国际,广义离岸中国AI,中国离岸半导体制造,3.45%,1,7
014291,东方红民享甄选一年持有混合,混合型-偏债,00700,腾讯控股,广义离岸中国AI,中国离岸AI平台/云,1.13%,1,2
014291,东方红民享甄选一年持有混合,混合型-偏债,09988,阿里巴巴-W,广义离岸中国AI,中国离岸AI平台/云,1.03%,1,4
014299,宏利先进制造股票A,股票型,00981,中芯国际,广义离岸中国AI,中国离岸半导体制造,8.33%,1,6
014300,宏利先进制造股票C,股票型,00981,中芯国际,广义离岸中国AI,中国离岸半导体制造,8.33%,1,6
014317,广发价值领航一年持有混合A,混合型-偏股,09988,阿里巴巴-W,广义离岸中国AI,中国离岸AI平台/云,6.36%,1,1
014317,广发价值领航一年持有混合A,混合型-偏股,00700,腾讯控股,广义离岸中国AI,中国离岸AI平台/云,6.32%,1,2
014318,广发价值领航一年持有混合C,混合型-偏股,09988,阿里巴巴-W,广义离岸中国AI,中国离岸AI平台/云,6.36%,1,1
014318,广发价值领航一年持有混合C,混合型-偏股,00700,腾讯控股,广义离岸中国AI,中国离岸AI平台/云,6.32%,1,2
014319,德邦半导体产业混合发起式A,混合型-偏股,00981,中芯国际,广义离岸中国AI,中国离岸半导体制造,5.24%,1,5
014319,德邦半导体产业混合发起式A,混合型-偏股,01347,华虹半导体,广义离岸中国AI,中国离岸半导体制造,4.33%,1,8
014320,德邦半导体产业混合发起式C,混合型-偏股,00981,中芯国际,广义离岸中国AI,中国离岸半导体制造,5.24%,1,5
014320,德邦半导体产业混合发起式C,混合型-偏股,01347,华虹半导体,广义离岸中国AI,中国离岸半导体制造,4.33%,1,8
014329,国联优势产业混合A,混合型-偏股,00700,腾讯控股,广义离岸中国AI,中国离岸AI平台/云,2.59%,1,6
014330,国联优势产业混合C,混合型-偏股,00700,腾讯控股,广义离岸中国AI,中国离岸AI平台/云,2.59%,1,6
014333,工银优势领航混合A,混合型-偏股,00700,腾讯控股,广义离岸中国AI,中国离岸AI平台/云,5.00%,1,5
014334,工银优势领航混合C,混合型-偏股,00700,腾讯控股,广义离岸中国AI,中国离岸AI平台/云,5.00%,1,5
014346,银华消费主题混合C,混合型-偏股,09988,阿里巴巴-W,广义离岸中国AI,中国离岸AI平台/云,5.68%,1,7
014352,东方创新成长混合A,混合型-偏股,03896,金山云,广义离岸中国AI,中国离岸云计算,8.59%,1,4
014353,东方创新成长混合C,混合型-偏股,03896,金山云,广义离岸中国AI,中国离岸云计算,8.59%,1,4
014362,睿远稳进配置两年持有混合A,混合型-偏债,00700,腾讯控股,广义离岸中国AI,中国离岸AI平台/云,3.40%,1,2
014363,睿远稳进配置两年持有混合C,混合型-偏债,00700,腾讯控股,广义离岸中国AI,中国离岸AI平台/云,3.40%,1,2
014373,浙商全景消费混合C,混合型-偏股,00700,腾讯控股,广义离岸中国AI,中国离岸AI平台/云,4.20%,1,3
014373,浙商全景消费混合C,混合型-偏股,09988,阿里巴巴-W,广义离岸中国AI,中国离岸AI平台/云,3.94%,1,4
014374,景顺长城隽丰平衡养老三年持有混合(FOF)A,FOF-均衡型,00700,腾讯控股,广义离岸中国AI,中国离岸AI平台/云,0.89%,1,1
014385,华富安业一年持有债券A,债券型-混合二级,00700,腾讯控股,广义离岸中国AI,中国离岸AI平台/云,0.34%,1,3
014386,华富安业一年持有债券C,债券型-混合二级,00700,腾讯控股,广义离岸中国AI,中国离岸AI平台/云,0.34%,1,3
014389,华安产业动力6个月持有混合A,混合型-偏股,09988,阿里巴巴-W,广义离岸中国AI,中国离岸AI平台/云,2.66%,1,5
014390,华安产业动力6个月持有混合C,混合型-偏股,09988,阿里巴巴-W,广义离岸中国AI,中国离岸AI平台/云,2.66%,1,5
014397,中银恒悦180天持有债券A,债券型-混合二级,09988,阿里巴巴-W,广义离岸中国AI,中国离岸AI平台/云,0.30%,1,1
014398,中银恒悦180天持有债券C,债券型-混合二级,09988,阿里巴巴-W,广义离岸中国AI,中国离岸AI平台/云,0.30%,1,1
014399,中银民利一年持有期债券A,债券型-混合二级,09988,阿里巴巴-W,广义离岸中国AI,中国离岸AI平台/云,0.30%,1,10
014400,中银民利一年持有期债券C,债券型-混合二级,09988,阿里巴巴-W,广义离岸中国AI,中国离岸AI平台/云,0.30%,1,10
014416,泰康研究精选股票发起A,股票型,01347,华虹半导体,广义离岸中国AI,中国离岸半导体制造,2.73%,1,9
014417,泰康研究精选股票发起C,股票型,01347,华虹半导体,广义离岸中国AI,中国离岸半导体制造,2.73%,1,9
014418,西部利得CES芯片指数增强A,指数型-股票,00981,中芯国际,广义离岸中国AI,中国离岸半导体制造,5.16%,1,5
014419,西部利得CES芯片指数增强C,指数型-股票,00981,中芯国际,广义离岸中国AI,中国离岸半导体制造,5.16%,1,5
014422,弘毅远方消费升级混合C,混合型-偏股,09988,阿里巴巴-W,广义离岸中国AI,中国离岸AI平台/云,3.97%,1,10
014472,景顺长城远见成长混合A,混合型-偏股,00981,中芯国际,广义离岸中国AI,中国离岸半导体制造,6.17%,1,4
014473,景顺长城远见成长混合C,混合型-偏股,00981,中芯国际,广义离岸中国AI,中国离岸半导体制造,6.17%,1,4
014482,华夏融盛可持续一年持有混合A,混合型-偏股,00700,腾讯控股,广义离岸中国AI,中国离岸AI平台/云,9.39%,1,1
014482,华夏融盛可持续一年持有混合A,混合型-偏股,00981,中芯国际,广义离岸中国AI,中国离岸半导体制造,5.84%,1,6
014483,华夏融盛可持续一年持有混合C,混合型-偏股,00700,腾讯控股,广义离岸中国AI,中国离岸AI平台/云,9.39%,1,1
014483,华夏融盛可持续一年持有混合C,混合型-偏股,00981,中芯国际,广义离岸中国AI,中国离岸半导体制造,5.84%,1,6
014508,汇添富先进制造混合A,混合型-偏股,00981,中芯国际,广义离岸中国AI,中国离岸半导体制造,8.09%,1,4
014509,汇添富先进制造混合C,混合型-偏股,00981,中芯国际,广义离岸中国AI,中国离岸半导体制造,8.09%,1,4
014526,汇添富中盘潜力增长一年持有混合A,混合型-偏股,01347,华虹半导体,广义离岸中国AI,中国离岸半导体制造,4.17%,1,6
014527,汇添富中盘潜力增长一年持有混合C,混合型-偏股,01347,华虹半导体,广义离岸中国AI,中国离岸半导体制造,4.17%,1,6
014538,长城研究精选混合C,混合型-偏股,09988,阿里巴巴-W,广义离岸中国AI,中国离岸AI平台/云,3.41%,1,4
014573,东方红锦弘甄选两年持有混合,混合型-偏债,00700,腾讯控股,广义离岸中国AI,中国离岸AI平台/云,3.67%,1,1
014573,东方红锦弘甄选两年持有混合,混合型-偏债,09988,阿里巴巴-W,广义离岸中国AI,中国离岸AI平台/云,3.04%,1,2
014585,银华心兴三年持有混合A,混合型-偏股,00700,腾讯控股,广义离岸中国AI,中国离岸AI平台/云,8.44%,1,2
014585,银华心兴三年持有混合A,混合型-偏股,09988,阿里巴巴-W,广义离岸中国AI,中国离岸AI平台/云,8.00%,1,4
014585,银华心兴三年持有混合A,混合型-偏股,00981,中芯国际,广义离岸中国AI,中国离岸半导体制造,7.77%,1,5
014585,银华心兴三年持有混合A,混合型-偏股,01347,华虹半导体,广义离岸中国AI,中国离岸半导体制造,5.94%,1,6
014585,银华心兴三年持有混合A,混合型-偏股,03896,金山云,广义离岸中国AI,中国离岸云计算,5.79%,1,7
014586,银华心兴三年持有混合C,混合型-偏股,00700,腾讯控股,广义离岸中国AI,中国离岸AI平台/云,8.44%,1,2
014586,银华心兴三年持有混合C,混合型-偏股,09988,阿里巴巴-W,广义离岸中国AI,中国离岸AI平台/云,8.00%,1,4
014586,银华心兴三年持有混合C,混合型-偏股,00981,中芯国际,广义离岸中国AI,中国离岸半导体制造,7.77%,1,5
014586,银华心兴三年持有混合C,混合型-偏股,01347,华虹半导体,广义离岸中国AI,中国离岸半导体制造,5.94%,1,6
014586,银华心兴三年持有混合C,混合型-偏股,03896,金山云,广义离岸中国AI,中国离岸云计算,5.79%,1,7
014591,广发瑞誉一年持有期混合A,混合型-偏股,09988,阿里巴巴-W,广义离岸中国AI,中国离岸AI平台/云,6.97%,1,3
014591,广发瑞誉一年持有期混合A,混合型-偏股,00700,腾讯控股,广义离岸中国AI,中国离岸AI平台/云,4.84%,1,7
014592,广发瑞誉一年持有期混合C,混合型-偏股,09988,阿里巴巴-W,广义离岸中国AI,中国离岸AI平台/云,6.97%,1,3
014592,广发瑞誉一年持有期混合C,混合型-偏股,00700,腾讯控股,广义离岸中国AI,中国离岸AI平台/云,4.84%,1,7
014593,西部利得聚优一年持有期混合,混合型-偏债,00700,腾讯控股,广义离岸中国AI,中国离岸AI平台/云,0.44%,1,8
014653,建信卓越成长一年持有混合A,混合型-偏股,00700,腾讯控股,广义离岸中国AI,中国离岸AI平台/云,3.82%,1,4
014654,建信卓越成长一年持有混合C,混合型-偏股,00700,腾讯控股,广义离岸中国AI,中国离岸AI平台/云,3.82%,1,4
014671,富国裕利债券A,债券型-混合二级,00700,腾讯控股,广义离岸中国AI,中国离岸AI平台/云,0.40%,1,1
014672,富国裕利债券C,债券型-混合二级,00700,腾讯控股,广义离岸中国AI,中国离岸AI平台/云,0.40%,1,1
014677,中信保诚至远动力混合E,混合型-偏股,00700,腾讯控股,广义离岸中国AI,中国离岸AI平台/云,3.62%,1,5
014697,南方誉稳一年持有混合A,混合型-偏债,00700,腾讯控股,广义离岸中国AI,中国离岸AI平台/云,1.89%,1,2
014697,南方誉稳一年持有混合A,混合型-偏债,00981,中芯国际,广义离岸中国AI,中国离岸半导体制造,1.24%,1,5
014697,南方誉稳一年持有混合A,混合型-偏债,09988,阿里巴巴-W,广义离岸中国AI,中国离岸AI平台/云,1.04%,1,10
014698,南方誉稳一年持有混合C,混合型-偏债,00700,腾讯控股,广义离岸中国AI,中国离岸AI平台/云,1.89%,1,2
014698,南方誉稳一年持有混合C,混合型-偏债,00981,中芯国际,广义离岸中国AI,中国离岸半导体制造,1.24%,1,5
014698,南方誉稳一年持有混合C,混合型-偏债,09988,阿里巴巴-W,广义离岸中国AI,中国离岸AI平台/云,1.04%,1,10
014703,博时时代领航混合A,混合型-偏股,00700,腾讯控股,广义离岸中国AI,中国离岸AI平台/云,1.98%,1,9
014704,博时时代领航混合C,混合型-偏股,00700,腾讯控股,广义离岸中国AI,中国离岸AI平台/云,1.98%,1,9
014729,前海开源新兴产业混合C,混合型-偏股,09988,阿里巴巴-W,广义离岸中国AI,中国离岸AI平台/云,6.25%,1,5
014730,华富荣盛一年持有期混合A,混合型-偏债,00700,腾讯控股,广义离岸中国AI,中国离岸AI平台/云,1.28%,1,2
014731,华富荣盛一年持有期混合C,混合型-偏债,00700,腾讯控股,广义离岸中国AI,中国离岸AI平台/云,1.28%,1,2
014746,贝莱德港股通远景视野混合A,混合型-偏股,00700,腾讯控股,广义离岸中国AI,中国离岸AI平台/云,9.19%,1,1
014746,贝莱德港股通远景视野混合A,混合型-偏股,09988,阿里巴巴-W,广义离岸中国AI,中国离岸AI平台/云,5.44%,1,3
014747,贝莱德港股通远景视野混合C,混合型-偏股,00700,腾讯控股,广义离岸中国AI,中国离岸AI平台/云,9.19%,1,1
014747,贝莱德港股通远景视野混合C,混合型-偏股,09988,阿里巴巴-W,广义离岸中国AI,中国离岸AI平台/云,5.44%,1,3
014754,华安景气优选混合A,混合型-偏股,09988,阿里巴巴-W,广义离岸中国AI,中国离岸AI平台/云,4.98%,1,1
014754,华安景气优选混合A,混合型-偏股,00700,腾讯控股,广义离岸中国AI,中国离岸AI平台/云,3.60%,1,8
014755,华安景气优选混合C,混合型-偏股,09988,阿里巴巴-W,广义离岸中国AI,中国离岸AI平台/云,4.98%,1,1
014755,华安景气优选混合C,混合型-偏股,00700,腾讯控股,广义离岸中国AI,中国离岸AI平台/云,3.60%,1,8
014794,富国远见优选混合A,混合型-偏股,00700,腾讯控股,广义离岸中国AI,中国离岸AI平台/云,4.29%,1,9
014795,富国远见优选混合C,混合型-偏股,00700,腾讯控股,广义离岸中国AI,中国离岸AI平台/云,4.29%,1,9
014797,富国融悦12个月持有期混合A,混合型-偏股,00700,腾讯控股,广义离岸中国AI,中国离岸AI平台/云,4.50%,1,3
014798,富国融悦12个月持有期混合C,混合型-偏股,00700,腾讯控股,广义离岸中国AI,中国离岸AI平台/云,4.50%,1,3
014818,国金新兴价值混合A,混合型-偏股,01347,华虹半导体,广义离岸中国AI,中国离岸半导体制造,5.53%,1,3
014818,国金新兴价值混合A,混合型-偏股,09988,阿里巴巴-W,广义离岸中国AI,中国离岸AI平台/云,4.56%,1,7
014819,国金新兴价值混合C,混合型-偏股,01347,华虹半导体,广义离岸中国AI,中国离岸半导体制造,5.53%,1,3
014819,国金新兴价值混合C,混合型-偏股,09988,阿里巴巴-W,广义离岸中国AI,中国离岸AI平台/云,4.56%,1,7
014825,汇泉兴至未来一年持有混合A,混合型-偏股,00981,中芯国际,广义离岸中国AI,中国离岸半导体制造,7.46%,1,4
014825,汇泉兴至未来一年持有混合A,混合型-偏股,09988,阿里巴巴-W,广义离岸中国AI,中国离岸AI平台/云,6.48%,1,6
014825,汇泉兴至未来一年持有混合A,混合型-偏股,00700,腾讯控股,广义离岸中国AI,中国离岸AI平台/云,6.19%,1,8
014826,汇泉兴至未来一年持有混合C,混合型-偏股,00981,中芯国际,广义离岸中国AI,中国离岸半导体制造,7.46%,1,4
014826,汇泉兴至未来一年持有混合C,混合型-偏股,09988,阿里巴巴-W,广义离岸中国AI,中国离岸AI平台/云,6.48%,1,6
014826,汇泉兴至未来一年持有混合C,混合型-偏股,00700,腾讯控股,广义离岸中国AI,中国离岸AI平台/云,6.19%,1,8
014840,招商裕华混合,混合型-偏股,00700,腾讯控股,广义离岸中国AI,中国离岸AI平台/云,7.63%,1,1
014840,招商裕华混合,混合型-偏股,09988,阿里巴巴-W,广义离岸中国AI,中国离岸AI平台/云,6.31%,1,2
014840,招商裕华混合,混合型-偏股,00981,中芯国际,广义离岸中国AI,中国离岸半导体制造,3.59%,1,6
014840,招商裕华混合,混合型-偏股,01347,华虹半导体,广义离岸中国AI,中国离岸半导体制造,2.54%,1,10
014864,建信食品饮料行业股票C,股票型,00700,腾讯控股,广义离岸中国AI,中国离岸AI平台/云,6.07%,1,5
014913,博时研究回报混合A,混合型-偏股,00700,腾讯控股,广义离岸中国AI,中国离岸AI平台/云,4.18%,1,7
014914,博时研究回报混合C,混合型-偏股,00700,腾讯控股,广义离岸中国AI,中国离岸AI平台/云,4.18%,1,7
014919,银华心选一年持有期混合A,混合型-偏股,00700,腾讯控股,广义离岸中国AI,中国离岸AI平台/云,6.60%,1,1
014920,银华心选一年持有期混合C,混合型-偏股,00700,腾讯控股,广义离岸中国AI,中国离岸AI平台/云,6.60%,1,1
014922,华夏ESG可持续投资一年持有混合A,混合型-偏股,00700,腾讯控股,广义离岸中国AI,中国离岸AI平台/云,4.77%,1,6
014922,华夏ESG可持续投资一年持有混合A,混合型-偏股,00981,中芯国际,广义离岸中国AI,中国离岸半导体制造,4.45%,1,7
014923,华夏ESG可持续投资一年持有混合C,混合型-偏股,00700,腾讯控股,广义离岸中国AI,中国离岸AI平台/云,4.77%,1,6
014923,华夏ESG可持续投资一年持有混合C,混合型-偏股,00981,中芯国际,广义离岸中国AI,中国离岸半导体制造,4.45%,1,7
014944,蜂巢润和六个月持有期混合A,混合型-偏债,00700,腾讯控股,广义离岸中国AI,中国离岸AI平台/云,1.94%,1,2
014945,蜂巢润和六个月持有期混合C,混合型-偏债,00700,腾讯控股,广义离岸中国AI,中国离岸AI平台/云,1.94%,1,2
014946,南方高质量优选混合A,混合型-偏股,00700,腾讯控股,广义离岸中国AI,中国离岸AI平台/云,4.03%,1,2
014947,南方高质量优选混合C,混合型-偏股,00700,腾讯控股,广义离岸中国AI,中国离岸AI平台/云,4.03%,1,2
014963,交银先进制造混合C,混合型-偏股,00700,腾讯控股,广义离岸中国AI,中国离岸AI平台/云,3.26%,1,8
014970,华安低碳生活混合C,混合型-偏股,09988,阿里巴巴-W,广义离岸中国AI,中国离岸AI平台/云,6.74%,1,2
014972,华安沪港深外延增长灵活配置混合C,混合型-灵活,09988,阿里巴巴-W,广义离岸中国AI,中国离岸AI平台/云,4.95%,1,1
014972,华安沪港深外延增长灵活配置混合C,混合型-灵活,00700,腾讯控股,广义离岸中国AI,中国离岸AI平台/云,3.64%,1,8
015012,浦银安盛安弘回报一年持有混合A,混合型-偏债,00700,腾讯控股,广义离岸中国AI,中国离岸AI平台/云,0.76%,1,1
015013,浦银安盛安弘回报一年持有混合C,混合型-偏债,00700,腾讯控股,广义离岸中国AI,中国离岸AI平台/云,0.76%,1,1
015026,鹏华增华混合A,混合型-偏股,00700,腾讯控股,广义离岸中国AI,中国离岸AI平台/云,7.31%,1,3
015027,鹏华增华混合C,混合型-偏股,00700,腾讯控股,广义离岸中国AI,中国离岸AI平台/云,7.31%,1,3
015030,博时远见回报混合A,混合型-偏股,00981,中芯国际,广义离岸中国AI,中国离岸半导体制造,7.31%,1,2
015030,博时远见回报混合A,混合型-偏股,01347,华虹半导体,广义离岸中国AI,中国离岸半导体制造,4.57%,1,4
015031,博时远见回报混合C,混合型-偏股,00981,中芯国际,广义离岸中国AI,中国离岸半导体制造,7.31%,1,2
015031,博时远见回报混合C,混合型-偏股,01347,华虹半导体,广义离岸中国AI,中国离岸半导体制造,4.57%,1,4
015035,银华核心动力精选混合A,混合型-偏股,00981,中芯国际,广义离岸中国AI,中国离岸半导体制造,3.83%,1,6
015036,银华核心动力精选混合C,混合型-偏股,00981,中芯国际,广义离岸中国AI,中国离岸半导体制造,3.83%,1,6
015056,百嘉百盛混合,混合型-偏股,09988,阿里巴巴-W,广义离岸中国AI,中国离岸AI平台/云,6.37%,1,1
015056,百嘉百盛混合,混合型-偏股,03896,金山云,广义离岸中国AI,中国离岸云计算,5.37%,1,2
015059,华夏产业升级混合C,混合型-偏股,09988,阿里巴巴-W,广义离岸中国AI,中国离岸AI平台/云,6.57%,1,3
015092,汇安远见成长混合A,混合型-偏股,00700,腾讯控股,广义离岸中国AI,中国离岸AI平台/云,7.85%,1,1
015092,汇安远见成长混合A,混合型-偏股,00981,中芯国际,广义离岸中国AI,中国离岸半导体制造,3.53%,1,7
015093,汇安远见成长混合C,混合型-偏股,00700,腾讯控股,广义离岸中国AI,中国离岸AI平台/云,7.85%,1,1
015093,汇安远见成长混合C,混合型-偏股,00981,中芯国际,广义离岸中国AI,中国离岸半导体制造,3.53%,1,7
015102,东方红ESG可持续投资混合A,混合型-偏股,00981,中芯国际,广义离岸中国AI,中国离岸半导体制造,3.60%,1,6
015103,东方红ESG可持续投资混合C,混合型-偏股,00981,中芯国际,广义离岸中国AI,中国离岸半导体制造,3.60%,1,6
015104,博道研究恒选混合A,混合型-偏股,00700,腾讯控股,广义离岸中国AI,中国离岸AI平台/云,1.57%,1,6
015104,博道研究恒选混合A,混合型-偏股,09988,阿里巴巴-W,广义离岸中国AI,中国离岸AI平台/云,1.54%,1,8
015105,博道研究恒选混合C,混合型-偏股,00700,腾讯控股,广义离岸中国AI,中国离岸AI平台/云,1.57%,1,6
015105,博道研究恒选混合C,混合型-偏股,09988,阿里巴巴-W,广义离岸中国AI,中国离岸AI平台/云,1.54%,1,8
015116,汇添富大盘核心资产混合C,混合型-偏股,09988,阿里巴巴-W,广义离岸中国AI,中国离岸AI平台/云,3.41%,1,9
015117,汇添富大盘核心资产混合D,混合型-偏股,09988,阿里巴巴-W,广义离岸中国AI,中国离岸AI平台/云,3.41%,1,9
015118,汇添富沪港深大盘价值混合C,混合型-偏股,00700,腾讯控股,广义离岸中国AI,中国离岸AI平台/云,8.53%,1,1
015118,汇添富沪港深大盘价值混合C,混合型-偏股,09988,阿里巴巴-W,广义离岸中国AI,中国离岸AI平台/云,7.60%,1,2
015118,汇添富沪港深大盘价值混合C,混合型-偏股,02228,晶泰控股,广义离岸中国AI,中国离岸AI制药,2.98%,1,6
015119,汇添富沪港深大盘价值混合D,混合型-偏股,00700,腾讯控股,广义离岸中国AI,中国离岸AI平台/云,8.53%,1,1
015119,汇添富沪港深大盘价值混合D,混合型-偏股,09988,阿里巴巴-W,广义离岸中国AI,中国离岸AI平台/云,7.60%,1,2
015119,汇添富沪港深大盘价值混合D,混合型-偏股,02228,晶泰控股,广义离岸中国AI,中国离岸AI制药,2.98%,1,6
015143,中欧智能制造混合A,混合型-偏股,09988,阿里巴巴-W,广义离岸中国AI,中国离岸AI平台/云,7.94%,1,3
015143,中欧智能制造混合A,混合型-偏股,00981,中芯国际,广义离岸中国AI,中国离岸半导体制造,4.78%,1,6
015144,中欧智能制造混合C,混合型-偏股,09988,阿里巴巴-W,广义离岸中国AI,中国离岸AI平台/云,7.94%,1,3
015144,中欧智能制造混合C,混合型-偏股,00981,中芯国际,广义离岸中国AI,中国离岸半导体制造,4.78%,1,6
015160,南方宝嘉混合A,混合型-偏债,00700,腾讯控股,广义离岸中国AI,中国离岸AI平台/云,0.93%,1,1
015160,南方宝嘉混合A,混合型-偏债,09988,阿里巴巴-W,广义离岸中国AI,中国离岸AI平台/云,0.84%,1,3
015161,南方宝嘉混合C,混合型-偏债,00700,腾讯控股,广义离岸中国AI,中国离岸AI平台/云,0.93%,1,1
015161,南方宝嘉混合C,混合型-偏债,09988,阿里巴巴-W,广义离岸中国AI,中国离岸AI平台/云,0.84%,1,3
015183,汇添富文体娱乐混合C,混合型-偏股,00700,腾讯控股,广义离岸中国AI,中国离岸AI平台/云,4.09%,1,4
015184,汇添富文体娱乐混合D,混合型-偏股,00700,腾讯控股,广义离岸中国AI,中国离岸AI平台/云,4.09%,1,4
015187,汇添富消费升级混合C,混合型-偏股,00700,腾讯控股,广义离岸中国AI,中国离岸AI平台/云,9.17%,1,1
015188,汇添富消费升级混合D,混合型-偏股,00700,腾讯控股,广义离岸中国AI,中国离岸AI平台/云,9.17%,1,1
015196,汇添富智能制造股票C,股票型,00981,中芯国际,广义离岸中国AI,中国离岸半导体制造,8.28%,1,3
015197,汇添富智能制造股票D,股票型,00981,中芯国际,广义离岸中国AI,中国离岸半导体制造,8.28%,1,3
015202,汇添富全球移动互联混合(QDII)人民币C,QDII-混合灵活,NVDA,英伟达,狭义海外AI,核心算力-GPU,8.96%,1,1
015202,汇添富全球移动互联混合(QDII)人民币C,QDII-混合灵活,GOOGL,谷歌-A,狭义海外AI,AI云/大模型,8.14%,1,2
015202,汇添富全球移动互联混合(QDII)人民币C,QDII-混合灵活,MSFT,微软,狭义海外AI,AI云/软件,5.00%,1,3
015202,汇添富全球移动互联混合(QDII)人民币C,QDII-混合灵活,AMZN,亚马逊,狭义海外AI,AI云,4.84%,1,4
015202,汇添富全球移动互联混合(QDII)人民币C,QDII-混合灵活,AVGO,博通,狭义海外AI,AI网络/ASIC,3.89%,1,6
015202,汇添富全球移动互联混合(QDII)人民币C,QDII-混合灵活,META,Meta Platforms Inc-A,狭义海外AI,AI平台,3.48%,1,7
015202,汇添富全球移动互联混合(QDII)人民币C,QDII-混合灵活,TSM,台积电,狭义海外AI,先进制程代工,3.34%,1,8
015202,汇添富全球移动互联混合(QDII)人民币C,QDII-混合灵活,MU,美光科技,狭义海外AI,AI存储/HBM,2.21%,1,10
015203,汇添富全球移动互联混合(QDII)人民币D,QDII-混合灵活,NVDA,英伟达,狭义海外AI,核心算力-GPU,8.96%,1,1
015203,汇添富全球移动互联混合(QDII)人民币D,QDII-混合灵活,GOOGL,谷歌-A,狭义海外AI,AI云/大模型,8.14%,1,2
015203,汇添富全球移动互联混合(QDII)人民币D,QDII-混合灵活,MSFT,微软,狭义海外AI,AI云/软件,5.00%,1,3
015203,汇添富全球移动互联混合(QDII)人民币D,QDII-混合灵活,AMZN,亚马逊,狭义海外AI,AI云,4.84%,1,4
015203,汇添富全球移动互联混合(QDII)人民币D,QDII-混合灵活,AVGO,博通,狭义海外AI,AI网络/ASIC,3.89%,1,6
015203,汇添富全球移动互联混合(QDII)人民币D,QDII-混合灵活,META,Meta Platforms Inc-A,狭义海外AI,AI平台,3.48%,1,7
015203,汇添富全球移动互联混合(QDII)人民币D,QDII-混合灵活,TSM,台积电,狭义海外AI,先进制程代工,3.34%,1,8
015203,汇添富全球移动互联混合(QDII)人民币D,QDII-混合灵活,MU,美光科技,狭义海外AI,AI存储/HBM,2.21%,1,10
015205,银华全球新能源车量化优选股票(QDII)C,QDII-普通股票,GOOGL,谷歌-A,狭义海外AI,AI云/大模型,6.52%,1,3
015205,银华全球新能源车量化优选股票(QDII)C,QDII-普通股票,NVDA,英伟达,狭义海外AI,核心算力-GPU,5.65%,1,4
015205,银华全球新能源车量化优选股票(QDII)C,QDII-普通股票,AMD,超威半导体,狭义海外AI,核心算力-GPU,3.96%,1,5
015205,银华全球新能源车量化优选股票(QDII)C,QDII-普通股票,TSM,台积电,狭义海外AI,先进制程代工,2.95%,1,8
015219,鹏扬产业智选一年持有混合A,混合型-偏股,00700,腾讯控股,广义离岸中国AI,中国离岸AI平台/云,6.34%,1,1
015219,鹏扬产业智选一年持有混合A,混合型-偏股,00981,中芯国际,广义离岸中国AI,中国离岸半导体制造,4.19%,1,2
015220,鹏扬产业智选一年持有混合C,混合型-偏股,00700,腾讯控股,广义离岸中国AI,中国离岸AI平台/云,6.34%,1,1
015220,鹏扬产业智选一年持有混合C,混合型-偏股,00981,中芯国际,广义离岸中国AI,中国离岸半导体制造,4.19%,1,2
015223,汇添富进取成长混合A,混合型-偏股,00700,腾讯控股,广义离岸中国AI,中国离岸AI平台/云,3.89%,1,5
015224,汇添富进取成长混合C,混合型-偏股,00700,腾讯控股,广义离岸中国AI,中国离岸AI平台/云,3.89%,1,5
015227,华夏创新研选混合A,混合型-偏股,09988,阿里巴巴-W,广义离岸中国AI,中国离岸AI平台/云,10.31%,1,1
015227,华夏创新研选混合A,混合型-偏股,00700,腾讯控股,广义离岸中国AI,中国离岸AI平台/云,8.34%,1,2
015228,华夏创新研选混合C,混合型-偏股,09988,阿里巴巴-W,广义离岸中国AI,中国离岸AI平台/云,10.31%,1,1
015228,华夏创新研选混合C,混合型-偏股,00700,腾讯控股,广义离岸中国AI,中国离岸AI平台/云,8.34%,1,2
015235,国寿安保稳泽两年持有混合A,混合型-偏债,00700,腾讯控股,广义离岸中国AI,中国离岸AI平台/云,0.30%,1,5
015236,国寿安保稳泽两年持有混合C,混合型-偏债,00700,腾讯控股,广义离岸中国AI,中国离岸AI平台/云,0.30%,1,5
015239,山证资管裕享增强债券发起式A,债券型-混合二级,00700,腾讯控股,广义离岸中国AI,中国离岸AI平台/云,0.48%,1,7
015240,山证资管裕享增强债券发起式C,债券型-混合二级,00700,腾讯控股,广义离岸中国AI,中国离岸AI平台/云,0.48%,1,7
015268,招商瑞联1年持有混合A,混合型-偏债,00700,腾讯控股,广义离岸中国AI,中国离岸AI平台/云,0.37%,1,8
015269,招商瑞联1年持有混合C,混合型-偏债,00700,腾讯控股,广义离岸中国AI,中国离岸AI平台/云,0.37%,1,8
015285,国投瑞银产业转型一年持有混合A,混合型-偏股,00700,腾讯控股,广义离岸中国AI,中国离岸AI平台/云,6.02%,1,1
015286,国投瑞银产业转型一年持有混合C,混合型-偏股,00700,腾讯控股,广义离岸中国AI,中国离岸AI平台/云,6.02%,1,1
015303,鹏扬丰融价值先锋一年持有混合A,混合型-偏股,00700,腾讯控股,广义离岸中国AI,中国离岸AI平台/云,8.89%,1,2
015304,鹏扬丰融价值先锋一年持有混合C,混合型-偏股,00700,腾讯控股,广义离岸中国AI,中国离岸AI平台/云,8.89%,1,2
015305,银华鑫峰混合A,混合型-偏股,09988,阿里巴巴-W,广义离岸中国AI,中国离岸AI平台/云,1.80%,1,6
015306,银华鑫峰混合C,混合型-偏股,09988,阿里巴巴-W,广义离岸中国AI,中国离岸AI平台/云,1.80%,1,6
015343,长安优势行业混合A,混合型-偏股,00700,腾讯控股,广义离岸中国AI,中国离岸AI平台/云,6.53%,1,1
015344,长安优势行业混合C,混合型-偏股,00700,腾讯控股,广义离岸中国AI,中国离岸AI平台/云,6.53%,1,1
015346,摩根健康品质生活混合C,混合型-偏股,09988,阿里巴巴-W,广义离岸中国AI,中国离岸AI平台/云,9.10%,1,1
015346,摩根健康品质生活混合C,混合型-偏股,00700,腾讯控股,广义离岸中国AI,中国离岸AI平台/云,9.05%,1,2
015357,摩根慧享成长混合A,混合型-偏股,00700,腾讯控股,广义离岸中国AI,中国离岸AI平台/云,3.05%,1,7
015358,摩根慧享成长混合C,混合型-偏股,00700,腾讯控股,广义离岸中国AI,中国离岸AI平台/云,3.05%,1,7
015408,景顺长城成长趋势股票A,股票型,09988,阿里巴巴-W,广义离岸中国AI,中国离岸AI平台/云,7.87%,1,2
015408,景顺长城成长趋势股票A,股票型,00981,中芯国际,广义离岸中国AI,中国离岸半导体制造,6.55%,1,5
015409,景顺长城成长趋势股票C,股票型,09988,阿里巴巴-W,广义离岸中国AI,中国离岸AI平台/云,7.87%,1,2
015409,景顺长城成长趋势股票C,股票型,00981,中芯国际,广义离岸中国AI,中国离岸半导体制造,6.55%,1,5
015412,西部利得数字产业混合A,混合型-偏股,03896,金山云,广义离岸中国AI,中国离岸云计算,9.46%,1,1
015413,西部利得数字产业混合C,混合型-偏股,03896,金山云,广义离岸中国AI,中国离岸云计算,9.46%,1,1
015464,兴全兴益债券A,债券型-混合二级,09988,阿里巴巴-W,广义离岸中国AI,中国离岸AI平台/云,0.32%,1,4
015465,兴全兴益债券C,债券型-混合二级,09988,阿里巴巴-W,广义离岸中国AI,中国离岸AI平台/云,0.32%,1,4
015481,中欧睿见混合C,混合型-偏股,09988,阿里巴巴-W,广义离岸中国AI,中国离岸AI平台/云,6.31%,1,4
015481,中欧睿见混合C,混合型-偏股,00700,腾讯控股,广义离岸中国AI,中国离岸AI平台/云,5.61%,1,5
015504,华夏兴夏价值一年持有混合发起式A,混合型-偏股,00700,腾讯控股,广义离岸中国AI,中国离岸AI平台/云,3.57%,1,7
015521,建信兴晟优选一年持有混合A,混合型-偏股,00700,腾讯控股,广义离岸中国AI,中国离岸AI平台/云,3.86%,1,8
015521,建信兴晟优选一年持有混合A,混合型-偏股,09988,阿里巴巴-W,广义离岸中国AI,中国离岸AI平台/云,3.65%,1,10
015522,建信兴晟优选一年持有混合C,混合型-偏股,00700,腾讯控股,广义离岸中国AI,中国离岸AI平台/云,3.86%,1,8
015522,建信兴晟优选一年持有混合C,混合型-偏股,09988,阿里巴巴-W,广义离岸中国AI,中国离岸AI平台/云,3.65%,1,10
015527,弘毅远方汽车产业升级混合A,混合型-偏股,00981,中芯国际,广义离岸中国AI,中国离岸半导体制造,6.36%,1,3
015527,弘毅远方汽车产业升级混合A,混合型-偏股,01347,华虹半导体,广义离岸中国AI,中国离岸半导体制造,5.01%,1,9
015528,弘毅远方汽车产业升级混合C,混合型-偏股,00981,中芯国际,广义离岸中国AI,中国离岸半导体制造,6.36%,1,3
015528,弘毅远方汽车产业升级混合C,混合型-偏股,01347,华虹半导体,广义离岸中国AI,中国离岸半导体制造,5.01%,1,9
015545,大成标普500等权重指数(QDII)C美元,指数型-海外股票,DELL,戴尔科技,扩展海外AI,AI服务器,0.21%,1,6
015546,大成恒生指数(QDII-LOF)C,指数型-海外股票,00700,腾讯控股,广义离岸中国AI,中国离岸AI平台/云,6.84%,1,1
015546,大成恒生指数(QDII-LOF)C,指数型-海外股票,09988,阿里巴巴-W,广义离岸中国AI,中国离岸AI平台/云,6.37%,1,3
015546,大成恒生指数(QDII-LOF)C,指数型-海外股票,01810,小米集团-W,广义离岸中国AI,中国离岸AI终端/汽车,3.23%,1,6
015559,长江启航混合发起式A,混合型-偏股,00700,腾讯控股,广义离岸中国AI,中国离岸AI平台/云,6.57%,1,2
015559,长江启航混合发起式A,混合型-偏股,09988,阿里巴巴-W,广义离岸中国AI,中国离岸AI平台/云,3.88%,1,8
015560,长江启航混合发起式C,混合型-偏股,00700,腾讯控股,广义离岸中国AI,中国离岸AI平台/云,6.57%,1,2
015560,长江启航混合发起式C,混合型-偏股,09988,阿里巴巴-W,广义离岸中国AI,中国离岸AI平台/云,3.88%,1,8
015625,平安添润债券A,债券型-混合二级,00700,腾讯控股,广义离岸中国AI,中国离岸AI平台/云,0.76%,1,1
015625,平安添润债券A,债券型-混合二级,09988,阿里巴巴-W,广义离岸中国AI,中国离岸AI平台/云,0.52%,1,6
015626,平安添润债券C,债券型-混合二级,00700,腾讯控股,广义离岸中国AI,中国离岸AI平台/云,0.76%,1,1
015626,平安添润债券C,债券型-混合二级,09988,阿里巴巴-W,广义离岸中国AI,中国离岸AI平台/云,0.52%,1,6
015627,圆信永丰弘阳股票A,股票型,00981,中芯国际,广义离岸中国AI,中国离岸半导体制造,7.76%,1,3
015627,圆信永丰弘阳股票A,股票型,09988,阿里巴巴-W,广义离岸中国AI,中国离岸AI平台/云,5.02%,1,5
015627,圆信永丰弘阳股票A,股票型,01347,华虹半导体,广义离岸中国AI,中国离岸半导体制造,3.56%,1,9
015628,圆信永丰弘阳股票C,股票型,00981,中芯国际,广义离岸中国AI,中国离岸半导体制造,7.76%,1,3
015628,圆信永丰弘阳股票C,股票型,09988,阿里巴巴-W,广义离岸中国AI,中国离岸AI平台/云,5.02%,1,5
015628,圆信永丰弘阳股票C,股票型,01347,华虹半导体,广义离岸中国AI,中国离岸半导体制造,3.56%,1,9
015663,易米开鑫价值优选混合A,混合型-偏股,00700,腾讯控股,广义离岸中国AI,中国离岸AI平台/云,9.81%,1,1
015663,易米开鑫价值优选混合A,混合型-偏股,09988,阿里巴巴-W,广义离岸中国AI,中国离岸AI平台/云,6.03%,1,5
015663,易米开鑫价值优选混合A,混合型-偏股,00992,联想集团,广义离岸中国AI,中国离岸AI PC/服务器,4.94%,1,7
015664,易米开鑫价值优选混合C,混合型-偏股,00700,腾讯控股,广义离岸中国AI,中国离岸AI平台/云,9.81%,1,1
015664,易米开鑫价值优选混合C,混合型-偏股,09988,阿里巴巴-W,广义离岸中国AI,中国离岸AI平台/云,6.03%,1,5
015664,易米开鑫价值优选混合C,混合型-偏股,00992,联想集团,广义离岸中国AI,中国离岸AI PC/服务器,4.94%,1,7
015683,景顺长城科技创新混合C,混合型-偏股,00700,腾讯控股,广义离岸中国AI,中国离岸AI平台/云,4.45%,1,9
015684,银华盛利混合发起式C,混合型-偏股,00981,中芯国际,广义离岸中国AI,中国离岸半导体制造,3.54%,1,8
015687,银华乐享混合C,混合型-偏股,01347,华虹半导体,广义离岸中国AI,中国离岸半导体制造,2.58%,1,11
015703,易米开泰混合A,混合型-偏股,09988,阿里巴巴-W,广义离岸中国AI,中国离岸AI平台/云,3.29%,1,7
015704,易米开泰混合C,混合型-偏股,09988,阿里巴巴-W,广义离岸中国AI,中国离岸AI平台/云,3.29%,1,7
015715,富国成长动力混合C,混合型-偏股,00700,腾讯控股,广义离岸中国AI,中国离岸AI平台/云,8.40%,1,5
015727,中泰双利债券A,债券型-混合二级,00700,腾讯控股,广义离岸中国AI,中国离岸AI平台/云,0.17%,1,10
015727,中泰双利债券A,债券型-混合二级,01810,小米集团-W,广义离岸中国AI,中国离岸AI终端/汽车,0.17%,1,8
015727,中泰双利债券A,债券型-混合二级,09988,阿里巴巴-W,广义离岸中国AI,中国离岸AI平台/云,0.17%,1,9
015728,中泰双利债券C,债券型-混合二级,00700,腾讯控股,广义离岸中国AI,中国离岸AI平台/云,0.17%,1,10
015728,中泰双利债券C,债券型-混合二级,01810,小米集团-W,广义离岸中国AI,中国离岸AI终端/汽车,0.17%,1,8
015728,中泰双利债券C,债券型-混合二级,09988,阿里巴巴-W,广义离岸中国AI,中国离岸AI平台/云,0.17%,1,9
015729,朱雀碳中和三年持有混合发起,混合型-偏股,00981,中芯国际,广义离岸中国AI,中国离岸半导体制造,3.95%,1,7
015729,朱雀碳中和三年持有混合发起,混合型-偏股,00700,腾讯控股,广义离岸中国AI,中国离岸AI平台/云,3.22%,1,9
015751,景顺长城品质长青混合C,混合型-偏股,00700,腾讯控股,广义离岸中国AI,中国离岸AI平台/云,9.69%,1,2
015755,景顺长城绩优成长混合C,混合型-偏股,00700,腾讯控股,广义离岸中国AI,中国离岸AI平台/云,8.78%,1,2
015756,景顺长城景气成长混合C,混合型-偏股,00981,中芯国际,广义离岸中国AI,中国离岸半导体制造,4.22%,1,1
015782,创金合信稳健添利债券A,债券型-混合二级,00700,腾讯控股,广义离岸中国AI,中国离岸AI平台/云,0.77%,1,2
015783,创金合信稳健添利债券C,债券型-混合二级,00700,腾讯控股,广义离岸中国AI,中国离岸AI平台/云,0.77%,1,2
015884,中欧港股数字经济混合发起(QDII)A,QDII-混合偏股,00700,腾讯控股,广义离岸中国AI,中国离岸AI平台/云,5.80%,1,3
015884,中欧港股数字经济混合发起(QDII)A,QDII-混合偏股,09988,阿里巴巴-W,广义离岸中国AI,中国离岸AI平台/云,4.86%,1,5
015884,中欧港股数字经济混合发起(QDII)A,QDII-混合偏股,09888,百度集团-SW,广义离岸中国AI,中国离岸AI/自动驾驶/云,3.09%,1,10
015885,中欧港股数字经济混合发起(QDII)C,QDII-混合偏股,00700,腾讯控股,广义离岸中国AI,中国离岸AI平台/云,5.80%,1,3
015885,中欧港股数字经济混合发起(QDII)C,QDII-混合偏股,09988,阿里巴巴-W,广义离岸中国AI,中国离岸AI平台/云,4.86%,1,5
015885,中欧港股数字经济混合发起(QDII)C,QDII-混合偏股,09888,百度集团-SW,广义离岸中国AI,中国离岸AI/自动驾驶/云,3.09%,1,10
015887,国投瑞银行业睿选混合A,混合型-偏股,00700,腾讯控股,广义离岸中国AI,中国离岸AI平台/云,4.14%,1,6
015888,国投瑞银行业睿选混合C,混合型-偏股,00700,腾讯控股,广义离岸中国AI,中国离岸AI平台/云,4.14%,1,6
015902,博时优质精选混合A,混合型-偏股,00700,腾讯控股,广义离岸中国AI,中国离岸AI平台/云,8.54%,1,5
015903,博时优质精选混合C,混合型-偏股,00700,腾讯控股,广义离岸中国AI,中国离岸AI平台/云,8.54%,1,5
015963,汇安品质优选混合A,混合型-偏股,01347,华虹半导体,广义离岸中国AI,中国离岸半导体制造,3.15%,1,6
015964,汇安品质优选混合C,混合型-偏股,01347,华虹半导体,广义离岸中国AI,中国离岸半导体制造,3.15%,1,6
015967,永赢半导体产业智选混合发起A,混合型-偏股,00981,中芯国际,广义离岸中国AI,中国离岸半导体制造,9.40%,1,1
015968,永赢半导体产业智选混合发起C,混合型-偏股,00981,中芯国际,广义离岸中国AI,中国离岸半导体制造,9.40%,1,1
015970,华泰柏瑞景气驱动混合A,混合型-偏股,00700,腾讯控股,广义离岸中国AI,中国离岸AI平台/云,3.97%,1,3
015971,华泰柏瑞景气驱动混合C,混合型-偏股,00700,腾讯控股,广义离岸中国AI,中国离岸AI平台/云,3.97%,1,3
015976,光大数字经济主题混合A,混合型-偏股,00700,腾讯控股,广义离岸中国AI,中国离岸AI平台/云,5.56%,1,1
015976,光大数字经济主题混合A,混合型-偏股,09988,阿里巴巴-W,广义离岸中国AI,中国离岸AI平台/云,5.16%,1,2
015976,光大数字经济主题混合A,混合型-偏股,01810,小米集团-W,广义离岸中国AI,中国离岸AI终端/汽车,4.98%,1,3
015976,光大数字经济主题混合A,混合型-偏股,00981,中芯国际,广义离岸中国AI,中国离岸半导体制造,4.85%,1,5
015977,光大数字经济主题混合C,混合型-偏股,00700,腾讯控股,广义离岸中国AI,中国离岸AI平台/云,5.56%,1,1
015977,光大数字经济主题混合C,混合型-偏股,09988,阿里巴巴-W,广义离岸中国AI,中国离岸AI平台/云,5.16%,1,2
015977,光大数字经济主题混合C,混合型-偏股,01810,小米集团-W,广义离岸中国AI,中国离岸AI终端/汽车,4.98%,1,3
015977,光大数字经济主题混合C,混合型-偏股,00981,中芯国际,广义离岸中国AI,中国离岸半导体制造,4.85%,1,5
016003,广发集远债券A,债券型-混合二级,00700,腾讯控股,广义离岸中国AI,中国离岸AI平台/云,0.66%,1,1
016003,广发集远债券A,债券型-混合二级,09988,阿里巴巴-W,广义离岸中国AI,中国离岸AI平台/云,0.47%,1,5
016004,广发集远债券C,债券型-混合二级,00700,腾讯控股,广义离岸中国AI,中国离岸AI平台/云,0.66%,1,1
016004,广发集远债券C,债券型-混合二级,09988,阿里巴巴-W,广义离岸中国AI,中国离岸AI平台/云,0.47%,1,5
016049,华商甄选回报混合C,混合型-偏股,03896,金山云,广义离岸中国AI,中国离岸云计算,3.49%,1,7
016049,华商甄选回报混合C,混合型-偏股,09988,阿里巴巴-W,广义离岸中国AI,中国离岸AI平台/云,3.12%,1,8
016073,创金合信软件产业股票发起A,股票型,09988,阿里巴巴-W,广义离岸中国AI,中国离岸AI平台/云,7.22%,1,1
016073,创金合信软件产业股票发起A,股票型,00700,腾讯控股,广义离岸中国AI,中国离岸AI平台/云,6.91%,1,2
016074,创金合信软件产业股票发起C,股票型,09988,阿里巴巴-W,广义离岸中国AI,中国离岸AI平台/云,7.22%,1,1
016074,创金合信软件产业股票发起C,股票型,00700,腾讯控股,广义离岸中国AI,中国离岸AI平台/云,6.91%,1,2
016091,汇泉匠心智选一年持有混合A,混合型-偏股,00700,腾讯控股,广义离岸中国AI,中国离岸AI平台/云,2.33%,1,4
016092,汇泉匠心智选一年持有混合C,混合型-偏股,00700,腾讯控股,广义离岸中国AI,中国离岸AI平台/云,2.33%,1,4
016099,华安成长创新混合C,混合型-偏股,09988,阿里巴巴-W,广义离岸中国AI,中国离岸AI平台/云,4.89%,1,1
016099,华安成长创新混合C,混合型-偏股,00700,腾讯控股,广义离岸中国AI,中国离岸AI平台/云,3.97%,1,4
016105,申万菱信兴乐优选混合A,混合型-偏股,03896,金山云,广义离岸中国AI,中国离岸云计算,4.00%,1,10
016106,申万菱信兴乐优选混合C,混合型-偏股,03896,金山云,广义离岸中国AI,中国离岸云计算,4.00%,1,10
016109,南方振元债券发起A,债券型-混合二级,00700,腾讯控股,广义离岸中国AI,中国离岸AI平台/云,0.80%,1,1
016109,南方振元债券发起A,债券型-混合二级,09988,阿里巴巴-W,广义离岸中国AI,中国离岸AI平台/云,0.78%,1,2
016110,南方振元债券发起C,债券型-混合二级,00700,腾讯控股,广义离岸中国AI,中国离岸AI平台/云,0.80%,1,1
016110,南方振元债券发起C,债券型-混合二级,09988,阿里巴巴-W,广义离岸中国AI,中国离岸AI平台/云,0.78%,1,2
016120,华富时代锐选混合C,混合型-偏股,09660,地平线机器人-W,广义离岸中国AI,中国离岸AI芯片/自动驾驶,3.98%,1,8
016130,国泰海通品质生活混合发起A,混合型-偏股,00700,腾讯控股,广义离岸中国AI,中国离岸AI平台/云,3.69%,1,7
016131,国泰海通品质生活混合发起C,混合型-偏股,00700,腾讯控股,广义离岸中国AI,中国离岸AI平台/云,3.69%,1,7
016157,汇添富数字经济核心产业一年持有期混合A,混合型-偏股,00981,中芯国际,广义离岸中国AI,中国离岸半导体制造,5.27%,1,4
016158,汇添富数字经济核心产业一年持有期混合C,混合型-偏股,00981,中芯国际,广义离岸中国AI,中国离岸半导体制造,5.27%,1,4
016159,汇添富数字经济核心产业一年持有期混合D,混合型-偏股,00981,中芯国际,广义离岸中国AI,中国离岸半导体制造,5.27%,1,4
016166,万家颐远均衡一年持有混合发起A,混合型-偏股,09988,阿里巴巴-W,广义离岸中国AI,中国离岸AI平台/云,7.81%,1,6
016167,万家颐远均衡一年持有混合发起C,混合型-偏股,09988,阿里巴巴-W,广义离岸中国AI,中国离岸AI平台/云,7.81%,1,6
016181,华安添祥6个月持有混合C,混合型-偏债,09988,阿里巴巴-W,广义离岸中国AI,中国离岸AI平台/云,0.62%,1,9
016199,汇添富全球汽车产业升级混合(QDII)人民币A,QDII-混合偏股,QCOM,高通,扩展海外AI,边缘AI芯片,3.40%,1,10
016200,汇添富全球汽车产业升级混合(QDII)美元现汇,QDII-混合偏股,QCOM,高通,扩展海外AI,边缘AI芯片,3.40%,1,10
016201,汇添富全球汽车产业升级混合(QDII)美元现钞,QDII-混合偏股,QCOM,高通,扩展海外AI,边缘AI芯片,3.40%,1,10
016202,汇添富全球汽车产业升级混合(QDII)人民币C,QDII-混合偏股,QCOM,高通,扩展海外AI,边缘AI芯片,3.40%,1,10
016237,华夏数字经济龙头混合发起式A,混合型-偏股,09988,阿里巴巴-W,广义离岸中国AI,中国离岸AI平台/云,2.86%,1,6
016238,华夏数字经济龙头混合发起式C,混合型-偏股,09988,阿里巴巴-W,广义离岸中国AI,中国离岸AI平台/云,2.86%,1,6
016248,银华创新动力优选混合A,混合型-偏股,00981,中芯国际,广义离岸中国AI,中国离岸半导体制造,3.70%,1,8
016249,银华创新动力优选混合C,混合型-偏股,00981,中芯国际,广义离岸中国AI,中国离岸半导体制造,3.70%,1,8
016252,华夏景气成长一年持有混合发起式A,混合型-偏股,09988,阿里巴巴-W,广义离岸中国AI,中国离岸AI平台/云,3.52%,1,7
016252,华夏景气成长一年持有混合发起式A,混合型-偏股,02228,晶泰控股,广义离岸中国AI,中国离岸AI制药,3.07%,1,8
016252,华夏景气成长一年持有混合发起式A,混合型-偏股,00700,腾讯控股,广义离岸中国AI,中国离岸AI平台/云,3.03%,1,9
016253,华夏景气成长一年持有混合发起式C,混合型-偏股,09988,阿里巴巴-W,广义离岸中国AI,中国离岸AI平台/云,3.52%,1,7
016253,华夏景气成长一年持有混合发起式C,混合型-偏股,02228,晶泰控股,广义离岸中国AI,中国离岸AI制药,3.07%,1,8
016253,华夏景气成长一年持有混合发起式C,混合型-偏股,00700,腾讯控股,广义离岸中国AI,中国离岸AI平台/云,3.03%,1,9
016258,中信保诚创新成长混合C,混合型-灵活,00700,腾讯控股,广义离岸中国AI,中国离岸AI平台/云,3.48%,1,7
016262,银华智荟内在价值灵活配置混合发起C,混合型-灵活,01347,华虹半导体,广义离岸中国AI,中国离岸半导体制造,3.20%,1,11
016276,招商中证800指数增强A,指数型-股票,03896,金山云,广义离岸中国AI,中国离岸云计算,0.53%,1,11
016277,招商中证800指数增强C,指数型-股票,03896,金山云,广义离岸中国AI,中国离岸云计算,0.53%,1,11
016287,大成消费机遇混合A,混合型-偏股,00700,腾讯控股,广义离岸中国AI,中国离岸AI平台/云,8.00%,1,1
016287,大成消费机遇混合A,混合型-偏股,09988,阿里巴巴-W,广义离岸中国AI,中国离岸AI平台/云,5.53%,1,7
016288,大成消费机遇混合C,混合型-偏股,00700,腾讯控股,广义离岸中国AI,中国离岸AI平台/云,8.00%,1,1
016288,大成消费机遇混合C,混合型-偏股,09988,阿里巴巴-W,广义离岸中国AI,中国离岸AI平台/云,5.53%,1,7
016289,华安沪港深通精选灵活配置混合C,混合型-灵活,03896,金山云,广义离岸中国AI,中国离岸云计算,3.18%,1,4
016289,华安沪港深通精选灵活配置混合C,混合型-灵活,09988,阿里巴巴-W,广义离岸中国AI,中国离岸AI平台/云,3.13%,1,5
016297,中欧丰泰港股通混合A,混合型-偏股,00700,腾讯控股,广义离岸中国AI,中国离岸AI平台/云,8.98%,1,1
016297,中欧丰泰港股通混合A,混合型-偏股,01347,华虹半导体,广义离岸中国AI,中国离岸半导体制造,7.78%,1,5
016298,中欧丰泰港股通混合C,混合型-偏股,00700,腾讯控股,广义离岸中国AI,中国离岸AI平台/云,8.98%,1,1
016298,中欧丰泰港股通混合C,混合型-偏股,01347,华虹半导体,广义离岸中国AI,中国离岸半导体制造,7.78%,1,5
016311,中欧优质企业混合A,混合型-偏股,00700,腾讯控股,广义离岸中国AI,中国离岸AI平台/云,4.72%,1,6
016312,中欧优质企业混合C,混合型-偏股,00700,腾讯控股,广义离岸中国AI,中国离岸AI平台/云,4.72%,1,6
016345,长安行业成长混合A,混合型-偏股,09988,阿里巴巴-W,广义离岸中国AI,中国离岸AI平台/云,4.84%,1,5
016345,长安行业成长混合A,混合型-偏股,00981,中芯国际,广义离岸中国AI,中国离岸半导体制造,4.72%,1,7
016346,长安行业成长混合C,混合型-偏股,09988,阿里巴巴-W,广义离岸中国AI,中国离岸AI平台/云,4.84%,1,5
016346,长安行业成长混合C,混合型-偏股,00981,中芯国际,广义离岸中国AI,中国离岸半导体制造,4.72%,1,7
016375,招商裕泰混合,混合型-偏股,00700,腾讯控股,广义离岸中国AI,中国离岸AI平台/云,4.29%,1,2
016375,招商裕泰混合,混合型-偏股,00981,中芯国际,广义离岸中国AI,中国离岸半导体制造,3.04%,1,5
016390,易米研究精选混合发起A,混合型-偏股,00700,腾讯控股,广义离岸中国AI,中国离岸AI平台/云,9.24%,1,1
016390,易米研究精选混合发起A,混合型-偏股,09988,阿里巴巴-W,广义离岸中国AI,中国离岸AI平台/云,2.82%,1,9
016391,易米研究精选混合发起C,混合型-偏股,00700,腾讯控股,广义离岸中国AI,中国离岸AI平台/云,9.24%,1,1
016391,易米研究精选混合发起C,混合型-偏股,09988,阿里巴巴-W,广义离岸中国AI,中国离岸AI平台/云,2.82%,1,9
016394,天弘睿享3个月持有混合发起(FOF)A,FOF-稳健型,09988,阿里巴巴-W,广义离岸中国AI,中国离岸AI平台/云,0.73%,1,3
016395,天弘睿享3个月持有混合发起(FOF)C,FOF-稳健型,09988,阿里巴巴-W,广义离岸中国AI,中国离岸AI平台/云,0.73%,1,3
016416,南方稳鑫6个月持有债券A,债券型-混合二级,00700,腾讯控股,广义离岸中国AI,中国离岸AI平台/云,0.45%,1,2
016417,南方稳鑫6个月持有债券C,债券型-混合二级,00700,腾讯控股,广义离岸中国AI,中国离岸AI平台/云,0.45%,1,2
016418,摩根创新商业模式混合C,混合型-灵活,00700,腾讯控股,广义离岸中国AI,中国离岸AI平台/云,3.59%,1,10
016419,国泰安璟债券A,债券型-混合二级,00700,腾讯控股,广义离岸中国AI,中国离岸AI平台/云,0.76%,1,7
016420,国泰安璟债券C,债券型-混合二级,00700,腾讯控股,广义离岸中国AI,中国离岸AI平台/云,0.76%,1,7
016452,南方纳斯达克100指数发起(QDII)A,指数型-海外股票,NVDA,英伟达,狭义海外AI,核心算力-GPU,7.67%,1,1
016452,南方纳斯达克100指数发起(QDII)A,指数型-海外股票,MSFT,微软,狭义海外AI,AI云/软件,4.97%,1,3
016452,南方纳斯达克100指数发起(QDII)A,指数型-海外股票,AMZN,亚马逊,狭义海外AI,AI云,4.04%,1,4
016452,南方纳斯达克100指数发起(QDII)A,指数型-海外股票,META,Meta Platforms Inc-A,狭义海外AI,AI平台,3.05%,1,6
016452,南方纳斯达克100指数发起(QDII)A,指数型-海外股票,GOOGL,谷歌-A,狭义海外AI,AI云/大模型,3.03%,1,8
016452,南方纳斯达克100指数发起(QDII)A,指数型-海外股票,GOOG,谷歌-C,狭义海外AI,AI云/大模型,2.82%,1,9
016452,南方纳斯达克100指数发起(QDII)A,指数型-海外股票,AVGO,博通,狭义海外AI,AI网络/ASIC,2.65%,1,10
016453,南方纳斯达克100指数发起(QDII)C,指数型-海外股票,NVDA,英伟达,狭义海外AI,核心算力-GPU,7.67%,1,1
016453,南方纳斯达克100指数发起(QDII)C,指数型-海外股票,MSFT,微软,狭义海外AI,AI云/软件,4.97%,1,3
016453,南方纳斯达克100指数发起(QDII)C,指数型-海外股票,AMZN,亚马逊,狭义海外AI,AI云,4.04%,1,4
016453,南方纳斯达克100指数发起(QDII)C,指数型-海外股票,META,Meta Platforms Inc-A,狭义海外AI,AI平台,3.05%,1,6
016453,南方纳斯达克100指数发起(QDII)C,指数型-海外股票,GOOGL,谷歌-A,狭义海外AI,AI云/大模型,3.03%,1,8
016453,南方纳斯达克100指数发起(QDII)C,指数型-海外股票,GOOG,谷歌-C,狭义海外AI,AI云/大模型,2.82%,1,9
016453,南方纳斯达克100指数发起(QDII)C,指数型-海外股票,AVGO,博通,狭义海外AI,AI网络/ASIC,2.65%,1,10
016475,大成新兴活力混合A,混合型-偏股,00700,腾讯控股,广义离岸中国AI,中国离岸AI平台/云,4.00%,1,10
016476,大成新兴活力混合C,混合型-偏股,00700,腾讯控股,广义离岸中国AI,中国离岸AI平台/云,4.00%,1,10
016485,中欧成长先锋混合A,混合型-偏股,00700,腾讯控股,广义离岸中国AI,中国离岸AI平台/云,5.98%,1,7
016486,中欧成长先锋混合C,混合型-偏股,00700,腾讯控股,广义离岸中国AI,中国离岸AI平台/云,5.98%,1,7
016492,南方均衡成长混合A,混合型-偏股,00700,腾讯控股,广义离岸中国AI,中国离岸AI平台/云,5.03%,1,1
016492,南方均衡成长混合A,混合型-偏股,09988,阿里巴巴-W,广义离岸中国AI,中国离岸AI平台/云,3.84%,1,7
016493,南方均衡成长混合C,混合型-偏股,00700,腾讯控股,广义离岸中国AI,中国离岸AI平台/云,5.03%,1,1
016493,南方均衡成长混合C,混合型-偏股,09988,阿里巴巴-W,广义离岸中国AI,中国离岸AI平台/云,3.84%,1,7
016500,华夏半导体龙头混合发起A,混合型-偏股,00981,中芯国际,广义离岸中国AI,中国离岸半导体制造,6.50%,1,8
016501,华夏半导体龙头混合发起C,混合型-偏股,00981,中芯国际,广义离岸中国AI,中国离岸半导体制造,6.50%,1,8
016517,华泰紫金创新成长混合发起A,混合型-偏股,00700,腾讯控股,广义离岸中国AI,中国离岸AI平台/云,3.84%,1,4
016518,华泰紫金创新成长混合发起C,混合型-偏股,00700,腾讯控股,广义离岸中国AI,中国离岸AI平台/云,3.84%,1,4
016545,交银稳进回报六个月持有期混合A,混合型-偏债,00700,腾讯控股,广义离岸中国AI,中国离岸AI平台/云,0.95%,1,3
016546,交银稳进回报六个月持有期混合C,混合型-偏债,00700,腾讯控股,广义离岸中国AI,中国离岸AI平台/云,0.95%,1,3
016553,南方鑫悦15个月持有混合A,混合型-偏股,00700,腾讯控股,广义离岸中国AI,中国离岸AI平台/云,1.18%,1,6
016554,南方鑫悦15个月持有混合C,混合型-偏股,00700,腾讯控股,广义离岸中国AI,中国离岸AI平台/云,1.18%,1,6
016570,嘉实价值丰润混合A,混合型-偏股,00700,腾讯控股,广义离岸中国AI,中国离岸AI平台/云,5.79%,1,6
016570,嘉实价值丰润混合A,混合型-偏股,09988,阿里巴巴-W,广义离岸中国AI,中国离岸AI平台/云,5.62%,1,7
016571,嘉实价值丰润混合C,混合型-偏股,00700,腾讯控股,广义离岸中国AI,中国离岸AI平台/云,5.79%,1,6
016571,嘉实价值丰润混合C,混合型-偏股,09988,阿里巴巴-W,广义离岸中国AI,中国离岸AI平台/云,5.62%,1,7
016626,汇添富创新成长混合A,混合型-偏股,01347,华虹半导体,广义离岸中国AI,中国离岸半导体制造,2.38%,1,7
016627,汇添富创新成长混合C,混合型-偏股,01347,华虹半导体,广义离岸中国AI,中国离岸半导体制造,2.38%,1,7
016654,鹏扬景泽一年持有混合A,混合型-偏债,00700,腾讯控股,广义离岸中国AI,中国离岸AI平台/云,0.63%,1,3
016655,鹏扬景泽一年持有混合C,混合型-偏债,00700,腾讯控股,广义离岸中国AI,中国离岸AI平台/云,0.63%,1,3
016660,招商和惠养老目标日期2045五年持有期混合发起式(FOF)A,FOF-均衡型,00700,腾讯控股,广义离岸中国AI,中国离岸AI平台/云,0.41%,1,2
016664,天弘全球高端制造混合(QDII)A,QDII-混合偏股,NVDA,英伟达,狭义海外AI,核心算力-GPU,3.65%,1,1
016664,天弘全球高端制造混合(QDII)A,QDII-混合偏股,AVGO,博通,狭义海外AI,AI网络/ASIC,3.07%,1,2
016664,天弘全球高端制造混合(QDII)A,QDII-混合偏股,TSM,台积电,狭义海外AI,先进制程代工,2.77%,1,3
016664,天弘全球高端制造混合(QDII)A,QDII-混合偏股,LITE,Lumentum Holdings Inc,扩展海外AI,光通信器件,2.69%,1,5
016665,天弘全球高端制造混合(QDII)C,QDII-混合偏股,NVDA,英伟达,狭义海外AI,核心算力-GPU,3.65%,1,1
016665,天弘全球高端制造混合(QDII)C,QDII-混合偏股,AVGO,博通,狭义海外AI,AI网络/ASIC,3.07%,1,2
016665,天弘全球高端制造混合(QDII)C,QDII-混合偏股,TSM,台积电,狭义海外AI,先进制程代工,2.77%,1,3
016665,天弘全球高端制造混合(QDII)C,QDII-混合偏股,LITE,Lumentum Holdings Inc,扩展海外AI,光通信器件,2.69%,1,5
016669,招商和享均衡养老三年持有期混合(FOF)A,FOF-均衡型,00700,腾讯控股,广义离岸中国AI,中国离岸AI平台/云,0.20%,1,6
016682,天弘广盈六个月持有混合A,混合型-偏债,00700,腾讯控股,广义离岸中国AI,中国离岸AI平台/云,0.93%,1,8
016683,天弘广盈六个月持有混合C,混合型-偏债,00700,腾讯控股,广义离岸中国AI,中国离岸AI平台/云,0.93%,1,8
016701,银华海外数字经济量化选股混合发起式(QDII)A,QDII-混合偏股,NVDA,英伟达,狭义海外AI,核心算力-GPU,9.26%,1,1
016701,银华海外数字经济量化选股混合发起式(QDII)A,QDII-混合偏股,GOOGL,谷歌-A,狭义海外AI,AI云/大模型,8.06%,1,2
016701,银华海外数字经济量化选股混合发起式(QDII)A,QDII-混合偏股,AMZN,亚马逊,狭义海外AI,AI云,5.62%,1,4
016701,银华海外数字经济量化选股混合发起式(QDII)A,QDII-混合偏股,AVGO,博通,狭义海外AI,AI网络/ASIC,4.69%,1,5
016701,银华海外数字经济量化选股混合发起式(QDII)A,QDII-混合偏股,MU,美光科技,狭义海外AI,AI存储/HBM,3.92%,1,7
016701,银华海外数字经济量化选股混合发起式(QDII)A,QDII-混合偏股,TSM,台积电,狭义海外AI,先进制程代工,3.90%,1,8
016701,银华海外数字经济量化选股混合发起式(QDII)A,QDII-混合偏股,AMD,超威半导体,狭义海外AI,核心算力-GPU,3.71%,1,9
016701,银华海外数字经济量化选股混合发起式(QDII)A,QDII-混合偏股,MSFT,微软,狭义海外AI,AI云/软件,3.64%,1,10
016702,银华海外数字经济量化选股混合发起式(QDII)C,QDII-混合偏股,NVDA,英伟达,狭义海外AI,核心算力-GPU,9.26%,1,1
016702,银华海外数字经济量化选股混合发起式(QDII)C,QDII-混合偏股,GOOGL,谷歌-A,狭义海外AI,AI云/大模型,8.06%,1,2
016702,银华海外数字经济量化选股混合发起式(QDII)C,QDII-混合偏股,AMZN,亚马逊,狭义海外AI,AI云,5.62%,1,4
016702,银华海外数字经济量化选股混合发起式(QDII)C,QDII-混合偏股,AVGO,博通,狭义海外AI,AI网络/ASIC,4.69%,1,5
016702,银华海外数字经济量化选股混合发起式(QDII)C,QDII-混合偏股,MU,美光科技,狭义海外AI,AI存储/HBM,3.92%,1,7
016702,银华海外数字经济量化选股混合发起式(QDII)C,QDII-混合偏股,TSM,台积电,狭义海外AI,先进制程代工,3.90%,1,8
016702,银华海外数字经济量化选股混合发起式(QDII)C,QDII-混合偏股,AMD,超威半导体,狭义海外AI,核心算力-GPU,3.71%,1,9
016702,银华海外数字经济量化选股混合发起式(QDII)C,QDII-混合偏股,MSFT,微软,狭义海外AI,AI云/软件,3.64%,1,10
016709,泉果旭源三年持有期混合A,混合型-偏股,00700,腾讯控股,广义离岸中国AI,中国离岸AI平台/云,7.06%,1,6
016709,泉果旭源三年持有期混合A,混合型-偏股,09988,阿里巴巴-W,广义离岸中国AI,中国离岸AI平台/云,6.25%,1,8
016709,泉果旭源三年持有期混合A,混合型-偏股,00981,中芯国际,广义离岸中国AI,中国离岸半导体制造,5.65%,1,9
016710,泉果旭源三年持有期混合C,混合型-偏股,00700,腾讯控股,广义离岸中国AI,中国离岸AI平台/云,7.06%,1,6
016710,泉果旭源三年持有期混合C,混合型-偏股,09988,阿里巴巴-W,广义离岸中国AI,中国离岸AI平台/云,6.25%,1,8
016710,泉果旭源三年持有期混合C,混合型-偏股,00981,中芯国际,广义离岸中国AI,中国离岸半导体制造,5.65%,1,9
016713,长信均衡策略一年持有混合A,混合型-偏股,00700,腾讯控股,广义离岸中国AI,中国离岸AI平台/云,9.74%,1,2
016714,长信均衡策略一年持有混合C,混合型-偏股,00700,腾讯控股,广义离岸中国AI,中国离岸AI平台/云,9.74%,1,2
016715,建信渤泰债券A,债券型-混合二级,00700,腾讯控股,广义离岸中国AI,中国离岸AI平台/云,0.67%,1,10
016716,建信渤泰债券C,债券型-混合二级,00700,腾讯控股,广义离岸中国AI,中国离岸AI平台/云,0.67%,1,10
016731,南方浩升稳健优选6个月持有混合(FOF)A,FOF-稳健型,09988,阿里巴巴-W,广义离岸中国AI,中国离岸AI平台/云,0.05%,1,10
016732,南方浩升稳健优选6个月持有混合(FOF)C,FOF-稳健型,09988,阿里巴巴-W,广义离岸中国AI,中国离岸AI平台/云,0.05%,1,10
016742,华安大中华升级股票(QDII)C,QDII-普通股票,09988,阿里巴巴-W,广义离岸中国AI,中国离岸AI平台/云,2.91%,1,2
016746,浦银安盛光耀优选混合A,混合型-偏股,00700,腾讯控股,广义离岸中国AI,中国离岸AI平台/云,4.56%,1,6
016747,浦银安盛光耀优选混合C,混合型-偏股,00700,腾讯控股,广义离岸中国AI,中国离岸AI平台/云,4.56%,1,6
016761,嘉合锦荣混合A,混合型-偏股,09988,阿里巴巴-W,广义离岸中国AI,中国离岸AI平台/云,6.55%,1,3
016761,嘉合锦荣混合A,混合型-偏股,00981,中芯国际,广义离岸中国AI,中国离岸半导体制造,5.37%,1,6
016762,嘉合锦荣混合C,混合型-偏股,09988,阿里巴巴-W,广义离岸中国AI,中国离岸AI平台/云,6.55%,1,3
016762,嘉合锦荣混合C,混合型-偏股,00981,中芯国际,广义离岸中国AI,中国离岸半导体制造,5.37%,1,6
016810,信澳博见成长一年定期开放混合A,混合型-偏股,01810,小米集团-W,广义离岸中国AI,中国离岸AI终端/汽车,9.47%,1,8
016810,信澳博见成长一年定期开放混合A,混合型-偏股,09988,阿里巴巴-W,广义离岸中国AI,中国离岸AI平台/云,4.56%,1,10
016811,信澳博见成长一年定期开放混合C,混合型-偏股,01810,小米集团-W,广义离岸中国AI,中国离岸AI终端/汽车,9.47%,1,8
016811,信澳博见成长一年定期开放混合C,混合型-偏股,09988,阿里巴巴-W,广义离岸中国AI,中国离岸AI平台/云,4.56%,1,10
016823,天弘全球新能源汽车股票(QDII-LOF)C,QDII-普通股票,NVDA,英伟达,狭义海外AI,核心算力-GPU,4.64%,1,1
016823,天弘全球新能源汽车股票(QDII-LOF)C,QDII-普通股票,TSM,台积电,狭义海外AI,先进制程代工,4.37%,1,2
016823,天弘全球新能源汽车股票(QDII-LOF)C,QDII-普通股票,LITE,Lumentum Holdings Inc,扩展海外AI,光通信器件,4.15%,1,3
016823,天弘全球新能源汽车股票(QDII-LOF)C,QDII-普通股票,KLAC,科磊,狭义海外AI,半导体设备,3.64%,1,5
016823,天弘全球新能源汽车股票(QDII-LOF)C,QDII-普通股票,AVGO,博通,狭义海外AI,AI网络/ASIC,3.43%,1,7
016823,天弘全球新能源汽车股票(QDII-LOF)C,QDII-普通股票,AMD,超威半导体,狭义海外AI,核心算力-GPU,3.31%,1,9
016823,天弘全球新能源汽车股票(QDII-LOF)C,QDII-普通股票,LRCX,拉姆研究,狭义海外AI,半导体设备,3.27%,1,10
016834,东方红共赢甄选一年持有混合A,混合型-偏债,00700,腾讯控股,广义离岸中国AI,中国离岸AI平台/云,2.08%,1,1
016834,东方红共赢甄选一年持有混合A,混合型-偏债,09988,阿里巴巴-W,广义离岸中国AI,中国离岸AI平台/云,1.25%,1,2
016835,东方红共赢甄选一年持有混合C,混合型-偏债,00700,腾讯控股,广义离岸中国AI,中国离岸AI平台/云,2.08%,1,1
016835,东方红共赢甄选一年持有混合C,混合型-偏债,09988,阿里巴巴-W,广义离岸中国AI,中国离岸AI平台/云,1.25%,1,2
016840,博道惠泰优选混合A,混合型-偏股,00700,腾讯控股,广义离岸中国AI,中国离岸AI平台/云,5.74%,1,5
016841,博道惠泰优选混合C,混合型-偏股,00700,腾讯控股,广义离岸中国AI,中国离岸AI平台/云,5.74%,1,5
016863,华安招裕一年持有混合A,混合型-偏债,00700,腾讯控股,广义离岸中国AI,中国离岸AI平台/云,0.43%,1,10
016864,华安招裕一年持有混合C,混合型-偏债,00700,腾讯控股,广义离岸中国AI,中国离岸AI平台/云,0.43%,1,10
016869,景顺长城稳健增益债券A,债券型-混合二级,00700,腾讯控股,广义离岸中国AI,中国离岸AI平台/云,0.93%,1,1
016869,景顺长城稳健增益债券A,债券型-混合二级,09988,阿里巴巴-W,广义离岸中国AI,中国离岸AI平台/云,0.40%,1,4
016869,景顺长城稳健增益债券A,债券型-混合二级,00981,中芯国际,广义离岸中国AI,中国离岸半导体制造,0.36%,1,8
016870,景顺长城稳健增益债券C,债券型-混合二级,00700,腾讯控股,广义离岸中国AI,中国离岸AI平台/云,0.93%,1,1
016870,景顺长城稳健增益债券C,债券型-混合二级,09988,阿里巴巴-W,广义离岸中国AI,中国离岸AI平台/云,0.40%,1,4
016870,景顺长城稳健增益债券C,债券型-混合二级,00981,中芯国际,广义离岸中国AI,中国离岸半导体制造,0.36%,1,8
016902,鑫元欣悦混合A,混合型-偏股,00981,中芯国际,广义离岸中国AI,中国离岸半导体制造,7.94%,1,3
016903,鑫元欣悦混合C,混合型-偏股,00981,中芯国际,广义离岸中国AI,中国离岸半导体制造,7.94%,1,3
016921,摩根香港精选港股通混合C,混合型-偏股,00700,腾讯控股,广义离岸中国AI,中国离岸AI平台/云,5.40%,1,2
016921,摩根香港精选港股通混合C,混合型-偏股,09988,阿里巴巴-W,广义离岸中国AI,中国离岸AI平台/云,3.94%,1,3
016945,中泰ESG主题6个月持有混合发起,混合型-偏股,00700,腾讯控股,广义离岸中国AI,中国离岸AI平台/云,9.34%,1,3
016957,招商安颐稳健债券A,债券型-混合二级,00700,腾讯控股,广义离岸中国AI,中国离岸AI平台/云,0.99%,1,1
016958,招商安颐稳健债券C,债券型-混合二级,00700,腾讯控股,广义离岸中国AI,中国离岸AI平台/云,0.99%,1,1
016978,博时均衡优选混合A,混合型-偏股,00700,腾讯控股,广义离岸中国AI,中国离岸AI平台/云,5.21%,1,5
016979,博时均衡优选混合C,混合型-偏股,00700,腾讯控股,广义离岸中国AI,中国离岸AI平台/云,5.21%,1,5
016988,景顺长城大中华混合(QDII)C人民币,QDII-混合偏股,2330,台积电,狭义海外AI,先进制程代工,9.77%,1,1
016988,景顺长城大中华混合(QDII)C人民币,QDII-混合偏股,00700,腾讯控股,广义离岸中国AI,中国离岸AI平台/云,7.16%,1,2
016988,景顺长城大中华混合(QDII)C人民币,QDII-混合偏股,2308,台达电,扩展海外AI,数据中心电源,4.33%,1,5
016988,景顺长城大中华混合(QDII)C人民币,QDII-混合偏股,09988,阿里巴巴-W,广义离岸中国AI,中国离岸AI平台/云,4.27%,1,6
016997,创金合信产业臻选平衡混合A,混合型-偏股,00700,腾讯控股,广义离岸中国AI,中国离岸AI平台/云,2.67%,1,7
016998,创金合信产业臻选平衡混合C,混合型-偏股,00700,腾讯控股,广义离岸中国AI,中国离岸AI平台/云,2.67%,1,7
017011,广发安润一年持有期混合A,混合型-偏债,09988,阿里巴巴-W,广义离岸中国AI,中国离岸AI平台/云,0.76%,1,5
017012,广发安润一年持有期混合C,混合型-偏债,09988,阿里巴巴-W,广义离岸中国AI,中国离岸AI平台/云,0.76%,1,5
017026,鑫元鑫领航混合A,混合型-偏股,09988,阿里巴巴-W,广义离岸中国AI,中国离岸AI平台/云,3.82%,1,9
017027,鑫元鑫领航混合C,混合型-偏股,09988,阿里巴巴-W,广义离岸中国AI,中国离岸AI平台/云,3.82%,1,9
017034,中信建投科技主题6个月持有混合A,混合型-偏股,09988,阿里巴巴-W,广义离岸中国AI,中国离岸AI平台/云,3.58%,1,3
017034,中信建投科技主题6个月持有混合A,混合型-偏股,00700,腾讯控股,广义离岸中国AI,中国离岸AI平台/云,3.27%,1,6
017035,中信建投科技主题6个月持有混合C,混合型-偏股,09988,阿里巴巴-W,广义离岸中国AI,中国离岸AI平台/云,3.58%,1,3
017035,中信建投科技主题6个月持有混合C,混合型-偏股,00700,腾讯控股,广义离岸中国AI,中国离岸AI平台/云,3.27%,1,6
017063,申万菱信乐成混合A,混合型-偏股,09988,阿里巴巴-W,广义离岸中国AI,中国离岸AI平台/云,5.05%,1,8
017063,申万菱信乐成混合A,混合型-偏股,03896,金山云,广义离岸中国AI,中国离岸云计算,4.98%,1,9
017064,申万菱信乐成混合C,混合型-偏股,09988,阿里巴巴-W,广义离岸中国AI,中国离岸AI平台/云,5.05%,1,8
017064,申万菱信乐成混合C,混合型-偏股,03896,金山云,广义离岸中国AI,中国离岸云计算,4.98%,1,9
017071,申万菱信全球新能源股票型发起式(QDII)A,QDII-普通股票,VRT,Vertiv Holdings Co-A,狭义海外AI,AI数据中心电力/散热,5.85%,1,3
017072,申万菱信全球新能源股票型发起式(QDII)C,QDII-普通股票,VRT,Vertiv Holdings Co-A,狭义海外AI,AI数据中心电力/散热,5.85%,1,3
017083,鹏华安锦一年持有期混合A,混合型-偏债,00700,腾讯控股,广义离岸中国AI,中国离岸AI平台/云,2.99%,1,2
017083,鹏华安锦一年持有期混合A,混合型-偏债,09988,阿里巴巴-W,广义离岸中国AI,中国离岸AI平台/云,2.97%,1,3
017084,鹏华安锦一年持有期混合C,混合型-偏债,00700,腾讯控股,广义离岸中国AI,中国离岸AI平台/云,2.99%,1,2
017084,鹏华安锦一年持有期混合C,混合型-偏债,09988,阿里巴巴-W,广义离岸中国AI,中国离岸AI平台/云,2.97%,1,3
017098,摩根领先优选混合C,混合型-偏股,09988,阿里巴巴-W,广义离岸中国AI,中国离岸AI平台/云,8.86%,1,1
017098,摩根领先优选混合C,混合型-偏股,00700,腾讯控股,广义离岸中国AI,中国离岸AI平台/云,7.84%,1,3
017112,嘉实优享生活混合A,混合型-偏股,00700,腾讯控股,广义离岸中国AI,中国离岸AI平台/云,3.10%,1,9
017113,嘉实优享生活混合C,混合型-偏股,00700,腾讯控股,广义离岸中国AI,中国离岸AI平台/云,3.10%,1,9
017121,南方贤元一年持有债券A,债券型-混合二级,00700,腾讯控股,广义离岸中国AI,中国离岸AI平台/云,2.35%,1,1
017121,南方贤元一年持有债券A,债券型-混合二级,09988,阿里巴巴-W,广义离岸中国AI,中国离岸AI平台/云,2.34%,1,2
017122,南方贤元一年持有债券C,债券型-混合二级,00700,腾讯控股,广义离岸中国AI,中国离岸AI平台/云,2.35%,1,1
017122,南方贤元一年持有债券C,债券型-混合二级,09988,阿里巴巴-W,广义离岸中国AI,中国离岸AI平台/云,2.34%,1,2
017130,国投瑞银比较优势一年持有混合A,混合型-偏股,00700,腾讯控股,广义离岸中国AI,中国离岸AI平台/云,2.18%,1,10
017131,国投瑞银比较优势一年持有混合C,混合型-偏股,00700,腾讯控股,广义离岸中国AI,中国离岸AI平台/云,2.18%,1,10
017144,华宝海外新能源汽车股票发起式(QDII)A,QDII-普通股票,AVGO,博通,狭义海外AI,AI网络/ASIC,9.64%,1,4
017144,华宝海外新能源汽车股票发起式(QDII)A,QDII-普通股票,NVDA,英伟达,狭义海外AI,核心算力-GPU,9.46%,1,6
017144,华宝海外新能源汽车股票发起式(QDII)A,QDII-普通股票,MRVL,迈威尔科技,狭义海外AI,AI网络/ASIC,4.81%,1,10
017145,华宝海外新能源汽车股票发起式(QDII)C,QDII-普通股票,AVGO,博通,狭义海外AI,AI网络/ASIC,9.64%,1,4
017145,华宝海外新能源汽车股票发起式(QDII)C,QDII-普通股票,NVDA,英伟达,狭义海外AI,核心算力-GPU,9.46%,1,6
017145,华宝海外新能源汽车股票发起式(QDII)C,QDII-普通股票,MRVL,迈威尔科技,狭义海外AI,AI网络/ASIC,4.81%,1,10
017149,天弘稳健回报债券发起A,债券型-混合二级,01347,华虹半导体,广义离岸中国AI,中国离岸半导体制造,0.31%,1,10
017150,天弘稳健回报债券发起C,债券型-混合二级,01347,华虹半导体,广义离岸中国AI,中国离岸半导体制造,0.31%,1,10
017179,天弘永丰平衡养老目标三年持有混合发起(FOF),FOF-均衡型,09988,阿里巴巴-W,广义离岸中国AI,中国离岸AI平台/云,2.50%,1,3
017181,大成至诚鑫选混合A,混合型-偏股,00700,腾讯控股,广义离岸中国AI,中国离岸AI平台/云,3.89%,1,10
017182,大成至诚鑫选混合C,混合型-偏股,00700,腾讯控股,广义离岸中国AI,中国离岸AI平台/云,3.89%,1,10
017216,国投瑞银策略智选混合A,混合型-偏股,00700,腾讯控股,广义离岸中国AI,中国离岸AI平台/云,3.12%,1,4
017217,国投瑞银策略智选混合C,混合型-偏股,00700,腾讯控股,广义离岸中国AI,中国离岸AI平台/云,3.12%,1,4
017232,工银稳润一年持有混合A,混合型-偏债,00700,腾讯控股,广义离岸中国AI,中国离岸AI平台/云,1.48%,1,4
017232,工银稳润一年持有混合A,混合型-偏债,09988,阿里巴巴-W,广义离岸中国AI,中国离岸AI平台/云,0.59%,1,6
017233,工银稳润一年持有混合C,混合型-偏债,00700,腾讯控股,广义离岸中国AI,中国离岸AI平台/云,1.48%,1,4
017233,工银稳润一年持有混合C,混合型-偏债,09988,阿里巴巴-W,广义离岸中国AI,中国离岸AI平台/云,0.59%,1,6
017237,天弘永丰稳健养老目标一年持有混合(FOF)Y,FOF-稳健型,09988,阿里巴巴-W,广义离岸中国AI,中国离岸AI平台/云,1.30%,1,3
017265,招商瑞成1年持有期混合A,混合型-偏债,00700,腾讯控股,广义离岸中国AI,中国离岸AI平台/云,1.53%,1,2
017266,招商瑞成1年持有期混合C,混合型-偏债,00700,腾讯控股,广义离岸中国AI,中国离岸AI平台/云,1.53%,1,2
017267,招商乐颐和惠养老目标日期2035三年持有混合发起式FOF,FOF-均衡型,00700,腾讯控股,广义离岸中国AI,中国离岸AI平台/云,0.47%,1,1
017268,天弘养老2035三年(FOF)Y,FOF-均衡型,09988,阿里巴巴-W,广义离岸中国AI,中国离岸AI平台/云,2.44%,1,3
017290,中欧科创主题混合(LOF)C,混合型-偏股,09988,阿里巴巴-W,广义离岸中国AI,中国离岸AI平台/云,7.76%,1,3
017290,中欧科创主题混合(LOF)C,混合型-偏股,00981,中芯国际,广义离岸中国AI,中国离岸半导体制造,6.46%,1,5
017300,安信数字经济股票发起A,股票型,00700,腾讯控股,广义离岸中国AI,中国离岸AI平台/云,5.38%,1,1
017300,安信数字经济股票发起A,股票型,01810,小米集团-W,广义离岸中国AI,中国离岸AI终端/汽车,3.70%,1,2
017300,安信数字经济股票发起A,股票型,00981,中芯国际,广义离岸中国AI,中国离岸半导体制造,0.94%,1,11
017301,安信数字经济股票发起C,股票型,00700,腾讯控股,广义离岸中国AI,中国离岸AI平台/云,5.38%,1,1
017301,安信数字经济股票发起C,股票型,01810,小米集团-W,广义离岸中国AI,中国离岸AI终端/汽车,3.70%,1,2
017301,安信数字经济股票发起C,股票型,00981,中芯国际,广义离岸中国AI,中国离岸半导体制造,0.94%,1,11
017303,华安景气领航混合A,混合型-偏股,09988,阿里巴巴-W,广义离岸中国AI,中国离岸AI平台/云,4.88%,1,1
017303,华安景气领航混合A,混合型-偏股,00700,腾讯控股,广义离岸中国AI,中国离岸AI平台/云,3.49%,1,8
017304,华安景气领航混合C,混合型-偏股,09988,阿里巴巴-W,广义离岸中国AI,中国离岸AI平台/云,4.88%,1,1
017304,华安景气领航混合C,混合型-偏股,00700,腾讯控股,广义离岸中国AI,中国离岸AI平台/云,3.49%,1,8
017318,中欧预见稳瑞混合(FOF)Y,FOF-稳健型,09988,阿里巴巴-W,广义离岸中国AI,中国离岸AI平台/云,0.34%,1,6
017357,华夏安盈稳健养老目标一年持有混合(FOF)Y,FOF-稳健型,00700,腾讯控股,广义离岸中国AI,中国离岸AI平台/云,0.81%,1,1
017366,泰康新锐成长混合C,混合型-偏股,00700,腾讯控股,广义离岸中国AI,中国离岸AI平台/云,5.14%,1,1
017366,泰康新锐成长混合C,混合型-偏股,09988,阿里巴巴-W,广义离岸中国AI,中国离岸AI平台/云,3.49%,1,6
017366,泰康新锐成长混合C,混合型-偏股,00981,中芯国际,广义离岸中国AI,中国离岸半导体制造,3.45%,1,7
017377,南方养老2040三年持有混合发起(FOF)Y,FOF-均衡型,00981,中芯国际,广义离岸中国AI,中国离岸半导体制造,0.43%,1,9
017395,招商和悦均衡养老三年持有混合(FOF)Y,FOF-均衡型,00981,中芯国际,广义离岸中国AI,中国离岸半导体制造,0.32%,1,10
017400,贝莱德行业优选混合A,混合型-偏股,00700,腾讯控股,广义离岸中国AI,中国离岸AI平台/云,4.79%,1,5
017401,贝莱德行业优选混合C,混合型-偏股,00700,腾讯控股,广义离岸中国AI,中国离岸AI平台/云,4.79%,1,5
017404,天弘养老目标日期2045五年持有期混合型发起式(FOF),FOF-进取型,09988,阿里巴巴-W,广义离岸中国AI,中国离岸AI平台/云,3.30%,1,3
017429,嘉实全球创新龙头股票(QDII)人民币A,QDII-普通股票,00700,腾讯控股,广义离岸中国AI,中国离岸AI平台/云,6.08%,1,2
017430,嘉实全球创新龙头股票(QDII)美元,QDII-普通股票,00700,腾讯控股,广义离岸中国AI,中国离岸AI平台/云,6.08%,1,2
017431,嘉实全球创新龙头股票(QDII)人民币C,QDII-普通股票,00700,腾讯控股,广义离岸中国AI,中国离岸AI平台/云,6.08%,1,2
017434,华宝中证沪港深新消费指数A,指数型-股票,00700,腾讯控股,广义离岸中国AI,中国离岸AI平台/云,13.53%,1,1
017434,华宝中证沪港深新消费指数A,指数型-股票,09988,阿里巴巴-W,广义离岸中国AI,中国离岸AI平台/云,13.12%,1,2
017434,华宝中证沪港深新消费指数A,指数型-股票,01810,小米集团-W,广义离岸中国AI,中国离岸AI终端/汽车,12.61%,1,3
017435,华宝中证沪港深新消费指数C,指数型-股票,00700,腾讯控股,广义离岸中国AI,中国离岸AI平台/云,13.53%,1,1
017435,华宝中证沪港深新消费指数C,指数型-股票,09988,阿里巴巴-W,广义离岸中国AI,中国离岸AI平台/云,13.12%,1,2
017435,华宝中证沪港深新消费指数C,指数型-股票,01810,小米集团-W,广义离岸中国AI,中国离岸AI终端/汽车,12.61%,1,3
017436,华宝纳斯达克精选股票发起式(QDII)A,QDII-普通股票,NVDA,英伟达,狭义海外AI,核心算力-GPU,9.28%,1,2
017436,华宝纳斯达克精选股票发起式(QDII)A,QDII-普通股票,MSFT,微软,狭义海外AI,AI云/软件,7.50%,1,4
017436,华宝纳斯达克精选股票发起式(QDII)A,QDII-普通股票,AVGO,博通,狭义海外AI,AI网络/ASIC,7.43%,1,5
017436,华宝纳斯达克精选股票发起式(QDII)A,QDII-普通股票,GOOG,谷歌-C,狭义海外AI,AI云/大模型,6.82%,1,7
017436,华宝纳斯达克精选股票发起式(QDII)A,QDII-普通股票,AMZN,亚马逊,狭义海外AI,AI云,6.34%,1,8
017436,华宝纳斯达克精选股票发起式(QDII)A,QDII-普通股票,META,Meta Platforms Inc-A,狭义海外AI,AI平台,5.77%,1,9
017436,华宝纳斯达克精选股票发起式(QDII)A,QDII-普通股票,MRVL,迈威尔科技,狭义海外AI,AI网络/ASIC,4.96%,1,10
017437,华宝纳斯达克精选股票发起式(QDII)C,QDII-普通股票,NVDA,英伟达,狭义海外AI,核心算力-GPU,9.28%,1,2
017437,华宝纳斯达克精选股票发起式(QDII)C,QDII-普通股票,MSFT,微软,狭义海外AI,AI云/软件,7.50%,1,4
017437,华宝纳斯达克精选股票发起式(QDII)C,QDII-普通股票,AVGO,博通,狭义海外AI,AI网络/ASIC,7.43%,1,5
017437,华宝纳斯达克精选股票发起式(QDII)C,QDII-普通股票,GOOG,谷歌-C,狭义海外AI,AI云/大模型,6.82%,1,7
017437,华宝纳斯达克精选股票发起式(QDII)C,QDII-普通股票,AMZN,亚马逊,狭义海外AI,AI云,6.34%,1,8
017437,华宝纳斯达克精选股票发起式(QDII)C,QDII-普通股票,META,Meta Platforms Inc-A,狭义海外AI,AI平台,5.77%,1,9
017437,华宝纳斯达克精选股票发起式(QDII)C,QDII-普通股票,MRVL,迈威尔科技,狭义海外AI,AI网络/ASIC,4.96%,1,10
017475,广发集轩债券A,债券型-混合二级,00700,腾讯控股,广义离岸中国AI,中国离岸AI平台/云,0.56%,1,8
017475,广发集轩债券A,债券型-混合二级,09988,阿里巴巴-W,广义离岸中国AI,中国离岸AI平台/云,0.56%,1,7
017476,广发集轩债券C,债券型-混合二级,00700,腾讯控股,广义离岸中国AI,中国离岸AI平台/云,0.56%,1,8
017476,广发集轩债券C,债券型-混合二级,09988,阿里巴巴-W,广义离岸中国AI,中国离岸AI平台/云,0.56%,1,7
017477,安信睿见优选混合A,混合型-偏股,00700,腾讯控股,广义离岸中国AI,中国离岸AI平台/云,9.82%,1,3
017477,安信睿见优选混合A,混合型-偏股,01810,小米集团-W,广义离岸中国AI,中国离岸AI终端/汽车,3.22%,1,9
017478,安信睿见优选混合C,混合型-偏股,00700,腾讯控股,广义离岸中国AI,中国离岸AI平台/云,9.82%,1,3
017478,安信睿见优选混合C,混合型-偏股,01810,小米集团-W,广义离岸中国AI,中国离岸AI终端/汽车,3.22%,1,9
017556,招商安凯债券,债券型-混合二级,09988,阿里巴巴-W,广义离岸中国AI,中国离岸AI平台/云,0.73%,1,2
017564,华安产业优选混合A,混合型-偏股,03896,金山云,广义离岸中国AI,中国离岸云计算,3.46%,1,3
017565,华安产业优选混合C,混合型-偏股,03896,金山云,广义离岸中国AI,中国离岸云计算,3.46%,1,3
017587,中欧盈选稳健6个月持有混合发起(FOF)A,FOF-稳健型,09988,阿里巴巴-W,广义离岸中国AI,中国离岸AI平台/云,0.29%,1,5
017588,中欧盈选稳健6个月持有混合发起(FOF)C,FOF-稳健型,09988,阿里巴巴-W,广义离岸中国AI,中国离岸AI平台/云,0.29%,1,5
017592,汇添富添添乐双盈债券A,债券型-混合二级,00700,腾讯控股,广义离岸中国AI,中国离岸AI平台/云,0.59%,1,4
017593,汇添富添添乐双盈债券C,债券型-混合二级,00700,腾讯控股,广义离岸中国AI,中国离岸AI平台/云,0.59%,1,4
017600,华夏行业甄选混合A,混合型-偏股,00700,腾讯控股,广义离岸中国AI,中国离岸AI平台/云,7.01%,1,3
017600,华夏行业甄选混合A,混合型-偏股,09988,阿里巴巴-W,广义离岸中国AI,中国离岸AI平台/云,6.20%,1,4
017601,华夏行业甄选混合C,混合型-偏股,00700,腾讯控股,广义离岸中国AI,中国离岸AI平台/云,7.01%,1,3
017601,华夏行业甄选混合C,混合型-偏股,09988,阿里巴巴-W,广义离岸中国AI,中国离岸AI平台/云,6.20%,1,4
017602,华夏国企创新混合发起式A,混合型-偏股,00981,中芯国际,广义离岸中国AI,中国离岸半导体制造,4.71%,1,8
017602,华夏国企创新混合发起式A,混合型-偏股,01347,华虹半导体,广义离岸中国AI,中国离岸半导体制造,4.61%,1,9
017603,华夏国企创新混合发起式C,混合型-偏股,00981,中芯国际,广义离岸中国AI,中国离岸半导体制造,4.71%,1,8
017603,华夏国企创新混合发起式C,混合型-偏股,01347,华虹半导体,广义离岸中国AI,中国离岸半导体制造,4.61%,1,9
017606,华泰柏瑞轮动精选混合A,混合型-偏股,00981,中芯国际,广义离岸中国AI,中国离岸半导体制造,1.62%,1,8
017607,华泰柏瑞轮动精选混合C,混合型-偏股,00981,中芯国际,广义离岸中国AI,中国离岸半导体制造,1.62%,1,8
017615,广发安颐一年持有期混合A,混合型-偏债,09988,阿里巴巴-W,广义离岸中国AI,中国离岸AI平台/云,1.02%,1,4
017616,广发安颐一年持有期混合C,混合型-偏债,09988,阿里巴巴-W,广义离岸中国AI,中国离岸AI平台/云,1.02%,1,4
017617,华泰柏瑞招享6个月持有期混合A,混合型-偏债,00981,中芯国际,广义离岸中国AI,中国离岸半导体制造,0.30%,1,8
017618,华泰柏瑞招享6个月持有期混合C,混合型-偏债,00981,中芯国际,广义离岸中国AI,中国离岸半导体制造,0.30%,1,8
017622,同泰恒盛债券A,债券型-混合二级,00700,腾讯控股,广义离岸中国AI,中国离岸AI平台/云,0.63%,1,10
017623,同泰恒盛债券C,债券型-混合二级,00700,腾讯控股,广义离岸中国AI,中国离岸AI平台/云,0.63%,1,10
017627,长城港股通价值精选混合C,混合型-偏股,00981,中芯国际,广义离岸中国AI,中国离岸半导体制造,8.64%,1,1
017627,长城港股通价值精选混合C,混合型-偏股,00700,腾讯控股,广义离岸中国AI,中国离岸AI平台/云,8.53%,1,2
017627,长城港股通价值精选混合C,混合型-偏股,01810,小米集团-W,广义离岸中国AI,中国离岸AI终端/汽车,8.40%,1,3
017627,长城港股通价值精选混合C,混合型-偏股,01347,华虹半导体,广义离岸中国AI,中国离岸半导体制造,4.56%,1,5
017639,景顺长城景气优选一年持有期混合A,混合型-偏股,00981,中芯国际,广义离岸中国AI,中国离岸半导体制造,4.49%,1,1
017640,景顺长城景气优选一年持有期混合C,混合型-偏股,00981,中芯国际,广义离岸中国AI,中国离岸半导体制造,4.49%,1,1
017641,摩根标普500指数(QDII)人民币A,指数型-海外股票,NVDA,英伟达,狭义海外AI,核心算力-GPU,7.45%,1,1
017641,摩根标普500指数(QDII)人民币A,指数型-海外股票,MSFT,微软,狭义海外AI,AI云/软件,4.84%,1,3
017641,摩根标普500指数(QDII)人民币A,指数型-海外股票,AMZN,亚马逊,狭义海外AI,AI云,3.56%,1,4
017641,摩根标普500指数(QDII)人民币A,指数型-海外股票,GOOGL,谷歌-A,狭义海外AI,AI云/大模型,2.94%,1,5
017641,摩根标普500指数(QDII)人民币A,指数型-海外股票,AVGO,博通,狭义海外AI,AI网络/ASIC,2.57%,1,6
017641,摩根标普500指数(QDII)人民币A,指数型-海外股票,GOOG,谷歌-C,狭义海外AI,AI云/大模型,2.35%,1,7
017641,摩根标普500指数(QDII)人民币A,指数型-海外股票,META,Meta Platforms Inc-A,狭义海外AI,AI平台,2.19%,1,8
017642,摩根标普500指数(QDII)美钞,指数型-海外股票,NVDA,英伟达,狭义海外AI,核心算力-GPU,7.45%,1,1
017642,摩根标普500指数(QDII)美钞,指数型-海外股票,MSFT,微软,狭义海外AI,AI云/软件,4.84%,1,3
017642,摩根标普500指数(QDII)美钞,指数型-海外股票,AMZN,亚马逊,狭义海外AI,AI云,3.56%,1,4
017642,摩根标普500指数(QDII)美钞,指数型-海外股票,GOOGL,谷歌-A,狭义海外AI,AI云/大模型,2.94%,1,5
017642,摩根标普500指数(QDII)美钞,指数型-海外股票,AVGO,博通,狭义海外AI,AI网络/ASIC,2.57%,1,6
017642,摩根标普500指数(QDII)美钞,指数型-海外股票,GOOG,谷歌-C,狭义海外AI,AI云/大模型,2.35%,1,7
017642,摩根标普500指数(QDII)美钞,指数型-海外股票,META,Meta Platforms Inc-A,狭义海外AI,AI平台,2.19%,1,8
017643,摩根标普500指数(QDII)美汇,指数型-海外股票,NVDA,英伟达,狭义海外AI,核心算力-GPU,7.45%,1,1
017643,摩根标普500指数(QDII)美汇,指数型-海外股票,MSFT,微软,狭义海外AI,AI云/软件,4.84%,1,3
017643,摩根标普500指数(QDII)美汇,指数型-海外股票,AMZN,亚马逊,狭义海外AI,AI云,3.56%,1,4
017643,摩根标普500指数(QDII)美汇,指数型-海外股票,GOOGL,谷歌-A,狭义海外AI,AI云/大模型,2.94%,1,5
017643,摩根标普500指数(QDII)美汇,指数型-海外股票,AVGO,博通,狭义海外AI,AI网络/ASIC,2.57%,1,6
017643,摩根标普500指数(QDII)美汇,指数型-海外股票,GOOG,谷歌-C,狭义海外AI,AI云/大模型,2.35%,1,7
017643,摩根标普500指数(QDII)美汇,指数型-海外股票,META,Meta Platforms Inc-A,狭义海外AI,AI平台,2.19%,1,8
017648,信澳聚优智选混合A,混合型-偏股,00700,腾讯控股,广义离岸中国AI,中国离岸AI平台/云,6.21%,1,3
017648,信澳聚优智选混合A,混合型-偏股,09988,阿里巴巴-W,广义离岸中国AI,中国离岸AI平台/云,5.55%,1,6
017649,信澳聚优智选混合C,混合型-偏股,00700,腾讯控股,广义离岸中国AI,中国离岸AI平台/云,6.21%,1,3
017649,信澳聚优智选混合C,混合型-偏股,09988,阿里巴巴-W,广义离岸中国AI,中国离岸AI平台/云,5.55%,1,6
017650,中庚港股通价值股票,股票型,00700,腾讯控股,广义离岸中国AI,中国离岸AI平台/云,7.37%,1,1
017650,中庚港股通价值股票,股票型,09988,阿里巴巴-W,广义离岸中国AI,中国离岸AI平台/云,5.96%,1,2
017653,创金合信全球芯片产业股票发起(QDII)A,QDII-普通股票,00981,中芯国际,广义离岸中国AI,中国离岸半导体制造,6.68%,1,1
017653,创金合信全球芯片产业股票发起(QDII)A,QDII-普通股票,01347,华虹半导体,广义离岸中国AI,中国离岸半导体制造,4.87%,1,2
017653,创金合信全球芯片产业股票发起(QDII)A,QDII-普通股票,ASML,阿斯麦,狭义海外AI,半导体设备,4.87%,1,3
017653,创金合信全球芯片产业股票发起(QDII)A,QDII-普通股票,GOOG,谷歌-C,狭义海外AI,AI云/大模型,4.38%,1,5
017653,创金合信全球芯片产业股票发起(QDII)A,QDII-普通股票,TSM,台积电,狭义海外AI,先进制程代工,4.07%,1,6
017653,创金合信全球芯片产业股票发起(QDII)A,QDII-普通股票,AMAT,应用材料,狭义海外AI,半导体设备,4.03%,1,7
017653,创金合信全球芯片产业股票发起(QDII)A,QDII-普通股票,09988,阿里巴巴-W,广义离岸中国AI,中国离岸AI平台/云,3.73%,1,8
017653,创金合信全球芯片产业股票发起(QDII)A,QDII-普通股票,LITE,Lumentum Holdings Inc,扩展海外AI,光通信器件,3.45%,1,9
017653,创金合信全球芯片产业股票发起(QDII)A,QDII-普通股票,LRCX,拉姆研究,狭义海外AI,半导体设备,2.63%,1,10
017654,创金合信全球芯片产业股票发起(QDII)C,QDII-普通股票,00981,中芯国际,广义离岸中国AI,中国离岸半导体制造,6.68%,1,1
017654,创金合信全球芯片产业股票发起(QDII)C,QDII-普通股票,01347,华虹半导体,广义离岸中国AI,中国离岸半导体制造,4.87%,1,2
017654,创金合信全球芯片产业股票发起(QDII)C,QDII-普通股票,ASML,阿斯麦,狭义海外AI,半导体设备,4.87%,1,3
017654,创金合信全球芯片产业股票发起(QDII)C,QDII-普通股票,GOOG,谷歌-C,狭义海外AI,AI云/大模型,4.38%,1,5
017654,创金合信全球芯片产业股票发起(QDII)C,QDII-普通股票,TSM,台积电,狭义海外AI,先进制程代工,4.07%,1,6
017654,创金合信全球芯片产业股票发起(QDII)C,QDII-普通股票,AMAT,应用材料,狭义海外AI,半导体设备,4.03%,1,7
017654,创金合信全球芯片产业股票发起(QDII)C,QDII-普通股票,09988,阿里巴巴-W,广义离岸中国AI,中国离岸AI平台/云,3.73%,1,8
017654,创金合信全球芯片产业股票发起(QDII)C,QDII-普通股票,LITE,Lumentum Holdings Inc,扩展海外AI,光通信器件,3.45%,1,9
017654,创金合信全球芯片产业股票发起(QDII)C,QDII-普通股票,LRCX,拉姆研究,狭义海外AI,半导体设备,2.63%,1,10
017655,嘉实价值丰裕混合A,混合型-偏股,00700,腾讯控股,广义离岸中国AI,中国离岸AI平台/云,7.13%,1,4
017656,嘉实价值丰裕混合C,混合型-偏股,00700,腾讯控股,广义离岸中国AI,中国离岸AI平台/云,7.13%,1,4
017676,广发积极养老目标五年持有期混合发起式(FOF)A,FOF-进取型,00700,腾讯控股,广义离岸中国AI,中国离岸AI平台/云,0.76%,1,3
017685,中欧预见积极养老目标五年持有混合发起(FOF)A,FOF-进取型,09988,阿里巴巴-W,广义离岸中国AI,中国离岸AI平台/云,0.93%,1,6
017689,华泰紫金恒荣12个月持有期混合发起A,混合型-偏债,00700,腾讯控股,广义离岸中国AI,中国离岸AI平台/云,0.38%,1,9
017692,华泰紫金恒荣12个月持有期混合发起C,混合型-偏债,00700,腾讯控股,广义离岸中国AI,中国离岸AI平台/云,0.38%,1,9
017702,鹏扬均衡成长混合A,混合型-偏股,00700,腾讯控股,广义离岸中国AI,中国离岸AI平台/云,3.42%,1,3
017702,鹏扬均衡成长混合A,混合型-偏股,09988,阿里巴巴-W,广义离岸中国AI,中国离岸AI平台/云,1.79%,1,9
017703,鹏扬均衡成长混合C,混合型-偏股,00700,腾讯控股,广义离岸中国AI,中国离岸AI平台/云,3.42%,1,3
017703,鹏扬均衡成长混合C,混合型-偏股,09988,阿里巴巴-W,广义离岸中国AI,中国离岸AI平台/云,1.79%,1,9
017707,建信阿尔法一年持有混合,混合型-偏股,00700,腾讯控股,广义离岸中国AI,中国离岸AI平台/云,9.26%,1,2
017719,华夏消费臻选混合发起式A,混合型-偏股,00700,腾讯控股,广义离岸中国AI,中国离岸AI平台/云,3.89%,1,6
017720,华夏消费臻选混合发起式C,混合型-偏股,00700,腾讯控股,广义离岸中国AI,中国离岸AI平台/云,3.89%,1,6
017730,嘉实全球产业升级股票发起式(QDII)A,QDII-普通股票,AVGO,博通,狭义海外AI,AI网络/ASIC,5.37%,1,1
017730,嘉实全球产业升级股票发起式(QDII)A,QDII-普通股票,MU,美光科技,狭义海外AI,AI存储/HBM,4.85%,1,2
017730,嘉实全球产业升级股票发起式(QDII)A,QDII-普通股票,MRVL,迈威尔科技,狭义海外AI,AI网络/ASIC,4.37%,1,3
017730,嘉实全球产业升级股票发起式(QDII)A,QDII-普通股票,NVDA,英伟达,狭义海外AI,核心算力-GPU,3.79%,1,5
017730,嘉实全球产业升级股票发起式(QDII)A,QDII-普通股票,ASML,阿斯麦,狭义海外AI,半导体设备,3.70%,1,6
017730,嘉实全球产业升级股票发起式(QDII)A,QDII-普通股票,KLAC,科磊,狭义海外AI,半导体设备,3.44%,1,8
017730,嘉实全球产业升级股票发起式(QDII)A,QDII-普通股票,TSM,台积电,狭义海外AI,先进制程代工,3.39%,1,9
017730,嘉实全球产业升级股票发起式(QDII)A,QDII-普通股票,AMD,超威半导体,狭义海外AI,核心算力-GPU,3.33%,1,10
017731,嘉实全球产业升级股票发起式(QDII)C,QDII-普通股票,AVGO,博通,狭义海外AI,AI网络/ASIC,5.37%,1,1
017731,嘉实全球产业升级股票发起式(QDII)C,QDII-普通股票,MU,美光科技,狭义海外AI,AI存储/HBM,4.85%,1,2
017731,嘉实全球产业升级股票发起式(QDII)C,QDII-普通股票,MRVL,迈威尔科技,狭义海外AI,AI网络/ASIC,4.37%,1,3
017731,嘉实全球产业升级股票发起式(QDII)C,QDII-普通股票,NVDA,英伟达,狭义海外AI,核心算力-GPU,3.79%,1,5
017731,嘉实全球产业升级股票发起式(QDII)C,QDII-普通股票,ASML,阿斯麦,狭义海外AI,半导体设备,3.70%,1,6
017731,嘉实全球产业升级股票发起式(QDII)C,QDII-普通股票,KLAC,科磊,狭义海外AI,半导体设备,3.44%,1,8
017731,嘉实全球产业升级股票发起式(QDII)C,QDII-普通股票,TSM,台积电,狭义海外AI,先进制程代工,3.39%,1,9
017731,嘉实全球产业升级股票发起式(QDII)C,QDII-普通股票,AMD,超威半导体,狭义海外AI,核心算力-GPU,3.33%,1,10
017746,建信电子行业股票A,股票型,01347,华虹半导体,广义离岸中国AI,中国离岸半导体制造,6.60%,1,7
017747,建信电子行业股票C,股票型,01347,华虹半导体,广义离岸中国AI,中国离岸半导体制造,6.60%,1,7
017764,大成均衡增长混合A,混合型-偏股,02228,晶泰控股,广义离岸中国AI,中国离岸AI制药,4.02%,1,10
017765,大成均衡增长混合C,混合型-偏股,02228,晶泰控股,广义离岸中国AI,中国离岸AI制药,4.02%,1,10
017767,嘉实欣荣混合(LOF)C,混合型-偏股,00700,腾讯控股,广义离岸中国AI,中国离岸AI平台/云,5.60%,1,5
017767,嘉实欣荣混合(LOF)C,混合型-偏股,09988,阿里巴巴-W,广义离岸中国AI,中国离岸AI平台/云,5.44%,1,6
017784,中银高质量发展机遇混合C,混合型-偏股,09988,阿里巴巴-W,广义离岸中国AI,中国离岸AI平台/云,4.77%,1,4
017784,中银高质量发展机遇混合C,混合型-偏股,00981,中芯国际,广义离岸中国AI,中国离岸半导体制造,2.45%,1,7
017794,交银启盛混合A,混合型-偏股,09988,阿里巴巴-W,广义离岸中国AI,中国离岸AI平台/云,4.20%,1,6
017795,交银启盛混合C,混合型-偏股,09988,阿里巴巴-W,广义离岸中国AI,中国离岸AI平台/云,4.20%,1,6
017813,兴合安迎混合A,混合型-偏股,09988,阿里巴巴-W,广义离岸中国AI,中国离岸AI平台/云,3.44%,1,7
017814,兴合安迎混合C,混合型-偏股,09988,阿里巴巴-W,广义离岸中国AI,中国离岸AI平台/云,3.44%,1,7
017848,东方红先进制造混合A,混合型-偏股,09988,阿里巴巴-W,广义离岸中国AI,中国离岸AI平台/云,7.48%,1,3
017848,东方红先进制造混合A,混合型-偏股,00981,中芯国际,广义离岸中国AI,中国离岸半导体制造,5.43%,1,7
017849,东方红先进制造混合C,混合型-偏股,09988,阿里巴巴-W,广义离岸中国AI,中国离岸AI平台/云,7.48%,1,3
017849,东方红先进制造混合C,混合型-偏股,00981,中芯国际,广义离岸中国AI,中国离岸半导体制造,5.43%,1,7
017850,交银启信混合发起A,混合型-偏股,00700,腾讯控股,广义离岸中国AI,中国离岸AI平台/云,7.83%,1,1
017850,交银启信混合发起A,混合型-偏股,09988,阿里巴巴-W,广义离岸中国AI,中国离岸AI平台/云,3.08%,1,8
017851,交银启信混合发起C,混合型-偏股,00700,腾讯控股,广义离岸中国AI,中国离岸AI平台/云,7.83%,1,1
017851,交银启信混合发起C,混合型-偏股,09988,阿里巴巴-W,广义离岸中国AI,中国离岸AI平台/云,3.08%,1,8
017859,交银持续成长主题混合C,混合型-偏股,09988,阿里巴巴-W,广义离岸中国AI,中国离岸AI平台/云,8.52%,1,4
017859,交银持续成长主题混合C,混合型-偏股,00700,腾讯控股,广义离岸中国AI,中国离岸AI平台/云,5.77%,1,6
017886,国富安颐稳健6个月持有期混合A,混合型-偏债,00700,腾讯控股,广义离岸中国AI,中国离岸AI平台/云,2.51%,1,1
017887,国富安颐稳健6个月持有期混合C,混合型-偏债,00700,腾讯控股,广义离岸中国AI,中国离岸AI平台/云,2.51%,1,1
017902,汇添富双颐债券A,债券型-混合二级,00700,腾讯控股,广义离岸中国AI,中国离岸AI平台/云,1.22%,1,4
017911,华泰柏瑞新经济沪港深混合C,混合型-灵活,09988,阿里巴巴-W,广义离岸中国AI,中国离岸AI平台/云,6.23%,1,5
017929,前海开源沪港深新机遇混合C,混合型-灵活,09988,阿里巴巴-W,广义离岸中国AI,中国离岸AI平台/云,3.05%,1,10
017931,富达传承6个月股票A,股票型,02228,晶泰控股,广义离岸中国AI,中国离岸AI制药,7.64%,1,2
017932,富达传承6个月股票C,股票型,02228,晶泰控股,广义离岸中国AI,中国离岸AI制药,7.64%,1,2
017946,国富沪港深成长精选股票C,股票型,00700,腾讯控股,广义离岸中国AI,中国离岸AI平台/云,3.98%,1,2
017946,国富沪港深成长精选股票C,股票型,09988,阿里巴巴-W,广义离岸中国AI,中国离岸AI平台/云,3.48%,1,3
017946,国富沪港深成长精选股票C,股票型,03896,金山云,广义离岸中国AI,中国离岸云计算,2.79%,1,9
017947,国富港股通远见价值混合C,混合型-偏股,09988,阿里巴巴-W,广义离岸中国AI,中国离岸AI平台/云,5.96%,1,1
017947,国富港股通远见价值混合C,混合型-偏股,00700,腾讯控股,广义离岸中国AI,中国离岸AI平台/云,5.67%,1,2
017947,国富港股通远见价值混合C,混合型-偏股,00981,中芯国际,广义离岸中国AI,中国离岸半导体制造,3.32%,1,4
017947,国富港股通远见价值混合C,混合型-偏股,03896,金山云,广义离岸中国AI,中国离岸云计算,3.02%,1,6
017957,汇添富稳健鑫添益六个月持有混合C,混合型-偏债,00700,腾讯控股,广义离岸中国AI,中国离岸AI平台/云,0.38%,1,1
017960,招商趋势领航混合A,混合型-偏股,00700,腾讯控股,广义离岸中国AI,中国离岸AI平台/云,3.03%,1,10
017961,招商趋势领航混合C,混合型-偏股,00700,腾讯控股,广义离岸中国AI,中国离岸AI平台/云,3.03%,1,10
017964,招商匠心优选混合A,混合型-偏股,01810,小米集团-W,广义离岸中国AI,中国离岸AI终端/汽车,3.01%,1,4
017965,招商匠心优选混合C,混合型-偏股,01810,小米集团-W,广义离岸中国AI,中国离岸AI终端/汽车,3.01%,1,4
017973,易方达港股通优质增长混合A,混合型-偏股,09988,阿里巴巴-W,广义离岸中国AI,中国离岸AI平台/云,8.94%,1,1
017973,易方达港股通优质增长混合A,混合型-偏股,00700,腾讯控股,广义离岸中国AI,中国离岸AI平台/云,7.70%,1,2
017973,易方达港股通优质增长混合A,混合型-偏股,01347,华虹半导体,广义离岸中国AI,中国离岸半导体制造,3.24%,1,8
017973,易方达港股通优质增长混合A,混合型-偏股,00981,中芯国际,广义离岸中国AI,中国离岸半导体制造,2.73%,1,10
017974,易方达港股通优质增长混合C,混合型-偏股,09988,阿里巴巴-W,广义离岸中国AI,中国离岸AI平台/云,8.94%,1,1
017974,易方达港股通优质增长混合C,混合型-偏股,00700,腾讯控股,广义离岸中国AI,中国离岸AI平台/云,7.70%,1,2
017974,易方达港股通优质增长混合C,混合型-偏股,01347,华虹半导体,广义离岸中国AI,中国离岸半导体制造,3.24%,1,8
017974,易方达港股通优质增长混合C,混合型-偏股,00981,中芯国际,广义离岸中国AI,中国离岸半导体制造,2.73%,1,10
017980,南方养老目标2055五年持有混合发起(FOF)A,FOF-进取型,00981,中芯国际,广义离岸中国AI,中国离岸半导体制造,0.17%,1,7
018000,鹏华芯片产业混合发起式A,混合型-偏股,00981,中芯国际,广义离岸中国AI,中国离岸半导体制造,2.13%,1,10
018001,鹏华芯片产业混合发起式C,混合型-偏股,00981,中芯国际,广义离岸中国AI,中国离岸半导体制造,2.13%,1,10
018002,华夏兴夏价值一年持有混合发起式C,混合型-偏股,00700,腾讯控股,广义离岸中国AI,中国离岸AI平台/云,3.57%,1,7
018003,南方兴盛先锋混合C,混合型-偏股,00700,腾讯控股,广义离岸中国AI,中国离岸AI平台/云,8.90%,1,1
018006,前海开源沪港深龙头精选混合C,混合型-灵活,00700,腾讯控股,广义离岸中国AI,中国离岸AI平台/云,8.99%,1,2
018019,南方核心科技一年持有混合A,混合型-偏股,00700,腾讯控股,广义离岸中国AI,中国离岸AI平台/云,4.31%,1,9
018020,南方核心科技一年持有混合C,混合型-偏股,00700,腾讯控股,广义离岸中国AI,中国离岸AI平台/云,4.31%,1,9
018036,长城全球新能源车股票发起式(QDII)C,QDII-普通股票,TSM,台积电,狭义海外AI,先进制程代工,7.44%,1,1
018036,长城全球新能源车股票发起式(QDII)C,QDII-普通股票,ASML,阿斯麦,狭义海外AI,半导体设备,7.27%,1,2
018036,长城全球新能源车股票发起式(QDII)C,QDII-普通股票,NVDA,英伟达,狭义海外AI,核心算力-GPU,6.99%,1,3
018036,长城全球新能源车股票发起式(QDII)C,QDII-普通股票,GOOGL,谷歌-A,狭义海外AI,AI云/大模型,6.33%,1,4
018036,长城全球新能源车股票发起式(QDII)C,QDII-普通股票,MU,美光科技,狭义海外AI,AI存储/HBM,5.95%,1,5
018036,长城全球新能源车股票发起式(QDII)C,QDII-普通股票,AVGO,博通,狭义海外AI,AI网络/ASIC,5.45%,1,6
018036,长城全球新能源车股票发起式(QDII)C,QDII-普通股票,AMZN,亚马逊,狭义海外AI,AI云,5.04%,1,7
018036,长城全球新能源车股票发起式(QDII)C,QDII-普通股票,KLAC,科磊,狭义海外AI,半导体设备,4.54%,1,8
018036,长城全球新能源车股票发起式(QDII)C,QDII-普通股票,LRCX,拉姆研究,狭义海外AI,半导体设备,4.23%,1,9
018036,长城全球新能源车股票发起式(QDII)C,QDII-普通股票,SNDK,闪迪,扩展海外AI,AI存储,4.20%,1,10
018043,天弘纳斯达克100指数发起(QDII)A,指数型-海外股票,NVDA,英伟达,狭义海外AI,核心算力-GPU,7.75%,1,1
018043,天弘纳斯达克100指数发起(QDII)A,指数型-海外股票,MSFT,微软,狭义海外AI,AI云/软件,5.02%,1,3
018043,天弘纳斯达克100指数发起(QDII)A,指数型-海外股票,AMZN,亚马逊,狭义海外AI,AI云,4.09%,1,4
018043,天弘纳斯达克100指数发起(QDII)A,指数型-海外股票,META,Meta Platforms Inc-A,狭义海外AI,AI平台,3.08%,1,6
018043,天弘纳斯达克100指数发起(QDII)A,指数型-海外股票,GOOGL,谷歌-A,狭义海外AI,AI云/大模型,3.06%,1,8
018043,天弘纳斯达克100指数发起(QDII)A,指数型-海外股票,GOOG,谷歌-C,狭义海外AI,AI云/大模型,2.85%,1,9
018043,天弘纳斯达克100指数发起(QDII)A,指数型-海外股票,AVGO,博通,狭义海外AI,AI网络/ASIC,2.68%,1,10
018044,天弘纳斯达克100指数发起(QDII)C,指数型-海外股票,NVDA,英伟达,狭义海外AI,核心算力-GPU,7.75%,1,1
018044,天弘纳斯达克100指数发起(QDII)C,指数型-海外股票,MSFT,微软,狭义海外AI,AI云/软件,5.02%,1,3
018044,天弘纳斯达克100指数发起(QDII)C,指数型-海外股票,AMZN,亚马逊,狭义海外AI,AI云,4.09%,1,4
018044,天弘纳斯达克100指数发起(QDII)C,指数型-海外股票,META,Meta Platforms Inc-A,狭义海外AI,AI平台,3.08%,1,6
018044,天弘纳斯达克100指数发起(QDII)C,指数型-海外股票,GOOGL,谷歌-A,狭义海外AI,AI云/大模型,3.06%,1,8
018044,天弘纳斯达克100指数发起(QDII)C,指数型-海外股票,GOOG,谷歌-C,狭义海外AI,AI云/大模型,2.85%,1,9
018044,天弘纳斯达克100指数发起(QDII)C,指数型-海外股票,AVGO,博通,狭义海外AI,AI网络/ASIC,2.68%,1,10
018054,鹏扬景添一年持有混合A,混合型-偏债,00700,腾讯控股,广义离岸中国AI,中国离岸AI平台/云,0.12%,1,6
018055,鹏扬景添一年持有混合C,混合型-偏债,00700,腾讯控股,广义离岸中国AI,中国离岸AI平台/云,0.12%,1,6
018073,国泰产业精选混合A,混合型-偏股,09988,阿里巴巴-W,广义离岸中国AI,中国离岸AI平台/云,4.66%,1,3
018073,国泰产业精选混合A,混合型-偏股,00700,腾讯控股,广义离岸中国AI,中国离岸AI平台/云,3.80%,1,7
018088,东财远见成长混合发起式A,混合型-偏股,02228,晶泰控股,广义离岸中国AI,中国离岸AI制药,7.45%,1,3
018089,东财远见成长混合发起式C,混合型-偏股,02228,晶泰控股,广义离岸中国AI,中国离岸AI制药,7.45%,1,3
018101,贝莱德卓越远航混合A,混合型-偏股,00700,腾讯控股,广义离岸中国AI,中国离岸AI平台/云,5.95%,1,2
018102,贝莱德卓越远航混合C,混合型-偏股,00700,腾讯控股,广义离岸中国AI,中国离岸AI平台/云,5.95%,1,2
018130,博时ESG量化选股混合A,混合型-偏股,09988,阿里巴巴-W,广义离岸中国AI,中国离岸AI平台/云,9.13%,1,1
018130,博时ESG量化选股混合A,混合型-偏股,00700,腾讯控股,广义离岸中国AI,中国离岸AI平台/云,9.07%,1,2
018130,博时ESG量化选股混合A,混合型-偏股,01810,小米集团-W,广义离岸中国AI,中国离岸AI终端/汽车,6.43%,1,5
018130,博时ESG量化选股混合A,混合型-偏股,03896,金山云,广义离岸中国AI,中国离岸云计算,4.83%,1,7
018130,博时ESG量化选股混合A,混合型-偏股,01347,华虹半导体,广义离岸中国AI,中国离岸半导体制造,4.71%,1,9
018131,博时ESG量化选股混合C,混合型-偏股,09988,阿里巴巴-W,广义离岸中国AI,中国离岸AI平台/云,9.13%,1,1
018131,博时ESG量化选股混合C,混合型-偏股,00700,腾讯控股,广义离岸中国AI,中国离岸AI平台/云,9.07%,1,2
018131,博时ESG量化选股混合C,混合型-偏股,01810,小米集团-W,广义离岸中国AI,中国离岸AI终端/汽车,6.43%,1,5
018131,博时ESG量化选股混合C,混合型-偏股,03896,金山云,广义离岸中国AI,中国离岸云计算,4.83%,1,7
018131,博时ESG量化选股混合C,混合型-偏股,01347,华虹半导体,广义离岸中国AI,中国离岸半导体制造,4.71%,1,9
018147,建信新兴市场混合(QDII)C,QDII-混合偏股,TSM,台积电,狭义海外AI,先进制程代工,10.26%,1,1
018147,建信新兴市场混合(QDII)C,QDII-混合偏股,NVDA,英伟达,狭义海外AI,核心算力-GPU,10.14%,1,2
018147,建信新兴市场混合(QDII)C,QDII-混合偏股,000660,SK海力士,狭义海外AI,AI存储/HBM,8.65%,1,3
018147,建信新兴市场混合(QDII)C,QDII-混合偏股,AVGO,博通,狭义海外AI,AI网络/ASIC,8.52%,1,4
018147,建信新兴市场混合(QDII)C,QDII-混合偏股,005930,三星电子,扩展海外AI,半导体/存储,6.76%,1,5
018147,建信新兴市场混合(QDII)C,QDII-混合偏股,SNDK,闪迪,扩展海外AI,AI存储,4.91%,1,6
018147,建信新兴市场混合(QDII)C,QDII-混合偏股,GLW,康宁,扩展海外AI,光纤/材料,4.29%,1,7
018147,建信新兴市场混合(QDII)C,QDII-混合偏股,LITE,Lumentum Holdings Inc,扩展海外AI,光通信器件,3.58%,1,9
018148,百嘉百瑞混合发起式A,混合型-偏股,09988,阿里巴巴-W,广义离岸中国AI,中国离岸AI平台/云,6.85%,1,1
018148,百嘉百瑞混合发起式A,混合型-偏股,03896,金山云,广义离岸中国AI,中国离岸云计算,6.10%,1,2
018152,长城核心优势混合C,混合型-偏股,09988,阿里巴巴-W,广义离岸中国AI,中国离岸AI平台/云,3.58%,1,4
018187,富国裕利债券E,债券型-混合二级,00700,腾讯控股,广义离岸中国AI,中国离岸AI平台/云,0.40%,1,1
018203,信澳核心科技混合C,混合型-偏股,00700,腾讯控股,广义离岸中国AI,中国离岸AI平台/云,6.44%,1,2
018203,信澳核心科技混合C,混合型-偏股,09988,阿里巴巴-W,广义离岸中国AI,中国离岸AI平台/云,6.05%,1,5
018207,申万菱信中证沪港深数字经济主题指数型发起式A,指数型-股票,00700,腾讯控股,广义离岸中国AI,中国离岸AI平台/云,8.73%,1,1
018207,申万菱信中证沪港深数字经济主题指数型发起式A,指数型-股票,09988,阿里巴巴-W,广义离岸中国AI,中国离岸AI平台/云,8.41%,1,2
018207,申万菱信中证沪港深数字经济主题指数型发起式A,指数型-股票,01810,小米集团-W,广义离岸中国AI,中国离岸AI终端/汽车,8.10%,1,3
018208,申万菱信中证沪港深数字经济主题指数型发起式C,指数型-股票,00700,腾讯控股,广义离岸中国AI,中国离岸AI平台/云,8.73%,1,1
018208,申万菱信中证沪港深数字经济主题指数型发起式C,指数型-股票,09988,阿里巴巴-W,广义离岸中国AI,中国离岸AI平台/云,8.41%,1,2
018208,申万菱信中证沪港深数字经济主题指数型发起式C,指数型-股票,01810,小米集团-W,广义离岸中国AI,中国离岸AI终端/汽车,8.10%,1,3
018214,景顺长城景颐辰利债券A,债券型-混合二级,00700,腾讯控股,广义离岸中国AI,中国离岸AI平台/云,1.80%,1,1
018215,景顺长城景颐辰利债券C,债券型-混合二级,00700,腾讯控股,广义离岸中国AI,中国离岸AI平台/云,1.80%,1,1
018217,博时厚泽匠选一年持有期混合A,混合型-偏股,00700,腾讯控股,广义离岸中国AI,中国离岸AI平台/云,8.03%,1,5
018218,博时厚泽匠选一年持有期混合C,混合型-偏股,00700,腾讯控股,广义离岸中国AI,中国离岸AI平台/云,8.03%,1,5
018229,易方达全球优质企业混合(QDII)A(人民币份额),QDII-混合偏股,GLW,康宁,扩展海外AI,光纤/材料,4.46%,1,4
018229,易方达全球优质企业混合(QDII)A(人民币份额),QDII-混合偏股,LITE,Lumentum Holdings Inc,扩展海外AI,光通信器件,3.58%,1,6
018229,易方达全球优质企业混合(QDII)A(人民币份额),QDII-混合偏股,TSM,台积电,狭义海外AI,先进制程代工,3.18%,1,7
018229,易方达全球优质企业混合(QDII)A(人民币份额),QDII-混合偏股,GOOG,谷歌-C,狭义海外AI,AI云/大模型,3.02%,1,8
018229,易方达全球优质企业混合(QDII)A(人民币份额),QDII-混合偏股,NVDA,英伟达,狭义海外AI,核心算力-GPU,2.24%,1,10
018230,易方达全球优质企业混合(QDII)C(人民币份额),QDII-混合偏股,GLW,康宁,扩展海外AI,光纤/材料,4.46%,1,4
018230,易方达全球优质企业混合(QDII)C(人民币份额),QDII-混合偏股,LITE,Lumentum Holdings Inc,扩展海外AI,光通信器件,3.58%,1,6
018230,易方达全球优质企业混合(QDII)C(人民币份额),QDII-混合偏股,TSM,台积电,狭义海外AI,先进制程代工,3.18%,1,7
018230,易方达全球优质企业混合(QDII)C(人民币份额),QDII-混合偏股,GOOG,谷歌-C,狭义海外AI,AI云/大模型,3.02%,1,8
018230,易方达全球优质企业混合(QDII)C(人民币份额),QDII-混合偏股,NVDA,英伟达,狭义海外AI,核心算力-GPU,2.24%,1,10
018231,易方达全球优质企业混合(QDII)A(美元现汇份额),QDII-混合偏股,GLW,康宁,扩展海外AI,光纤/材料,4.46%,1,4
018231,易方达全球优质企业混合(QDII)A(美元现汇份额),QDII-混合偏股,LITE,Lumentum Holdings Inc,扩展海外AI,光通信器件,3.58%,1,6
018231,易方达全球优质企业混合(QDII)A(美元现汇份额),QDII-混合偏股,TSM,台积电,狭义海外AI,先进制程代工,3.18%,1,7
018231,易方达全球优质企业混合(QDII)A(美元现汇份额),QDII-混合偏股,GOOG,谷歌-C,狭义海外AI,AI云/大模型,3.02%,1,8
018231,易方达全球优质企业混合(QDII)A(美元现汇份额),QDII-混合偏股,NVDA,英伟达,狭义海外AI,核心算力-GPU,2.24%,1,10
018232,易方达全球优质企业混合(QDII)C(美元现汇份额),QDII-混合偏股,GLW,康宁,扩展海外AI,光纤/材料,4.46%,1,4
018232,易方达全球优质企业混合(QDII)C(美元现汇份额),QDII-混合偏股,LITE,Lumentum Holdings Inc,扩展海外AI,光通信器件,3.58%,1,6
018232,易方达全球优质企业混合(QDII)C(美元现汇份额),QDII-混合偏股,TSM,台积电,狭义海外AI,先进制程代工,3.18%,1,7
018232,易方达全球优质企业混合(QDII)C(美元现汇份额),QDII-混合偏股,GOOG,谷歌-C,狭义海外AI,AI云/大模型,3.02%,1,8
018232,易方达全球优质企业混合(QDII)C(美元现汇份额),QDII-混合偏股,NVDA,英伟达,狭义海外AI,核心算力-GPU,2.24%,1,10
018238,广发恒生中型股指数(LOF)E,指数型-股票,00020,商汤-W,广义离岸中国AI,中国离岸AI软件,1.63%,1,2
018238,广发恒生中型股指数(LOF)E,指数型-股票,01347,华虹半导体,广义离岸中国AI,中国离岸半导体制造,1.55%,1,4
018242,万家颐德一年持有期混合A,混合型-偏股,09988,阿里巴巴-W,广义离岸中国AI,中国离岸AI平台/云,7.82%,1,6
018243,万家颐德一年持有期混合C,混合型-偏股,09988,阿里巴巴-W,广义离岸中国AI,中国离岸AI平台/云,7.82%,1,6
018246,富国研究优选沪港深灵活配置混合C,混合型-灵活,00700,腾讯控股,广义离岸中国AI,中国离岸AI平台/云,4.48%,1,8
018294,景顺长城国企价值混合A,混合型-偏股,00700,腾讯控股,广义离岸中国AI,中国离岸AI平台/云,3.57%,1,8
018295,景顺长城国企价值混合C,混合型-偏股,00700,腾讯控股,广义离岸中国AI,中国离岸AI平台/云,3.57%,1,8
018329,泉果思源三年持有期混合A,混合型-偏股,00700,腾讯控股,广义离岸中国AI,中国离岸AI平台/云,7.21%,1,1
018329,泉果思源三年持有期混合A,混合型-偏股,09988,阿里巴巴-W,广义离岸中国AI,中国离岸AI平台/云,2.97%,1,9
018330,泉果思源三年持有期混合C,混合型-偏股,00700,腾讯控股,广义离岸中国AI,中国离岸AI平台/云,7.21%,1,1
018330,泉果思源三年持有期混合C,混合型-偏股,09988,阿里巴巴-W,广义离岸中国AI,中国离岸AI平台/云,2.97%,1,9
018350,万家欣优混合A,混合型-偏股,00700,腾讯控股,广义离岸中国AI,中国离岸AI平台/云,8.27%,1,2
018356,万家欣优混合C,混合型-偏股,00700,腾讯控股,广义离岸中国AI,中国离岸AI平台/云,8.27%,1,2
018393,富国稳健添利债券A,债券型-混合二级,09988,阿里巴巴-W,广义离岸中国AI,中国离岸AI平台/云,0.56%,1,3
018393,富国稳健添利债券A,债券型-混合二级,00700,腾讯控股,广义离岸中国AI,中国离岸AI平台/云,0.39%,1,7
018394,富国稳健添利债券C,债券型-混合二级,09988,阿里巴巴-W,广义离岸中国AI,中国离岸AI平台/云,0.56%,1,3
018394,富国稳健添利债券C,债券型-混合二级,00700,腾讯控股,广义离岸中国AI,中国离岸AI平台/云,0.39%,1,7
018403,富国稳健添利债券E,债券型-混合二级,09988,阿里巴巴-W,广义离岸中国AI,中国离岸AI平台/云,0.56%,1,3
018403,富国稳健添利债券E,债券型-混合二级,00700,腾讯控股,广义离岸中国AI,中国离岸AI平台/云,0.39%,1,7
018405,朱雀产业精选混合A,混合型-偏股,00981,中芯国际,广义离岸中国AI,中国离岸半导体制造,8.72%,1,2
018405,朱雀产业精选混合A,混合型-偏股,00700,腾讯控股,广义离岸中国AI,中国离岸AI平台/云,5.35%,1,4
018406,朱雀产业精选混合C,混合型-偏股,00981,中芯国际,广义离岸中国AI,中国离岸半导体制造,8.72%,1,2
018406,朱雀产业精选混合C,混合型-偏股,00700,腾讯控股,广义离岸中国AI,中国离岸AI平台/云,5.35%,1,4
018434,嘉实均衡配置混合,混合型-偏股,09988,阿里巴巴-W,广义离岸中国AI,中国离岸AI平台/云,2.96%,1,7
018442,汇添富成长领航混合A,混合型-偏股,01347,华虹半导体,广义离岸中国AI,中国离岸半导体制造,6.06%,1,3
018443,汇添富成长领航混合C,混合型-偏股,01347,华虹半导体,广义离岸中国AI,中国离岸半导体制造,6.06%,1,3
018447,长城价值优选混合C,混合型-偏股,00700,腾讯控股,广义离岸中国AI,中国离岸AI平台/云,2.65%,1,10
018464,光大睿盈混合C,混合型-偏股,09988,阿里巴巴-W,广义离岸中国AI,中国离岸AI平台/云,3.94%,1,2
018471,南方津享稳健添利债券A,债券型-混合二级,00700,腾讯控股,广义离岸中国AI,中国离岸AI平台/云,0.35%,1,4
018471,南方津享稳健添利债券A,债券型-混合二级,09988,阿里巴巴-W,广义离岸中国AI,中国离岸AI平台/云,0.35%,1,3
018472,南方津享稳健添利债券C,债券型-混合二级,00700,腾讯控股,广义离岸中国AI,中国离岸AI平台/云,0.35%,1,4
018472,南方津享稳健添利债券C,债券型-混合二级,09988,阿里巴巴-W,广义离岸中国AI,中国离岸AI平台/云,0.35%,1,3
018495,融通产业趋势臻选股票C,股票型,00700,腾讯控股,广义离岸中国AI,中国离岸AI平台/云,4.82%,1,8
018506,创金合信益久9个月持有期债券A,债券型-混合二级,09988,阿里巴巴-W,广义离岸中国AI,中国离岸AI平台/云,0.40%,1,5
018506,创金合信益久9个月持有期债券A,债券型-混合二级,00981,中芯国际,广义离岸中国AI,中国离岸半导体制造,0.37%,1,7
018507,创金合信益久9个月持有期债券C,债券型-混合二级,09988,阿里巴巴-W,广义离岸中国AI,中国离岸AI平台/云,0.40%,1,5
018507,创金合信益久9个月持有期债券C,债券型-混合二级,00981,中芯国际,广义离岸中国AI,中国离岸半导体制造,0.37%,1,7
018508,创金合信益久9个月持有期债券E,债券型-混合二级,09988,阿里巴巴-W,广义离岸中国AI,中国离岸AI平台/云,0.40%,1,5
018508,创金合信益久9个月持有期债券E,债券型-混合二级,00981,中芯国际,广义离岸中国AI,中国离岸半导体制造,0.37%,1,7
018523,华泰紫金恒生互联网科技业指数型发起基金(QDII)A,指数型-海外股票,00700,腾讯控股,广义离岸中国AI,中国离岸AI平台/云,14.48%,1,1
018523,华泰紫金恒生互联网科技业指数型发起基金(QDII)A,指数型-海外股票,09988,阿里巴巴-W,广义离岸中国AI,中国离岸AI平台/云,13.61%,1,2
018523,华泰紫金恒生互联网科技业指数型发起基金(QDII)A,指数型-海外股票,01810,小米集团-W,广义离岸中国AI,中国离岸AI终端/汽车,10.28%,1,4
018523,华泰紫金恒生互联网科技业指数型发起基金(QDII)A,指数型-海外股票,09888,百度集团-SW,广义离岸中国AI,中国离岸AI/自动驾驶/云,5.11%,1,8
018523,华泰紫金恒生互联网科技业指数型发起基金(QDII)A,指数型-海外股票,09660,地平线机器人-W,广义离岸中国AI,中国离岸AI芯片/自动驾驶,2.95%,1,9
018523,华泰紫金恒生互联网科技业指数型发起基金(QDII)A,指数型-海外股票,00020,商汤-W,广义离岸中国AI,中国离岸AI软件,2.35%,1,10
018524,华泰紫金恒生互联网科技业指数型发起基金(QDII)C,指数型-海外股票,00700,腾讯控股,广义离岸中国AI,中国离岸AI平台/云,14.48%,1,1
018524,华泰紫金恒生互联网科技业指数型发起基金(QDII)C,指数型-海外股票,09988,阿里巴巴-W,广义离岸中国AI,中国离岸AI平台/云,13.61%,1,2
018524,华泰紫金恒生互联网科技业指数型发起基金(QDII)C,指数型-海外股票,01810,小米集团-W,广义离岸中国AI,中国离岸AI终端/汽车,10.28%,1,4
018524,华泰紫金恒生互联网科技业指数型发起基金(QDII)C,指数型-海外股票,09888,百度集团-SW,广义离岸中国AI,中国离岸AI/自动驾驶/云,5.11%,1,8
018524,华泰紫金恒生互联网科技业指数型发起基金(QDII)C,指数型-海外股票,09660,地平线机器人-W,广义离岸中国AI,中国离岸AI芯片/自动驾驶,2.95%,1,9
018524,华泰紫金恒生互联网科技业指数型发起基金(QDII)C,指数型-海外股票,00020,商汤-W,广义离岸中国AI,中国离岸AI软件,2.35%,1,10
018554,交银启嘉混合A,混合型-偏股,01347,华虹半导体,广义离岸中国AI,中国离岸半导体制造,2.09%,1,8
018555,交银启嘉混合C,混合型-偏股,01347,华虹半导体,广义离岸中国AI,中国离岸半导体制造,2.09%,1,8
018586,汇添富双享增利债券A,债券型-混合二级,00700,腾讯控股,广义离岸中国AI,中国离岸AI平台/云,0.67%,1,2
018587,汇添富双享增利债券C,债券型-混合二级,00700,腾讯控股,广义离岸中国AI,中国离岸AI平台/云,0.67%,1,2
018592,中欧汇利债券A,债券型-混合二级,09988,阿里巴巴-W,广义离岸中国AI,中国离岸AI平台/云,0.86%,1,2
018592,中欧汇利债券A,债券型-混合二级,00700,腾讯控股,广义离岸中国AI,中国离岸AI平台/云,0.50%,1,5
018593,中欧汇利债券C,债券型-混合二级,09988,阿里巴巴-W,广义离岸中国AI,中国离岸AI平台/云,0.86%,1,2
018593,中欧汇利债券C,债券型-混合二级,00700,腾讯控股,广义离岸中国AI,中国离岸AI平台/云,0.50%,1,5
018618,中信保诚远见成长混合A,混合型-偏股,00700,腾讯控股,广义离岸中国AI,中国离岸AI平台/云,4.83%,1,1
018618,中信保诚远见成长混合A,混合型-偏股,09988,阿里巴巴-W,广义离岸中国AI,中国离岸AI平台/云,4.21%,1,5
018619,中信保诚远见成长混合C,混合型-偏股,00700,腾讯控股,广义离岸中国AI,中国离岸AI平台/云,4.83%,1,1
018619,中信保诚远见成长混合C,混合型-偏股,09988,阿里巴巴-W,广义离岸中国AI,中国离岸AI平台/云,4.21%,1,5
018620,兴全兴晨六个月持有混合A,混合型-偏债,00700,腾讯控股,广义离岸中国AI,中国离岸AI平台/云,2.00%,1,2
018620,兴全兴晨六个月持有混合A,混合型-偏债,09988,阿里巴巴-W,广义离岸中国AI,中国离岸AI平台/云,1.49%,1,5
018621,兴全兴晨六个月持有混合C,混合型-偏债,00700,腾讯控股,广义离岸中国AI,中国离岸AI平台/云,2.00%,1,2
018621,兴全兴晨六个月持有混合C,混合型-偏债,09988,阿里巴巴-W,广义离岸中国AI,中国离岸AI平台/云,1.49%,1,5
018626,富国兴享回报6个月持有期混合A,混合型-偏债,09988,阿里巴巴-W,广义离岸中国AI,中国离岸AI平台/云,0.78%,1,2
018626,富国兴享回报6个月持有期混合A,混合型-偏债,00700,腾讯控股,广义离岸中国AI,中国离岸AI平台/云,0.45%,1,7
018626,富国兴享回报6个月持有期混合A,混合型-偏债,00981,中芯国际,广义离岸中国AI,中国离岸半导体制造,0.24%,1,11
018627,富国兴享回报6个月持有期混合C,混合型-偏债,09988,阿里巴巴-W,广义离岸中国AI,中国离岸AI平台/云,0.78%,1,2
018627,富国兴享回报6个月持有期混合C,混合型-偏债,00700,腾讯控股,广义离岸中国AI,中国离岸AI平台/云,0.45%,1,7
018627,富国兴享回报6个月持有期混合C,混合型-偏债,00981,中芯国际,广义离岸中国AI,中国离岸半导体制造,0.24%,1,11
018640,华安沣润债券A,债券型-混合二级,00700,腾讯控股,广义离岸中国AI,中国离岸AI平台/云,0.18%,1,9
018641,华安沣润债券C,债券型-混合二级,00700,腾讯控股,广义离岸中国AI,中国离岸AI平台/云,0.18%,1,9
018672,广发安诚养老目标2040三年持有混合发起式(FOF)A,FOF-均衡型,00700,腾讯控股,广义离岸中国AI,中国离岸AI平台/云,1.23%,1,1
018708,交银悦信精选混合A,混合型-偏股,00700,腾讯控股,广义离岸中国AI,中国离岸AI平台/云,3.24%,1,6
018709,交银悦信精选混合C,混合型-偏股,00700,腾讯控股,广义离岸中国AI,中国离岸AI平台/云,3.24%,1,6
018711,华泰柏瑞祥泰稳健养老目标偏债一年(FOF)A,FOF-稳健型,00700,腾讯控股,广义离岸中国AI,中国离岸AI平台/云,0.24%,1,2
018736,景顺长城景颐裕利债券A,债券型-混合二级,00700,腾讯控股,广义离岸中国AI,中国离岸AI平台/云,0.21%,1,4
018736,景顺长城景颐裕利债券A,债券型-混合二级,00981,中芯国际,广义离岸中国AI,中国离岸半导体制造,0.11%,1,8
018737,景顺长城景颐裕利债券C,债券型-混合二级,00700,腾讯控股,广义离岸中国AI,中国离岸AI平台/云,0.21%,1,4
018737,景顺长城景颐裕利债券C,债券型-混合二级,00981,中芯国际,广义离岸中国AI,中国离岸半导体制造,0.11%,1,8
018741,万家集利债券发起式A,债券型-混合二级,00700,腾讯控股,广义离岸中国AI,中国离岸AI平台/云,0.18%,1,6
018742,万家集利债券发起式C,债券型-混合二级,00700,腾讯控股,广义离岸中国AI,中国离岸AI平台/云,0.18%,1,6
018752,天弘阿尔法优选混合A,混合型-偏股,00700,腾讯控股,广义离岸中国AI,中国离岸AI平台/云,3.67%,1,7
018753,天弘阿尔法优选混合C,混合型-偏股,00700,腾讯控股,广义离岸中国AI,中国离岸AI平台/云,3.67%,1,7
018756,睿远稳益增强30天持有债券A,债券型-混合二级,00700,腾讯控股,广义离岸中国AI,中国离岸AI平台/云,1.53%,1,2
018757,睿远稳益增强30天持有债券C,债券型-混合二级,00700,腾讯控股,广义离岸中国AI,中国离岸AI平台/云,1.53%,1,2
018767,汇添富稳乐回报债券发起式A,债券型-混合二级,00700,腾讯控股,广义离岸中国AI,中国离岸AI平台/云,1.85%,1,3
018768,汇添富稳乐回报债券发起式C,债券型-混合二级,00700,腾讯控股,广义离岸中国AI,中国离岸AI平台/云,1.85%,1,3
018772,南方惠享稳健添利债券A,债券型-混合二级,00700,腾讯控股,广义离岸中国AI,中国离岸AI平台/云,0.39%,1,2
018773,南方惠享稳健添利债券C,债券型-混合二级,00700,腾讯控股,广义离岸中国AI,中国离岸AI平台/云,0.39%,1,2
018837,广发养老目标2060五年持有混合发起式(FOF)A,FOF-进取型,00700,腾讯控股,广义离岸中国AI,中国离岸AI平台/云,1.53%,1,2
018861,景顺长城量化港股通股票C,股票型,00700,腾讯控股,广义离岸中国AI,中国离岸AI平台/云,7.55%,1,1
018861,景顺长城量化港股通股票C,股票型,09988,阿里巴巴-W,广义离岸中国AI,中国离岸AI平台/云,5.24%,1,3
018870,银河产业动力混合C,混合型-偏股,00700,腾讯控股,广义离岸中国AI,中国离岸AI平台/云,5.77%,1,5
018870,银河产业动力混合C,混合型-偏股,01347,华虹半导体,广义离岸中国AI,中国离岸半导体制造,5.44%,1,7
018870,银河产业动力混合C,混合型-偏股,09988,阿里巴巴-W,广义离岸中国AI,中国离岸AI平台/云,5.04%,1,10
018876,兴合先进制造混合发起式A,混合型-偏股,00981,中芯国际,广义离岸中国AI,中国离岸半导体制造,3.57%,1,8
018877,兴合先进制造混合发起式C,混合型-偏股,00981,中芯国际,广义离岸中国AI,中国离岸半导体制造,3.57%,1,8
018901,招商回报优选混合发起式A,混合型-偏股,00700,腾讯控股,广义离岸中国AI,中国离岸AI平台/云,6.69%,1,1
018902,招商回报优选混合发起式C,混合型-偏股,00700,腾讯控股,广义离岸中国AI,中国离岸AI平台/云,6.69%,1,1
018910,中欧科技成长混合A,混合型-偏股,00700,腾讯控股,广义离岸中国AI,中国离岸AI平台/云,5.23%,1,7
018911,中欧科技成长混合C,混合型-偏股,00700,腾讯控股,广义离岸中国AI,中国离岸AI平台/云,5.23%,1,7
018948,东方红睿满沪港深混合(LOF)C,混合型-灵活,00700,腾讯控股,广义离岸中国AI,中国离岸AI平台/云,7.59%,1,2
018948,东方红睿满沪港深混合(LOF)C,混合型-灵活,09988,阿里巴巴-W,广义离岸中国AI,中国离岸AI平台/云,5.74%,1,5
018949,东方红睿华沪港深混合(LOF)C,混合型-灵活,09988,阿里巴巴-W,广义离岸中国AI,中国离岸AI平台/云,4.27%,1,7
018988,博时双季益六个月持有期债券A,债券型-混合二级,00700,腾讯控股,广义离岸中国AI,中国离岸AI平台/云,0.23%,1,10
018989,博时双季益六个月持有期债券C,债券型-混合二级,00700,腾讯控股,广义离岸中国AI,中国离岸AI平台/云,0.23%,1,10
018990,兴银智选消费混合A,混合型-偏股,00700,腾讯控股,广义离岸中国AI,中国离岸AI平台/云,3.30%,1,9
018991,兴银智选消费混合C,混合型-偏股,00700,腾讯控股,广义离岸中国AI,中国离岸AI平台/云,3.30%,1,9
019041,浦银安盛稳健富利180天持有债券A,债券型-混合二级,01347,华虹半导体,广义离岸中国AI,中国离岸半导体制造,0.20%,1,4
019041,浦银安盛稳健富利180天持有债券A,债券型-混合二级,00700,腾讯控股,广义离岸中国AI,中国离岸AI平台/云,0.15%,1,7
019042,浦银安盛稳健富利180天持有债券C,债券型-混合二级,01347,华虹半导体,广义离岸中国AI,中国离岸半导体制造,0.20%,1,4
019042,浦银安盛稳健富利180天持有债券C,债券型-混合二级,00700,腾讯控股,广义离岸中国AI,中国离岸AI平台/云,0.15%,1,7
019075,嘉实全球产业精选混合发起式(QDII)人民币,QDII-混合偏股,TSM,台积电,狭义海外AI,先进制程代工,2.89%,1,6
019075,嘉实全球产业精选混合发起式(QDII)人民币,QDII-混合偏股,00981,中芯国际,广义离岸中国AI,中国离岸半导体制造,2.48%,1,10
019075,嘉实全球产业精选混合发起式(QDII)人民币,QDII-混合偏股,GOOG,谷歌-C,狭义海外AI,AI云/大模型,2.42%,1,11
019075,嘉实全球产业精选混合发起式(QDII)人民币,QDII-混合偏股,GOOGL,谷歌-A,狭义海外AI,AI云/大模型,1.81%,1,14
019076,嘉实全球产业精选混合发起式(QDII)美元,QDII-混合偏股,TSM,台积电,狭义海外AI,先进制程代工,2.89%,1,6
019076,嘉实全球产业精选混合发起式(QDII)美元,QDII-混合偏股,00981,中芯国际,广义离岸中国AI,中国离岸半导体制造,2.48%,1,10
019076,嘉实全球产业精选混合发起式(QDII)美元,QDII-混合偏股,GOOG,谷歌-C,狭义海外AI,AI云/大模型,2.42%,1,11
019076,嘉实全球产业精选混合发起式(QDII)美元,QDII-混合偏股,GOOGL,谷歌-A,狭义海外AI,AI云/大模型,1.81%,1,14
019079,国富招瑞优选股票A,股票型,09988,阿里巴巴-W,广义离岸中国AI,中国离岸AI平台/云,2.34%,1,6
019080,国富招瑞优选股票C,股票型,09988,阿里巴巴-W,广义离岸中国AI,中国离岸AI平台/云,2.34%,1,6
019110,泰康兴泰回报沪港深混合C,混合型-偏债,00700,腾讯控股,广义离岸中国AI,中国离岸AI平台/云,8.47%,1,1
019113,东财慧心优选混合发起式A,混合型-偏股,01347,华虹半导体,广义离岸中国AI,中国离岸半导体制造,8.95%,1,3
019113,东财慧心优选混合发起式A,混合型-偏股,00981,中芯国际,广义离岸中国AI,中国离岸半导体制造,7.70%,1,9
019114,东财慧心优选混合发起式C,混合型-偏股,01347,华虹半导体,广义离岸中国AI,中国离岸半导体制造,8.95%,1,3
019114,东财慧心优选混合发起式C,混合型-偏股,00981,中芯国际,广义离岸中国AI,中国离岸半导体制造,7.70%,1,9
019115,东财卓越成长混合发起式A,混合型-偏股,03896,金山云,广义离岸中国AI,中国离岸云计算,9.59%,1,3
019116,东财卓越成长混合发起式C,混合型-偏股,03896,金山云,广义离岸中国AI,中国离岸云计算,9.59%,1,3
019130,天弘多元锐选一年持有混合A,混合型-偏债,00700,腾讯控股,广义离岸中国AI,中国离岸AI平台/云,1.17%,1,7
019131,天弘多元锐选一年持有混合C,混合型-偏债,00700,腾讯控股,广义离岸中国AI,中国离岸AI平台/云,1.17%,1,7
019132,广发积极回报3个月持有混合(FOF)A,FOF-进取型,00700,腾讯控股,广义离岸中国AI,中国离岸AI平台/云,1.69%,1,1
019133,广发积极回报3个月持有混合(FOF)C,FOF-进取型,00700,腾讯控股,广义离岸中国AI,中国离岸AI平台/云,1.69%,1,1
019136,交银启合混合A,混合型-偏股,00700,腾讯控股,广义离岸中国AI,中国离岸AI平台/云,3.83%,1,6
019137,交银启合混合C,混合型-偏股,00700,腾讯控股,广义离岸中国AI,中国离岸AI平台/云,3.83%,1,6
019153,中欧锐意成长混合发起A,混合型-偏股,09988,阿里巴巴-W,广义离岸中国AI,中国离岸AI平台/云,7.95%,1,1
019153,中欧锐意成长混合发起A,混合型-偏股,00700,腾讯控股,广义离岸中国AI,中国离岸AI平台/云,7.83%,1,2
019154,中欧锐意成长混合发起C,混合型-偏股,09988,阿里巴巴-W,广义离岸中国AI,中国离岸AI平台/云,7.95%,1,1
019154,中欧锐意成长混合发起C,混合型-偏股,00700,腾讯控股,广义离岸中国AI,中国离岸AI平台/云,7.83%,1,2
019155,易方达全球配置混合(QDII)A(人民币),QDII-混合灵活,LITE,Lumentum Holdings Inc,扩展海外AI,光通信器件,5.67%,1,2
019155,易方达全球配置混合(QDII)A(人民币),QDII-混合灵活,GLW,康宁,扩展海外AI,光纤/材料,3.16%,1,8
019155,易方达全球配置混合(QDII)A(人民币),QDII-混合灵活,MU,美光科技,狭义海外AI,AI存储/HBM,3.08%,1,9
019155,易方达全球配置混合(QDII)A(人民币),QDII-混合灵活,GOOGL,谷歌-A,狭义海外AI,AI云/大模型,2.68%,1,10
019156,易方达全球配置混合(QDII)C(人民币),QDII-混合灵活,LITE,Lumentum Holdings Inc,扩展海外AI,光通信器件,5.67%,1,2
019156,易方达全球配置混合(QDII)C(人民币),QDII-混合灵活,GLW,康宁,扩展海外AI,光纤/材料,3.16%,1,8
019156,易方达全球配置混合(QDII)C(人民币),QDII-混合灵活,MU,美光科技,狭义海外AI,AI存储/HBM,3.08%,1,9
019156,易方达全球配置混合(QDII)C(人民币),QDII-混合灵活,GOOGL,谷歌-A,狭义海外AI,AI云/大模型,2.68%,1,10
019157,易方达全球配置混合(QDII)A(美元现汇),QDII-混合灵活,LITE,Lumentum Holdings Inc,扩展海外AI,光通信器件,5.67%,1,2
019157,易方达全球配置混合(QDII)A(美元现汇),QDII-混合灵活,GLW,康宁,扩展海外AI,光纤/材料,3.16%,1,8
019157,易方达全球配置混合(QDII)A(美元现汇),QDII-混合灵活,MU,美光科技,狭义海外AI,AI存储/HBM,3.08%,1,9
019157,易方达全球配置混合(QDII)A(美元现汇),QDII-混合灵活,GOOGL,谷歌-A,狭义海外AI,AI云/大模型,2.68%,1,10
019158,易方达全球配置混合(QDII)C(美元现汇),QDII-混合灵活,LITE,Lumentum Holdings Inc,扩展海外AI,光通信器件,5.67%,1,2
019158,易方达全球配置混合(QDII)C(美元现汇),QDII-混合灵活,GLW,康宁,扩展海外AI,光纤/材料,3.16%,1,8
019158,易方达全球配置混合(QDII)C(美元现汇),QDII-混合灵活,MU,美光科技,狭义海外AI,AI存储/HBM,3.08%,1,9
019158,易方达全球配置混合(QDII)C(美元现汇),QDII-混合灵活,GOOGL,谷歌-A,狭义海外AI,AI云/大模型,2.68%,1,10
019159,中欧产业领航混合A,混合型-偏股,09988,阿里巴巴-W,广义离岸中国AI,中国离岸AI平台/云,6.77%,1,4
019160,中欧产业领航混合C,混合型-偏股,09988,阿里巴巴-W,广义离岸中国AI,中国离岸AI平台/云,6.77%,1,4
019170,天弘沪港深云计算ETF联接C,指数型-股票,00700,腾讯控股,广义离岸中国AI,中国离岸AI平台/云,0.43%,1,3
019170,天弘沪港深云计算ETF联接C,指数型-股票,09988,阿里巴巴-W,广义离岸中国AI,中国离岸AI平台/云,0.41%,1,4
019171,天弘沪港深云计算ETF联接A,指数型-股票,00700,腾讯控股,广义离岸中国AI,中国离岸AI平台/云,0.43%,1,3
019171,天弘沪港深云计算ETF联接A,指数型-股票,09988,阿里巴巴-W,广义离岸中国AI,中国离岸AI平台/云,0.41%,1,4
019172,摩根纳斯达克100指数(QDII)人民币A,指数型-海外股票,NVDA,英伟达,狭义海外AI,核心算力-GPU,8.28%,1,1
019172,摩根纳斯达克100指数(QDII)人民币A,指数型-海外股票,MSFT,微软,狭义海外AI,AI云/软件,5.37%,1,3
019172,摩根纳斯达克100指数(QDII)人民币A,指数型-海外股票,AMZN,亚马逊,狭义海外AI,AI云,4.37%,1,4
019172,摩根纳斯达克100指数(QDII)人民币A,指数型-海外股票,META,Meta Platforms Inc-A,狭义海外AI,AI平台,3.30%,1,6
019172,摩根纳斯达克100指数(QDII)人民币A,指数型-海外股票,GOOGL,谷歌-A,狭义海外AI,AI云/大模型,3.27%,1,8
019172,摩根纳斯达克100指数(QDII)人民币A,指数型-海外股票,GOOG,谷歌-C,狭义海外AI,AI云/大模型,3.05%,1,9
019172,摩根纳斯达克100指数(QDII)人民币A,指数型-海外股票,AVGO,博通,狭义海外AI,AI网络/ASIC,2.87%,1,10
019173,摩根纳斯达克100指数(QDII)人民币C,指数型-海外股票,NVDA,英伟达,狭义海外AI,核心算力-GPU,8.28%,1,1
019173,摩根纳斯达克100指数(QDII)人民币C,指数型-海外股票,MSFT,微软,狭义海外AI,AI云/软件,5.37%,1,3
019173,摩根纳斯达克100指数(QDII)人民币C,指数型-海外股票,AMZN,亚马逊,狭义海外AI,AI云,4.37%,1,4
019173,摩根纳斯达克100指数(QDII)人民币C,指数型-海外股票,META,Meta Platforms Inc-A,狭义海外AI,AI平台,3.30%,1,6
019173,摩根纳斯达克100指数(QDII)人民币C,指数型-海外股票,GOOGL,谷歌-A,狭义海外AI,AI云/大模型,3.27%,1,8
019173,摩根纳斯达克100指数(QDII)人民币C,指数型-海外股票,GOOG,谷歌-C,狭义海外AI,AI云/大模型,3.05%,1,9
019173,摩根纳斯达克100指数(QDII)人民币C,指数型-海外股票,AVGO,博通,狭义海外AI,AI网络/ASIC,2.87%,1,10
019174,摩根纳斯达克100指数(QDII)美元现汇A,指数型-海外股票,NVDA,英伟达,狭义海外AI,核心算力-GPU,8.28%,1,1
019174,摩根纳斯达克100指数(QDII)美元现汇A,指数型-海外股票,MSFT,微软,狭义海外AI,AI云/软件,5.37%,1,3
019174,摩根纳斯达克100指数(QDII)美元现汇A,指数型-海外股票,AMZN,亚马逊,狭义海外AI,AI云,4.37%,1,4
019174,摩根纳斯达克100指数(QDII)美元现汇A,指数型-海外股票,META,Meta Platforms Inc-A,狭义海外AI,AI平台,3.30%,1,6
019174,摩根纳斯达克100指数(QDII)美元现汇A,指数型-海外股票,GOOGL,谷歌-A,狭义海外AI,AI云/大模型,3.27%,1,8
019174,摩根纳斯达克100指数(QDII)美元现汇A,指数型-海外股票,GOOG,谷歌-C,狭义海外AI,AI云/大模型,3.05%,1,9
019174,摩根纳斯达克100指数(QDII)美元现汇A,指数型-海外股票,AVGO,博通,狭义海外AI,AI网络/ASIC,2.87%,1,10
019175,摩根纳斯达克100指数(QDII)美元现汇C,指数型-海外股票,NVDA,英伟达,狭义海外AI,核心算力-GPU,8.28%,1,1
019175,摩根纳斯达克100指数(QDII)美元现汇C,指数型-海外股票,MSFT,微软,狭义海外AI,AI云/软件,5.37%,1,3
019175,摩根纳斯达克100指数(QDII)美元现汇C,指数型-海外股票,AMZN,亚马逊,狭义海外AI,AI云,4.37%,1,4
019175,摩根纳斯达克100指数(QDII)美元现汇C,指数型-海外股票,META,Meta Platforms Inc-A,狭义海外AI,AI平台,3.30%,1,6
019175,摩根纳斯达克100指数(QDII)美元现汇C,指数型-海外股票,GOOGL,谷歌-A,狭义海外AI,AI云/大模型,3.27%,1,8
019175,摩根纳斯达克100指数(QDII)美元现汇C,指数型-海外股票,GOOG,谷歌-C,狭义海外AI,AI云/大模型,3.05%,1,9
019175,摩根纳斯达克100指数(QDII)美元现汇C,指数型-海外股票,AVGO,博通,狭义海外AI,AI网络/ASIC,2.87%,1,10
019176,汇添富添添乐双鑫债券A,债券型-混合二级,00700,腾讯控股,广义离岸中国AI,中国离岸AI平台/云,0.48%,1,6
019177,汇添富添添乐双鑫债券C,债券型-混合二级,00700,腾讯控股,广义离岸中国AI,中国离岸AI平台/云,0.48%,1,6
019189,华商品质价值混合A,混合型-偏股,03896,金山云,广义离岸中国AI,中国离岸云计算,3.17%,1,6
019189,华商品质价值混合A,混合型-偏股,00981,中芯国际,广义离岸中国AI,中国离岸半导体制造,2.73%,1,8
019189,华商品质价值混合A,混合型-偏股,09988,阿里巴巴-W,广义离岸中国AI,中国离岸AI平台/云,2.55%,1,10
019190,华商品质价值混合C,混合型-偏股,03896,金山云,广义离岸中国AI,中国离岸云计算,3.17%,1,6
019190,华商品质价值混合C,混合型-偏股,00981,中芯国际,广义离岸中国AI,中国离岸半导体制造,2.73%,1,8
019190,华商品质价值混合C,混合型-偏股,09988,阿里巴巴-W,广义离岸中国AI,中国离岸AI平台/云,2.55%,1,10
019252,光大创新生活混合C,混合型-偏股,00700,腾讯控股,广义离岸中国AI,中国离岸AI平台/云,4.69%,1,3
019252,光大创新生活混合C,混合型-偏股,09988,阿里巴巴-W,广义离岸中国AI,中国离岸AI平台/云,3.12%,1,7
019265,南方港股数字经济混合发起(QDII)A,QDII-混合偏股,00700,腾讯控股,广义离岸中国AI,中国离岸AI平台/云,7.37%,1,1
019265,南方港股数字经济混合发起(QDII)A,QDII-混合偏股,09988,阿里巴巴-W,广义离岸中国AI,中国离岸AI平台/云,3.91%,1,8
019266,南方港股数字经济混合发起(QDII)C,QDII-混合偏股,00700,腾讯控股,广义离岸中国AI,中国离岸AI平台/云,7.37%,1,1
019266,南方港股数字经济混合发起(QDII)C,QDII-混合偏股,09988,阿里巴巴-W,广义离岸中国AI,中国离岸AI平台/云,3.91%,1,8
019305,摩根标普500指数(QDII)人民币C,指数型-海外股票,NVDA,英伟达,狭义海外AI,核心算力-GPU,7.45%,1,1
019305,摩根标普500指数(QDII)人民币C,指数型-海外股票,MSFT,微软,狭义海外AI,AI云/软件,4.84%,1,3
019305,摩根标普500指数(QDII)人民币C,指数型-海外股票,AMZN,亚马逊,狭义海外AI,AI云,3.56%,1,4
019305,摩根标普500指数(QDII)人民币C,指数型-海外股票,GOOGL,谷歌-A,狭义海外AI,AI云/大模型,2.94%,1,5
019305,摩根标普500指数(QDII)人民币C,指数型-海外股票,AVGO,博通,狭义海外AI,AI网络/ASIC,2.57%,1,6
019305,摩根标普500指数(QDII)人民币C,指数型-海外股票,GOOG,谷歌-C,狭义海外AI,AI云/大模型,2.35%,1,7
019305,摩根标普500指数(QDII)人民币C,指数型-海外股票,META,Meta Platforms Inc-A,狭义海外AI,AI平台,2.19%,1,8
019328,国泰金盛回报混合A,混合型-偏股,00700,腾讯控股,广义离岸中国AI,中国离岸AI平台/云,5.66%,1,1
019329,国泰金盛回报混合C,混合型-偏股,00700,腾讯控股,广义离岸中国AI,中国离岸AI平台/云,5.66%,1,1
019340,西部利得研究精选混合A,混合型-偏股,00700,腾讯控股,广义离岸中国AI,中国离岸AI平台/云,3.08%,1,5
019341,西部利得研究精选混合C,混合型-偏股,00700,腾讯控股,广义离岸中国AI,中国离岸AI平台/云,3.08%,1,5
019352,招商精选企业混合A,混合型-偏股,00700,腾讯控股,广义离岸中国AI,中国离岸AI平台/云,4.93%,1,1
019353,招商精选企业混合C,混合型-偏股,00700,腾讯控股,广义离岸中国AI,中国离岸AI平台/云,4.93%,1,1
019360,汇添富积极优选三年定开混合,混合型-偏股,00700,腾讯控股,广义离岸中国AI,中国离岸AI平台/云,4.53%,1,2
019387,中欧时代共赢混合发起A1,混合型-偏股,00700,腾讯控股,广义离岸中国AI,中国离岸AI平台/云,4.95%,1,9
019388,中欧时代共赢混合发起A2,混合型-偏股,00700,腾讯控股,广义离岸中国AI,中国离岸AI平台/云,4.95%,1,9
019389,中欧时代共赢混合发起A3,混合型-偏股,00700,腾讯控股,广义离岸中国AI,中国离岸AI平台/云,4.95%,1,9
019390,光大研究精选混合C,混合型-偏股,00981,中芯国际,广义离岸中国AI,中国离岸半导体制造,2.15%,1,9
019392,嘉实匠心严选混合A,混合型-偏股,00700,腾讯控股,广义离岸中国AI,中国离岸AI平台/云,7.30%,1,1
019392,嘉实匠心严选混合A,混合型-偏股,09988,阿里巴巴-W,广义离岸中国AI,中国离岸AI平台/云,5.74%,1,3
019393,嘉实匠心严选混合C,混合型-偏股,00700,腾讯控股,广义离岸中国AI,中国离岸AI平台/云,7.30%,1,1
019393,嘉实匠心严选混合C,混合型-偏股,09988,阿里巴巴-W,广义离岸中国AI,中国离岸AI平台/云,5.74%,1,3
019417,中欧磐固债券A,债券型-混合二级,09988,阿里巴巴-W,广义离岸中国AI,中国离岸AI平台/云,0.63%,1,3
019417,中欧磐固债券A,债券型-混合二级,00700,腾讯控股,广义离岸中国AI,中国离岸AI平台/云,0.49%,1,4
019418,中欧磐固债券C,债券型-混合二级,09988,阿里巴巴-W,广义离岸中国AI,中国离岸AI平台/云,0.63%,1,3
019418,中欧磐固债券C,债券型-混合二级,00700,腾讯控股,广义离岸中国AI,中国离岸AI平台/云,0.49%,1,4
019426,中银数字经济混合A,混合型-偏股,01347,华虹半导体,广义离岸中国AI,中国离岸半导体制造,3.99%,1,8
019427,中银数字经济混合C,混合型-偏股,01347,华虹半导体,广义离岸中国AI,中国离岸半导体制造,3.99%,1,8
019433,国泰海通消费机遇混合发起A,混合型-偏股,00700,腾讯控股,广义离岸中国AI,中国离岸AI平台/云,3.27%,1,7
019434,国泰海通消费机遇混合发起C,混合型-偏股,00700,腾讯控股,广义离岸中国AI,中国离岸AI平台/云,3.27%,1,7
019435,易米鑫选品质混合A,混合型-偏股,00700,腾讯控股,广义离岸中国AI,中国离岸AI平台/云,9.57%,1,1
019435,易米鑫选品质混合A,混合型-偏股,00992,联想集团,广义离岸中国AI,中国离岸AI PC/服务器,4.73%,1,5
019435,易米鑫选品质混合A,混合型-偏股,09988,阿里巴巴-W,广义离岸中国AI,中国离岸AI平台/云,4.23%,1,6
019436,易米鑫选品质混合C,混合型-偏股,00700,腾讯控股,广义离岸中国AI,中国离岸AI平台/云,9.57%,1,1
019436,易米鑫选品质混合C,混合型-偏股,00992,联想集团,广义离岸中国AI,中国离岸AI PC/服务器,4.73%,1,5
019436,易米鑫选品质混合C,混合型-偏股,09988,阿里巴巴-W,广义离岸中国AI,中国离岸AI平台/云,4.23%,1,6
019441,万家纳斯达克100指数发起式(QDII)A,指数型-海外股票,NVDA,英伟达,狭义海外AI,核心算力-GPU,8.19%,1,1
019441,万家纳斯达克100指数发起式(QDII)A,指数型-海外股票,MSFT,微软,狭义海外AI,AI云/软件,5.31%,1,3
019441,万家纳斯达克100指数发起式(QDII)A,指数型-海外股票,AMZN,亚马逊,狭义海外AI,AI云,4.32%,1,4
019441,万家纳斯达克100指数发起式(QDII)A,指数型-海外股票,META,Meta Platforms Inc-A,狭义海外AI,AI平台,3.26%,1,6
019441,万家纳斯达克100指数发起式(QDII)A,指数型-海外股票,GOOGL,谷歌-A,狭义海外AI,AI云/大模型,3.24%,1,8
019441,万家纳斯达克100指数发起式(QDII)A,指数型-海外股票,GOOG,谷歌-C,狭义海外AI,AI云/大模型,3.02%,1,9
019441,万家纳斯达克100指数发起式(QDII)A,指数型-海外股票,AVGO,博通,狭义海外AI,AI网络/ASIC,2.84%,1,10
019442,万家纳斯达克100指数发起式(QDII)C,指数型-海外股票,NVDA,英伟达,狭义海外AI,核心算力-GPU,8.19%,1,1
019442,万家纳斯达克100指数发起式(QDII)C,指数型-海外股票,MSFT,微软,狭义海外AI,AI云/软件,5.31%,1,3
019442,万家纳斯达克100指数发起式(QDII)C,指数型-海外股票,AMZN,亚马逊,狭义海外AI,AI云,4.32%,1,4
019442,万家纳斯达克100指数发起式(QDII)C,指数型-海外股票,META,Meta Platforms Inc-A,狭义海外AI,AI平台,3.26%,1,6
019442,万家纳斯达克100指数发起式(QDII)C,指数型-海外股票,GOOGL,谷歌-A,狭义海外AI,AI云/大模型,3.24%,1,8
019442,万家纳斯达克100指数发起式(QDII)C,指数型-海外股票,GOOG,谷歌-C,狭义海外AI,AI云/大模型,3.02%,1,9
019442,万家纳斯达克100指数发起式(QDII)C,指数型-海外股票,AVGO,博通,狭义海外AI,AI网络/ASIC,2.84%,1,10
019447,华夏全球科技先锋混合(QDII)A(美元现汇),QDII-混合偏股,TSM,台积电,狭义海外AI,先进制程代工,4.87%,1,2
019447,华夏全球科技先锋混合(QDII)A(美元现汇),QDII-混合偏股,LITE,Lumentum Holdings Inc,扩展海外AI,光通信器件,4.72%,1,3
019447,华夏全球科技先锋混合(QDII)A(美元现汇),QDII-混合偏股,GLW,康宁,扩展海外AI,光纤/材料,4.15%,1,6
019447,华夏全球科技先锋混合(QDII)A(美元现汇),QDII-混合偏股,SNDK,闪迪,扩展海外AI,AI存储,2.66%,1,7
019447,华夏全球科技先锋混合(QDII)A(美元现汇),QDII-混合偏股,MU,美光科技,狭义海外AI,AI存储/HBM,2.30%,1,8
019448,华夏全球科技先锋混合(QDII)A(美元现钞),QDII-混合偏股,TSM,台积电,狭义海外AI,先进制程代工,4.87%,1,2
019448,华夏全球科技先锋混合(QDII)A(美元现钞),QDII-混合偏股,LITE,Lumentum Holdings Inc,扩展海外AI,光通信器件,4.72%,1,3
019448,华夏全球科技先锋混合(QDII)A(美元现钞),QDII-混合偏股,GLW,康宁,扩展海外AI,光纤/材料,4.15%,1,6
019448,华夏全球科技先锋混合(QDII)A(美元现钞),QDII-混合偏股,SNDK,闪迪,扩展海外AI,AI存储,2.66%,1,7
019448,华夏全球科技先锋混合(QDII)A(美元现钞),QDII-混合偏股,MU,美光科技,狭义海外AI,AI存储/HBM,2.30%,1,8
019450,摩根欧洲动力策略股票(QDII)C,QDII-普通股票,ASML,阿斯麦控股公司,狭义海外AI,半导体设备,4.27%,1,1
019470,华夏信兴回报混合A,混合型-偏股,00700,腾讯控股,广义离岸中国AI,中国离岸AI平台/云,2.13%,1,6
019470,华夏信兴回报混合A,混合型-偏股,09988,阿里巴巴-W,广义离岸中国AI,中国离岸AI平台/云,2.13%,1,8
019471,华夏信兴回报混合C,混合型-偏股,00700,腾讯控股,广义离岸中国AI,中国离岸AI平台/云,2.13%,1,6
019471,华夏信兴回报混合C,混合型-偏股,09988,阿里巴巴-W,广义离岸中国AI,中国离岸AI平台/云,2.13%,1,8
019496,招商和享均衡养老三年持有期混合(FOF)Y,FOF-均衡型,00700,腾讯控股,广义离岸中国AI,中国离岸AI平台/云,0.20%,1,6
019498,兴全创新优势混合A,混合型-偏股,03896,金山云,广义离岸中国AI,中国离岸云计算,5.11%,1,3
019498,兴全创新优势混合A,混合型-偏股,00981,中芯国际,广义离岸中国AI,中国离岸半导体制造,4.66%,1,6
019499,兴全创新优势混合C,混合型-偏股,03896,金山云,广义离岸中国AI,中国离岸云计算,5.11%,1,3
019499,兴全创新优势混合C,混合型-偏股,00981,中芯国际,广义离岸中国AI,中国离岸半导体制造,4.66%,1,6
019513,中欧汇利债券E,债券型-混合二级,09988,阿里巴巴-W,广义离岸中国AI,中国离岸AI平台/云,0.86%,1,2
019513,中欧汇利债券E,债券型-混合二级,00700,腾讯控股,广义离岸中国AI,中国离岸AI平台/云,0.50%,1,5
019521,景顺长城价值发现混合A1,混合型-偏股,00700,腾讯控股,广义离岸中国AI,中国离岸AI平台/云,5.22%,1,2
019521,景顺长城价值发现混合A1,混合型-偏股,09988,阿里巴巴-W,广义离岸中国AI,中国离岸AI平台/云,4.72%,1,5
019522,景顺长城价值发现混合A2,混合型-偏股,00700,腾讯控股,广义离岸中国AI,中国离岸AI平台/云,5.22%,1,2
019522,景顺长城价值发现混合A2,混合型-偏股,09988,阿里巴巴-W,广义离岸中国AI,中国离岸AI平台/云,4.72%,1,5
019523,景顺长城价值发现混合A3,混合型-偏股,00700,腾讯控股,广义离岸中国AI,中国离岸AI平台/云,5.22%,1,2
019523,景顺长城价值发现混合A3,混合型-偏股,09988,阿里巴巴-W,广义离岸中国AI,中国离岸AI平台/云,4.72%,1,5
019535,东方红新兴成长混合A,混合型-偏股,09988,阿里巴巴-W,广义离岸中国AI,中国离岸AI平台/云,3.49%,1,7
019536,东方红新兴成长混合C,混合型-偏股,09988,阿里巴巴-W,广义离岸中国AI,中国离岸AI平台/云,3.49%,1,7
019546,汇添富上证50基本面增强指数D,指数型-股票,00981,中芯国际,广义离岸中国AI,中国离岸半导体制造,3.55%,1,10
019549,华夏全球股票美元现汇(QDII),QDII-普通股票,NVDA,英伟达,狭义海外AI,核心算力-GPU,3.34%,1,1
019549,华夏全球股票美元现汇(QDII),QDII-普通股票,AMZN,亚马逊,狭义海外AI,AI云,2.99%,1,2
019549,华夏全球股票美元现汇(QDII),QDII-普通股票,GOOGL,谷歌-A,狭义海外AI,AI云/大模型,2.94%,1,3
019549,华夏全球股票美元现汇(QDII),QDII-普通股票,MSFT,微软,狭义海外AI,AI云/软件,2.76%,1,4
019549,华夏全球股票美元现汇(QDII),QDII-普通股票,TSM,台积电,狭义海外AI,先进制程代工,2.68%,1,5
019549,华夏全球股票美元现汇(QDII),QDII-普通股票,AVGO,博通,狭义海外AI,AI网络/ASIC,2.17%,1,7
019549,华夏全球股票美元现汇(QDII),QDII-普通股票,MU,美光科技,狭义海外AI,AI存储/HBM,1.77%,1,8
019549,华夏全球股票美元现汇(QDII),QDII-普通股票,LITE,Lumentum Holdings Inc,扩展海外AI,光通信器件,1.56%,1,10
019549,华夏全球股票美元现汇(QDII),QDII-普通股票,GOOG,谷歌-C,狭义海外AI,AI云/大模型,0.41%,1,11
019550,华夏全球股票美元现钞(QDII),QDII-普通股票,NVDA,英伟达,狭义海外AI,核心算力-GPU,3.34%,1,1
019550,华夏全球股票美元现钞(QDII),QDII-普通股票,AMZN,亚马逊,狭义海外AI,AI云,2.99%,1,2
019550,华夏全球股票美元现钞(QDII),QDII-普通股票,GOOGL,谷歌-A,狭义海外AI,AI云/大模型,2.94%,1,3
019550,华夏全球股票美元现钞(QDII),QDII-普通股票,MSFT,微软,狭义海外AI,AI云/软件,2.76%,1,4
019550,华夏全球股票美元现钞(QDII),QDII-普通股票,TSM,台积电,狭义海外AI,先进制程代工,2.68%,1,5
019550,华夏全球股票美元现钞(QDII),QDII-普通股票,AVGO,博通,狭义海外AI,AI网络/ASIC,2.17%,1,7
019550,华夏全球股票美元现钞(QDII),QDII-普通股票,MU,美光科技,狭义海外AI,AI存储/HBM,1.77%,1,8
019550,华夏全球股票美元现钞(QDII),QDII-普通股票,LITE,Lumentum Holdings Inc,扩展海外AI,光通信器件,1.56%,1,10
019550,华夏全球股票美元现钞(QDII),QDII-普通股票,GOOG,谷歌-C,狭义海外AI,AI云/大模型,0.41%,1,11
019587,兴业弘远回报混合发起式A,混合型-偏股,03896,金山云,广义离岸中国AI,中国离岸云计算,7.81%,1,1
019588,兴业弘远回报混合发起式C,混合型-偏股,03896,金山云,广义离岸中国AI,中国离岸云计算,7.81%,1,1
019617,工银远见共赢混合A1,混合型-偏股,00700,腾讯控股,广义离岸中国AI,中国离岸AI平台/云,4.08%,1,4
019618,工银远见共赢混合A2,混合型-偏股,00700,腾讯控股,广义离岸中国AI,中国离岸AI平台/云,4.08%,1,4
019619,工银远见共赢混合A3,混合型-偏股,00700,腾讯控股,广义离岸中国AI,中国离岸AI平台/云,4.08%,1,4
019624,泉果嘉源三年持有期混合A,混合型-偏股,00700,腾讯控股,广义离岸中国AI,中国离岸AI平台/云,6.40%,1,2
019624,泉果嘉源三年持有期混合A,混合型-偏股,09988,阿里巴巴-W,广义离岸中国AI,中国离岸AI平台/云,3.83%,1,5
019625,泉果嘉源三年持有期混合C,混合型-偏股,00700,腾讯控股,广义离岸中国AI,中国离岸AI平台/云,6.40%,1,2
019625,泉果嘉源三年持有期混合C,混合型-偏股,09988,阿里巴巴-W,广义离岸中国AI,中国离岸AI平台/云,3.83%,1,5
019641,摩根亚太优势混合(QDII)C,QDII-混合偏股,2330,台积电,狭义海外AI,先进制程代工,9.65%,1,1
019641,摩根亚太优势混合(QDII)C,QDII-混合偏股,00700,腾讯控股,广义离岸中国AI,中国离岸AI平台/云,6.94%,1,2
019641,摩根亚太优势混合(QDII)C,QDII-混合偏股,005930,三星电子,扩展海外AI,半导体/存储,5.67%,1,3
019641,摩根亚太优势混合(QDII)C,QDII-混合偏股,2308,台达电,扩展海外AI,数据中心电源,2.40%,1,8
019651,汇添富稳健睿选一年持有混合B,混合型-偏债,00700,腾讯控股,广义离岸中国AI,中国离岸AI平台/云,1.91%,1,2
019651,汇添富稳健睿选一年持有混合B,混合型-偏债,09988,阿里巴巴-W,广义离岸中国AI,中国离岸AI平台/云,0.81%,1,10
019652,景顺长城隽丰平衡养老三年持有混合(FOF)Y,FOF-均衡型,00700,腾讯控股,广义离岸中国AI,中国离岸AI平台/云,0.89%,1,1
019659,万家养老目标2045三年持有混合发起式(FOF),FOF-均衡型,00981,中芯国际,广义离岸中国AI,中国离岸半导体制造,0.18%,1,10
019678,长城精选进取3个月持有期混合型发起式A,FOF-进取型,00700,腾讯控股,广义离岸中国AI,中国离岸AI平台/云,1.52%,1,1
019679,长城精选进取3个月持有期混合型发起式C,FOF-进取型,00700,腾讯控股,广义离岸中国AI,中国离岸AI平台/云,1.52%,1,1
019690,华商产业机遇混合A,混合型-偏股,09988,阿里巴巴-W,广义离岸中国AI,中国离岸AI平台/云,3.81%,1,1
019691,华商产业机遇混合C,混合型-偏股,09988,阿里巴巴-W,广义离岸中国AI,中国离岸AI平台/云,3.81%,1,1
019697,汇添富鑫享添利六个月持有混合B,混合型-偏债,00700,腾讯控股,广义离岸中国AI,中国离岸AI平台/云,0.73%,1,3
019698,招商安泽稳利9个月持有期混合A,混合型-偏债,00700,腾讯控股,广义离岸中国AI,中国离岸AI平台/云,1.04%,1,3
019699,招商安泽稳利9个月持有期混合C,混合型-偏债,00700,腾讯控股,广义离岸中国AI,中国离岸AI平台/云,1.04%,1,3
019720,信澳宁隽智选混合A,混合型-偏股,00700,腾讯控股,广义离岸中国AI,中国离岸AI平台/云,1.53%,1,4
019720,信澳宁隽智选混合A,混合型-偏股,09988,阿里巴巴-W,广义离岸中国AI,中国离岸AI平台/云,1.43%,1,5
019721,信澳宁隽智选混合C,混合型-偏股,00700,腾讯控股,广义离岸中国AI,中国离岸AI平台/云,1.53%,1,4
019721,信澳宁隽智选混合C,混合型-偏股,09988,阿里巴巴-W,广义离岸中国AI,中国离岸AI平台/云,1.43%,1,5
019736,宝盈纳斯达克100指数发起(QDII)A人民币,指数型-海外股票,NVDA,英伟达,狭义海外AI,核心算力-GPU,8.20%,1,1
019736,宝盈纳斯达克100指数发起(QDII)A人民币,指数型-海外股票,MSFT,微软,狭义海外AI,AI云/软件,5.32%,1,3
019736,宝盈纳斯达克100指数发起(QDII)A人民币,指数型-海外股票,AMZN,亚马逊,狭义海外AI,AI云,4.33%,1,4
019736,宝盈纳斯达克100指数发起(QDII)A人民币,指数型-海外股票,META,Meta Platforms Inc-A,狭义海外AI,AI平台,3.28%,1,6
019736,宝盈纳斯达克100指数发起(QDII)A人民币,指数型-海外股票,GOOGL,谷歌-A,狭义海外AI,AI云/大模型,3.24%,1,8
019736,宝盈纳斯达克100指数发起(QDII)A人民币,指数型-海外股票,GOOG,谷歌-C,狭义海外AI,AI云/大模型,3.03%,1,9
019736,宝盈纳斯达克100指数发起(QDII)A人民币,指数型-海外股票,AVGO,博通,狭义海外AI,AI网络/ASIC,2.85%,1,10
019737,宝盈纳斯达克100指数发起(QDII)C人民币,指数型-海外股票,NVDA,英伟达,狭义海外AI,核心算力-GPU,8.20%,1,1
019737,宝盈纳斯达克100指数发起(QDII)C人民币,指数型-海外股票,MSFT,微软,狭义海外AI,AI云/软件,5.32%,1,3
019737,宝盈纳斯达克100指数发起(QDII)C人民币,指数型-海外股票,AMZN,亚马逊,狭义海外AI,AI云,4.33%,1,4
019737,宝盈纳斯达克100指数发起(QDII)C人民币,指数型-海外股票,META,Meta Platforms Inc-A,狭义海外AI,AI平台,3.28%,1,6
019737,宝盈纳斯达克100指数发起(QDII)C人民币,指数型-海外股票,GOOGL,谷歌-A,狭义海外AI,AI云/大模型,3.24%,1,8
019737,宝盈纳斯达克100指数发起(QDII)C人民币,指数型-海外股票,GOOG,谷歌-C,狭义海外AI,AI云/大模型,3.03%,1,9
019737,宝盈纳斯达克100指数发起(QDII)C人民币,指数型-海外股票,AVGO,博通,狭义海外AI,AI网络/ASIC,2.85%,1,10
019738,宝盈纳斯达克100指数发起(QDII)A美元现汇,指数型-海外股票,NVDA,英伟达,狭义海外AI,核心算力-GPU,8.20%,1,1
019738,宝盈纳斯达克100指数发起(QDII)A美元现汇,指数型-海外股票,MSFT,微软,狭义海外AI,AI云/软件,5.32%,1,3
019738,宝盈纳斯达克100指数发起(QDII)A美元现汇,指数型-海外股票,AMZN,亚马逊,狭义海外AI,AI云,4.33%,1,4
019738,宝盈纳斯达克100指数发起(QDII)A美元现汇,指数型-海外股票,META,Meta Platforms Inc-A,狭义海外AI,AI平台,3.28%,1,6
019738,宝盈纳斯达克100指数发起(QDII)A美元现汇,指数型-海外股票,GOOGL,谷歌-A,狭义海外AI,AI云/大模型,3.24%,1,8
019738,宝盈纳斯达克100指数发起(QDII)A美元现汇,指数型-海外股票,GOOG,谷歌-C,狭义海外AI,AI云/大模型,3.03%,1,9
019738,宝盈纳斯达克100指数发起(QDII)A美元现汇,指数型-海外股票,AVGO,博通,狭义海外AI,AI网络/ASIC,2.85%,1,10
019739,宝盈纳斯达克100指数发起(QDII)C美元现汇,指数型-海外股票,NVDA,英伟达,狭义海外AI,核心算力-GPU,8.20%,1,1
019739,宝盈纳斯达克100指数发起(QDII)C美元现汇,指数型-海外股票,MSFT,微软,狭义海外AI,AI云/软件,5.32%,1,3
019739,宝盈纳斯达克100指数发起(QDII)C美元现汇,指数型-海外股票,AMZN,亚马逊,狭义海外AI,AI云,4.33%,1,4
019739,宝盈纳斯达克100指数发起(QDII)C美元现汇,指数型-海外股票,META,Meta Platforms Inc-A,狭义海外AI,AI平台,3.28%,1,6
019739,宝盈纳斯达克100指数发起(QDII)C美元现汇,指数型-海外股票,GOOGL,谷歌-A,狭义海外AI,AI云/大模型,3.24%,1,8
019739,宝盈纳斯达克100指数发起(QDII)C美元现汇,指数型-海外股票,GOOG,谷歌-C,狭义海外AI,AI云/大模型,3.03%,1,9
019739,宝盈纳斯达克100指数发起(QDII)C美元现汇,指数型-海外股票,AVGO,博通,狭义海外AI,AI网络/ASIC,2.85%,1,10
019745,广发安诚养老目标2040三年持有混合发起式(FOF)Y,FOF-均衡型,00700,腾讯控股,广义离岸中国AI,中国离岸AI平台/云,1.23%,1,1
019746,广发积极养老目标五年持有期混合发起式(FOF)Y,FOF-进取型,00700,腾讯控股,广义离岸中国AI,中国离岸AI平台/云,0.76%,1,3
019765,国寿安保优选国企股票发起式A,股票型,01347,华虹半导体,广义离岸中国AI,中国离岸半导体制造,8.68%,1,1
019765,国寿安保优选国企股票发起式A,股票型,00981,中芯国际,广义离岸中国AI,中国离岸半导体制造,6.78%,1,4
019766,国寿安保优选国企股票发起式C,股票型,01347,华虹半导体,广义离岸中国AI,中国离岸半导体制造,8.68%,1,1
019766,国寿安保优选国企股票发起式C,股票型,00981,中芯国际,广义离岸中国AI,中国离岸半导体制造,6.78%,1,4
019780,嘉实创新动力混合发起式A1,混合型-偏股,00700,腾讯控股,广义离岸中国AI,中国离岸AI平台/云,5.59%,1,2
019780,嘉实创新动力混合发起式A1,混合型-偏股,09988,阿里巴巴-W,广义离岸中国AI,中国离岸AI平台/云,4.81%,1,3
019781,嘉实创新动力混合发起式A2,混合型-偏股,00700,腾讯控股,广义离岸中国AI,中国离岸AI平台/云,5.59%,1,2
019781,嘉实创新动力混合发起式A2,混合型-偏股,09988,阿里巴巴-W,广义离岸中国AI,中国离岸AI平台/云,4.81%,1,3
019782,嘉实创新动力混合发起式A3,混合型-偏股,00700,腾讯控股,广义离岸中国AI,中国离岸AI平台/云,5.59%,1,2
019782,嘉实创新动力混合发起式A3,混合型-偏股,09988,阿里巴巴-W,广义离岸中国AI,中国离岸AI平台/云,4.81%,1,3
019818,长城健康生活混合C,混合型-灵活,00700,腾讯控股,广义离岸中国AI,中国离岸AI平台/云,5.16%,1,4
019864,浦银安盛高端装备混合A,混合型-偏股,00700,腾讯控股,广义离岸中国AI,中国离岸AI平台/云,9.42%,1,2
019864,浦银安盛高端装备混合A,混合型-偏股,01810,小米集团-W,广义离岸中国AI,中国离岸AI终端/汽车,8.45%,1,6
019865,浦银安盛高端装备混合C,混合型-偏股,00700,腾讯控股,广义离岸中国AI,中国离岸AI平台/云,9.42%,1,2
019865,浦银安盛高端装备混合C,混合型-偏股,01810,小米集团-W,广义离岸中国AI,中国离岸AI终端/汽车,8.45%,1,6
019876,广发均衡成长混合A,混合型-偏股,09988,阿里巴巴-W,广义离岸中国AI,中国离岸AI平台/云,7.47%,1,2
019876,广发均衡成长混合A,混合型-偏股,00700,腾讯控股,广义离岸中国AI,中国离岸AI平台/云,4.54%,1,10
019877,广发均衡成长混合C,混合型-偏股,09988,阿里巴巴-W,广义离岸中国AI,中国离岸AI平台/云,7.47%,1,2
019877,广发均衡成长混合C,混合型-偏股,00700,腾讯控股,广义离岸中国AI,中国离岸AI平台/云,4.54%,1,10
019900,中欧预见积极养老目标五年持有混合发起(FOF)Y,FOF-进取型,09988,阿里巴巴-W,广义离岸中国AI,中国离岸AI平台/云,0.93%,1,6
019913,华夏瑞益混合A1,混合型-偏股,00700,腾讯控股,广义离岸中国AI,中国离岸AI平台/云,6.36%,1,4
019913,华夏瑞益混合A1,混合型-偏股,09988,阿里巴巴-W,广义离岸中国AI,中国离岸AI平台/云,5.66%,1,6
019914,华夏瑞益混合A2,混合型-偏股,00700,腾讯控股,广义离岸中国AI,中国离岸AI平台/云,6.36%,1,4
019914,华夏瑞益混合A2,混合型-偏股,09988,阿里巴巴-W,广义离岸中国AI,中国离岸AI平台/云,5.66%,1,6
019915,华夏瑞益混合A3,混合型-偏股,00700,腾讯控股,广义离岸中国AI,中国离岸AI平台/云,6.36%,1,4
019915,华夏瑞益混合A3,混合型-偏股,09988,阿里巴巴-W,广义离岸中国AI,中国离岸AI平台/云,5.66%,1,6
019925,华宝竞争优势混合C,混合型-偏股,00981,中芯国际,广义离岸中国AI,中国离岸半导体制造,3.53%,1,10
019941,富国洞见价值股票A,股票型,00981,中芯国际,广义离岸中国AI,中国离岸半导体制造,4.79%,1,4
019942,富国洞见价值股票C,股票型,00981,中芯国际,广义离岸中国AI,中国离岸半导体制造,4.79%,1,4
019943,兴业恒益6个月持有期债券A,债券型-混合二级,00700,腾讯控股,广义离岸中国AI,中国离岸AI平台/云,0.16%,1,9
019944,兴业恒益6个月持有期债券C,债券型-混合二级,00700,腾讯控股,广义离岸中国AI,中国离岸AI平台/云,0.16%,1,9
019952,平安价值远见混合A,混合型-偏股,09988,阿里巴巴-W,广义离岸中国AI,中国离岸AI平台/云,3.02%,1,10
019953,平安价值远见混合C,混合型-偏股,09988,阿里巴巴-W,广义离岸中国AI,中国离岸AI平台/云,3.02%,1,10
019999,国泰优质领航混合A,混合型-偏股,09988,阿里巴巴-W,广义离岸中国AI,中国离岸AI平台/云,8.38%,1,2
019999,国泰优质领航混合A,混合型-偏股,01810,小米集团-W,广义离岸中国AI,中国离岸AI终端/汽车,6.48%,1,7
020000,国泰优质领航混合C,混合型-偏股,09988,阿里巴巴-W,广义离岸中国AI,中国离岸AI平台/云,8.38%,1,2
020000,国泰优质领航混合C,混合型-偏股,01810,小米集团-W,广义离岸中国AI,中国离岸AI终端/汽车,6.48%,1,7
020004,中欧臻选成长混合发起A,混合型-偏股,00700,腾讯控股,广义离岸中国AI,中国离岸AI平台/云,4.10%,1,1
020013,中欧臻选成长混合发起C,混合型-偏股,00700,腾讯控股,广义离岸中国AI,中国离岸AI平台/云,4.10%,1,1
020064,西部利得科技创新混合A,混合型-偏股,00700,腾讯控股,广义离岸中国AI,中国离岸AI平台/云,7.42%,1,6
020064,西部利得科技创新混合A,混合型-偏股,03896,金山云,广义离岸中国AI,中国离岸云计算,7.34%,1,7
020064,西部利得科技创新混合A,混合型-偏股,09988,阿里巴巴-W,广义离岸中国AI,中国离岸AI平台/云,6.83%,1,8
020065,西部利得科技创新混合C,混合型-偏股,00700,腾讯控股,广义离岸中国AI,中国离岸AI平台/云,7.42%,1,6
020065,西部利得科技创新混合C,混合型-偏股,03896,金山云,广义离岸中国AI,中国离岸云计算,7.34%,1,7
020065,西部利得科技创新混合C,混合型-偏股,09988,阿里巴巴-W,广义离岸中国AI,中国离岸AI平台/云,6.83%,1,8
020090,万家研究领航混合A,混合型-偏股,01347,华虹半导体,广义离岸中国AI,中国离岸半导体制造,2.72%,1,11
020091,万家研究领航混合C,混合型-偏股,01347,华虹半导体,广义离岸中国AI,中国离岸半导体制造,2.72%,1,11
020098,万家惠诚回报平衡一年持有期混合A,混合型-偏债,00700,腾讯控股,广义离岸中国AI,中国离岸AI平台/云,0.21%,1,9
020099,万家惠诚回报平衡一年持有期混合C,混合型-偏债,00700,腾讯控股,广义离岸中国AI,中国离岸AI平台/云,0.21%,1,9
020147,兴银价值平衡混合A,混合型-平衡,00700,腾讯控股,广义离岸中国AI,中国离岸AI平台/云,3.96%,1,3
020148,兴银价值平衡混合C,混合型-平衡,00700,腾讯控股,广义离岸中国AI,中国离岸AI平台/云,3.96%,1,3
020168,广发信远回报混合A,混合型-偏股,00700,腾讯控股,广义离岸中国AI,中国离岸AI平台/云,3.14%,1,2
020169,广发信远回报混合C,混合型-偏股,00700,腾讯控股,广义离岸中国AI,中国离岸AI平台/云,3.14%,1,2
020172,华泰柏瑞养老目标日期2035三年持有混合发起式(FOF),FOF-均衡型,00700,腾讯控股,广义离岸中国AI,中国离岸AI平台/云,2.04%,1,1
020181,长城智盈添益债券发起式A,债券型-混合二级,00700,腾讯控股,广义离岸中国AI,中国离岸AI平台/云,1.74%,1,1
020182,长城智盈添益债券发起式C,债券型-混合二级,00700,腾讯控股,广义离岸中国AI,中国离岸AI平台/云,1.74%,1,1
020192,南方晖元6个月持有期债券E,债券型-混合二级,00700,腾讯控股,广义离岸中国AI,中国离岸AI平台/云,0.41%,1,1
020231,大摩景气智选混合A,混合型-偏股,00700,腾讯控股,广义离岸中国AI,中国离岸AI平台/云,7.11%,1,1
020231,大摩景气智选混合A,混合型-偏股,03896,金山云,广义离岸中国AI,中国离岸云计算,6.63%,1,2
020231,大摩景气智选混合A,混合型-偏股,09988,阿里巴巴-W,广义离岸中国AI,中国离岸AI平台/云,5.99%,1,4
020233,大摩景气智选混合C,混合型-偏股,00700,腾讯控股,广义离岸中国AI,中国离岸AI平台/云,7.11%,1,1
020233,大摩景气智选混合C,混合型-偏股,03896,金山云,广义离岸中国AI,中国离岸云计算,6.63%,1,2
020233,大摩景气智选混合C,混合型-偏股,09988,阿里巴巴-W,广义离岸中国AI,中国离岸AI平台/云,5.99%,1,4
020241,国投瑞银和宜债券A,债券型-混合二级,00700,腾讯控股,广义离岸中国AI,中国离岸AI平台/云,0.37%,1,4
020247,国投瑞银和宜债券C,债券型-混合二级,00700,腾讯控股,广义离岸中国AI,中国离岸AI平台/云,0.37%,1,4
020258,鹏华优选价值股票C,股票型,00700,腾讯控股,广义离岸中国AI,中国离岸AI平台/云,4.52%,1,5
020265,长城产业优选混合A,混合型-偏股,09988,阿里巴巴-W,广义离岸中国AI,中国离岸AI平台/云,8.48%,1,1
020265,长城产业优选混合A,混合型-偏股,00700,腾讯控股,广义离岸中国AI,中国离岸AI平台/云,8.20%,1,2
020266,长城产业优选混合C,混合型-偏股,09988,阿里巴巴-W,广义离岸中国AI,中国离岸AI平台/云,8.48%,1,1
020266,长城产业优选混合C,混合型-偏股,00700,腾讯控股,广义离岸中国AI,中国离岸AI平台/云,8.20%,1,2
020267,宏利睿智成长混合A,混合型-偏股,00700,腾讯控股,广义离岸中国AI,中国离岸AI平台/云,5.95%,1,3
020268,宏利睿智成长混合C,混合型-偏股,00700,腾讯控股,广义离岸中国AI,中国离岸AI平台/云,5.95%,1,3
020269,宏利价值驱动6个月持有混合A,混合型-偏股,00700,腾讯控股,广义离岸中国AI,中国离岸AI平台/云,5.31%,1,3
020270,宏利价值驱动6个月持有混合C,混合型-偏股,00700,腾讯控股,广义离岸中国AI,中国离岸AI平台/云,5.31%,1,3
020284,东方红汇享债券A,债券型-混合二级,00700,腾讯控股,广义离岸中国AI,中国离岸AI平台/云,0.79%,1,4
020285,东方红汇享债券C,债券型-混合二级,00700,腾讯控股,广义离岸中国AI,中国离岸AI平台/云,0.79%,1,4
020325,南方佳元6个月持有债券E,债券型-混合二级,00700,腾讯控股,广义离岸中国AI,中国离岸AI平台/云,0.44%,1,7
020340,华泰柏瑞祥泰稳健养老目标偏债一年(FOF)Y,FOF-稳健型,00700,腾讯控股,广义离岸中国AI,中国离岸AI平台/云,0.24%,1,2
020358,东方红慧鑫甄选6个月持有混合A,混合型-偏债,01810,小米集团-W,广义离岸中国AI,中国离岸AI终端/汽车,0.33%,1,2
020358,东方红慧鑫甄选6个月持有混合A,混合型-偏债,00700,腾讯控股,广义离岸中国AI,中国离岸AI平台/云,0.20%,1,5
020359,东方红慧鑫甄选6个月持有混合C,混合型-偏债,01810,小米集团-W,广义离岸中国AI,中国离岸AI终端/汽车,0.33%,1,2
020359,东方红慧鑫甄选6个月持有混合C,混合型-偏债,00700,腾讯控股,广义离岸中国AI,中国离岸AI平台/云,0.20%,1,5
020362,中海沪港深价值优选混合C,混合型-灵活,00700,腾讯控股,广义离岸中国AI,中国离岸AI平台/云,8.52%,1,1
020362,中海沪港深价值优选混合C,混合型-灵活,09988,阿里巴巴-W,广义离岸中国AI,中国离岸AI平台/云,8.16%,1,2
020362,中海沪港深价值优选混合C,混合型-灵活,00981,中芯国际,广义离岸中国AI,中国离岸半导体制造,5.87%,1,3
020362,中海沪港深价值优选混合C,混合型-灵活,01347,华虹半导体,广义离岸中国AI,中国离岸半导体制造,5.07%,1,4
020362,中海沪港深价值优选混合C,混合型-灵活,01810,小米集团-W,广义离岸中国AI,中国离岸AI终端/汽车,3.72%,1,6
020408,华商数字经济混合A,混合型-偏股,09988,阿里巴巴-W,广义离岸中国AI,中国离岸AI平台/云,6.08%,1,4
020408,华商数字经济混合A,混合型-偏股,00981,中芯国际,广义离岸中国AI,中国离岸半导体制造,4.86%,1,8
020408,华商数字经济混合A,混合型-偏股,00700,腾讯控股,广义离岸中国AI,中国离岸AI平台/云,4.08%,1,10
020409,华商数字经济混合C,混合型-偏股,09988,阿里巴巴-W,广义离岸中国AI,中国离岸AI平台/云,6.08%,1,4
020409,华商数字经济混合C,混合型-偏股,00981,中芯国际,广义离岸中国AI,中国离岸半导体制造,4.86%,1,8
020409,华商数字经济混合C,混合型-偏股,00700,腾讯控股,广义离岸中国AI,中国离岸AI平台/云,4.08%,1,10
020410,长城均衡优选混合C,混合型-偏股,09988,阿里巴巴-W,广义离岸中国AI,中国离岸AI平台/云,2.83%,1,6
020410,长城均衡优选混合C,混合型-偏股,00700,腾讯控股,广义离岸中国AI,中国离岸AI平台/云,2.73%,1,8
020419,鹏华科技驱动混合发起式A,混合型-偏股,09988,阿里巴巴-W,广义离岸中国AI,中国离岸AI平台/云,3.89%,1,9
020420,鹏华科技驱动混合发起式C,混合型-偏股,09988,阿里巴巴-W,广义离岸中国AI,中国离岸AI平台/云,3.89%,1,9
020442,易米远见价值一年定开混合A,混合型-偏股,09988,阿里巴巴-W,广义离岸中国AI,中国离岸AI平台/云,3.05%,1,6
020443,易米远见价值一年定开混合C,混合型-偏股,09988,阿里巴巴-W,广义离岸中国AI,中国离岸AI平台/云,3.05%,1,6
020469,长城半导体混合发起式A,混合型-偏股,00981,中芯国际,广义离岸中国AI,中国离岸半导体制造,5.94%,1,6
020470,长城半导体混合发起式C,混合型-偏股,00981,中芯国际,广义离岸中国AI,中国离岸半导体制造,5.94%,1,6
020497,安信均衡增长混合A,混合型-偏股,00700,腾讯控股,广义离岸中国AI,中国离岸AI平台/云,2.67%,1,9
020498,安信均衡增长混合C,混合型-偏股,00700,腾讯控股,广义离岸中国AI,中国离岸AI平台/云,2.67%,1,9
020521,华商安恒债券A,债券型-混合二级,09988,阿里巴巴-W,广义离岸中国AI,中国离岸AI平台/云,1.58%,1,1
020521,华商安恒债券A,债券型-混合二级,00700,腾讯控股,广义离岸中国AI,中国离岸AI平台/云,0.77%,1,2
020521,华商安恒债券A,债券型-混合二级,03896,金山云,广义离岸中国AI,中国离岸云计算,0.54%,1,5
020521,华商安恒债券A,债券型-混合二级,09660,地平线机器人-W,广义离岸中国AI,中国离岸AI芯片/自动驾驶,0.54%,1,4
020522,华商安恒债券C,债券型-混合二级,09988,阿里巴巴-W,广义离岸中国AI,中国离岸AI平台/云,1.58%,1,1
020522,华商安恒债券C,债券型-混合二级,00700,腾讯控股,广义离岸中国AI,中国离岸AI平台/云,0.77%,1,2
020522,华商安恒债券C,债券型-混合二级,03896,金山云,广义离岸中国AI,中国离岸云计算,0.54%,1,5
020522,华商安恒债券C,债券型-混合二级,09660,地平线机器人-W,广义离岸中国AI,中国离岸AI芯片/自动驾驶,0.54%,1,4
020523,交银核心资产混合C,混合型-偏股,00700,腾讯控股,广义离岸中国AI,中国离岸AI平台/云,6.95%,1,1
020523,交银核心资产混合C,混合型-偏股,09988,阿里巴巴-W,广义离岸中国AI,中国离岸AI平台/云,4.10%,1,6
020577,国富恒兴债券A,债券型-混合二级,00700,腾讯控股,广义离岸中国AI,中国离岸AI平台/云,3.37%,1,2
020578,国富恒兴债券C,债券型-混合二级,00700,腾讯控股,广义离岸中国AI,中国离岸AI平台/云,3.37%,1,2
020581,银华钰祥债券A,债券型-混合二级,09988,阿里巴巴-W,广义离岸中国AI,中国离岸AI平台/云,0.57%,1,9
020582,银华钰祥债券C,债券型-混合二级,09988,阿里巴巴-W,广义离岸中国AI,中国离岸AI平台/云,0.57%,1,9
020693,长城健康消费混合C,混合型-偏股,09988,阿里巴巴-W,广义离岸中国AI,中国离岸AI平台/云,4.42%,1,1
020693,长城健康消费混合C,混合型-偏股,00700,腾讯控股,广义离岸中国AI,中国离岸AI平台/云,2.12%,1,10
020709,同泰恒盛债券D,债券型-混合二级,00700,腾讯控股,广义离岸中国AI,中国离岸AI平台/云,0.63%,1,10
020722,国寿安保数字经济股票发起式A,股票型,00700,腾讯控股,广义离岸中国AI,中国离岸AI平台/云,3.49%,1,10
020723,国寿安保数字经济股票发起式C,股票型,00700,腾讯控股,广义离岸中国AI,中国离岸AI平台/云,3.49%,1,10
020756,南方养老目标2055五年持有混合发起(FOF)Y,FOF-进取型,00981,中芯国际,广义离岸中国AI,中国离岸半导体制造,0.17%,1,7
020787,国寿安保泰裕债券A,债券型-混合二级,00700,腾讯控股,广义离岸中国AI,中国离岸AI平台/云,1.23%,1,2
020788,国寿安保泰裕债券C,债券型-混合二级,00700,腾讯控股,广义离岸中国AI,中国离岸AI平台/云,1.23%,1,2
020801,易方达红利混合A,混合型-偏股,09988,阿里巴巴-W,广义离岸中国AI,中国离岸AI平台/云,3.15%,1,1
020801,易方达红利混合A,混合型-偏股,00700,腾讯控股,广义离岸中国AI,中国离岸AI平台/云,2.81%,1,2
020802,易方达红利混合C,混合型-偏股,09988,阿里巴巴-W,广义离岸中国AI,中国离岸AI平台/云,3.15%,1,1
020802,易方达红利混合C,混合型-偏股,00700,腾讯控股,广义离岸中国AI,中国离岸AI平台/云,2.81%,1,2
020821,大成领先动力混合A,混合型-偏股,00700,腾讯控股,广义离岸中国AI,中国离岸AI平台/云,6.17%,1,5
020822,大成领先动力混合C,混合型-偏股,00700,腾讯控股,广义离岸中国AI,中国离岸AI平台/云,6.17%,1,5
020848,尚正正泰平衡配置混合发起A,混合型-灵活,00700,腾讯控股,广义离岸中国AI,中国离岸AI平台/云,7.98%,1,4
020848,尚正正泰平衡配置混合发起A,混合型-灵活,09988,阿里巴巴-W,广义离岸中国AI,中国离岸AI平台/云,4.99%,1,6
020849,尚正正泰平衡配置混合发起C,混合型-灵活,00700,腾讯控股,广义离岸中国AI,中国离岸AI平台/云,7.98%,1,4
020849,尚正正泰平衡配置混合发起C,混合型-灵活,09988,阿里巴巴-W,广义离岸中国AI,中国离岸AI平台/云,4.99%,1,6
020875,中欧量化驱动混合C,混合型-偏股,00700,腾讯控股,广义离岸中国AI,中国离岸AI平台/云,1.82%,1,1
020875,中欧量化驱动混合C,混合型-偏股,01347,华虹半导体,广义离岸中国AI,中国离岸半导体制造,0.29%,1,10
020918,鹏扬聚优睿选混合A,混合型-偏股,00700,腾讯控股,广义离岸中国AI,中国离岸AI平台/云,5.47%,1,2
020919,鹏扬聚优睿选混合C,混合型-偏股,00700,腾讯控股,广义离岸中国AI,中国离岸AI平台/云,5.47%,1,2
020955,银华盛泓债券A,债券型-混合二级,00700,腾讯控股,广义离岸中国AI,中国离岸AI平台/云,1.10%,1,2
020955,银华盛泓债券A,债券型-混合二级,09988,阿里巴巴-W,广义离岸中国AI,中国离岸AI平台/云,0.85%,1,5
020956,银华盛泓债券C,债券型-混合二级,00700,腾讯控股,广义离岸中国AI,中国离岸AI平台/云,1.10%,1,2
020956,银华盛泓债券C,债券型-混合二级,09988,阿里巴巴-W,广义离岸中国AI,中国离岸AI平台/云,0.85%,1,5
020957,中银全球策略(QDII-FOF)C,QDII-FOF,GOOGL,谷歌-A,狭义海外AI,AI云/大模型,0.74%,1,2
020957,中银全球策略(QDII-FOF)C,QDII-FOF,NVDA,英伟达,狭义海外AI,核心算力-GPU,0.45%,1,5
020957,中银全球策略(QDII-FOF)C,QDII-FOF,ASML,阿斯麦,狭义海外AI,半导体设备,0.34%,1,7
020957,中银全球策略(QDII-FOF)C,QDII-FOF,AMAT,应用材料,狭义海外AI,半导体设备,0.22%,1,8
020957,中银全球策略(QDII-FOF)C,QDII-FOF,GLW,康宁,扩展海外AI,光纤/材料,0.17%,1,9
020966,东吴科技创新混合A,混合型-偏股,09988,阿里巴巴-W,广义离岸中国AI,中国离岸AI平台/云,6.91%,1,6
020966,东吴科技创新混合A,混合型-偏股,00700,腾讯控股,广义离岸中国AI,中国离岸AI平台/云,6.11%,1,8
020967,东吴科技创新混合C,混合型-偏股,09988,阿里巴巴-W,广义离岸中国AI,中国离岸AI平台/云,6.91%,1,6
020967,东吴科技创新混合C,混合型-偏股,00700,腾讯控股,广义离岸中国AI,中国离岸AI平台/云,6.11%,1,8
021000,南方纳斯达克100指数发起(QDII)I,指数型-海外股票,NVDA,英伟达,狭义海外AI,核心算力-GPU,7.67%,1,1
021000,南方纳斯达克100指数发起(QDII)I,指数型-海外股票,MSFT,微软,狭义海外AI,AI云/软件,4.97%,1,3
021000,南方纳斯达克100指数发起(QDII)I,指数型-海外股票,AMZN,亚马逊,狭义海外AI,AI云,4.04%,1,4
021000,南方纳斯达克100指数发起(QDII)I,指数型-海外股票,META,Meta Platforms Inc-A,狭义海外AI,AI平台,3.05%,1,6
021000,南方纳斯达克100指数发起(QDII)I,指数型-海外股票,GOOGL,谷歌-A,狭义海外AI,AI云/大模型,3.03%,1,8
021000,南方纳斯达克100指数发起(QDII)I,指数型-海外股票,GOOG,谷歌-C,狭义海外AI,AI云/大模型,2.82%,1,9
021000,南方纳斯达克100指数发起(QDII)I,指数型-海外股票,AVGO,博通,狭义海外AI,AI网络/ASIC,2.65%,1,10
021015,长江旭日混合A,混合型-偏股,00700,腾讯控股,广义离岸中国AI,中国离岸AI平台/云,3.15%,1,9
021016,长江旭日混合C,混合型-偏股,00700,腾讯控股,广义离岸中国AI,中国离岸AI平台/云,3.15%,1,9
021048,景顺长城养老2035三年持有混合(FOF)Y,FOF-均衡型,00700,腾讯控股,广义离岸中国AI,中国离岸AI平台/云,0.62%,1,1
021049,易方达高股息量化选股股票发起式A,股票型,00700,腾讯控股,广义离岸中国AI,中国离岸AI平台/云,2.36%,1,5
021050,易方达高股息量化选股股票发起式C,股票型,00700,腾讯控股,广义离岸中国AI,中国离岸AI平台/云,2.36%,1,5
021092,广发中证港股通互联网ETF发起式联接A,指数型-股票,00700,腾讯控股,广义离岸中国AI,中国离岸AI平台/云,0.71%,1,1
021092,广发中证港股通互联网ETF发起式联接A,指数型-股票,01810,小米集团-W,广义离岸中国AI,中国离岸AI终端/汽车,0.61%,1,2
021092,广发中证港股通互联网ETF发起式联接A,指数型-股票,09988,阿里巴巴-W,广义离岸中国AI,中国离岸AI平台/云,0.60%,1,3
021092,广发中证港股通互联网ETF发起式联接A,指数型-股票,00020,商汤-W,广义离岸中国AI,中国离岸AI软件,0.17%,1,6
021093,广发中证港股通互联网ETF发起式联接C,指数型-股票,00700,腾讯控股,广义离岸中国AI,中国离岸AI平台/云,0.71%,1,1
021093,广发中证港股通互联网ETF发起式联接C,指数型-股票,01810,小米集团-W,广义离岸中国AI,中国离岸AI终端/汽车,0.61%,1,2
021093,广发中证港股通互联网ETF发起式联接C,指数型-股票,09988,阿里巴巴-W,广义离岸中国AI,中国离岸AI平台/云,0.60%,1,3
021093,广发中证港股通互联网ETF发起式联接C,指数型-股票,00020,商汤-W,广义离岸中国AI,中国离岸AI软件,0.17%,1,6
021121,中欧盈选稳健6个月持有混合发起(FOF)D,FOF-稳健型,09988,阿里巴巴-W,广义离岸中国AI,中国离岸AI平台/云,0.29%,1,5
021122,中欧盈选稳健6个月持有混合发起(FOF)E,FOF-稳健型,09988,阿里巴巴-W,广义离岸中国AI,中国离岸AI平台/云,0.29%,1,5
021145,银华甄选价值成长混合A,混合型-偏股,03896,金山云,广义离岸中国AI,中国离岸云计算,4.52%,1,4
021146,银华甄选价值成长混合C,混合型-偏股,03896,金山云,广义离岸中国AI,中国离岸云计算,4.52%,1,4
021202,汇添富均衡回报混合发起式A,混合型-偏股,00700,腾讯控股,广义离岸中国AI,中国离岸AI平台/云,6.81%,1,2
021203,汇添富均衡回报混合发起式C,混合型-偏股,00700,腾讯控股,广义离岸中国AI,中国离岸AI平台/云,6.81%,1,2
021219,平安价值精选混合A,混合型-偏股,09988,阿里巴巴-W,广义离岸中国AI,中国离岸AI平台/云,3.27%,1,9
021227,平安价值精选混合C,混合型-偏股,09988,阿里巴巴-W,广义离岸中国AI,中国离岸AI平台/云,3.27%,1,9
021271,华泰紫金远见回报12个月持有混合A,混合型-偏股,00700,腾讯控股,广义离岸中国AI,中国离岸AI平台/云,3.92%,1,4
021272,华泰紫金远见回报12个月持有混合C,混合型-偏股,00700,腾讯控股,广义离岸中国AI,中国离岸AI平台/云,3.92%,1,4
021277,广发全球精选股票(QDII)人民币C,QDII-普通股票,ASML,阿斯麦,狭义海外AI,半导体设备,5.21%,1,1
021277,广发全球精选股票(QDII)人民币C,QDII-普通股票,GOOG,谷歌-C,狭义海外AI,AI云/大模型,4.94%,1,3
021277,广发全球精选股票(QDII)人民币C,QDII-普通股票,NVDA,英伟达,狭义海外AI,核心算力-GPU,4.47%,1,4
021277,广发全球精选股票(QDII)人民币C,QDII-普通股票,AMZN,亚马逊,狭义海外AI,AI云,4.02%,1,6
021277,广发全球精选股票(QDII)人民币C,QDII-普通股票,LRCX,拉姆研究,狭义海外AI,半导体设备,4.01%,1,7
021277,广发全球精选股票(QDII)人民币C,QDII-普通股票,SNDK,闪迪,扩展海外AI,AI存储,3.54%,1,8
021277,广发全球精选股票(QDII)人民币C,QDII-普通股票,AVGO,博通,狭义海外AI,AI网络/ASIC,3.27%,1,9
021277,广发全球精选股票(QDII)人民币C,QDII-普通股票,MU,美光科技,狭义海外AI,AI存储/HBM,3.26%,1,10
021277,广发全球精选股票(QDII)人民币C,QDII-普通股票,GOOGL,谷歌-A,狭义海外AI,AI云/大模型,0.02%,1,11
021305,中欧品质精选混合A,混合型-偏股,00700,腾讯控股,广义离岸中国AI,中国离岸AI平台/云,5.33%,1,5
021305,中欧品质精选混合A,混合型-偏股,09988,阿里巴巴-W,广义离岸中国AI,中国离岸AI平台/云,3.86%,1,10
021306,中欧品质精选混合C,混合型-偏股,00700,腾讯控股,广义离岸中国AI,中国离岸AI平台/云,5.33%,1,5
021306,中欧品质精选混合C,混合型-偏股,09988,阿里巴巴-W,广义离岸中国AI,中国离岸AI平台/云,3.86%,1,10
021313,景顺长城沪港深精选股票C,股票型,00700,腾讯控股,广义离岸中国AI,中国离岸AI平台/云,4.98%,1,7
021345,永赢汇享债券A,债券型-混合二级,00700,腾讯控股,广义离岸中国AI,中国离岸AI平台/云,0.22%,1,5
021346,永赢汇享债券C,债券型-混合二级,00700,腾讯控股,广义离岸中国AI,中国离岸AI平台/云,0.22%,1,5
021360,国投瑞银和兴债券A,债券型-混合二级,00700,腾讯控股,广义离岸中国AI,中国离岸AI平台/云,0.75%,1,3
021361,国投瑞银和兴债券C,债券型-混合二级,00700,腾讯控股,广义离岸中国AI,中国离岸AI平台/云,0.75%,1,3
021372,天弘价值驱动混合A,混合型-偏股,00700,腾讯控股,广义离岸中国AI,中国离岸AI平台/云,4.19%,1,9
021373,天弘价值驱动混合C,混合型-偏股,00700,腾讯控股,广义离岸中国AI,中国离岸AI平台/云,4.19%,1,9
021377,兴业中证港股通互联网ETF联接A,指数型-股票,09988,阿里巴巴-W,广义离岸中国AI,中国离岸AI平台/云,14.17%,2,11
021377,兴业中证港股通互联网ETF联接A,指数型-股票,00700,腾讯控股,广义离岸中国AI,中国离岸AI平台/云,13.67%,2,2
021377,兴业中证港股通互联网ETF联接A,指数型-股票,01810,小米集团-W,广义离岸中国AI,中国离岸AI终端/汽车,12.82%,2,13
021377,兴业中证港股通互联网ETF联接A,指数型-股票,00020,商汤-W,广义离岸中国AI,中国离岸AI软件,3.79%,2,16
021378,兴业中证港股通互联网ETF联接C,指数型-股票,09988,阿里巴巴-W,广义离岸中国AI,中国离岸AI平台/云,14.17%,2,11
021378,兴业中证港股通互联网ETF联接C,指数型-股票,00700,腾讯控股,广义离岸中国AI,中国离岸AI平台/云,13.67%,2,2
021378,兴业中证港股通互联网ETF联接C,指数型-股票,01810,小米集团-W,广义离岸中国AI,中国离岸AI终端/汽车,12.82%,2,13
021378,兴业中证港股通互联网ETF联接C,指数型-股票,00020,商汤-W,广义离岸中国AI,中国离岸AI软件,3.79%,2,16
021427,国泰优质精选混合A,混合型-偏股,00700,腾讯控股,广义离岸中国AI,中国离岸AI平台/云,8.99%,1,3
021428,国泰优质精选混合C,混合型-偏股,00700,腾讯控股,广义离岸中国AI,中国离岸AI平台/云,8.99%,1,3
021448,华宝成长策略混合C,混合型-偏股,00700,腾讯控股,广义离岸中国AI,中国离岸AI平台/云,4.03%,1,6
021476,银河ESG主题混合发起式A,混合型-偏股,00700,腾讯控股,广义离岸中国AI,中国离岸AI平台/云,6.65%,1,1
021476,银河ESG主题混合发起式A,混合型-偏股,09988,阿里巴巴-W,广义离岸中国AI,中国离岸AI平台/云,6.09%,1,2
021476,银河ESG主题混合发起式A,混合型-偏股,01347,华虹半导体,广义离岸中国AI,中国离岸半导体制造,3.56%,1,8
021476,银河ESG主题混合发起式A,混合型-偏股,00981,中芯国际,广义离岸中国AI,中国离岸半导体制造,3.49%,1,10
021477,银河ESG主题混合发起式C,混合型-偏股,00700,腾讯控股,广义离岸中国AI,中国离岸AI平台/云,6.65%,1,1
021477,银河ESG主题混合发起式C,混合型-偏股,09988,阿里巴巴-W,广义离岸中国AI,中国离岸AI平台/云,6.09%,1,2
021477,银河ESG主题混合发起式C,混合型-偏股,01347,华虹半导体,广义离岸中国AI,中国离岸半导体制造,3.56%,1,8
021477,银河ESG主题混合发起式C,混合型-偏股,00981,中芯国际,广义离岸中国AI,中国离岸半导体制造,3.49%,1,10
021501,信澳科技驱动混合A,混合型-偏股,01810,小米集团-W,广义离岸中国AI,中国离岸AI终端/汽车,9.60%,1,1
021502,信澳科技驱动混合C,混合型-偏股,01810,小米集团-W,广义离岸中国AI,中国离岸AI终端/汽车,9.60%,1,1
021510,宏利半导体产业混合发起A,混合型-偏股,00981,中芯国际,广义离岸中国AI,中国离岸半导体制造,2.78%,1,11
021511,宏利半导体产业混合发起C,混合型-偏股,00981,中芯国际,广义离岸中国AI,中国离岸半导体制造,2.78%,1,11
021513,富国港股通红利精选混合A,混合型-偏股,00700,腾讯控股,广义离岸中国AI,中国离岸AI平台/云,2.86%,1,6
021514,富国港股通红利精选混合C,混合型-偏股,00700,腾讯控股,广义离岸中国AI,中国离岸AI平台/云,2.86%,1,6
021517,兴华兴利债券A,债券型-混合二级,09988,阿里巴巴-W,广义离岸中国AI,中国离岸AI平台/云,1.88%,1,4
021517,兴华兴利债券A,债券型-混合二级,00981,中芯国际,广义离岸中国AI,中国离岸半导体制造,1.66%,1,7
021518,兴华兴利债券C,债券型-混合二级,09988,阿里巴巴-W,广义离岸中国AI,中国离岸AI平台/云,1.88%,1,4
021518,兴华兴利债券C,债券型-混合二级,00981,中芯国际,广义离岸中国AI,中国离岸半导体制造,1.66%,1,7
021524,天弘匠心臻选混合发起A,混合型-偏股,00700,腾讯控股,广义离岸中国AI,中国离岸AI平台/云,3.51%,1,8
021525,天弘匠心臻选混合发起C,混合型-偏股,00700,腾讯控股,广义离岸中国AI,中国离岸AI平台/云,3.51%,1,8
021548,富国稳健双鑫债券A,债券型-混合二级,00700,腾讯控股,广义离岸中国AI,中国离岸AI平台/云,0.41%,1,2
021549,富国稳健双鑫债券C,债券型-混合二级,00700,腾讯控股,广义离岸中国AI,中国离岸AI平台/云,0.41%,1,2
021554,兴业恒悦180天持有期债券A,债券型-混合二级,00700,腾讯控股,广义离岸中国AI,中国离岸AI平台/云,0.18%,1,5
021555,兴业恒悦180天持有期债券C,债券型-混合二级,00700,腾讯控股,广义离岸中国AI,中国离岸AI平台/云,0.18%,1,5
021590,兴全竞争优势混合A,混合型-偏股,00700,腾讯控股,广义离岸中国AI,中国离岸AI平台/云,6.92%,1,6
021590,兴全竞争优势混合A,混合型-偏股,09988,阿里巴巴-W,广义离岸中国AI,中国离岸AI平台/云,3.73%,1,10
021591,兴全竞争优势混合C,混合型-偏股,00700,腾讯控股,广义离岸中国AI,中国离岸AI平台/云,6.92%,1,6
021591,兴全竞争优势混合C,混合型-偏股,09988,阿里巴巴-W,广义离岸中国AI,中国离岸AI平台/云,3.73%,1,10
021596,天弘稳健回报债券发起E,债券型-混合二级,01347,华虹半导体,广义离岸中国AI,中国离岸半导体制造,0.31%,1,10
021605,富国消费精选30股票C,股票型,00700,腾讯控股,广义离岸中国AI,中国离岸AI平台/云,4.13%,1,8
021647,东方红动力领航混合A,混合型-偏股,00700,腾讯控股,广义离岸中国AI,中国离岸AI平台/云,7.46%,1,2
021647,东方红动力领航混合A,混合型-偏股,09988,阿里巴巴-W,广义离岸中国AI,中国离岸AI平台/云,5.68%,1,4
021648,东方红动力领航混合C,混合型-偏股,00700,腾讯控股,广义离岸中国AI,中国离岸AI平台/云,7.46%,1,2
021648,东方红动力领航混合C,混合型-偏股,09988,阿里巴巴-W,广义离岸中国AI,中国离岸AI平台/云,5.68%,1,4
021655,海富通量化选股混合A,混合型-偏股,00981,中芯国际,广义离岸中国AI,中国离岸半导体制造,0.19%,1,11
021656,海富通量化选股混合C,混合型-偏股,00981,中芯国际,广义离岸中国AI,中国离岸半导体制造,0.19%,1,11
021658,华安恒生生物科技指数发起式(QDII)A,指数型-海外股票,02228,晶泰控股,广义离岸中国AI,中国离岸AI制药,2.91%,1,10
021659,华安恒生生物科技指数发起式(QDII)C,指数型-海外股票,02228,晶泰控股,广义离岸中国AI,中国离岸AI制药,2.91%,1,10
021662,国富亚洲机会股票(QDII)C,QDII-普通股票,2330,台积电,狭义海外AI,先进制程代工,5.48%,1,1
021662,国富亚洲机会股票(QDII)C,QDII-普通股票,005930,三星电子,扩展海外AI,半导体/存储,5.28%,1,2
021662,国富亚洲机会股票(QDII)C,QDII-普通股票,09988,阿里巴巴-W,广义离岸中国AI,中国离岸AI平台/云,5.03%,1,3
021662,国富亚洲机会股票(QDII)C,QDII-普通股票,TSM,台积电,狭义海外AI,先进制程代工,4.89%,1,4
021662,国富亚洲机会股票(QDII)C,QDII-普通股票,000660,SK海力士,狭义海外AI,AI存储/HBM,4.32%,1,5
021662,国富亚洲机会股票(QDII)C,QDII-普通股票,2454,联发科,扩展海外AI,边缘AI芯片,2.94%,1,7
021662,国富亚洲机会股票(QDII)C,QDII-普通股票,2308,台达电,扩展海外AI,数据中心电源,2.86%,1,8
021699,汇添富远见成长混合发起式A,混合型-偏股,00981,中芯国际,广义离岸中国AI,中国离岸半导体制造,9.12%,1,3
021699,汇添富远见成长混合发起式A,混合型-偏股,01347,华虹半导体,广义离岸中国AI,中国离岸半导体制造,8.38%,1,4
021700,汇添富远见成长混合发起式C,混合型-偏股,00981,中芯国际,广义离岸中国AI,中国离岸半导体制造,9.12%,1,3
021700,汇添富远见成长混合发起式C,混合型-偏股,01347,华虹半导体,广义离岸中国AI,中国离岸半导体制造,8.38%,1,4
021710,华泰柏瑞港股通量化混合C,混合型-灵活,09988,阿里巴巴-W,广义离岸中国AI,中国离岸AI平台/云,5.73%,1,1
021710,华泰柏瑞港股通量化混合C,混合型-灵活,00700,腾讯控股,广义离岸中国AI,中国离岸AI平台/云,5.34%,1,2
021734,国富基本面优选混合C,混合型-偏股,00700,腾讯控股,广义离岸中国AI,中国离岸AI平台/云,6.79%,1,4
021746,南方悦享稳健添利债券A,债券型-混合二级,00700,腾讯控股,广义离岸中国AI,中国离岸AI平台/云,1.21%,1,2
021747,南方悦享稳健添利债券C,债券型-混合二级,00700,腾讯控股,广义离岸中国AI,中国离岸AI平台/云,1.21%,1,2
021755,中欧价值品质混合发起A,混合型-偏股,00700,腾讯控股,广义离岸中国AI,中国离岸AI平台/云,9.06%,1,2
021755,中欧价值品质混合发起A,混合型-偏股,01347,华虹半导体,广义离岸中国AI,中国离岸半导体制造,6.69%,1,8
021756,中欧价值品质混合发起C,混合型-偏股,00700,腾讯控股,广义离岸中国AI,中国离岸AI平台/云,9.06%,1,2
021756,中欧价值品质混合发起C,混合型-偏股,01347,华虹半导体,广义离岸中国AI,中国离岸半导体制造,6.69%,1,8
021759,中欧中证港股通创新药指数发起A,指数型-股票,02228,晶泰控股,广义离岸中国AI,中国离岸AI制药,2.80%,1,10
021760,中欧中证港股通创新药指数发起C,指数型-股票,02228,晶泰控股,广义离岸中国AI,中国离岸AI制药,2.80%,1,10
021842,国富全球科技互联混合(QDII)人民币C,QDII-混合偏股,MU,美光科技,狭义海外AI,AI存储/HBM,7.69%,1,1
021842,国富全球科技互联混合(QDII)人民币C,QDII-混合偏股,TSM,台积电,狭义海外AI,先进制程代工,7.03%,1,2
021842,国富全球科技互联混合(QDII)人民币C,QDII-混合偏股,LRCX,拉姆研究,狭义海外AI,半导体设备,7.02%,1,3
021842,国富全球科技互联混合(QDII)人民币C,QDII-混合偏股,GLW,康宁,扩展海外AI,光纤/材料,6.79%,1,4
021842,国富全球科技互联混合(QDII)人民币C,QDII-混合偏股,GOOG,谷歌-C,狭义海外AI,AI云/大模型,6.49%,1,5
021842,国富全球科技互联混合(QDII)人民币C,QDII-混合偏股,NVDA,英伟达,狭义海外AI,核心算力-GPU,5.86%,1,6
021842,国富全球科技互联混合(QDII)人民币C,QDII-混合偏股,INTC,英特尔,扩展海外AI,半导体,3.16%,1,10
021843,国富全球科技互联混合(QDII)美元现汇C,QDII-混合偏股,MU,美光科技,狭义海外AI,AI存储/HBM,7.69%,1,1
021843,国富全球科技互联混合(QDII)美元现汇C,QDII-混合偏股,TSM,台积电,狭义海外AI,先进制程代工,7.03%,1,2
021843,国富全球科技互联混合(QDII)美元现汇C,QDII-混合偏股,LRCX,拉姆研究,狭义海外AI,半导体设备,7.02%,1,3
021843,国富全球科技互联混合(QDII)美元现汇C,QDII-混合偏股,GLW,康宁,扩展海外AI,光纤/材料,6.79%,1,4
021843,国富全球科技互联混合(QDII)美元现汇C,QDII-混合偏股,GOOG,谷歌-C,狭义海外AI,AI云/大模型,6.49%,1,5
021843,国富全球科技互联混合(QDII)美元现汇C,QDII-混合偏股,NVDA,英伟达,狭义海外AI,核心算力-GPU,5.86%,1,6
021843,国富全球科技互联混合(QDII)美元现汇C,QDII-混合偏股,INTC,英特尔,扩展海外AI,半导体,3.16%,1,10
021891,融通中证港股通科技指数A,指数型-股票,00700,腾讯控股,广义离岸中国AI,中国离岸AI平台/云,8.68%,1,3
021891,融通中证港股通科技指数A,指数型-股票,09988,阿里巴巴-W,广义离岸中国AI,中国离岸AI平台/云,8.32%,1,4
021891,融通中证港股通科技指数A,指数型-股票,01810,小米集团-W,广义离岸中国AI,中国离岸AI终端/汽车,8.00%,1,5
021891,融通中证港股通科技指数A,指数型-股票,00981,中芯国际,广义离岸中国AI,中国离岸半导体制造,5.75%,1,6
021892,融通中证港股通科技指数C,指数型-股票,00700,腾讯控股,广义离岸中国AI,中国离岸AI平台/云,8.68%,1,3
021892,融通中证港股通科技指数C,指数型-股票,09988,阿里巴巴-W,广义离岸中国AI,中国离岸AI平台/云,8.32%,1,4
021892,融通中证港股通科技指数C,指数型-股票,01810,小米集团-W,广义离岸中国AI,中国离岸AI终端/汽车,8.00%,1,5
021892,融通中证港股通科技指数C,指数型-股票,00981,中芯国际,广义离岸中国AI,中国离岸半导体制造,5.75%,1,6
021918,永赢港股通品质生活慧选混合C,混合型-偏股,00700,腾讯控股,广义离岸中国AI,中国离岸AI平台/云,4.60%,1,8
021937,华安半导体产业股票发起式A,股票型,01347,华虹半导体,广义离岸中国AI,中国离岸半导体制造,3.89%,1,9
021938,华安半导体产业股票发起式C,股票型,01347,华虹半导体,广义离岸中国AI,中国离岸半导体制造,3.89%,1,9
021981,安联中国精选混合A,混合型-偏股,03896,金山云,广义离岸中国AI,中国离岸云计算,3.11%,1,9
021982,安联中国精选混合C,混合型-偏股,03896,金山云,广义离岸中国AI,中国离岸云计算,3.11%,1,9
022016,华泰柏瑞集利债券A,债券型-混合二级,00981,中芯国际,广义离岸中国AI,中国离岸半导体制造,0.30%,1,7
022017,华泰柏瑞集利债券C,债券型-混合二级,00981,中芯国际,广义离岸中国AI,中国离岸半导体制造,0.30%,1,7
022038,兴银数字经济智选混合发起A,混合型-偏股,09988,阿里巴巴-W,广义离岸中国AI,中国离岸AI平台/云,4.09%,1,6
022039,兴银数字经济智选混合发起C,混合型-偏股,09988,阿里巴巴-W,广义离岸中国AI,中国离岸AI平台/云,4.09%,1,6
022044,招商安宁债券A,债券型-混合二级,09988,阿里巴巴-W,广义离岸中国AI,中国离岸AI平台/云,1.24%,1,5
022045,招商安宁债券C,债券型-混合二级,09988,阿里巴巴-W,广义离岸中国AI,中国离岸AI平台/云,1.24%,1,5
022046,广发养老目标2060五年持有混合发起式(FOF)Y,FOF-进取型,00700,腾讯控股,广义离岸中国AI,中国离岸AI平台/云,1.53%,1,2
022121,国泰海通中证香港科技指数发起(QDII)A,指数型-海外股票,00700,腾讯控股,广义离岸中国AI,中国离岸AI平台/云,9.19%,1,2
022121,国泰海通中证香港科技指数发起(QDII)A,指数型-海外股票,09988,阿里巴巴-W,广义离岸中国AI,中国离岸AI平台/云,8.89%,1,3
022121,国泰海通中证香港科技指数发起(QDII)A,指数型-海外股票,01810,小米集团-W,广义离岸中国AI,中国离岸AI终端/汽车,8.57%,1,4
022121,国泰海通中证香港科技指数发起(QDII)A,指数型-海外股票,00981,中芯国际,广义离岸中国AI,中国离岸半导体制造,4.33%,1,7
022121,国泰海通中证香港科技指数发起(QDII)A,指数型-海外股票,09888,百度集团-SW,广义离岸中国AI,中国离岸AI/自动驾驶/云,3.83%,1,9
022122,国泰海通中证香港科技指数发起(QDII)C,指数型-海外股票,00700,腾讯控股,广义离岸中国AI,中国离岸AI平台/云,9.19%,1,2
022122,国泰海通中证香港科技指数发起(QDII)C,指数型-海外股票,09988,阿里巴巴-W,广义离岸中国AI,中国离岸AI平台/云,8.89%,1,3
022122,国泰海通中证香港科技指数发起(QDII)C,指数型-海外股票,01810,小米集团-W,广义离岸中国AI,中国离岸AI终端/汽车,8.57%,1,4
022122,国泰海通中证香港科技指数发起(QDII)C,指数型-海外股票,00981,中芯国际,广义离岸中国AI,中国离岸半导体制造,4.33%,1,7
022122,国泰海通中证香港科技指数发起(QDII)C,指数型-海外股票,09888,百度集团-SW,广义离岸中国AI,中国离岸AI/自动驾驶/云,3.83%,1,9
022124,国寿安保策略精选混合C,混合型-偏股,00700,腾讯控股,广义离岸中国AI,中国离岸AI平台/云,8.45%,1,7
022168,富国洞见价值股票E,股票型,00981,中芯国际,广义离岸中国AI,中国离岸半导体制造,4.79%,1,4
022170,富国全球消费精选混合(QDII)人民币E,QDII-混合偏股,00700,腾讯控股,广义离岸中国AI,中国离岸AI平台/云,4.21%,1,3
022170,富国全球消费精选混合(QDII)人民币E,QDII-混合偏股,GOOGL,谷歌-A,狭义海外AI,AI云/大模型,3.58%,1,5
022173,海富通沪港深混合C,混合型-灵活,09988,阿里巴巴-W,广义离岸中国AI,中国离岸AI平台/云,8.60%,1,1
022173,海富通沪港深混合C,混合型-灵活,00700,腾讯控股,广义离岸中国AI,中国离岸AI平台/云,2.00%,1,9
022174,海富通沪港深混合D,混合型-灵活,09988,阿里巴巴-W,广义离岸中国AI,中国离岸AI平台/云,8.60%,1,1
022174,海富通沪港深混合D,混合型-灵活,00700,腾讯控股,广义离岸中国AI,中国离岸AI平台/云,2.00%,1,9
022182,招商智星稳健配置混合(FOF-LOF)D,FOF-稳健型,00700,腾讯控股,广义离岸中国AI,中国离岸AI平台/云,0.31%,1,1
022184,富国全球科技互联网股票(QDII)C,QDII-普通股票,TSM,台积电,狭义海外AI,先进制程代工,10.06%,1,1
022184,富国全球科技互联网股票(QDII)C,QDII-普通股票,NVDA,英伟达,狭义海外AI,核心算力-GPU,9.80%,1,2
022184,富国全球科技互联网股票(QDII)C,QDII-普通股票,GOOGL,谷歌-A,狭义海外AI,AI云/大模型,8.56%,1,3
022184,富国全球科技互联网股票(QDII)C,QDII-普通股票,AMD,超威半导体,狭义海外AI,核心算力-GPU,7.40%,1,5
022184,富国全球科技互联网股票(QDII)C,QDII-普通股票,000660,SK海力士,狭义海外AI,AI存储/HBM,4.11%,1,7
022184,富国全球科技互联网股票(QDII)C,QDII-普通股票,INTC,英特尔,扩展海外AI,半导体,3.66%,1,8
022184,富国全球科技互联网股票(QDII)C,QDII-普通股票,ASML,阿斯麦,狭义海外AI,半导体设备,3.58%,1,9
022184,富国全球科技互联网股票(QDII)C,QDII-普通股票,005930,三星电子,扩展海外AI,半导体/存储,3.33%,1,10
022204,永赢中证A50指数增强发起A,指数型-股票,00700,腾讯控股,广义离岸中国AI,中国离岸AI平台/云,2.04%,1,12
022204,永赢中证A50指数增强发起A,指数型-股票,00981,中芯国际,广义离岸中国AI,中国离岸半导体制造,1.72%,1,15
022205,永赢中证A50指数增强发起C,指数型-股票,00700,腾讯控股,广义离岸中国AI,中国离岸AI平台/云,2.04%,1,12
022205,永赢中证A50指数增强发起C,指数型-股票,00981,中芯国际,广义离岸中国AI,中国离岸半导体制造,1.72%,1,15
022223,泉果消费机遇混合发起式A,混合型-偏股,00700,腾讯控股,广义离岸中国AI,中国离岸AI平台/云,4.80%,1,3
022332,广发同远回报混合A,混合型-偏股,00700,腾讯控股,广义离岸中国AI,中国离岸AI平台/云,3.10%,1,3
022333,广发同远回报混合C,混合型-偏股,00700,腾讯控股,广义离岸中国AI,中国离岸AI平台/云,3.10%,1,3
022334,广发产业甄选混合A,混合型-偏股,00981,中芯国际,广义离岸中国AI,中国离岸半导体制造,4.17%,1,9
022335,广发产业甄选混合C,混合型-偏股,00981,中芯国际,广义离岸中国AI,中国离岸半导体制造,4.17%,1,9
022358,民生加银龙头优选股票C,股票型,00700,腾讯控股,广义离岸中国AI,中国离岸AI平台/云,7.51%,1,5
022508,泉果消费机遇混合发起式C,混合型-偏股,00700,腾讯控股,广义离岸中国AI,中国离岸AI平台/云,4.80%,1,3
022525,天弘纳斯达克100指数发起(QDII)D,指数型-海外股票,NVDA,英伟达,狭义海外AI,核心算力-GPU,7.75%,1,1
022525,天弘纳斯达克100指数发起(QDII)D,指数型-海外股票,MSFT,微软,狭义海外AI,AI云/软件,5.02%,1,3
022525,天弘纳斯达克100指数发起(QDII)D,指数型-海外股票,AMZN,亚马逊,狭义海外AI,AI云,4.09%,1,4
022525,天弘纳斯达克100指数发起(QDII)D,指数型-海外股票,META,Meta Platforms Inc-A,狭义海外AI,AI平台,3.08%,1,6
022525,天弘纳斯达克100指数发起(QDII)D,指数型-海外股票,GOOGL,谷歌-A,狭义海外AI,AI云/大模型,3.06%,1,8
022525,天弘纳斯达克100指数发起(QDII)D,指数型-海外股票,GOOG,谷歌-C,狭义海外AI,AI云/大模型,2.85%,1,9
022525,天弘纳斯达克100指数发起(QDII)D,指数型-海外股票,AVGO,博通,狭义海外AI,AI网络/ASIC,2.68%,1,10
022550,平安瑞利6个月持有混合A,混合型-偏债,00700,腾讯控股,广义离岸中国AI,中国离岸AI平台/云,0.51%,1,1
022551,平安瑞利6个月持有混合C,混合型-偏债,00700,腾讯控股,广义离岸中国AI,中国离岸AI平台/云,0.51%,1,1
022570,东方红景瑞精选混合A,混合型-偏债,00700,腾讯控股,广义离岸中国AI,中国离岸AI平台/云,0.89%,1,1
022571,东方红景瑞精选混合C,混合型-偏债,00700,腾讯控股,广义离岸中国AI,中国离岸AI平台/云,0.89%,1,1
022590,中信保诚幸福消费混合C,混合型-偏股,00700,腾讯控股,广义离岸中国AI,中国离岸AI平台/云,4.82%,1,2
022590,中信保诚幸福消费混合C,混合型-偏股,09988,阿里巴巴-W,广义离岸中国AI,中国离岸AI平台/云,3.71%,1,6
022672,平安产业竞争力混合C,混合型-偏股,00981,中芯国际,广义离岸中国AI,中国离岸半导体制造,6.99%,1,5
022673,平安产业竞争力混合A,混合型-偏股,00981,中芯国际,广义离岸中国AI,中国离岸半导体制造,6.99%,1,5
022674,中欧中证A500指数增强A,指数型-股票,00700,腾讯控股,广义离岸中国AI,中国离岸AI平台/云,2.04%,1,11
022675,中欧中证A500指数增强C,指数型-股票,00700,腾讯控股,广义离岸中国AI,中国离岸AI平台/云,2.04%,1,11
022682,平安盈弘6个月持有债券(FOF)A,FOF-稳健型,00981,中芯国际,广义离岸中国AI,中国离岸半导体制造,0.25%,1,2
022682,平安盈弘6个月持有债券(FOF)A,FOF-稳健型,09988,阿里巴巴-W,广义离岸中国AI,中国离岸AI平台/云,0.21%,1,3
022682,平安盈弘6个月持有债券(FOF)A,FOF-稳健型,00700,腾讯控股,广义离岸中国AI,中国离岸AI平台/云,0.20%,1,6
022682,平安盈弘6个月持有债券(FOF)A,FOF-稳健型,01810,小米集团-W,广义离岸中国AI,中国离岸AI终端/汽车,0.16%,1,10
022683,平安盈弘6个月持有债券(FOF)C,FOF-稳健型,00981,中芯国际,广义离岸中国AI,中国离岸半导体制造,0.25%,1,2
022683,平安盈弘6个月持有债券(FOF)C,FOF-稳健型,09988,阿里巴巴-W,广义离岸中国AI,中国离岸AI平台/云,0.21%,1,3
022683,平安盈弘6个月持有债券(FOF)C,FOF-稳健型,00700,腾讯控股,广义离岸中国AI,中国离岸AI平台/云,0.20%,1,6
022683,平安盈弘6个月持有债券(FOF)C,FOF-稳健型,01810,小米集团-W,广义离岸中国AI,中国离岸AI终端/汽车,0.16%,1,10
022700,睿远港股通核心价值混合A,混合型-偏股,00700,腾讯控股,广义离岸中国AI,中国离岸AI平台/云,9.00%,1,4
022700,睿远港股通核心价值混合A,混合型-偏股,09988,阿里巴巴-W,广义离岸中国AI,中国离岸AI平台/云,4.67%,1,8
022701,睿远港股通核心价值混合C,混合型-偏股,00700,腾讯控股,广义离岸中国AI,中国离岸AI平台/云,9.00%,1,4
022701,睿远港股通核心价值混合C,混合型-偏股,09988,阿里巴巴-W,广义离岸中国AI,中国离岸AI平台/云,4.67%,1,8
022704,银河科技成长混合发起式A,混合型-偏股,01347,华虹半导体,广义离岸中国AI,中国离岸半导体制造,4.19%,1,10
022705,银河科技成长混合发起式C,混合型-偏股,01347,华虹半导体,广义离岸中国AI,中国离岸半导体制造,4.19%,1,10
022834,鹏华中证沪港深科技龙头指数(LOF)I,指数型-股票,00700,腾讯控股,广义离岸中国AI,中国离岸AI平台/云,8.40%,1,1
022834,鹏华中证沪港深科技龙头指数(LOF)I,指数型-股票,09988,阿里巴巴-W,广义离岸中国AI,中国离岸AI平台/云,8.19%,1,2
022834,鹏华中证沪港深科技龙头指数(LOF)I,指数型-股票,01810,小米集团-W,广义离岸中国AI,中国离岸AI终端/汽车,5.87%,1,4
022834,鹏华中证沪港深科技龙头指数(LOF)I,指数型-股票,00981,中芯国际,广义离岸中国AI,中国离岸半导体制造,3.23%,1,9
022914,易方达沪深300精选增强Y,指数型-股票,09988,阿里巴巴-W,广义离岸中国AI,中国离岸AI平台/云,3.95%,1,5
022914,易方达沪深300精选增强Y,指数型-股票,00981,中芯国际,广义离岸中国AI,中国离岸半导体制造,1.37%,1,13
023005,广发养老目标2055五年持有混合发起式(FOF),FOF-均衡型,09988,阿里巴巴-W,广义离岸中国AI,中国离岸AI平台/云,0.92%,1,3
023005,广发养老目标2055五年持有混合发起式(FOF),FOF-均衡型,00700,腾讯控股,广义离岸中国AI,中国离岸AI平台/云,0.71%,1,4
023034,中欧恒生科技指数发起(QDII)A,指数型-海外股票,01810,小米集团-W,广义离岸中国AI,中国离岸AI终端/汽车,7.71%,1,3
023034,中欧恒生科技指数发起(QDII)A,指数型-海外股票,00700,腾讯控股,广义离岸中国AI,中国离岸AI平台/云,7.34%,1,4
023034,中欧恒生科技指数发起(QDII)A,指数型-海外股票,09988,阿里巴巴-W,广义离岸中国AI,中国离岸AI平台/云,6.83%,1,5
023034,中欧恒生科技指数发起(QDII)A,指数型-海外股票,00981,中芯国际,广义离岸中国AI,中国离岸半导体制造,6.05%,1,7
023034,中欧恒生科技指数发起(QDII)A,指数型-海外股票,09888,百度集团-SW,广义离岸中国AI,中国离岸AI/自动驾驶/云,3.64%,1,10
023035,中欧恒生科技指数发起(QDII)C,指数型-海外股票,01810,小米集团-W,广义离岸中国AI,中国离岸AI终端/汽车,7.71%,1,3
023035,中欧恒生科技指数发起(QDII)C,指数型-海外股票,00700,腾讯控股,广义离岸中国AI,中国离岸AI平台/云,7.34%,1,4
023035,中欧恒生科技指数发起(QDII)C,指数型-海外股票,09988,阿里巴巴-W,广义离岸中国AI,中国离岸AI平台/云,6.83%,1,5
023035,中欧恒生科技指数发起(QDII)C,指数型-海外股票,00981,中芯国际,广义离岸中国AI,中国离岸半导体制造,6.05%,1,7
023035,中欧恒生科技指数发起(QDII)C,指数型-海外股票,09888,百度集团-SW,广义离岸中国AI,中国离岸AI/自动驾驶/云,3.64%,1,10
023040,中欧多利债券A,债券型-混合二级,00700,腾讯控股,广义离岸中国AI,中国离岸AI平台/云,0.46%,1,3
023040,中欧多利债券A,债券型-混合二级,09988,阿里巴巴-W,广义离岸中国AI,中国离岸AI平台/云,0.32%,1,4
023041,中欧多利债券C,债券型-混合二级,00700,腾讯控股,广义离岸中国AI,中国离岸AI平台/云,0.46%,1,3
023041,中欧多利债券C,债券型-混合二级,09988,阿里巴巴-W,广义离岸中国AI,中国离岸AI平台/云,0.32%,1,4
023044,太平科技先锋混合发起式A,混合型-偏股,01347,华虹半导体,广义离岸中国AI,中国离岸半导体制造,6.56%,1,2
023044,太平科技先锋混合发起式A,混合型-偏股,00981,中芯国际,广义离岸中国AI,中国离岸半导体制造,5.35%,1,9
023045,太平科技先锋混合发起式C,混合型-偏股,01347,华虹半导体,广义离岸中国AI,中国离岸半导体制造,6.56%,1,2
023045,太平科技先锋混合发起式C,混合型-偏股,00981,中芯国际,广义离岸中国AI,中国离岸半导体制造,5.35%,1,9
023049,南方宝顺混合E,混合型-偏债,00700,腾讯控股,广义离岸中国AI,中国离岸AI平台/云,0.62%,1,8
023063,国投瑞银和宜债券E,债券型-混合二级,00700,腾讯控股,广义离岸中国AI,中国离岸AI平台/云,0.37%,1,4
023081,南方致远混合E,混合型-偏债,00700,腾讯控股,广义离岸中国AI,中国离岸AI平台/云,0.47%,1,7
023094,安信中国制造混合C,混合型-灵活,00700,腾讯控股,广义离岸中国AI,中国离岸AI平台/云,6.42%,1,4
023102,招商和惠养老目标日期2045五年持有期混合发起式(FOF)Y,FOF-均衡型,00700,腾讯控股,广义离岸中国AI,中国离岸AI平台/云,0.41%,1,2
023176,中邮沪港深精选混合C,混合型-偏股,00700,腾讯控股,广义离岸中国AI,中国离岸AI平台/云,9.21%,1,1
023176,中邮沪港深精选混合C,混合型-偏股,09988,阿里巴巴-W,广义离岸中国AI,中国离岸AI平台/云,8.64%,1,2
023176,中邮沪港深精选混合C,混合型-偏股,00981,中芯国际,广义离岸中国AI,中国离岸半导体制造,7.61%,1,4
023176,中邮沪港深精选混合C,混合型-偏股,01810,小米集团-W,广义离岸中国AI,中国离岸AI终端/汽车,4.21%,1,6
023176,中邮沪港深精选混合C,混合型-偏股,01347,华虹半导体,广义离岸中国AI,中国离岸半导体制造,2.72%,1,9
023189,平安添润债券E,债券型-混合二级,00700,腾讯控股,广义离岸中国AI,中国离岸AI平台/云,0.76%,1,1
023189,平安添润债券E,债券型-混合二级,09988,阿里巴巴-W,广义离岸中国AI,中国离岸AI平台/云,0.52%,1,6
023193,景顺长城产业趋势混合C,混合型-偏股,00700,腾讯控股,广义离岸中国AI,中国离岸AI平台/云,5.84%,1,1
023193,景顺长城产业趋势混合C,混合型-偏股,09988,阿里巴巴-W,广义离岸中国AI,中国离岸AI平台/云,2.78%,1,10
023201,兴全中证沪港深500指数增强A,指数型-股票,09988,阿里巴巴-W,广义离岸中国AI,中国离岸AI平台/云,4.94%,1,1
023201,兴全中证沪港深500指数增强A,指数型-股票,00700,腾讯控股,广义离岸中国AI,中国离岸AI平台/云,4.90%,1,2
023202,兴全中证沪港深500指数增强C,指数型-股票,09988,阿里巴巴-W,广义离岸中国AI,中国离岸AI平台/云,4.94%,1,1
023202,兴全中证沪港深500指数增强C,指数型-股票,00700,腾讯控股,广义离岸中国AI,中国离岸AI平台/云,4.90%,1,2
023203,兴全中证沪港深300指数增强A,指数型-股票,00700,腾讯控股,广义离岸中国AI,中国离岸AI平台/云,3.59%,1,2
023203,兴全中证沪港深300指数增强A,指数型-股票,09988,阿里巴巴-W,广义离岸中国AI,中国离岸AI平台/云,2.60%,1,5
023204,兴全中证沪港深300指数增强C,指数型-股票,00700,腾讯控股,广义离岸中国AI,中国离岸AI平台/云,3.59%,1,2
023204,兴全中证沪港深300指数增强C,指数型-股票,09988,阿里巴巴-W,广义离岸中国AI,中国离岸AI平台/云,2.60%,1,5
023214,中泰双鑫6个月持有债券A,债券型-混合二级,09988,阿里巴巴-W,广义离岸中国AI,中国离岸AI平台/云,0.17%,1,9
023215,中泰双鑫6个月持有债券C,债券型-混合二级,09988,阿里巴巴-W,广义离岸中国AI,中国离岸AI平台/云,0.17%,1,9
023275,中银淳利三个月持有债券A,债券型-混合二级,09988,阿里巴巴-W,广义离岸中国AI,中国离岸AI平台/云,0.29%,1,2
023276,中银淳利三个月持有债券C,债券型-混合二级,09988,阿里巴巴-W,广义离岸中国AI,中国离岸AI平台/云,0.29%,1,2
023310,博时恒泰债券E,债券型-混合二级,00700,腾讯控股,广义离岸中国AI,中国离岸AI平台/云,1.21%,1,3
023363,鹏扬研究精选混合C,混合型-偏股,09988,阿里巴巴-W,广义离岸中国AI,中国离岸AI平台/云,3.07%,1,5
023363,鹏扬研究精选混合C,混合型-偏股,00700,腾讯控股,广义离岸中国AI,中国离岸AI平台/云,2.97%,1,10
023392,景顺长城稳健增益债券F,债券型-混合二级,00700,腾讯控股,广义离岸中国AI,中国离岸AI平台/云,0.93%,1,1
023392,景顺长城稳健增益债券F,债券型-混合二级,09988,阿里巴巴-W,广义离岸中国AI,中国离岸AI平台/云,0.40%,1,4
023392,景顺长城稳健增益债券F,债券型-混合二级,00981,中芯国际,广义离岸中国AI,中国离岸半导体制造,0.36%,1,8
023397,尚正研究睿选混合发起A,混合型-偏股,09988,阿里巴巴-W,广义离岸中国AI,中国离岸AI平台/云,5.24%,1,10
023398,尚正研究睿选混合发起C,混合型-偏股,09988,阿里巴巴-W,广义离岸中国AI,中国离岸AI平台/云,5.24%,1,10
023402,广发全球精选股票(QDII)人民币F,QDII-普通股票,ASML,阿斯麦,狭义海外AI,半导体设备,5.21%,1,1
023402,广发全球精选股票(QDII)人民币F,QDII-普通股票,GOOG,谷歌-C,狭义海外AI,AI云/大模型,4.94%,1,3
023402,广发全球精选股票(QDII)人民币F,QDII-普通股票,NVDA,英伟达,狭义海外AI,核心算力-GPU,4.47%,1,4
023402,广发全球精选股票(QDII)人民币F,QDII-普通股票,AMZN,亚马逊,狭义海外AI,AI云,4.02%,1,6
023402,广发全球精选股票(QDII)人民币F,QDII-普通股票,LRCX,拉姆研究,狭义海外AI,半导体设备,4.01%,1,7
023402,广发全球精选股票(QDII)人民币F,QDII-普通股票,SNDK,闪迪,扩展海外AI,AI存储,3.54%,1,8
023402,广发全球精选股票(QDII)人民币F,QDII-普通股票,AVGO,博通,狭义海外AI,AI网络/ASIC,3.27%,1,9
023402,广发全球精选股票(QDII)人民币F,QDII-普通股票,MU,美光科技,狭义海外AI,AI存储/HBM,3.26%,1,10
023402,广发全球精选股票(QDII)人民币F,QDII-普通股票,GOOGL,谷歌-A,狭义海外AI,AI云/大模型,0.02%,1,11
023422,建信纳斯达克100指数(QDII)D人民币,指数型-海外股票,NVDA,英伟达,狭义海外AI,核心算力-GPU,8.29%,1,1
023422,建信纳斯达克100指数(QDII)D人民币,指数型-海外股票,MSFT,微软,狭义海外AI,AI云/软件,5.38%,1,3
023422,建信纳斯达克100指数(QDII)D人民币,指数型-海外股票,AMZN,亚马逊,狭义海外AI,AI云,4.35%,1,4
023422,建信纳斯达克100指数(QDII)D人民币,指数型-海外股票,META,Meta Platforms Inc-A,狭义海外AI,AI平台,3.29%,1,6
023422,建信纳斯达克100指数(QDII)D人民币,指数型-海外股票,GOOGL,谷歌-A,狭义海外AI,AI云/大模型,3.27%,1,8
023422,建信纳斯达克100指数(QDII)D人民币,指数型-海外股票,GOOG,谷歌-C,狭义海外AI,AI云/大模型,3.03%,1,9
023422,建信纳斯达克100指数(QDII)D人民币,指数型-海外股票,AVGO,博通,狭义海外AI,AI网络/ASIC,2.86%,1,10
023451,中欧信息科技混合发起A,混合型-偏股,00700,腾讯控股,广义离岸中国AI,中国离岸AI平台/云,3.81%,1,10
023452,中欧信息科技混合发起C,混合型-偏股,00700,腾讯控股,广义离岸中国AI,中国离岸AI平台/云,3.81%,1,10
023455,汇添富增强回报债券A,债券型-混合二级,00700,腾讯控股,广义离岸中国AI,中国离岸AI平台/云,0.81%,1,5
023456,汇添富增强回报债券C,债券型-混合二级,00700,腾讯控股,广义离岸中国AI,中国离岸AI平台/云,0.81%,1,5
023465,国投瑞银和兴债券E,债券型-混合二级,00700,腾讯控股,广义离岸中国AI,中国离岸AI平台/云,0.75%,1,3
023543,平安恒鑫混合E,混合型-偏债,00700,腾讯控股,广义离岸中国AI,中国离岸AI平台/云,0.76%,1,3
023559,招商普盛全球配置(QDII)人民币C,QDII-混合灵活,SNDK,闪迪,扩展海外AI,AI存储,0.59%,1,1
023559,招商普盛全球配置(QDII)人民币C,QDII-混合灵活,ARM,Arm Holdings plc ADR,狭义海外AI,AI芯片IP,0.35%,1,7
023559,招商普盛全球配置(QDII)人民币C,QDII-混合灵活,AVGO,博通,狭义海外AI,AI网络/ASIC,0.35%,1,8
023559,招商普盛全球配置(QDII)人民币C,QDII-混合灵活,MU,美光科技,狭义海外AI,AI存储/HBM,0.34%,1,9
023560,富达创新驱动混合发起A,混合型-偏股,02228,晶泰控股,广义离岸中国AI,中国离岸AI制药,7.50%,1,1
023561,富达创新驱动混合发起C,混合型-偏股,02228,晶泰控股,广义离岸中国AI,中国离岸AI制药,7.50%,1,1
023632,景顺长城新兴产业混合A,混合型-偏股,00700,腾讯控股,广义离岸中国AI,中国离岸AI平台/云,7.64%,1,6
023633,景顺长城新兴产业混合C,混合型-偏股,00700,腾讯控股,广义离岸中国AI,中国离岸AI平台/云,7.64%,1,6
023672,东方红裕丰回报债券A,债券型-混合二级,00700,腾讯控股,广义离岸中国AI,中国离岸AI平台/云,1.13%,1,2
023672,东方红裕丰回报债券A,债券型-混合二级,09988,阿里巴巴-W,广义离岸中国AI,中国离岸AI平台/云,1.13%,1,1
023673,东方红裕丰回报债券C,债券型-混合二级,00700,腾讯控股,广义离岸中国AI,中国离岸AI平台/云,1.13%,1,2
023673,东方红裕丰回报债券C,债券型-混合二级,09988,阿里巴巴-W,广义离岸中国AI,中国离岸AI平台/云,1.13%,1,1
023750,国富兴海回报混合C,混合型-偏股,00700,腾讯控股,广义离岸中国AI,中国离岸AI平台/云,7.16%,1,2
023751,百嘉百瑞混合发起式C,混合型-偏股,09988,阿里巴巴-W,广义离岸中国AI,中国离岸AI平台/云,6.85%,1,1
023751,百嘉百瑞混合发起式C,混合型-偏股,03896,金山云,广义离岸中国AI,中国离岸云计算,6.10%,1,2
023783,山证资管裕享增强债券发起式E,债券型-混合二级,00700,腾讯控股,广义离岸中国AI,中国离岸AI平台/云,0.48%,1,7
023811,兴业恒泰债券A,债券型-混合二级,00700,腾讯控股,广义离岸中国AI,中国离岸AI平台/云,0.32%,1,8
023812,兴业恒泰债券C,债券型-混合二级,00700,腾讯控股,广义离岸中国AI,中国离岸AI平台/云,0.32%,1,8
023839,银华甄选价值回报混合A,混合型-偏股,00700,腾讯控股,广义离岸中国AI,中国离岸AI平台/云,3.29%,1,10
023840,银华甄选价值回报混合C,混合型-偏股,00700,腾讯控股,广义离岸中国AI,中国离岸AI平台/云,3.29%,1,10
023854,景顺长城沪港深领先科技股票C,股票型,00700,腾讯控股,广义离岸中国AI,中国离岸AI平台/云,6.24%,1,1
023854,景顺长城沪港深领先科技股票C,股票型,09988,阿里巴巴-W,广义离岸中国AI,中国离岸AI平台/云,2.89%,1,7
023868,华宝安盈混合C,混合型-偏债,00700,腾讯控股,广义离岸中国AI,中国离岸AI平台/云,0.53%,1,5
023868,华宝安盈混合C,混合型-偏债,03896,金山云,广义离岸中国AI,中国离岸云计算,0.41%,1,10
023899,富达港股通精选混合发起A,混合型-偏股,02228,晶泰控股,广义离岸中国AI,中国离岸AI制药,9.19%,1,1
023900,富达港股通精选混合发起C,混合型-偏股,02228,晶泰控股,广义离岸中国AI,中国离岸AI制药,9.19%,1,1
023939,泉果研究精选混合A,混合型-灵活,00700,腾讯控股,广义离岸中国AI,中国离岸AI平台/云,6.12%,1,2
023939,泉果研究精选混合A,混合型-灵活,09988,阿里巴巴-W,广义离岸中国AI,中国离岸AI平台/云,3.74%,1,4
023940,泉果研究精选混合C,混合型-灵活,00700,腾讯控股,广义离岸中国AI,中国离岸AI平台/云,6.12%,1,2
023940,泉果研究精选混合C,混合型-灵活,09988,阿里巴巴-W,广义离岸中国AI,中国离岸AI平台/云,3.74%,1,4
023943,天弘安和平衡混合A,混合型-灵活,00700,腾讯控股,广义离岸中国AI,中国离岸AI平台/云,1.16%,1,7
023944,天弘安和平衡混合C,混合型-灵活,00700,腾讯控股,广义离岸中国AI,中国离岸AI平台/云,1.16%,1,7
023948,银华品质消费股票C,股票型,09988,阿里巴巴-W,广义离岸中国AI,中国离岸AI平台/云,6.75%,1,3
023948,银华品质消费股票C,股票型,00700,腾讯控股,广义离岸中国AI,中国离岸AI平台/云,5.69%,1,4
023955,国金安瑞平衡A,混合型-平衡,09988,阿里巴巴-W,广义离岸中国AI,中国离岸AI平台/云,4.05%,1,4
023956,国金安瑞平衡C,混合型-平衡,09988,阿里巴巴-W,广义离岸中国AI,中国离岸AI平台/云,4.05%,1,4
024027,招商均衡优选混合A,混合型-偏股,09988,阿里巴巴-W,广义离岸中国AI,中国离岸AI平台/云,6.56%,1,5
024028,招商均衡优选混合C,混合型-偏股,09988,阿里巴巴-W,广义离岸中国AI,中国离岸AI平台/云,6.56%,1,5
024040,光大阳光三个月持有期混合(FOF)A,FOF-进取型,03896,金山云,广义离岸中国AI,中国离岸云计算,0.28%,1,2
024041,光大阳光三个月持有期混合(FOF)C,FOF-进取型,03896,金山云,广义离岸中国AI,中国离岸云计算,0.28%,1,2
024044,东方红港股通价值优选混合发起A,混合型-偏股,09988,阿里巴巴-W,广义离岸中国AI,中国离岸AI平台/云,7.43%,1,4
024045,东方红港股通价值优选混合发起C,混合型-偏股,09988,阿里巴巴-W,广义离岸中国AI,中国离岸AI平台/云,7.43%,1,4
024052,工银科技先锋混合发起式A,混合型-偏股,00700,腾讯控股,广义离岸中国AI,中国离岸AI平台/云,5.97%,1,4
024053,工银科技先锋混合发起式C,混合型-偏股,00700,腾讯控股,广义离岸中国AI,中国离岸AI平台/云,5.97%,1,4
024087,百嘉科技创新混合A,混合型-偏股,09988,阿里巴巴-W,广义离岸中国AI,中国离岸AI平台/云,6.71%,1,1
024088,百嘉科技创新混合C,混合型-偏股,09988,阿里巴巴-W,广义离岸中国AI,中国离岸AI平台/云,6.71%,1,1
024089,银华钰丰债券A,债券型-混合二级,00700,腾讯控股,广义离岸中国AI,中国离岸AI平台/云,0.58%,1,5
024090,银华钰丰债券C,债券型-混合二级,00700,腾讯控股,广义离岸中国AI,中国离岸AI平台/云,0.58%,1,5
024092,国金安和债券A,债券型-混合二级,00700,腾讯控股,广义离岸中国AI,中国离岸AI平台/云,0.43%,1,3
024092,国金安和债券A,债券型-混合二级,09988,阿里巴巴-W,广义离岸中国AI,中国离岸AI平台/云,0.32%,1,9
024093,国金安和债券C,债券型-混合二级,00700,腾讯控股,广义离岸中国AI,中国离岸AI平台/云,0.43%,1,3
024093,国金安和债券C,债券型-混合二级,09988,阿里巴巴-W,广义离岸中国AI,中国离岸AI平台/云,0.32%,1,9
024095,国寿安保尊兴增强回报债券A,债券型-混合二级,00700,腾讯控股,广义离岸中国AI,中国离岸AI平台/云,0.16%,1,7
024096,国寿安保尊兴增强回报债券C,债券型-混合二级,00700,腾讯控股,广义离岸中国AI,中国离岸AI平台/云,0.16%,1,7
024135,中泰双益债券A,债券型-混合二级,09988,阿里巴巴-W,广义离岸中国AI,中国离岸AI平台/云,0.19%,1,6
024136,中泰双益债券C,债券型-混合二级,09988,阿里巴巴-W,广义离岸中国AI,中国离岸AI平台/云,0.19%,1,6
024148,长城恒生科技指数(QDII)A,指数型-海外股票,01810,小米集团-W,广义离岸中国AI,中国离岸AI终端/汽车,7.49%,1,3
024148,长城恒生科技指数(QDII)A,指数型-海外股票,00700,腾讯控股,广义离岸中国AI,中国离岸AI平台/云,7.28%,1,4
024148,长城恒生科技指数(QDII)A,指数型-海外股票,09988,阿里巴巴-W,广义离岸中国AI,中国离岸AI平台/云,6.59%,1,5
024148,长城恒生科技指数(QDII)A,指数型-海外股票,00981,中芯国际,广义离岸中国AI,中国离岸半导体制造,6.07%,1,7
024148,长城恒生科技指数(QDII)A,指数型-海外股票,09888,百度集团-SW,广义离岸中国AI,中国离岸AI/自动驾驶/云,3.62%,1,10
024149,长城恒生科技指数(QDII)C,指数型-海外股票,01810,小米集团-W,广义离岸中国AI,中国离岸AI终端/汽车,7.49%,1,3
024149,长城恒生科技指数(QDII)C,指数型-海外股票,00700,腾讯控股,广义离岸中国AI,中国离岸AI平台/云,7.28%,1,4
024149,长城恒生科技指数(QDII)C,指数型-海外股票,09988,阿里巴巴-W,广义离岸中国AI,中国离岸AI平台/云,6.59%,1,5
024149,长城恒生科技指数(QDII)C,指数型-海外股票,00981,中芯国际,广义离岸中国AI,中国离岸半导体制造,6.07%,1,7
024149,长城恒生科技指数(QDII)C,指数型-海外股票,09888,百度集团-SW,广义离岸中国AI,中国离岸AI/自动驾驶/云,3.62%,1,10
024159,大成港股通机遇混合A,混合型-偏股,00700,腾讯控股,广义离岸中国AI,中国离岸AI平台/云,6.34%,1,2
024159,大成港股通机遇混合A,混合型-偏股,00981,中芯国际,广义离岸中国AI,中国离岸半导体制造,4.32%,1,8
024159,大成港股通机遇混合A,混合型-偏股,09988,阿里巴巴-W,广义离岸中国AI,中国离岸AI平台/云,4.16%,1,10
024160,大成港股通机遇混合C,混合型-偏股,00700,腾讯控股,广义离岸中国AI,中国离岸AI平台/云,6.34%,1,2
024160,大成港股通机遇混合C,混合型-偏股,00981,中芯国际,广义离岸中国AI,中国离岸半导体制造,4.32%,1,8
024160,大成港股通机遇混合C,混合型-偏股,09988,阿里巴巴-W,广义离岸中国AI,中国离岸AI平台/云,4.16%,1,10
024166,西部利得恒生科技指数(QDII)A,指数型-海外股票,01810,小米集团-W,广义离岸中国AI,中国离岸AI终端/汽车,7.92%,1,3
024166,西部利得恒生科技指数(QDII)A,指数型-海外股票,00700,腾讯控股,广义离岸中国AI,中国离岸AI平台/云,7.47%,1,4
024166,西部利得恒生科技指数(QDII)A,指数型-海外股票,09988,阿里巴巴-W,广义离岸中国AI,中国离岸AI平台/云,6.98%,1,6
024166,西部利得恒生科技指数(QDII)A,指数型-海外股票,00981,中芯国际,广义离岸中国AI,中国离岸半导体制造,6.13%,1,7
024166,西部利得恒生科技指数(QDII)A,指数型-海外股票,09888,百度集团-SW,广义离岸中国AI,中国离岸AI/自动驾驶/云,3.76%,1,10
024167,西部利得恒生科技指数(QDII)C,指数型-海外股票,01810,小米集团-W,广义离岸中国AI,中国离岸AI终端/汽车,7.92%,1,3
024167,西部利得恒生科技指数(QDII)C,指数型-海外股票,00700,腾讯控股,广义离岸中国AI,中国离岸AI平台/云,7.47%,1,4
024167,西部利得恒生科技指数(QDII)C,指数型-海外股票,09988,阿里巴巴-W,广义离岸中国AI,中国离岸AI平台/云,6.98%,1,6
024167,西部利得恒生科技指数(QDII)C,指数型-海外股票,00981,中芯国际,广义离岸中国AI,中国离岸半导体制造,6.13%,1,7
024167,西部利得恒生科技指数(QDII)C,指数型-海外股票,09888,百度集团-SW,广义离岸中国AI,中国离岸AI/自动驾驶/云,3.76%,1,10
024169,信澳先进智造股票型C,股票型,01347,华虹半导体,广义离岸中国AI,中国离岸半导体制造,6.13%,1,5
024214,华安优势领航混合A,混合型-偏股,00700,腾讯控股,广义离岸中国AI,中国离岸AI平台/云,4.23%,1,4
024215,华安优势领航混合C,混合型-偏股,00700,腾讯控股,广义离岸中国AI,中国离岸AI平台/云,4.23%,1,4
024239,华夏全球科技先锋混合(QDII)C,QDII-混合偏股,TSM,台积电,狭义海外AI,先进制程代工,4.87%,1,2
024239,华夏全球科技先锋混合(QDII)C,QDII-混合偏股,LITE,Lumentum Holdings Inc,扩展海外AI,光通信器件,4.72%,1,3
024239,华夏全球科技先锋混合(QDII)C,QDII-混合偏股,GLW,康宁,扩展海外AI,光纤/材料,4.15%,1,6
024239,华夏全球科技先锋混合(QDII)C,QDII-混合偏股,SNDK,闪迪,扩展海外AI,AI存储,2.66%,1,7
024239,华夏全球科技先锋混合(QDII)C,QDII-混合偏股,MU,美光科技,狭义海外AI,AI存储/HBM,2.30%,1,8
024265,天弘价值驱动混合D,混合型-偏股,00700,腾讯控股,广义离岸中国AI,中国离岸AI平台/云,4.19%,1,9
024296,华夏6个月持有债券A,债券型-混合二级,09988,阿里巴巴-W,广义离岸中国AI,中国离岸AI平台/云,0.32%,1,4
024297,华夏6个月持有债券C,债券型-混合二级,09988,阿里巴巴-W,广义离岸中国AI,中国离岸AI平台/云,0.32%,1,4
024317,前海开源研究驱动混合A,混合型-偏股,09988,阿里巴巴-W,广义离岸中国AI,中国离岸AI平台/云,4.78%,1,6
024318,前海开源研究驱动混合C,混合型-偏股,09988,阿里巴巴-W,广义离岸中国AI,中国离岸AI平台/云,4.78%,1,6
024356,国泰启明回报混合,混合型-偏股,09988,阿里巴巴-W,广义离岸中国AI,中国离岸AI平台/云,1.93%,1,5
024365,华富华证沪深港汽车制造主题指数型发起式A,指数型-股票,01810,小米集团-W,广义离岸中国AI,中国离岸AI终端/汽车,7.39%,1,5
024366,华富华证沪深港汽车制造主题指数型发起式C,指数型-股票,01810,小米集团-W,广义离岸中国AI,中国离岸AI终端/汽车,7.39%,1,5
024373,招商消费悦享混合发起式A,混合型-偏股,00700,腾讯控股,广义离岸中国AI,中国离岸AI平台/云,6.81%,1,1
024374,招商消费悦享混合发起式C,混合型-偏股,00700,腾讯控股,广义离岸中国AI,中国离岸AI平台/云,6.81%,1,1
024388,中航智选领航混合发起A,混合型-偏股,09660,地平线机器人-W,广义离岸中国AI,中国离岸AI芯片/自动驾驶,9.73%,1,3
024389,中航智选领航混合发起C,混合型-偏股,09660,地平线机器人-W,广义离岸中国AI,中国离岸AI芯片/自动驾驶,9.73%,1,3
024390,中信建投上证科创板综合指数增强A,指数型-股票,00700,腾讯控股,广义离岸中国AI,中国离岸AI平台/云,0.13%,1,12
024390,中信建投上证科创板综合指数增强A,指数型-股票,09988,阿里巴巴-W,广义离岸中国AI,中国离岸AI平台/云,0.13%,1,13
024391,中信建投上证科创板综合指数增强C,指数型-股票,00700,腾讯控股,广义离岸中国AI,中国离岸AI平台/云,0.13%,1,12
024391,中信建投上证科创板综合指数增强C,指数型-股票,09988,阿里巴巴-W,广义离岸中国AI,中国离岸AI平台/云,0.13%,1,13
024396,东兴产业升级混合发起A,混合型-偏股,01347,华虹半导体,广义离岸中国AI,中国离岸半导体制造,6.12%,1,1
024396,东兴产业升级混合发起A,混合型-偏股,09988,阿里巴巴-W,广义离岸中国AI,中国离岸AI平台/云,4.69%,1,5
024396,东兴产业升级混合发起A,混合型-偏股,00700,腾讯控股,广义离岸中国AI,中国离岸AI平台/云,4.33%,1,7
024396,东兴产业升级混合发起A,混合型-偏股,00981,中芯国际,广义离岸中国AI,中国离岸半导体制造,4.00%,1,9
024397,东兴产业升级混合发起C,混合型-偏股,01347,华虹半导体,广义离岸中国AI,中国离岸半导体制造,6.12%,1,1
024397,东兴产业升级混合发起C,混合型-偏股,09988,阿里巴巴-W,广义离岸中国AI,中国离岸AI平台/云,4.69%,1,5
024397,东兴产业升级混合发起C,混合型-偏股,00700,腾讯控股,广义离岸中国AI,中国离岸AI平台/云,4.33%,1,7
024397,东兴产业升级混合发起C,混合型-偏股,00981,中芯国际,广义离岸中国AI,中国离岸半导体制造,4.00%,1,9
024407,鑫元中证港股通创新药指数发起式A,指数型-股票,02228,晶泰控股,广义离岸中国AI,中国离岸AI制药,2.66%,1,10
024408,鑫元中证港股通创新药指数发起式C,指数型-股票,02228,晶泰控股,广义离岸中国AI,中国离岸AI制药,2.66%,1,10
024413,中欧核心价值混合发起A,混合型-偏股,00700,腾讯控股,广义离岸中国AI,中国离岸AI平台/云,9.64%,1,4
024413,中欧核心价值混合发起A,混合型-偏股,09988,阿里巴巴-W,广义离岸中国AI,中国离岸AI平台/云,5.03%,1,8
024414,中欧核心价值混合发起C,混合型-偏股,00700,腾讯控股,广义离岸中国AI,中国离岸AI平台/云,9.64%,1,4
024414,中欧核心价值混合发起C,混合型-偏股,09988,阿里巴巴-W,广义离岸中国AI,中国离岸AI平台/云,5.03%,1,8
024433,嘉实成长共赢混合A,混合型-偏股,01347,华虹半导体,广义离岸中国AI,中国离岸半导体制造,3.75%,1,7
024434,嘉实成长共赢混合C,混合型-偏股,01347,华虹半导体,广义离岸中国AI,中国离岸半导体制造,3.75%,1,7
024437,华安竞争优势混合A,混合型-偏股,00700,腾讯控股,广义离岸中国AI,中国离岸AI平台/云,4.28%,1,4
024438,华安竞争优势混合C,混合型-偏股,00700,腾讯控股,广义离岸中国AI,中国离岸AI平台/云,4.28%,1,4
024439,交银瑞安混合A,混合型-偏股,01347,华虹半导体,广义离岸中国AI,中国离岸半导体制造,2.15%,1,8
024440,交银瑞安混合C,混合型-偏股,01347,华虹半导体,广义离岸中国AI,中国离岸半导体制造,2.15%,1,8
024441,汇添富均衡潜力优选混合A,混合型-偏股,09988,阿里巴巴-W,广义离岸中国AI,中国离岸AI平台/云,2.92%,1,5
024442,汇添富均衡潜力优选混合C,混合型-偏股,09988,阿里巴巴-W,广义离岸中国AI,中国离岸AI平台/云,2.92%,1,5
024443,华夏瑞享回报混合A,混合型-偏股,00700,腾讯控股,广义离岸中国AI,中国离岸AI平台/云,2.47%,1,7
024443,华夏瑞享回报混合A,混合型-偏股,09988,阿里巴巴-W,广义离岸中国AI,中国离岸AI平台/云,2.19%,1,8
024444,华夏瑞享回报混合C,混合型-偏股,00700,腾讯控股,广义离岸中国AI,中国离岸AI平台/云,2.47%,1,7
024444,华夏瑞享回报混合C,混合型-偏股,09988,阿里巴巴-W,广义离岸中国AI,中国离岸AI平台/云,2.19%,1,8
024445,工银泓裕回报混合,混合型-偏股,09988,阿里巴巴-W,广义离岸中国AI,中国离岸AI平台/云,3.60%,1,2
024454,景顺长城成长同行混合,混合型-偏股,00700,腾讯控股,广义离岸中国AI,中国离岸AI平台/云,8.21%,1,6
024461,宏利睿智领航混合A,混合型-偏股,00700,腾讯控股,广义离岸中国AI,中国离岸AI平台/云,4.18%,1,9
024471,平安价值优享混合A,混合型-偏股,09988,阿里巴巴-W,广义离岸中国AI,中国离岸AI平台/云,3.61%,1,9
024472,平安价值优享混合C,混合型-偏股,09988,阿里巴巴-W,广义离岸中国AI,中国离岸AI平台/云,3.61%,1,9
024483,东吴裕盈平衡混合A,混合型-平衡,09988,阿里巴巴-W,广义离岸中国AI,中国离岸AI平台/云,4.31%,1,6
024483,东吴裕盈平衡混合A,混合型-平衡,00700,腾讯控股,广义离岸中国AI,中国离岸AI平台/云,3.48%,1,7
024484,东吴裕盈平衡混合C,混合型-平衡,09988,阿里巴巴-W,广义离岸中国AI,中国离岸AI平台/云,4.31%,1,6
024484,东吴裕盈平衡混合C,混合型-平衡,00700,腾讯控股,广义离岸中国AI,中国离岸AI平台/云,3.48%,1,7
024485,东吴裕盈平衡混合D,混合型-平衡,09988,阿里巴巴-W,广义离岸中国AI,中国离岸AI平台/云,4.31%,1,6
024485,东吴裕盈平衡混合D,混合型-平衡,00700,腾讯控股,广义离岸中国AI,中国离岸AI平台/云,3.48%,1,7
024486,东吴裕盈平衡混合E,混合型-平衡,09988,阿里巴巴-W,广义离岸中国AI,中国离岸AI平台/云,4.31%,1,6
024486,东吴裕盈平衡混合E,混合型-平衡,00700,腾讯控股,广义离岸中国AI,中国离岸AI平台/云,3.48%,1,7
024487,东吴裕盈平衡混合F,混合型-平衡,09988,阿里巴巴-W,广义离岸中国AI,中国离岸AI平台/云,4.31%,1,6
024487,东吴裕盈平衡混合F,混合型-平衡,00700,腾讯控股,广义离岸中国AI,中国离岸AI平台/云,3.48%,1,7
024498,宏利睿智领航混合C,混合型-偏股,00700,腾讯控股,广义离岸中国AI,中国离岸AI平台/云,4.18%,1,9
024501,招商科技智选混合发起式A,混合型-偏股,09988,阿里巴巴-W,广义离岸中国AI,中国离岸AI平台/云,2.28%,1,9
024502,招商科技智选混合发起式C,混合型-偏股,09988,阿里巴巴-W,广义离岸中国AI,中国离岸AI平台/云,2.28%,1,9
024534,平安港股通科技精选混合A,混合型-偏股,00981,中芯国际,广义离岸中国AI,中国离岸半导体制造,7.68%,1,3
024534,平安港股通科技精选混合A,混合型-偏股,01347,华虹半导体,广义离岸中国AI,中国离岸半导体制造,7.25%,1,4
024534,平安港股通科技精选混合A,混合型-偏股,09988,阿里巴巴-W,广义离岸中国AI,中国离岸AI平台/云,7.15%,1,5
024535,平安港股通科技精选混合C,混合型-偏股,00981,中芯国际,广义离岸中国AI,中国离岸半导体制造,7.68%,1,3
024535,平安港股通科技精选混合C,混合型-偏股,01347,华虹半导体,广义离岸中国AI,中国离岸半导体制造,7.25%,1,4
024535,平安港股通科技精选混合C,混合型-偏股,09988,阿里巴巴-W,广义离岸中国AI,中国离岸AI平台/云,7.15%,1,5
024590,中欧港股通机遇混合发起A,混合型-偏股,00700,腾讯控股,广义离岸中国AI,中国离岸AI平台/云,8.71%,1,1
024590,中欧港股通机遇混合发起A,混合型-偏股,09988,阿里巴巴-W,广义离岸中国AI,中国离岸AI平台/云,5.62%,1,7
024591,中欧港股通机遇混合发起C,混合型-偏股,00700,腾讯控股,广义离岸中国AI,中国离岸AI平台/云,8.71%,1,1
024591,中欧港股通机遇混合发起C,混合型-偏股,09988,阿里巴巴-W,广义离岸中国AI,中国离岸AI平台/云,5.62%,1,7
024615,天弘稳健回报债券发起D,债券型-混合二级,01347,华虹半导体,广义离岸中国AI,中国离岸半导体制造,0.31%,1,10
024632,中欧消费精选混合发起A,混合型-偏股,00700,腾讯控股,广义离岸中国AI,中国离岸AI平台/云,4.64%,1,6
024633,中欧消费精选混合发起C,混合型-偏股,00700,腾讯控股,广义离岸中国AI,中国离岸AI平台/云,4.64%,1,6
024645,平安瑞和6个月持有混合A,混合型-偏债,00700,腾讯控股,广义离岸中国AI,中国离岸AI平台/云,0.33%,1,3
024646,平安瑞和6个月持有混合C,混合型-偏债,00700,腾讯控股,广义离岸中国AI,中国离岸AI平台/云,0.33%,1,3
024658,国联价值均衡混合A,混合型-灵活,00700,腾讯控股,广义离岸中国AI,中国离岸AI平台/云,0.83%,1,8
024659,国联价值均衡混合C,混合型-灵活,00700,腾讯控股,广义离岸中国AI,中国离岸AI平台/云,0.83%,1,8
024676,万家多元价值混合发起式A,混合型-偏股,00700,腾讯控股,广义离岸中国AI,中国离岸AI平台/云,7.09%,1,2
024677,万家多元价值混合发起式C,混合型-偏股,00700,腾讯控股,广义离岸中国AI,中国离岸AI平台/云,7.09%,1,2
024682,民生加银成长优选股票C,股票型,00700,腾讯控股,广义离岸中国AI,中国离岸AI平台/云,6.10%,1,3
024717,汇安成长领航混合A,混合型-偏股,09988,阿里巴巴-W,广义离岸中国AI,中国离岸AI平台/云,4.51%,1,6
024718,汇安成长领航混合C,混合型-偏股,09988,阿里巴巴-W,广义离岸中国AI,中国离岸AI平台/云,4.51%,1,6
024731,富国双利增强债券E,债券型-混合二级,09988,阿里巴巴-W,广义离岸中国AI,中国离岸AI平台/云,0.47%,1,2
024731,富国双利增强债券E,债券型-混合二级,00700,腾讯控股,广义离岸中国AI,中国离岸AI平台/云,0.38%,1,5
024731,富国双利增强债券E,债券型-混合二级,00981,中芯国际,广义离岸中国AI,中国离岸半导体制造,0.20%,1,10
024735,永赢港股通科技智选混合发起A,混合型-偏股,00700,腾讯控股,广义离岸中国AI,中国离岸AI平台/云,9.33%,1,2
024735,永赢港股通科技智选混合发起A,混合型-偏股,00981,中芯国际,广义离岸中国AI,中国离岸半导体制造,7.59%,1,5
024735,永赢港股通科技智选混合发起A,混合型-偏股,09988,阿里巴巴-W,广义离岸中国AI,中国离岸AI平台/云,7.43%,1,6
024736,永赢港股通科技智选混合发起C,混合型-偏股,00700,腾讯控股,广义离岸中国AI,中国离岸AI平台/云,9.33%,1,2
024736,永赢港股通科技智选混合发起C,混合型-偏股,00981,中芯国际,广义离岸中国AI,中国离岸半导体制造,7.59%,1,5
024736,永赢港股通科技智选混合发起C,混合型-偏股,09988,阿里巴巴-W,广义离岸中国AI,中国离岸AI平台/云,7.43%,1,6
024757,广发智荟多元配置六个月持有混合(FOF)A,FOF-稳健型,00700,腾讯控股,广义离岸中国AI,中国离岸AI平台/云,0.33%,1,3
024758,广发智荟多元配置六个月持有混合(FOF)C,FOF-稳健型,00700,腾讯控股,广义离岸中国AI,中国离岸AI平台/云,0.33%,1,3
024800,华夏品质生活混合A,混合型-偏股,00700,腾讯控股,广义离岸中国AI,中国离岸AI平台/云,6.57%,1,1
024801,华夏品质生活混合C,混合型-偏股,00700,腾讯控股,广义离岸中国AI,中国离岸AI平台/云,6.57%,1,1
024802,华夏臻选价值成长混合A,混合型-偏股,00700,腾讯控股,广义离岸中国AI,中国离岸AI平台/云,7.78%,1,1
024802,华夏臻选价值成长混合A,混合型-偏股,09988,阿里巴巴-W,广义离岸中国AI,中国离岸AI平台/云,5.25%,1,4
024803,华夏臻选价值成长混合C,混合型-偏股,00700,腾讯控股,广义离岸中国AI,中国离岸AI平台/云,7.78%,1,1
024803,华夏臻选价值成长混合C,混合型-偏股,09988,阿里巴巴-W,广义离岸中国AI,中国离岸AI平台/云,5.25%,1,4
024812,富国消费优选混合A,混合型-偏股,00700,腾讯控股,广义离岸中国AI,中国离岸AI平台/云,2.51%,1,8
024813,富国消费优选混合C,混合型-偏股,00700,腾讯控股,广义离岸中国AI,中国离岸AI平台/云,2.51%,1,8
024820,国富国证港股通科技指数A,指数型-股票,00700,腾讯控股,广义离岸中国AI,中国离岸AI平台/云,13.84%,1,1
024820,国富国证港股通科技指数A,指数型-股票,09988,阿里巴巴-W,广义离岸中国AI,中国离岸AI平台/云,13.64%,1,2
024820,国富国证港股通科技指数A,指数型-股票,01810,小米集团-W,广义离岸中国AI,中国离岸AI终端/汽车,12.38%,1,3
024820,国富国证港股通科技指数A,指数型-股票,00981,中芯国际,广义离岸中国AI,中国离岸半导体制造,5.13%,1,6
024821,国富国证港股通科技指数C,指数型-股票,00700,腾讯控股,广义离岸中国AI,中国离岸AI平台/云,13.84%,1,1
024821,国富国证港股通科技指数C,指数型-股票,09988,阿里巴巴-W,广义离岸中国AI,中国离岸AI平台/云,13.64%,1,2
024821,国富国证港股通科技指数C,指数型-股票,01810,小米集团-W,广义离岸中国AI,中国离岸AI终端/汽车,12.38%,1,3
024821,国富国证港股通科技指数C,指数型-股票,00981,中芯国际,广义离岸中国AI,中国离岸半导体制造,5.13%,1,6
024826,东兴低碳经济混合发起A,混合型-偏股,00700,腾讯控股,广义离岸中国AI,中国离岸AI平台/云,3.73%,1,7
024827,东兴低碳经济混合发起C,混合型-偏股,00700,腾讯控股,广义离岸中国AI,中国离岸AI平台/云,3.73%,1,7
024836,中欧港股通科技混合发起A,混合型-偏股,09988,阿里巴巴-W,广义离岸中国AI,中国离岸AI平台/云,9.46%,1,1
024836,中欧港股通科技混合发起A,混合型-偏股,00700,腾讯控股,广义离岸中国AI,中国离岸AI平台/云,9.14%,1,3
024837,中欧港股通科技混合发起C,混合型-偏股,09988,阿里巴巴-W,广义离岸中国AI,中国离岸AI平台/云,9.46%,1,1
024837,中欧港股通科技混合发起C,混合型-偏股,00700,腾讯控股,广义离岸中国AI,中国离岸AI平台/云,9.14%,1,3
024846,富国中国中小盘混合(QDII)人民币C,QDII-混合偏股,00700,腾讯控股,广义离岸中国AI,中国离岸AI平台/云,4.97%,1,1
024847,国投瑞银中证港股通科技指数发起式A,指数型-股票,00700,腾讯控股,广义离岸中国AI,中国离岸AI平台/云,9.25%,1,1
024847,国投瑞银中证港股通科技指数发起式A,指数型-股票,09988,阿里巴巴-W,广义离岸中国AI,中国离岸AI平台/云,8.48%,1,4
024847,国投瑞银中证港股通科技指数发起式A,指数型-股票,01810,小米集团-W,广义离岸中国AI,中国离岸AI终端/汽车,8.09%,1,5
024847,国投瑞银中证港股通科技指数发起式A,指数型-股票,00981,中芯国际,广义离岸中国AI,中国离岸半导体制造,6.02%,1,6
024848,国投瑞银中证港股通科技指数发起式C,指数型-股票,00700,腾讯控股,广义离岸中国AI,中国离岸AI平台/云,9.25%,1,1
024848,国投瑞银中证港股通科技指数发起式C,指数型-股票,09988,阿里巴巴-W,广义离岸中国AI,中国离岸AI平台/云,8.48%,1,4
024848,国投瑞银中证港股通科技指数发起式C,指数型-股票,01810,小米集团-W,广义离岸中国AI,中国离岸AI终端/汽车,8.09%,1,5
024848,国投瑞银中证港股通科技指数发起式C,指数型-股票,00981,中芯国际,广义离岸中国AI,中国离岸半导体制造,6.02%,1,6
024885,天弘港股科技ETF联接A,指数型-股票,00700,腾讯控股,广义离岸中国AI,中国离岸AI平台/云,0.01%,1,1
024885,天弘港股科技ETF联接A,指数型-股票,01810,小米集团-W,广义离岸中国AI,中国离岸AI终端/汽车,0.01%,1,3
024885,天弘港股科技ETF联接A,指数型-股票,09988,阿里巴巴-W,广义离岸中国AI,中国离岸AI平台/云,0.01%,1,2
024885,天弘港股科技ETF联接A,指数型-股票,00981,中芯国际,广义离岸中国AI,中国离岸半导体制造,0.00%,1,6
024886,天弘港股科技ETF联接C,指数型-股票,00700,腾讯控股,广义离岸中国AI,中国离岸AI平台/云,0.01%,1,1
024886,天弘港股科技ETF联接C,指数型-股票,01810,小米集团-W,广义离岸中国AI,中国离岸AI终端/汽车,0.01%,1,3
024886,天弘港股科技ETF联接C,指数型-股票,09988,阿里巴巴-W,广义离岸中国AI,中国离岸AI平台/云,0.01%,1,2
024886,天弘港股科技ETF联接C,指数型-股票,00981,中芯国际,广义离岸中国AI,中国离岸半导体制造,0.00%,1,6
024933,华夏臻选回报混合A,混合型-偏股,00700,腾讯控股,广义离岸中国AI,中国离岸AI平台/云,3.91%,1,7
024933,华夏臻选回报混合A,混合型-偏股,09988,阿里巴巴-W,广义离岸中国AI,中国离岸AI平台/云,3.48%,1,9
024934,华夏臻选回报混合B,混合型-偏股,00700,腾讯控股,广义离岸中国AI,中国离岸AI平台/云,3.91%,1,7
024934,华夏臻选回报混合B,混合型-偏股,09988,阿里巴巴-W,广义离岸中国AI,中国离岸AI平台/云,3.48%,1,9
024935,华夏臻选回报混合C,混合型-偏股,00700,腾讯控股,广义离岸中国AI,中国离岸AI平台/云,3.91%,1,7
024935,华夏臻选回报混合C,混合型-偏股,09988,阿里巴巴-W,广义离岸中国AI,中国离岸AI平台/云,3.48%,1,9
024958,富国稳健添荣债券A,债券型-混合二级,00700,腾讯控股,广义离岸中国AI,中国离岸AI平台/云,0.52%,1,6
024959,富国稳健添荣债券C,债券型-混合二级,00700,腾讯控股,广义离岸中国AI,中国离岸AI平台/云,0.52%,1,6
024966,中欧稳健添悦债券A,债券型-混合二级,00700,腾讯控股,广义离岸中国AI,中国离岸AI平台/云,0.20%,1,8
024967,中欧稳健添悦债券C,债券型-混合二级,00700,腾讯控股,广义离岸中国AI,中国离岸AI平台/云,0.20%,1,8
024988,广发集远债券E,债券型-混合二级,00700,腾讯控股,广义离岸中国AI,中国离岸AI平台/云,0.66%,1,1
024988,广发集远债券E,债券型-混合二级,09988,阿里巴巴-W,广义离岸中国AI,中国离岸AI平台/云,0.47%,1,5
024995,汇添富稳颐优选债券A,债券型-混合二级,00700,腾讯控股,广义离岸中国AI,中国离岸AI平台/云,0.58%,1,6
024996,汇添富稳颐优选债券C,债券型-混合二级,00700,腾讯控股,广义离岸中国AI,中国离岸AI平台/云,0.58%,1,6
025002,交银产业臻选混合,混合型-偏股,00700,腾讯控股,广义离岸中国AI,中国离岸AI平台/云,6.89%,1,3
025024,华商港股通价值回报混合,混合型-偏股,09988,阿里巴巴-W,广义离岸中国AI,中国离岸AI平台/云,6.44%,1,2
025024,华商港股通价值回报混合,混合型-偏股,00981,中芯国际,广义离岸中国AI,中国离岸半导体制造,5.10%,1,7
025039,东方红汇明债券A,债券型-混合二级,00700,腾讯控股,广义离岸中国AI,中国离岸AI平台/云,0.21%,1,5
025039,东方红汇明债券A,债券型-混合二级,01810,小米集团-W,广义离岸中国AI,中国离岸AI终端/汽车,0.20%,1,7
025040,东方红汇明债券C,债券型-混合二级,00700,腾讯控股,广义离岸中国AI,中国离岸AI平台/云,0.21%,1,5
025040,东方红汇明债券C,债券型-混合二级,01810,小米集团-W,广义离岸中国AI,中国离岸AI终端/汽车,0.20%,1,7
025060,国泰优质核心混合A,混合型-偏股,00700,腾讯控股,广义离岸中国AI,中国离岸AI平台/云,9.01%,1,2
025061,国泰优质核心混合C,混合型-偏股,00700,腾讯控股,广义离岸中国AI,中国离岸AI平台/云,9.01%,1,2
025075,汇添富成长优选混合A,混合型-偏股,00700,腾讯控股,广义离岸中国AI,中国离岸AI平台/云,8.52%,1,3
025076,汇添富成长优选混合C,混合型-偏股,00700,腾讯控股,广义离岸中国AI,中国离岸AI平台/云,8.52%,1,3
025094,广发均衡成长混合F,混合型-偏股,09988,阿里巴巴-W,广义离岸中国AI,中国离岸AI平台/云,7.47%,1,2
025094,广发均衡成长混合F,混合型-偏股,00700,腾讯控股,广义离岸中国AI,中国离岸AI平台/云,4.54%,1,10
025103,博道惠泓价值成长混合,混合型-偏股,00700,腾讯控股,广义离岸中国AI,中国离岸AI平台/云,5.95%,1,5
025116,天弘裕新混合E,混合型-偏债,00700,腾讯控股,广义离岸中国AI,中国离岸AI平台/云,0.89%,1,4
025128,中欧多利债券E,债券型-混合二级,00700,腾讯控股,广义离岸中国AI,中国离岸AI平台/云,0.46%,1,3
025128,中欧多利债券E,债券型-混合二级,09988,阿里巴巴-W,广义离岸中国AI,中国离岸AI平台/云,0.32%,1,4
025152,华富安康三个月持有期债券A,债券型-混合二级,00700,腾讯控股,广义离岸中国AI,中国离岸AI平台/云,0.08%,1,1
025152,华富安康三个月持有期债券A,债券型-混合二级,00981,中芯国际,广义离岸中国AI,中国离岸半导体制造,0.04%,1,10
025153,华富安康三个月持有期债券C,债券型-混合二级,00700,腾讯控股,广义离岸中国AI,中国离岸AI平台/云,0.08%,1,1
025153,华富安康三个月持有期债券C,债券型-混合二级,00981,中芯国际,广义离岸中国AI,中国离岸半导体制造,0.04%,1,10
025154,华富安和债券A,债券型-混合二级,00700,腾讯控股,广义离岸中国AI,中国离岸AI平台/云,0.30%,1,3
025155,华富安和债券C,债券型-混合二级,00700,腾讯控股,广义离岸中国AI,中国离岸AI平台/云,0.30%,1,3
025178,汇添富双鑫添利债券D,债券型-混合二级,00700,腾讯控股,广义离岸中国AI,中国离岸AI平台/云,1.83%,1,2
025181,浦银安盛港股通科技指数A,指数型-股票,00700,腾讯控股,广义离岸中国AI,中国离岸AI平台/云,13.53%,1,1
025181,浦银安盛港股通科技指数A,指数型-股票,09988,阿里巴巴-W,广义离岸中国AI,中国离岸AI平台/云,13.45%,1,2
025181,浦银安盛港股通科技指数A,指数型-股票,01810,小米集团-W,广义离岸中国AI,中国离岸AI终端/汽车,12.20%,1,3
025181,浦银安盛港股通科技指数A,指数型-股票,00981,中芯国际,广义离岸中国AI,中国离岸半导体制造,5.03%,1,6
025182,浦银安盛港股通科技指数C,指数型-股票,00700,腾讯控股,广义离岸中国AI,中国离岸AI平台/云,13.53%,1,1
025182,浦银安盛港股通科技指数C,指数型-股票,09988,阿里巴巴-W,广义离岸中国AI,中国离岸AI平台/云,13.45%,1,2
025182,浦银安盛港股通科技指数C,指数型-股票,01810,小米集团-W,广义离岸中国AI,中国离岸AI终端/汽车,12.20%,1,3
025182,浦银安盛港股通科技指数C,指数型-股票,00981,中芯国际,广义离岸中国AI,中国离岸半导体制造,5.03%,1,6
025186,中银中证港股通互联网指数发起A,指数型-股票,00700,腾讯控股,广义离岸中国AI,中国离岸AI平台/云,13.64%,1,1
025186,中银中证港股通互联网指数发起A,指数型-股票,09988,阿里巴巴-W,广义离岸中国AI,中国离岸AI平台/云,13.24%,1,2
025186,中银中证港股通互联网指数发起A,指数型-股票,01810,小米集团-W,广义离岸中国AI,中国离岸AI终端/汽车,12.42%,1,3
025186,中银中证港股通互联网指数发起A,指数型-股票,00020,商汤-W,广义离岸中国AI,中国离岸AI软件,3.76%,1,5
025187,中银中证港股通互联网指数发起C,指数型-股票,00700,腾讯控股,广义离岸中国AI,中国离岸AI平台/云,13.64%,1,1
025187,中银中证港股通互联网指数发起C,指数型-股票,09988,阿里巴巴-W,广义离岸中国AI,中国离岸AI平台/云,13.24%,1,2
025187,中银中证港股通互联网指数发起C,指数型-股票,01810,小米集团-W,广义离岸中国AI,中国离岸AI终端/汽车,12.42%,1,3
025187,中银中证港股通互联网指数发起C,指数型-股票,00020,商汤-W,广义离岸中国AI,中国离岸AI软件,3.76%,1,5
025199,银华钰祥债券E,债券型-混合二级,09988,阿里巴巴-W,广义离岸中国AI,中国离岸AI平台/云,0.57%,1,9
025202,中欧港股通大盘精选混合发起A,混合型-偏股,00700,腾讯控股,广义离岸中国AI,中国离岸AI平台/云,9.54%,1,1
025202,中欧港股通大盘精选混合发起A,混合型-偏股,09988,阿里巴巴-W,广义离岸中国AI,中国离岸AI平台/云,8.92%,1,2
025203,中欧港股通大盘精选混合发起C,混合型-偏股,00700,腾讯控股,广义离岸中国AI,中国离岸AI平台/云,9.54%,1,1
025203,中欧港股通大盘精选混合发起C,混合型-偏股,09988,阿里巴巴-W,广义离岸中国AI,中国离岸AI平台/云,8.92%,1,2
025222,创金合信弘科混合发起A,混合型-偏股,01347,华虹半导体,广义离岸中国AI,中国离岸半导体制造,3.73%,1,3
025223,创金合信弘科混合发起C,混合型-偏股,01347,华虹半导体,广义离岸中国AI,中国离岸半导体制造,3.73%,1,3
025255,鹏扬港股通精选混合A,混合型-偏股,00700,腾讯控股,广义离岸中国AI,中国离岸AI平台/云,8.97%,1,2
025256,鹏扬港股通精选混合C,混合型-偏股,00700,腾讯控股,广义离岸中国AI,中国离岸AI平台/云,8.97%,1,2
025266,国泰稳健添利债券A,债券型-混合二级,00700,腾讯控股,广义离岸中国AI,中国离岸AI平台/云,0.55%,1,10
025267,国泰稳健添利债券C,债券型-混合二级,00700,腾讯控股,广义离岸中国AI,中国离岸AI平台/云,0.55%,1,10
025281,富国稳健双景债券A,债券型-混合二级,00700,腾讯控股,广义离岸中国AI,中国离岸AI平台/云,0.44%,1,3
025282,富国稳健双景债券C,债券型-混合二级,00700,腾讯控股,广义离岸中国AI,中国离岸AI平台/云,0.44%,1,3
025293,平安恒生指数增强A,指数型-股票,09988,阿里巴巴-W,广义离岸中国AI,中国离岸AI平台/云,5.93%,1,4
025293,平安恒生指数增强A,指数型-股票,00700,腾讯控股,广义离岸中国AI,中国离岸AI平台/云,5.21%,1,5
025293,平安恒生指数增强A,指数型-股票,01810,小米集团-W,广义离岸中国AI,中国离岸AI终端/汽车,3.42%,1,9
025294,平安恒生指数增强C,指数型-股票,09988,阿里巴巴-W,广义离岸中国AI,中国离岸AI平台/云,5.93%,1,4
025294,平安恒生指数增强C,指数型-股票,00700,腾讯控股,广义离岸中国AI,中国离岸AI平台/云,5.21%,1,5
025294,平安恒生指数增强C,指数型-股票,01810,小米集团-W,广义离岸中国AI,中国离岸AI终端/汽车,3.42%,1,9
025295,平安恒生指数增强E,指数型-股票,09988,阿里巴巴-W,广义离岸中国AI,中国离岸AI平台/云,5.93%,1,4
025295,平安恒生指数增强E,指数型-股票,00700,腾讯控股,广义离岸中国AI,中国离岸AI平台/云,5.21%,1,5
025295,平安恒生指数增强E,指数型-股票,01810,小米集团-W,广义离岸中国AI,中国离岸AI终端/汽车,3.42%,1,9
025298,交银港股通优质精选混合A,混合型-偏股,00700,腾讯控股,广义离岸中国AI,中国离岸AI平台/云,7.84%,1,1
025298,交银港股通优质精选混合A,混合型-偏股,09988,阿里巴巴-W,广义离岸中国AI,中国离岸AI平台/云,5.06%,1,8
025299,交银港股通优质精选混合C,混合型-偏股,00700,腾讯控股,广义离岸中国AI,中国离岸AI平台/云,7.84%,1,1
025299,交银港股通优质精选混合C,混合型-偏股,09988,阿里巴巴-W,广义离岸中国AI,中国离岸AI平台/云,5.06%,1,8
025303,东方红汇诚债券A,债券型-混合二级,00700,腾讯控股,广义离岸中国AI,中国离岸AI平台/云,0.50%,1,1
025303,东方红汇诚债券A,债券型-混合二级,09988,阿里巴巴-W,广义离岸中国AI,中国离岸AI平台/云,0.46%,1,2
025303,东方红汇诚债券A,债券型-混合二级,01810,小米集团-W,广义离岸中国AI,中国离岸AI终端/汽车,0.31%,1,3
025303,东方红汇诚债券A,债券型-混合二级,00981,中芯国际,广义离岸中国AI,中国离岸半导体制造,0.08%,1,11
025304,东方红汇诚债券C,债券型-混合二级,00700,腾讯控股,广义离岸中国AI,中国离岸AI平台/云,0.50%,1,1
025304,东方红汇诚债券C,债券型-混合二级,09988,阿里巴巴-W,广义离岸中国AI,中国离岸AI平台/云,0.46%,1,2
025304,东方红汇诚债券C,债券型-混合二级,01810,小米集团-W,广义离岸中国AI,中国离岸AI终端/汽车,0.31%,1,3
025304,东方红汇诚债券C,债券型-混合二级,00981,中芯国际,广义离岸中国AI,中国离岸半导体制造,0.08%,1,11
025330,银华恒生国企指数(QDII-LOF)C,指数型-海外股票,00700,腾讯控股,广义离岸中国AI,中国离岸AI平台/云,7.68%,1,1
025330,银华恒生国企指数(QDII-LOF)C,指数型-海外股票,09988,阿里巴巴-W,广义离岸中国AI,中国离岸AI平台/云,7.17%,1,2
025330,银华恒生国企指数(QDII-LOF)C,指数型-海外股票,01810,小米集团-W,广义离岸中国AI,中国离岸AI终端/汽车,5.42%,1,3
025337,华泰柏瑞盈泰稳健3个月持有混合(FOF)A,FOF-稳健型,00700,腾讯控股,广义离岸中国AI,中国离岸AI平台/云,0.11%,1,7
025338,华泰柏瑞盈泰稳健3个月持有混合(FOF)C,FOF-稳健型,00700,腾讯控股,广义离岸中国AI,中国离岸AI平台/云,0.11%,1,7
025339,招商普盛全球配置(QDII)人民币D,QDII-混合灵活,SNDK,闪迪,扩展海外AI,AI存储,0.59%,1,1
025339,招商普盛全球配置(QDII)人民币D,QDII-混合灵活,ARM,Arm Holdings plc ADR,狭义海外AI,AI芯片IP,0.35%,1,7
025339,招商普盛全球配置(QDII)人民币D,QDII-混合灵活,AVGO,博通,狭义海外AI,AI网络/ASIC,0.35%,1,8
025339,招商普盛全球配置(QDII)人民币D,QDII-混合灵活,MU,美光科技,狭义海外AI,AI存储/HBM,0.34%,1,9
025349,广发乾享核心精选混合A,混合型-偏股,00700,腾讯控股,广义离岸中国AI,中国离岸AI平台/云,4.60%,1,4
025350,广发乾享核心精选混合C,混合型-偏股,00700,腾讯控股,广义离岸中国AI,中国离岸AI平台/云,4.60%,1,4
025372,景顺长城景颐裕利债券F,债券型-混合二级,00700,腾讯控股,广义离岸中国AI,中国离岸AI平台/云,0.21%,1,4
025372,景顺长城景颐裕利债券F,债券型-混合二级,00981,中芯国际,广义离岸中国AI,中国离岸半导体制造,0.11%,1,8
025382,长盛研发回报混合C,混合型-偏股,09988,阿里巴巴-W,广义离岸中国AI,中国离岸AI平台/云,4.75%,1,2
025382,长盛研发回报混合C,混合型-偏股,02228,晶泰控股,广义离岸中国AI,中国离岸AI制药,4.63%,1,5
025390,平安港股通成长精选混合A,混合型-偏股,09988,阿里巴巴-W,广义离岸中国AI,中国离岸AI平台/云,6.01%,1,3
025391,平安港股通成长精选混合C,混合型-偏股,09988,阿里巴巴-W,广义离岸中国AI,中国离岸AI平台/云,6.01%,1,3
025410,汇添富双享回报债券D,债券型-混合二级,00700,腾讯控股,广义离岸中国AI,中国离岸AI平台/云,0.80%,1,6
025410,汇添富双享回报债券D,债券型-混合二级,09988,阿里巴巴-W,广义离岸中国AI,中国离岸AI平台/云,0.57%,1,8
025425,华宝安盈混合E,混合型-偏债,00700,腾讯控股,广义离岸中国AI,中国离岸AI平台/云,0.53%,1,5
025425,华宝安盈混合E,混合型-偏债,03896,金山云,广义离岸中国AI,中国离岸云计算,0.41%,1,10
025426,国联中证港股通综合指数增强A,指数型-股票,00700,腾讯控股,广义离岸中国AI,中国离岸AI平台/云,9.20%,1,1
025426,国联中证港股通综合指数增强A,指数型-股票,09988,阿里巴巴-W,广义离岸中国AI,中国离岸AI平台/云,9.08%,1,2
025426,国联中证港股通综合指数增强A,指数型-股票,00981,中芯国际,广义离岸中国AI,中国离岸半导体制造,6.46%,1,4
025427,国联中证港股通综合指数增强C,指数型-股票,00700,腾讯控股,广义离岸中国AI,中国离岸AI平台/云,9.20%,1,1
025427,国联中证港股通综合指数增强C,指数型-股票,09988,阿里巴巴-W,广义离岸中国AI,中国离岸AI平台/云,9.08%,1,2
025427,国联中证港股通综合指数增强C,指数型-股票,00981,中芯国际,广义离岸中国AI,中国离岸半导体制造,6.46%,1,4
025465,汇添富双颐债券D,债券型-混合二级,00700,腾讯控股,广义离岸中国AI,中国离岸AI平台/云,1.22%,1,4
025468,富国创新趋势股票C,股票型,00700,腾讯控股,广义离岸中国AI,中国离岸AI平台/云,8.48%,1,4
025511,广发信息产业股票发起式A,股票型,00700,腾讯控股,广义离岸中国AI,中国离岸AI平台/云,1.34%,1,5
025511,广发信息产业股票发起式A,股票型,03896,金山云,广义离岸中国AI,中国离岸云计算,1.15%,1,6
025512,广发信息产业股票发起式C,股票型,00700,腾讯控股,广义离岸中国AI,中国离岸AI平台/云,1.34%,1,5
025512,广发信息产业股票发起式C,股票型,03896,金山云,广义离岸中国AI,中国离岸云计算,1.15%,1,6
025525,平安恒生港股通科技主题ETF发起式联接A,指数型-股票,01810,小米集团-W,广义离岸中国AI,中国离岸AI终端/汽车,7.43%,1,1
025525,平安恒生港股通科技主题ETF发起式联接A,指数型-股票,00700,腾讯控股,广义离岸中国AI,中国离岸AI平台/云,7.36%,1,2
025525,平安恒生港股通科技主题ETF发起式联接A,指数型-股票,09988,阿里巴巴-W,广义离岸中国AI,中国离岸AI平台/云,6.05%,1,4
025525,平安恒生港股通科技主题ETF发起式联接A,指数型-股票,00981,中芯国际,广义离岸中国AI,中国离岸半导体制造,3.37%,1,5
025525,平安恒生港股通科技主题ETF发起式联接A,指数型-股票,09660,地平线机器人-W,广义离岸中国AI,中国离岸AI芯片/自动驾驶,2.51%,1,7
025525,平安恒生港股通科技主题ETF发起式联接A,指数型-股票,00992,联想集团,广义离岸中国AI,中国离岸AI PC/服务器,2.45%,1,8
025525,平安恒生港股通科技主题ETF发起式联接A,指数型-股票,00020,商汤-W,广义离岸中国AI,中国离岸AI软件,2.19%,1,9
025526,平安恒生港股通科技主题ETF发起式联接C,指数型-股票,01810,小米集团-W,广义离岸中国AI,中国离岸AI终端/汽车,7.43%,1,1
025526,平安恒生港股通科技主题ETF发起式联接C,指数型-股票,00700,腾讯控股,广义离岸中国AI,中国离岸AI平台/云,7.36%,1,2
025526,平安恒生港股通科技主题ETF发起式联接C,指数型-股票,09988,阿里巴巴-W,广义离岸中国AI,中国离岸AI平台/云,6.05%,1,4
025526,平安恒生港股通科技主题ETF发起式联接C,指数型-股票,00981,中芯国际,广义离岸中国AI,中国离岸半导体制造,3.37%,1,5
025526,平安恒生港股通科技主题ETF发起式联接C,指数型-股票,09660,地平线机器人-W,广义离岸中国AI,中国离岸AI芯片/自动驾驶,2.51%,1,7
025526,平安恒生港股通科技主题ETF发起式联接C,指数型-股票,00992,联想集团,广义离岸中国AI,中国离岸AI PC/服务器,2.45%,1,8
025526,平安恒生港股通科技主题ETF发起式联接C,指数型-股票,00020,商汤-W,广义离岸中国AI,中国离岸AI软件,2.19%,1,9
025533,光大阳光优选一年持有混合A,混合型-偏股,00700,腾讯控股,广义离岸中国AI,中国离岸AI平台/云,2.04%,1,5
025534,光大阳光优选一年持有混合C,混合型-偏股,00700,腾讯控股,广义离岸中国AI,中国离岸AI平台/云,2.04%,1,5
025535,光大阳光优选一年持有混合D,混合型-偏股,00700,腾讯控股,广义离岸中国AI,中国离岸AI平台/云,2.04%,1,5
025536,光大阳光优选一年持有混合E,混合型-偏股,00700,腾讯控股,广义离岸中国AI,中国离岸AI平台/云,2.04%,1,5
025540,光大阳光优选一年持有混合F,混合型-偏股,00700,腾讯控股,广义离岸中国AI,中国离岸AI平台/云,2.04%,1,5
025543,华夏价值精选混合C,混合型-偏股,09988,阿里巴巴-W,广义离岸中国AI,中国离岸AI平台/云,3.97%,1,6
025543,华夏价值精选混合C,混合型-偏股,00700,腾讯控股,广义离岸中国AI,中国离岸AI平台/云,2.97%,1,9
025544,汇添富港股通科技精选混合发起式A,混合型-偏股,00700,腾讯控股,广义离岸中国AI,中国离岸AI平台/云,9.53%,1,2
025544,汇添富港股通科技精选混合发起式A,混合型-偏股,09988,阿里巴巴-W,广义离岸中国AI,中国离岸AI平台/云,7.04%,1,6
025544,汇添富港股通科技精选混合发起式A,混合型-偏股,00981,中芯国际,广义离岸中国AI,中国离岸半导体制造,6.55%,1,7
025544,汇添富港股通科技精选混合发起式A,混合型-偏股,01347,华虹半导体,广义离岸中国AI,中国离岸半导体制造,6.25%,1,8
025545,汇添富港股通科技精选混合发起式C,混合型-偏股,00700,腾讯控股,广义离岸中国AI,中国离岸AI平台/云,9.53%,1,2
025545,汇添富港股通科技精选混合发起式C,混合型-偏股,09988,阿里巴巴-W,广义离岸中国AI,中国离岸AI平台/云,7.04%,1,6
025545,汇添富港股通科技精选混合发起式C,混合型-偏股,00981,中芯国际,广义离岸中国AI,中国离岸半导体制造,6.55%,1,7
025545,汇添富港股通科技精选混合发起式C,混合型-偏股,01347,华虹半导体,广义离岸中国AI,中国离岸半导体制造,6.25%,1,8
025558,光大阳光启明星创新驱动混合A,混合型-偏股,09988,阿里巴巴-W,广义离岸中国AI,中国离岸AI平台/云,3.14%,1,4
025559,光大阳光启明星创新驱动混合C,混合型-偏股,09988,阿里巴巴-W,广义离岸中国AI,中国离岸AI平台/云,3.14%,1,4
025560,光大阳光启明星创新驱动混合D,混合型-偏股,09988,阿里巴巴-W,广义离岸中国AI,中国离岸AI平台/云,3.14%,1,4
025565,光大阳光价值30个月持有混合A,混合型-偏股,00700,腾讯控股,广义离岸中国AI,中国离岸AI平台/云,3.51%,1,2
025566,光大阳光价值30个月持有混合D,混合型-偏股,00700,腾讯控股,广义离岸中国AI,中国离岸AI平台/云,3.51%,1,2
025567,光大阳光价值30个月持有混合E,混合型-偏股,00700,腾讯控股,广义离岸中国AI,中国离岸AI平台/云,3.51%,1,2
025587,光大阳光香港精选混合(QDII)A人民币,QDII-混合偏股,00700,腾讯控股,广义离岸中国AI,中国离岸AI平台/云,5.91%,1,2
025587,光大阳光香港精选混合(QDII)A人民币,QDII-混合偏股,09988,阿里巴巴-W,广义离岸中国AI,中国离岸AI平台/云,4.71%,1,4
025588,光大阳光香港精选混合(QDII)A美元现汇,QDII-混合偏股,00700,腾讯控股,广义离岸中国AI,中国离岸AI平台/云,5.91%,1,2
025588,光大阳光香港精选混合(QDII)A美元现汇,QDII-混合偏股,09988,阿里巴巴-W,广义离岸中国AI,中国离岸AI平台/云,4.71%,1,4
025589,光大阳光香港精选混合(QDII)C人民币,QDII-混合偏股,00700,腾讯控股,广义离岸中国AI,中国离岸AI平台/云,5.91%,1,2
025589,光大阳光香港精选混合(QDII)C人民币,QDII-混合偏股,09988,阿里巴巴-W,广义离岸中国AI,中国离岸AI平台/云,4.71%,1,4
025625,国泰海通鑫逸债券A,债券型-混合二级,00700,腾讯控股,广义离岸中国AI,中国离岸AI平台/云,0.49%,1,1
025626,国泰海通鑫逸债券C,债券型-混合二级,00700,腾讯控股,广义离岸中国AI,中国离岸AI平台/云,0.49%,1,1
025627,国泰海通鑫悦债券A,债券型-混合二级,00700,腾讯控股,广义离岸中国AI,中国离岸AI平台/云,0.41%,1,6
025628,国泰海通鑫悦债券C,债券型-混合二级,00700,腾讯控股,广义离岸中国AI,中国离岸AI平台/云,0.41%,1,6
025648,易方达港股通科技混合A,混合型-偏股,09988,阿里巴巴-W,广义离岸中国AI,中国离岸AI平台/云,9.28%,1,2
025648,易方达港股通科技混合A,混合型-偏股,00700,腾讯控股,广义离岸中国AI,中国离岸AI平台/云,6.71%,1,4
025648,易方达港股通科技混合A,混合型-偏股,00981,中芯国际,广义离岸中国AI,中国离岸半导体制造,5.48%,1,5
025648,易方达港股通科技混合A,混合型-偏股,01347,华虹半导体,广义离岸中国AI,中国离岸半导体制造,3.17%,1,9
025649,易方达港股通科技混合C,混合型-偏股,09988,阿里巴巴-W,广义离岸中国AI,中国离岸AI平台/云,9.28%,1,2
025649,易方达港股通科技混合C,混合型-偏股,00700,腾讯控股,广义离岸中国AI,中国离岸AI平台/云,6.71%,1,4
025649,易方达港股通科技混合C,混合型-偏股,00981,中芯国际,广义离岸中国AI,中国离岸半导体制造,5.48%,1,5
025649,易方达港股通科技混合C,混合型-偏股,01347,华虹半导体,广义离岸中国AI,中国离岸半导体制造,3.17%,1,9
025666,银华鑫禾混合A,混合型-偏股,09988,阿里巴巴-W,广义离岸中国AI,中国离岸AI平台/云,4.59%,1,7
025667,银华鑫禾混合C,混合型-偏股,09988,阿里巴巴-W,广义离岸中国AI,中国离岸AI平台/云,4.59%,1,7
025668,申万菱信宁通六个月持有期混合,混合型-偏债,00700,腾讯控股,广义离岸中国AI,中国离岸AI平台/云,0.29%,1,3
025668,申万菱信宁通六个月持有期混合,混合型-偏债,09988,阿里巴巴-W,广义离岸中国AI,中国离岸AI平台/云,0.28%,1,4
025673,鑫元港股通领航混合C,混合型-偏股,01347,华虹半导体,广义离岸中国AI,中国离岸半导体制造,5.86%,1,8
025674,鑫元港股通领航混合A,混合型-偏股,01347,华虹半导体,广义离岸中国AI,中国离岸半导体制造,5.86%,1,8
025686,国泰半导体制造精选混合发起A,混合型-偏股,01347,华虹半导体,广义离岸中国AI,中国离岸半导体制造,2.01%,1,11
025687,国泰半导体制造精选混合发起C,混合型-偏股,01347,华虹半导体,广义离岸中国AI,中国离岸半导体制造,2.01%,1,11
025709,汇添富价值驱动混合A,混合型-偏股,00700,腾讯控股,广义离岸中国AI,中国离岸AI平台/云,5.73%,1,4
025710,汇添富价值驱动混合C,混合型-偏股,00700,腾讯控股,广义离岸中国AI,中国离岸AI平台/云,5.73%,1,4
025721,中欧价值优选混合A,混合型-偏股,00700,腾讯控股,广义离岸中国AI,中国离岸AI平台/云,6.01%,1,2
025721,中欧价值优选混合A,混合型-偏股,09988,阿里巴巴-W,广义离岸中国AI,中国离岸AI平台/云,2.96%,1,9
025722,中欧价值优选混合C,混合型-偏股,00700,腾讯控股,广义离岸中国AI,中国离岸AI平台/云,6.01%,1,2
025722,中欧价值优选混合C,混合型-偏股,09988,阿里巴巴-W,广义离岸中国AI,中国离岸AI平台/云,2.96%,1,9
025736,华西科技成长股票,股票型,01810,小米集团-W,广义离岸中国AI,中国离岸AI终端/汽车,4.76%,1,10
025765,永赢国证港股通互联网ETF联接A,指数型-股票,00700,腾讯控股,广义离岸中国AI,中国离岸AI平台/云,14.38%,1,1
025765,永赢国证港股通互联网ETF联接A,指数型-股票,09988,阿里巴巴-W,广义离岸中国AI,中国离岸AI平台/云,13.94%,1,2
025765,永赢国证港股通互联网ETF联接A,指数型-股票,01810,小米集团-W,广义离岸中国AI,中国离岸AI终端/汽车,13.40%,1,3
025765,永赢国证港股通互联网ETF联接A,指数型-股票,00992,联想集团,广义离岸中国AI,中国离岸AI PC/服务器,4.51%,1,5
025765,永赢国证港股通互联网ETF联接A,指数型-股票,00020,商汤-W,广义离岸中国AI,中国离岸AI软件,4.16%,1,6
025765,永赢国证港股通互联网ETF联接A,指数型-股票,09660,地平线机器人-W,广义离岸中国AI,中国离岸AI芯片/自动驾驶,3.82%,1,8
025766,永赢国证港股通互联网ETF联接C,指数型-股票,00700,腾讯控股,广义离岸中国AI,中国离岸AI平台/云,14.38%,1,1
025766,永赢国证港股通互联网ETF联接C,指数型-股票,09988,阿里巴巴-W,广义离岸中国AI,中国离岸AI平台/云,13.94%,1,2
025766,永赢国证港股通互联网ETF联接C,指数型-股票,01810,小米集团-W,广义离岸中国AI,中国离岸AI终端/汽车,13.40%,1,3
025766,永赢国证港股通互联网ETF联接C,指数型-股票,00992,联想集团,广义离岸中国AI,中国离岸AI PC/服务器,4.51%,1,5
025766,永赢国证港股通互联网ETF联接C,指数型-股票,00020,商汤-W,广义离岸中国AI,中国离岸AI软件,4.16%,1,6
025766,永赢国证港股通互联网ETF联接C,指数型-股票,09660,地平线机器人-W,广义离岸中国AI,中国离岸AI芯片/自动驾驶,3.82%,1,8
025787,大成港股恒信混合(QDII),QDII-混合偏股,00700,腾讯控股,广义离岸中国AI,中国离岸AI平台/云,3.41%,1,3
025787,大成港股恒信混合(QDII),QDII-混合偏股,09988,阿里巴巴-W,广义离岸中国AI,中国离岸AI平台/云,2.09%,1,6
025788,广发质量优选股票A,股票型,09988,阿里巴巴-W,广义离岸中国AI,中国离岸AI平台/云,3.24%,1,1
025788,广发质量优选股票A,股票型,00700,腾讯控股,广义离岸中国AI,中国离岸AI平台/云,3.00%,1,2
025789,广发质量优选股票C,股票型,09988,阿里巴巴-W,广义离岸中国AI,中国离岸AI平台/云,3.24%,1,1
025789,广发质量优选股票C,股票型,00700,腾讯控股,广义离岸中国AI,中国离岸AI平台/云,3.00%,1,2
025828,中欧多元平衡混合A,混合型-灵活,00700,腾讯控股,广义离岸中国AI,中国离岸AI平台/云,0.62%,1,2
025828,中欧多元平衡混合A,混合型-灵活,09988,阿里巴巴-W,广义离岸中国AI,中国离岸AI平台/云,0.45%,1,6
025829,中欧多元平衡混合C,混合型-灵活,00700,腾讯控股,广义离岸中国AI,中国离岸AI平台/云,0.62%,1,2
025829,中欧多元平衡混合C,混合型-灵活,09988,阿里巴巴-W,广义离岸中国AI,中国离岸AI平台/云,0.45%,1,6
025852,富国港股精选混合(QDII)人民币,QDII-混合偏股,09988,阿里巴巴-W,广义离岸中国AI,中国离岸AI平台/云,4.20%,1,2
025852,富国港股精选混合(QDII)人民币,QDII-混合偏股,00700,腾讯控股,广义离岸中国AI,中国离岸AI平台/云,3.35%,1,3
025853,富国港股精选混合(QDII)美元现汇,QDII-混合偏股,09988,阿里巴巴-W,广义离岸中国AI,中国离岸AI平台/云,4.20%,1,2
025853,富国港股精选混合(QDII)美元现汇,QDII-混合偏股,00700,腾讯控股,广义离岸中国AI,中国离岸AI平台/云,3.35%,1,3
025854,中信保诚消费机遇混合A,混合型-偏股,00700,腾讯控股,广义离岸中国AI,中国离岸AI平台/云,4.17%,1,7
025854,中信保诚消费机遇混合A,混合型-偏股,09988,阿里巴巴-W,广义离岸中国AI,中国离岸AI平台/云,3.01%,1,10
025855,中信保诚消费机遇混合C,混合型-偏股,00700,腾讯控股,广义离岸中国AI,中国离岸AI平台/云,4.17%,1,7
025855,中信保诚消费机遇混合C,混合型-偏股,09988,阿里巴巴-W,广义离岸中国AI,中国离岸AI平台/云,3.01%,1,10
025870,圆信永丰沪港深消费精选混合发起A,混合型-偏股,00700,腾讯控股,广义离岸中国AI,中国离岸AI平台/云,5.17%,1,2
025870,圆信永丰沪港深消费精选混合发起A,混合型-偏股,09988,阿里巴巴-W,广义离岸中国AI,中国离岸AI平台/云,4.73%,1,3
025871,圆信永丰沪港深消费精选混合发起C,混合型-偏股,00700,腾讯控股,广义离岸中国AI,中国离岸AI平台/云,5.17%,1,2
025871,圆信永丰沪港深消费精选混合发起C,混合型-偏股,09988,阿里巴巴-W,广义离岸中国AI,中国离岸AI平台/云,4.73%,1,3
025874,博道盛享品质成长混合,混合型-偏股,00700,腾讯控股,广义离岸中国AI,中国离岸AI平台/云,5.65%,1,1
025874,博道盛享品质成长混合,混合型-偏股,09988,阿里巴巴-W,广义离岸中国AI,中国离岸AI平台/云,2.00%,1,9
025902,天弘盈悦稳健配置6个月持有混合(FOF)A,FOF-稳健型,00700,腾讯控股,广义离岸中国AI,中国离岸AI平台/云,0.30%,1,7
025902,天弘盈悦稳健配置6个月持有混合(FOF)A,FOF-稳健型,01810,小米集团-W,广义离岸中国AI,中国离岸AI终端/汽车,0.30%,1,8
025903,天弘盈悦稳健配置6个月持有混合(FOF)C,FOF-稳健型,00700,腾讯控股,广义离岸中国AI,中国离岸AI平台/云,0.30%,1,7
025903,天弘盈悦稳健配置6个月持有混合(FOF)C,FOF-稳健型,01810,小米集团-W,广义离岸中国AI,中国离岸AI终端/汽车,0.30%,1,8
025925,景顺长城成长优选混合,混合型-偏股,00700,腾讯控股,广义离岸中国AI,中国离岸AI平台/云,8.04%,1,2
025930,农银致远价值混合A,混合型-偏股,00700,腾讯控股,广义离岸中国AI,中国离岸AI平台/云,5.57%,1,4
025931,农银致远价值混合C,混合型-偏股,00700,腾讯控股,广义离岸中国AI,中国离岸AI平台/云,5.57%,1,4
025940,浦银安盛港股通消费混合A,混合型-偏股,00700,腾讯控股,广义离岸中国AI,中国离岸AI平台/云,6.30%,1,1
025940,浦银安盛港股通消费混合A,混合型-偏股,09988,阿里巴巴-W,广义离岸中国AI,中国离岸AI平台/云,5.31%,1,2
025941,浦银安盛港股通消费混合C,混合型-偏股,00700,腾讯控股,广义离岸中国AI,中国离岸AI平台/云,6.30%,1,1
025941,浦银安盛港股通消费混合C,混合型-偏股,09988,阿里巴巴-W,广义离岸中国AI,中国离岸AI平台/云,5.31%,1,2
025948,交银远见成长混合A,混合型-偏股,00700,腾讯控股,广义离岸中国AI,中国离岸AI平台/云,4.62%,1,2
025953,交银远见成长混合C,混合型-偏股,00700,腾讯控股,广义离岸中国AI,中国离岸AI平台/云,4.62%,1,2
025956,新华科技优选混合发起A,混合型-偏股,03896,金山云,广义离岸中国AI,中国离岸云计算,7.73%,1,3
025957,新华科技优选混合发起C,混合型-偏股,03896,金山云,广义离岸中国AI,中国离岸云计算,7.73%,1,3
025993,银华盛安六个月持有混合A,混合型-偏债,00700,腾讯控股,广义离岸中国AI,中国离岸AI平台/云,1.29%,1,1
025993,银华盛安六个月持有混合A,混合型-偏债,09988,阿里巴巴-W,广义离岸中国AI,中国离岸AI平台/云,0.76%,1,8
025994,银华盛安六个月持有混合C,混合型-偏债,00700,腾讯控股,广义离岸中国AI,中国离岸AI平台/云,1.29%,1,1
025994,银华盛安六个月持有混合C,混合型-偏债,09988,阿里巴巴-W,广义离岸中国AI,中国离岸AI平台/云,0.76%,1,8
026017,银华盛泓债券E,债券型-混合二级,00700,腾讯控股,广义离岸中国AI,中国离岸AI平台/云,1.10%,1,2
026017,银华盛泓债券E,债券型-混合二级,09988,阿里巴巴-W,广义离岸中国AI,中国离岸AI平台/云,0.85%,1,5
026045,华商安元债券A,债券型-混合二级,09988,阿里巴巴-W,广义离岸中国AI,中国离岸AI平台/云,1.07%,1,1
026045,华商安元债券A,债券型-混合二级,03896,金山云,广义离岸中国AI,中国离岸云计算,0.46%,1,2
026045,华商安元债券A,债券型-混合二级,00700,腾讯控股,广义离岸中国AI,中国离岸AI平台/云,0.42%,1,3
026046,华商安元债券C,债券型-混合二级,09988,阿里巴巴-W,广义离岸中国AI,中国离岸AI平台/云,1.07%,1,1
026046,华商安元债券C,债券型-混合二级,03896,金山云,广义离岸中国AI,中国离岸云计算,0.46%,1,2
026046,华商安元债券C,债券型-混合二级,00700,腾讯控股,广义离岸中国AI,中国离岸AI平台/云,0.42%,1,3
026055,东方红汇裕债券A,债券型-混合二级,09988,阿里巴巴-W,广义离岸中国AI,中国离岸AI平台/云,0.36%,1,1
026055,东方红汇裕债券A,债券型-混合二级,00700,腾讯控股,广义离岸中国AI,中国离岸AI平台/云,0.32%,1,2
026055,东方红汇裕债券A,债券型-混合二级,01810,小米集团-W,广义离岸中国AI,中国离岸AI终端/汽车,0.29%,1,3
026056,东方红汇裕债券C,债券型-混合二级,09988,阿里巴巴-W,广义离岸中国AI,中国离岸AI平台/云,0.36%,1,1
026056,东方红汇裕债券C,债券型-混合二级,00700,腾讯控股,广义离岸中国AI,中国离岸AI平台/云,0.32%,1,2
026056,东方红汇裕债券C,债券型-混合二级,01810,小米集团-W,广义离岸中国AI,中国离岸AI终端/汽车,0.29%,1,3
026070,安信港股通臻选混合发起A,混合型-偏股,00700,腾讯控股,广义离岸中国AI,中国离岸AI平台/云,5.84%,1,1
026070,安信港股通臻选混合发起A,混合型-偏股,09988,阿里巴巴-W,广义离岸中国AI,中国离岸AI平台/云,5.75%,1,2
026071,安信港股通臻选混合发起C,混合型-偏股,00700,腾讯控股,广义离岸中国AI,中国离岸AI平台/云,5.84%,1,1
026071,安信港股通臻选混合发起C,混合型-偏股,09988,阿里巴巴-W,广义离岸中国AI,中国离岸AI平台/云,5.75%,1,2
026072,广发研究智选混合A,混合型-偏股,09988,阿里巴巴-W,广义离岸中国AI,中国离岸AI平台/云,2.75%,1,1
026072,广发研究智选混合A,混合型-偏股,00700,腾讯控股,广义离岸中国AI,中国离岸AI平台/云,1.53%,1,5
026073,广发研究智选混合C,混合型-偏股,09988,阿里巴巴-W,广义离岸中国AI,中国离岸AI平台/云,2.75%,1,1
026073,广发研究智选混合C,混合型-偏股,00700,腾讯控股,广义离岸中国AI,中国离岸AI平台/云,1.53%,1,5
026076,恒生前海港股通科技成长混合A,混合型-偏股,00992,联想集团,广义离岸中国AI,中国离岸AI PC/服务器,3.95%,1,10
026077,恒生前海港股通科技成长混合C,混合型-偏股,00992,联想集团,广义离岸中国AI,中国离岸AI PC/服务器,3.95%,1,10
026081,财通资管优质研选混合发起式A,混合型-偏股,09988,阿里巴巴-W,广义离岸中国AI,中国离岸AI平台/云,2.07%,1,10
026082,财通资管优质研选混合发起式C,混合型-偏股,09988,阿里巴巴-W,广义离岸中国AI,中国离岸AI平台/云,2.07%,1,10
026115,广发悦盈稳健三个月持有混合发起式(FOF)A,FOF-稳健型,00700,腾讯控股,广义离岸中国AI,中国离岸AI平台/云,0.21%,1,3
026116,广发悦盈稳健三个月持有混合发起式(FOF)C,FOF-稳健型,00700,腾讯控股,广义离岸中国AI,中国离岸AI平台/云,0.21%,1,3
026167,国泰港股通精选混合发起A,混合型-偏股,01810,小米集团-W,广义离岸中国AI,中国离岸AI终端/汽车,8.85%,1,1
026167,国泰港股通精选混合发起A,混合型-偏股,09988,阿里巴巴-W,广义离岸中国AI,中国离岸AI平台/云,8.34%,1,2
026167,国泰港股通精选混合发起A,混合型-偏股,00700,腾讯控股,广义离岸中国AI,中国离岸AI平台/云,5.65%,1,10
026168,国泰港股通精选混合发起C,混合型-偏股,01810,小米集团-W,广义离岸中国AI,中国离岸AI终端/汽车,8.85%,1,1
026168,国泰港股通精选混合发起C,混合型-偏股,09988,阿里巴巴-W,广义离岸中国AI,中国离岸AI平台/云,8.34%,1,2
026168,国泰港股通精选混合发起C,混合型-偏股,00700,腾讯控股,广义离岸中国AI,中国离岸AI平台/云,5.65%,1,10
026173,路博迈港股通科技股票A,股票型,09988,阿里巴巴-W,广义离岸中国AI,中国离岸AI平台/云,9.11%,1,1
026173,路博迈港股通科技股票A,股票型,00700,腾讯控股,广义离岸中国AI,中国离岸AI平台/云,8.97%,1,2
026173,路博迈港股通科技股票A,股票型,00981,中芯国际,广义离岸中国AI,中国离岸半导体制造,3.34%,1,6
026174,路博迈港股通科技股票C,股票型,09988,阿里巴巴-W,广义离岸中国AI,中国离岸AI平台/云,9.11%,1,1
026174,路博迈港股通科技股票C,股票型,00700,腾讯控股,广义离岸中国AI,中国离岸AI平台/云,8.97%,1,2
026174,路博迈港股通科技股票C,股票型,00981,中芯国际,广义离岸中国AI,中国离岸半导体制造,3.34%,1,6
026183,长江中证全指指数增强发起A,指数型-股票,00700,腾讯控股,广义离岸中国AI,中国离岸AI平台/云,0.07%,1,11
026183,长江中证全指指数增强发起A,指数型-股票,09988,阿里巴巴-W,广义离岸中国AI,中国离岸AI平台/云,0.02%,1,12
026184,长江中证全指指数增强发起C,指数型-股票,00700,腾讯控股,广义离岸中国AI,中国离岸AI平台/云,0.07%,1,11
026184,长江中证全指指数增强发起C,指数型-股票,09988,阿里巴巴-W,广义离岸中国AI,中国离岸AI平台/云,0.02%,1,12
026199,大摩港股通多元成长混合A,混合型-偏股,00700,腾讯控股,广义离岸中国AI,中国离岸AI平台/云,7.89%,1,1
026199,大摩港股通多元成长混合A,混合型-偏股,09988,阿里巴巴-W,广义离岸中国AI,中国离岸AI平台/云,5.85%,1,3
026199,大摩港股通多元成长混合A,混合型-偏股,03896,金山云,广义离岸中国AI,中国离岸云计算,4.24%,1,4
026199,大摩港股通多元成长混合A,混合型-偏股,02228,晶泰控股,广义离岸中国AI,中国离岸AI制药,3.74%,1,5
026200,大摩港股通多元成长混合C,混合型-偏股,00700,腾讯控股,广义离岸中国AI,中国离岸AI平台/云,7.89%,1,1
026200,大摩港股通多元成长混合C,混合型-偏股,09988,阿里巴巴-W,广义离岸中国AI,中国离岸AI平台/云,5.85%,1,3
026200,大摩港股通多元成长混合C,混合型-偏股,03896,金山云,广义离岸中国AI,中国离岸云计算,4.24%,1,4
026200,大摩港股通多元成长混合C,混合型-偏股,02228,晶泰控股,广义离岸中国AI,中国离岸AI制药,3.74%,1,5
026206,宝盈恒生科技指数(QDII)A,指数型-海外股票,01810,小米集团-W,广义离岸中国AI,中国离岸AI终端/汽车,7.77%,1,3
026206,宝盈恒生科技指数(QDII)A,指数型-海外股票,00700,腾讯控股,广义离岸中国AI,中国离岸AI平台/云,7.32%,1,4
026206,宝盈恒生科技指数(QDII)A,指数型-海外股票,09988,阿里巴巴-W,广义离岸中国AI,中国离岸AI平台/云,6.82%,1,6
026206,宝盈恒生科技指数(QDII)A,指数型-海外股票,00981,中芯国际,广义离岸中国AI,中国离岸半导体制造,5.99%,1,7
026206,宝盈恒生科技指数(QDII)A,指数型-海外股票,09888,百度集团-SW,广义离岸中国AI,中国离岸AI/自动驾驶/云,3.68%,1,10
026207,宝盈恒生科技指数(QDII)C,指数型-海外股票,01810,小米集团-W,广义离岸中国AI,中国离岸AI终端/汽车,7.77%,1,3
026207,宝盈恒生科技指数(QDII)C,指数型-海外股票,00700,腾讯控股,广义离岸中国AI,中国离岸AI平台/云,7.32%,1,4
026207,宝盈恒生科技指数(QDII)C,指数型-海外股票,09988,阿里巴巴-W,广义离岸中国AI,中国离岸AI平台/云,6.82%,1,6
026207,宝盈恒生科技指数(QDII)C,指数型-海外股票,00981,中芯国际,广义离岸中国AI,中国离岸半导体制造,5.99%,1,7
026207,宝盈恒生科技指数(QDII)C,指数型-海外股票,09888,百度集团-SW,广义离岸中国AI,中国离岸AI/自动驾驶/云,3.68%,1,10
026212,工银科技智选混合A,混合型-偏股,00700,腾讯控股,广义离岸中国AI,中国离岸AI平台/云,2.45%,1,5
026213,工银科技智选混合C,混合型-偏股,00700,腾讯控股,广义离岸中国AI,中国离岸AI平台/云,2.45%,1,5
026228,富国全球科技互联网股票(QDII)D,QDII-普通股票,TSM,台积电,狭义海外AI,先进制程代工,10.06%,1,1
026228,富国全球科技互联网股票(QDII)D,QDII-普通股票,NVDA,英伟达,狭义海外AI,核心算力-GPU,9.80%,1,2
026228,富国全球科技互联网股票(QDII)D,QDII-普通股票,GOOGL,谷歌-A,狭义海外AI,AI云/大模型,8.56%,1,3
026228,富国全球科技互联网股票(QDII)D,QDII-普通股票,AMD,超威半导体,狭义海外AI,核心算力-GPU,7.40%,1,5
026228,富国全球科技互联网股票(QDII)D,QDII-普通股票,000660,SK海力士,狭义海外AI,AI存储/HBM,4.11%,1,7
026228,富国全球科技互联网股票(QDII)D,QDII-普通股票,INTC,英特尔,扩展海外AI,半导体,3.66%,1,8
026228,富国全球科技互联网股票(QDII)D,QDII-普通股票,ASML,阿斯麦,狭义海外AI,半导体设备,3.58%,1,9
026228,富国全球科技互联网股票(QDII)D,QDII-普通股票,005930,三星电子,扩展海外AI,半导体/存储,3.33%,1,10
026251,易方达消费机遇混合A,混合型-偏股,00700,腾讯控股,广义离岸中国AI,中国离岸AI平台/云,6.48%,1,3
026252,易方达消费机遇混合C,混合型-偏股,00700,腾讯控股,广义离岸中国AI,中国离岸AI平台/云,6.48%,1,3
026269,万家消费机遇混合A,混合型-偏股,00700,腾讯控股,广义离岸中国AI,中国离岸AI平台/云,2.28%,1,7
026270,万家消费机遇混合C,混合型-偏股,00700,腾讯控股,广义离岸中国AI,中国离岸AI平台/云,2.28%,1,7
026271,上银消费机遇混合发起式A,混合型-偏股,00700,腾讯控股,广义离岸中国AI,中国离岸AI平台/云,9.27%,1,1
026271,上银消费机遇混合发起式A,混合型-偏股,09988,阿里巴巴-W,广义离岸中国AI,中国离岸AI平台/云,5.14%,1,7
026272,上银消费机遇混合发起式C,混合型-偏股,00700,腾讯控股,广义离岸中国AI,中国离岸AI平台/云,9.27%,1,1
026272,上银消费机遇混合发起式C,混合型-偏股,09988,阿里巴巴-W,广义离岸中国AI,中国离岸AI平台/云,5.14%,1,7
026277,泉果竞争优势混合A,混合型-偏股,00700,腾讯控股,广义离岸中国AI,中国离岸AI平台/云,3.09%,1,2
026277,泉果竞争优势混合A,混合型-偏股,09988,阿里巴巴-W,广义离岸中国AI,中国离岸AI平台/云,2.42%,1,3
026278,泉果竞争优势混合C,混合型-偏股,00700,腾讯控股,广义离岸中国AI,中国离岸AI平台/云,3.09%,1,2
026278,泉果竞争优势混合C,混合型-偏股,09988,阿里巴巴-W,广义离岸中国AI,中国离岸AI平台/云,2.42%,1,3
026284,东方红嘉享混合发起A,混合型-偏股,03896,金山云,广义离岸中国AI,中国离岸云计算,3.21%,1,7
026285,东方红嘉享混合发起C,混合型-偏股,03896,金山云,广义离岸中国AI,中国离岸云计算,3.21%,1,7
026286,华宝优势产业混合A,混合型-偏股,09988,阿里巴巴-W,广义离岸中国AI,中国离岸AI平台/云,5.08%,1,5
026286,华宝优势产业混合A,混合型-偏股,00700,腾讯控股,广义离岸中国AI,中国离岸AI平台/云,4.96%,1,8
026287,华宝优势产业混合C,混合型-偏股,09988,阿里巴巴-W,广义离岸中国AI,中国离岸AI平台/云,5.08%,1,5
026287,华宝优势产业混合C,混合型-偏股,00700,腾讯控股,广义离岸中国AI,中国离岸AI平台/云,4.96%,1,8
026303,上银科技创新股票发起式A,股票型,01810,小米集团-W,广义离岸中国AI,中国离岸AI终端/汽车,2.21%,1,7
026304,上银科技创新股票发起式C,股票型,01810,小米集团-W,广义离岸中国AI,中国离岸AI终端/汽车,2.21%,1,7
026323,广发消费智选混合A,混合型-偏股,00700,腾讯控股,广义离岸中国AI,中国离岸AI平台/云,7.28%,1,2
026323,广发消费智选混合A,混合型-偏股,09988,阿里巴巴-W,广义离岸中国AI,中国离岸AI平台/云,4.97%,1,7
026324,广发消费智选混合C,混合型-偏股,00700,腾讯控股,广义离岸中国AI,中国离岸AI平台/云,7.28%,1,2
026324,广发消费智选混合C,混合型-偏股,09988,阿里巴巴-W,广义离岸中国AI,中国离岸AI平台/云,4.97%,1,7
026325,上银慧达双利债券A,债券型-混合二级,09988,阿里巴巴-W,广义离岸中国AI,中国离岸AI平台/云,0.09%,1,9
026326,上银慧达双利债券C,债券型-混合二级,09988,阿里巴巴-W,广义离岸中国AI,中国离岸AI平台/云,0.09%,1,9
026327,广发乾元价值增长混合A,混合型-偏股,00700,腾讯控股,广义离岸中国AI,中国离岸AI平台/云,8.05%,1,1
026328,广发乾元价值增长混合C,混合型-偏股,00700,腾讯控股,广义离岸中国AI,中国离岸AI平台/云,8.05%,1,1
026448,大摩沪港深科技混合A,混合型-偏股,00700,腾讯控股,广义离岸中国AI,中国离岸AI平台/云,3.79%,1,7
026449,大摩沪港深科技混合C,混合型-偏股,00700,腾讯控股,广义离岸中国AI,中国离岸AI平台/云,3.79%,1,7
026468,山证资管数字经济锐选股票发起式A,股票型,00700,腾讯控股,广义离岸中国AI,中国离岸AI平台/云,6.53%,1,1
026468,山证资管数字经济锐选股票发起式A,股票型,09988,阿里巴巴-W,广义离岸中国AI,中国离岸AI平台/云,5.35%,1,2
026469,山证资管数字经济锐选股票发起式C,股票型,00700,腾讯控股,广义离岸中国AI,中国离岸AI平台/云,6.53%,1,1
026469,山证资管数字经济锐选股票发起式C,股票型,09988,阿里巴巴-W,广义离岸中国AI,中国离岸AI平台/云,5.35%,1,2
026497,中银招享6个月持有混合A,混合型-偏债,09988,阿里巴巴-W,广义离岸中国AI,中国离岸AI平台/云,0.40%,1,3
026498,中银招享6个月持有混合C,混合型-偏债,09988,阿里巴巴-W,广义离岸中国AI,中国离岸AI平台/云,0.40%,1,3
026512,睿远研选均衡三年持有混合发起式,混合型-偏股,00700,腾讯控股,广义离岸中国AI,中国离岸AI平台/云,6.86%,1,2
026516,上银科技先锋股票发起式A,股票型,00700,腾讯控股,广义离岸中国AI,中国离岸AI平台/云,8.12%,1,6
026517,上银科技先锋股票发起式C,股票型,00700,腾讯控股,广义离岸中国AI,中国离岸AI平台/云,8.12%,1,6
026609,工银前瞻成长混合A,混合型-偏股,00700,腾讯控股,广义离岸中国AI,中国离岸AI平台/云,6.54%,1,2
026610,工银前瞻成长混合C,混合型-偏股,00700,腾讯控股,广义离岸中国AI,中国离岸AI平台/云,6.54%,1,2
026617,万家致远动力混合发起式A,混合型-偏股,00700,腾讯控股,广义离岸中国AI,中国离岸AI平台/云,2.38%,1,9
026618,万家致远动力混合发起式C,混合型-偏股,00700,腾讯控股,广义离岸中国AI,中国离岸AI平台/云,2.38%,1,9
026830,中欧预见稳瑞混合(FOF)C,FOF-稳健型,09988,阿里巴巴-W,广义离岸中国AI,中国离岸AI平台/云,0.34%,1,6
026845,汇添富添添乐双盈债券E,债券型-混合二级,00700,腾讯控股,广义离岸中国AI,中国离岸AI平台/云,0.59%,1,4
040018,华安香港精选股票(QDII),QDII-普通股票,09988,阿里巴巴-W,广义离岸中国AI,中国离岸AI平台/云,3.18%,1,1
040021,华安大中华升级股票(QDII)A,QDII-普通股票,09988,阿里巴巴-W,广义离岸中国AI,中国离岸AI平台/云,2.91%,1,2
050015,博时大中华亚太精选,QDII-普通股票,2330,台积电,狭义海外AI,先进制程代工,7.43%,1,1
050015,博时大中华亚太精选,QDII-普通股票,09988,阿里巴巴-W,广义离岸中国AI,中国离岸AI平台/云,5.05%,1,3
050015,博时大中华亚太精选,QDII-普通股票,2454,联发科,扩展海外AI,边缘AI芯片,3.95%,1,6
050015,博时大中华亚太精选,QDII-普通股票,00700,腾讯控股,广义离岸中国AI,中国离岸AI平台/云,3.89%,1,7
050020,博时抗通胀增强回报,QDII-商品,NVDA,英伟达,狭义海外AI,核心算力-GPU,7.09%,1,1
050020,博时抗通胀增强回报,QDII-商品,TSM,台积电,狭义海外AI,先进制程代工,4.40%,1,2
050020,博时抗通胀增强回报,QDII-商品,MSFT,微软,狭义海外AI,AI云/软件,1.87%,1,3
050020,博时抗通胀增强回报,QDII-商品,META,Meta Platforms Inc-A,狭义海外AI,AI平台,1.72%,1,4
050020,博时抗通胀增强回报,QDII-商品,AMZN,亚马逊,狭义海外AI,AI云,1.33%,1,5
050020,博时抗通胀增强回报,QDII-商品,GOOGL,谷歌-A,狭义海外AI,AI云/大模型,0.82%,1,7
050020,博时抗通胀增强回报,QDII-商品,ASML,阿斯麦,狭义海外AI,半导体设备,0.63%,1,9
070012,嘉实海外中国股票混合,QDII-混合偏股,00700,腾讯控股,广义离岸中国AI,中国离岸AI平台/云,7.86%,1,1
080006,长盛环球行业混合(QDII),QDII-混合偏股,NVDA,英伟达,狭义海外AI,核心算力-GPU,4.92%,1,1
080006,长盛环球行业混合(QDII),QDII-混合偏股,TSM,台积电,狭义海外AI,先进制程代工,3.89%,1,2
080006,长盛环球行业混合(QDII),QDII-混合偏股,GOOGL,谷歌-A,狭义海外AI,AI云/大模型,3.51%,1,3
080006,长盛环球行业混合(QDII),QDII-混合偏股,AVGO,博通,狭义海外AI,AI网络/ASIC,2.97%,1,5
080006,长盛环球行业混合(QDII),QDII-混合偏股,MRVL,迈威尔科技,狭义海外AI,AI网络/ASIC,2.38%,1,6
096001,大成标普500等权重指数(QDII)A人民币,指数型-海外股票,DELL,戴尔科技,扩展海外AI,AI服务器,0.21%,1,6
100055,富国全球科技互联网股票(QDII)A,QDII-普通股票,TSM,台积电,狭义海外AI,先进制程代工,10.06%,1,1
100055,富国全球科技互联网股票(QDII)A,QDII-普通股票,NVDA,英伟达,狭义海外AI,核心算力-GPU,9.80%,1,2
100055,富国全球科技互联网股票(QDII)A,QDII-普通股票,GOOGL,谷歌-A,狭义海外AI,AI云/大模型,8.56%,1,3
100055,富国全球科技互联网股票(QDII)A,QDII-普通股票,AMD,超威半导体,狭义海外AI,核心算力-GPU,7.40%,1,5
100055,富国全球科技互联网股票(QDII)A,QDII-普通股票,000660,SK海力士,狭义海外AI,AI存储/HBM,4.11%,1,7
100055,富国全球科技互联网股票(QDII)A,QDII-普通股票,INTC,英特尔,扩展海外AI,半导体,3.66%,1,8
100055,富国全球科技互联网股票(QDII)A,QDII-普通股票,ASML,阿斯麦,狭义海外AI,半导体设备,3.58%,1,9
100055,富国全球科技互联网股票(QDII)A,QDII-普通股票,005930,三星电子,扩展海外AI,半导体/存储,3.33%,1,10
100061,富国中国中小盘混合(QDII)人民币A,QDII-混合偏股,00700,腾讯控股,广义离岸中国AI,中国离岸AI平台/云,4.97%,1,1
110011,易方达优质精选混合(QDII),QDII-混合偏股,00700,腾讯控股,广义离岸中国AI,中国离岸AI平台/云,9.56%,1,5
110011,易方达优质精选混合(QDII),QDII-混合偏股,09988,阿里巴巴-W,广义离岸中国AI,中国离岸AI平台/云,8.04%,1,7
118001,易方达亚洲精选股票,QDII-普通股票,005930,三星电子,扩展海外AI,半导体/存储,9.18%,1,3
118001,易方达亚洲精选股票,QDII-普通股票,00700,腾讯控股,广义离岸中国AI,中国离岸AI平台/云,8.77%,1,4
118001,易方达亚洲精选股票,QDII-普通股票,GOOGL,谷歌-A,狭义海外AI,AI云/大模型,8.41%,1,5
118001,易方达亚洲精选股票,QDII-普通股票,000660,SK海力士,狭义海外AI,AI存储/HBM,7.59%,1,7
118001,易方达亚洲精选股票,QDII-普通股票,09988,阿里巴巴-W,广义离岸中国AI,中国离岸AI平台/云,7.13%,1,8
118001,易方达亚洲精选股票,QDII-普通股票,TSM,台积电,狭义海外AI,先进制程代工,6.79%,1,9
118001,易方达亚洲精选股票,QDII-普通股票,ASML,阿斯麦,狭义海外AI,半导体设备,5.19%,1,10
118001,易方达亚洲精选股票,QDII-普通股票,2330,台积电,狭义海外AI,先进制程代工,3.31%,1,11
118002,易方达标普消费品指数A,指数型-海外股票,00700,腾讯控股,广义离岸中国AI,中国离岸AI平台/云,2.84%,1,9
118002,易方达标普消费品指数A,指数型-海外股票,09988,阿里巴巴-W,广义离岸中国AI,中国离岸AI平台/云,1.05%,1,15
159101,港股通科技ETF华夏,指数型-股票,00700,腾讯控股,广义离岸中国AI,中国离岸AI平台/云,14.80%,1,1
159101,港股通科技ETF华夏,指数型-股票,09988,阿里巴巴-W,广义离岸中国AI,中国离岸AI平台/云,14.59%,1,2
159101,港股通科技ETF华夏,指数型-股票,01810,小米集团-W,广义离岸中国AI,中国离岸AI终端/汽车,13.24%,1,3
159101,港股通科技ETF华夏,指数型-股票,00981,中芯国际,广义离岸中国AI,中国离岸半导体制造,5.48%,1,6
159102,港股通生物科技ETF华安,指数型-股票,02228,晶泰控股,广义离岸中国AI,中国离岸AI制药,3.17%,1,10
159105,恒生生物科技ETF易方达,指数型-股票,02228,晶泰控股,广义离岸中国AI,中国离岸AI制药,3.23%,1,10
159109,恒生50ETF景顺,指数型-股票,00700,腾讯控股,广义离岸中国AI,中国离岸AI平台/云,14.66%,1,1
159109,恒生50ETF景顺,指数型-股票,09988,阿里巴巴-W,广义离岸中国AI,中国离岸AI平台/云,13.66%,1,2
159109,恒生50ETF景顺,指数型-股票,01810,小米集团-W,广义离岸中国AI,中国离岸AI终端/汽车,4.09%,1,5
159120,港股通科技ETF国联安,指数型-股票,00700,腾讯控股,广义离岸中国AI,中国离岸AI平台/云,15.25%,1,1
159120,港股通科技ETF国联安,指数型-股票,01810,小米集团-W,广义离岸中国AI,中国离岸AI终端/汽车,14.83%,1,2
159120,港股通科技ETF国联安,指数型-股票,09988,阿里巴巴-W,广义离岸中国AI,中国离岸AI平台/云,14.18%,1,3
159120,港股通科技ETF国联安,指数型-股票,00981,中芯国际,广义离岸中国AI,中国离岸半导体制造,5.46%,1,5
159120,港股通科技ETF国联安,指数型-股票,09660,地平线机器人-W,广义离岸中国AI,中国离岸AI芯片/自动驾驶,3.82%,1,7
159120,港股通科技ETF国联安,指数型-股票,00020,商汤-W,广义离岸中国AI,中国离岸AI软件,3.11%,1,8
159120,港股通科技ETF国联安,指数型-股票,00992,联想集团,广义离岸中国AI,中国离岸AI PC/服务器,3.10%,1,9
159120,港股通科技ETF国联安,指数型-股票,01347,华虹半导体,广义离岸中国AI,中国离岸半导体制造,3.09%,1,10
159125,港股通科技ETF招商,指数型-股票,00700,腾讯控股,广义离岸中国AI,中国离岸AI平台/云,14.67%,1,1
159125,港股通科技ETF招商,指数型-股票,09988,阿里巴巴-W,广义离岸中国AI,中国离岸AI平台/云,14.46%,1,2
159125,港股通科技ETF招商,指数型-股票,01810,小米集团-W,广义离岸中国AI,中国离岸AI终端/汽车,13.13%,1,3
159125,港股通科技ETF招商,指数型-股票,00981,中芯国际,广义离岸中国AI,中国离岸半导体制造,5.43%,1,6
159126,港股通50ETF南方,指数型-股票,00700,腾讯控股,广义离岸中国AI,中国离岸AI平台/云,8.34%,1,2
159126,港股通50ETF南方,指数型-股票,09988,阿里巴巴-W,广义离岸中国AI,中国离岸AI平台/云,8.08%,1,3
159126,港股通50ETF南方,指数型-股票,01810,小米集团-W,广义离岸中国AI,中国离岸AI终端/汽车,3.82%,1,7
159128,港股科技ETF天弘,指数型-股票,00700,腾讯控股,广义离岸中国AI,中国离岸AI平台/云,14.81%,1,1
159128,港股科技ETF天弘,指数型-股票,09988,阿里巴巴-W,广义离岸中国AI,中国离岸AI平台/云,14.60%,1,2
159128,港股科技ETF天弘,指数型-股票,01810,小米集团-W,广义离岸中国AI,中国离岸AI终端/汽车,13.25%,1,3
159128,港股科技ETF天弘,指数型-股票,00981,中芯国际,广义离岸中国AI,中国离岸半导体制造,5.48%,1,6
159130,恒生生物科技ETF鹏华,指数型-股票,02228,晶泰控股,广义离岸中国AI,中国离岸AI制药,3.22%,1,10
159131,港股通信息技术ETF华宝,指数型-股票,01810,小米集团-W,广义离岸中国AI,中国离岸AI终端/汽车,13.14%,1,1
159131,港股通信息技术ETF华宝,指数型-股票,00981,中芯国际,广义离岸中国AI,中国离岸半导体制造,12.44%,1,2
159131,港股通信息技术ETF华宝,指数型-股票,00992,联想集团,广义离岸中国AI,中国离岸AI PC/服务器,8.95%,1,3
159131,港股通信息技术ETF华宝,指数型-股票,01347,华虹半导体,广义离岸中国AI,中国离岸半导体制造,7.05%,1,4
159131,港股通信息技术ETF华宝,指数型-股票,00020,商汤-W,广义离岸中国AI,中国离岸AI软件,6.57%,1,5
159132,恒生生物科技ETF富国,指数型-股票,02228,晶泰控股,广义离岸中国AI,中国离岸AI制药,3.25%,1,10
159135,港股通科技ETF前海开源,指数型-股票,00700,腾讯控股,广义离岸中国AI,中国离岸AI平台/云,15.33%,2,1
159135,港股通科技ETF前海开源,指数型-股票,01810,小米集团-W,广义离岸中国AI,中国离岸AI终端/汽车,14.91%,2,2
159135,港股通科技ETF前海开源,指数型-股票,09988,阿里巴巴-W,广义离岸中国AI,中国离岸AI平台/云,14.29%,2,3
159135,港股通科技ETF前海开源,指数型-股票,00981,中芯国际,广义离岸中国AI,中国离岸半导体制造,5.50%,2,5
159135,港股通科技ETF前海开源,指数型-股票,09660,地平线机器人-W,广义离岸中国AI,中国离岸AI芯片/自动驾驶,3.85%,2,7
159135,港股通科技ETF前海开源,指数型-股票,00020,商汤-W,广义离岸中国AI,中国离岸AI软件,3.19%,2,8
159135,港股通科技ETF前海开源,指数型-股票,01347,华虹半导体,广义离岸中国AI,中国离岸半导体制造,3.09%,2,9
159135,港股通科技ETF前海开源,指数型-股票,00992,联想集团,广义离岸中国AI,中国离岸AI PC/服务器,3.08%,1,10
159137,港股通医疗ETF华宝,指数型-股票,02228,晶泰控股,广义离岸中国AI,中国离岸AI制药,5.24%,2,4
159152,港股通科技ETF平安,指数型-股票,00700,腾讯控股,广义离岸中国AI,中国离岸AI平台/云,15.00%,2,1
159152,港股通科技ETF平安,指数型-股票,01810,小米集团-W,广义离岸中国AI,中国离岸AI终端/汽车,14.61%,2,2
159152,港股通科技ETF平安,指数型-股票,09988,阿里巴巴-W,广义离岸中国AI,中国离岸AI平台/云,13.97%,2,3
159152,港股通科技ETF平安,指数型-股票,00981,中芯国际,广义离岸中国AI,中国离岸半导体制造,5.36%,2,5
159152,港股通科技ETF平安,指数型-股票,09660,地平线机器人-W,广义离岸中国AI,中国离岸AI芯片/自动驾驶,3.76%,2,7
159152,港股通科技ETF平安,指数型-股票,00020,商汤-W,广义离岸中国AI,中国离岸AI软件,3.07%,2,8
159152,港股通科技ETF平安,指数型-股票,00992,联想集团,广义离岸中国AI,中国离岸AI PC/服务器,3.02%,1,9
159152,港股通科技ETF平安,指数型-股票,01347,华虹半导体,广义离岸中国AI,中国离岸半导体制造,2.99%,2,10
159170,港股通互联网ETF永赢,指数型-股票,00700,腾讯控股,广义离岸中国AI,中国离岸AI平台/云,15.12%,2,1
159170,港股通互联网ETF永赢,指数型-股票,09988,阿里巴巴-W,广义离岸中国AI,中国离岸AI平台/云,14.66%,2,2
159170,港股通互联网ETF永赢,指数型-股票,01810,小米集团-W,广义离岸中国AI,中国离岸AI终端/汽车,14.10%,2,3
159170,港股通互联网ETF永赢,指数型-股票,00992,联想集团,广义离岸中国AI,中国离岸AI PC/服务器,4.75%,2,5
159170,港股通互联网ETF永赢,指数型-股票,00020,商汤-W,广义离岸中国AI,中国离岸AI软件,4.37%,2,6
159170,港股通互联网ETF永赢,指数型-股票,09660,地平线机器人-W,广义离岸中国AI,中国离岸AI芯片/自动驾驶,4.02%,2,8
159202,恒生互联网ETF万家,指数型-海外股票,00700,腾讯控股,广义离岸中国AI,中国离岸AI平台/云,15.12%,1,1
159202,恒生互联网ETF万家,指数型-海外股票,09988,阿里巴巴-W,广义离岸中国AI,中国离岸AI平台/云,14.08%,1,2
159202,恒生互联网ETF万家,指数型-海外股票,01810,小米集团-W,广义离岸中国AI,中国离岸AI终端/汽车,10.69%,1,4
159202,恒生互联网ETF万家,指数型-海外股票,09888,百度集团-SW,广义离岸中国AI,中国离岸AI/自动驾驶/云,5.45%,1,8
159202,恒生互联网ETF万家,指数型-海外股票,09660,地平线机器人-W,广义离岸中国AI,中国离岸AI芯片/自动驾驶,3.23%,1,9
159202,恒生互联网ETF万家,指数型-海外股票,00020,商汤-W,广义离岸中国AI,中国离岸AI软件,2.63%,1,10
159251,港股通科技ETF万家,指数型-股票,00700,腾讯控股,广义离岸中国AI,中国离岸AI平台/云,14.69%,1,1
159251,港股通科技ETF万家,指数型-股票,09988,阿里巴巴-W,广义离岸中国AI,中国离岸AI平台/云,14.50%,1,2
159251,港股通科技ETF万家,指数型-股票,01810,小米集团-W,广义离岸中国AI,中国离岸AI终端/汽车,13.16%,1,3
159251,港股通科技ETF万家,指数型-股票,00981,中芯国际,广义离岸中国AI,中国离岸半导体制造,5.45%,1,6
159262,港股通科技ETF广发,指数型-股票,00700,腾讯控股,广义离岸中国AI,中国离岸AI平台/云,15.16%,1,1
159262,港股通科技ETF广发,指数型-股票,01810,小米集团-W,广义离岸中国AI,中国离岸AI终端/汽车,14.75%,1,2
159262,港股通科技ETF广发,指数型-股票,09988,阿里巴巴-W,广义离岸中国AI,中国离岸AI平台/云,14.11%,1,3
159262,港股通科技ETF广发,指数型-股票,00981,中芯国际,广义离岸中国AI,中国离岸半导体制造,5.43%,1,5
159262,港股通科技ETF广发,指数型-股票,09660,地平线机器人-W,广义离岸中国AI,中国离岸AI芯片/自动驾驶,3.80%,1,7
159262,港股通科技ETF广发,指数型-股票,00992,联想集团,广义离岸中国AI,中国离岸AI PC/服务器,3.40%,1,8
159262,港股通科技ETF广发,指数型-股票,00020,商汤-W,广义离岸中国AI,中国离岸AI软件,3.10%,1,9
159262,港股通科技ETF广发,指数型-股票,01347,华虹半导体,广义离岸中国AI,中国离岸半导体制造,3.04%,1,10
159269,港股通科技ETF南方,指数型-股票,00700,腾讯控股,广义离岸中国AI,中国离岸AI平台/云,9.34%,1,3
159269,港股通科技ETF南方,指数型-股票,09988,阿里巴巴-W,广义离岸中国AI,中国离岸AI平台/云,9.06%,1,4
159269,港股通科技ETF南方,指数型-股票,01810,小米集团-W,广义离岸中国AI,中国离岸AI终端/汽车,8.71%,1,5
159269,港股通科技ETF南方,指数型-股票,00981,中芯国际,广义离岸中国AI,中国离岸半导体制造,6.19%,1,6
159271,恒生ETF鹏华,指数型-股票,00700,腾讯控股,广义离岸中国AI,中国离岸AI平台/云,11.09%,1,1
159271,恒生ETF鹏华,指数型-股票,09988,阿里巴巴-W,广义离岸中国AI,中国离岸AI平台/云,7.12%,1,3
159271,恒生ETF鹏华,指数型-股票,01810,小米集团-W,广义离岸中国AI,中国离岸AI终端/汽车,3.59%,1,7
159273,云计算ETF汇添富,指数型-股票,00700,腾讯控股,广义离岸中国AI,中国离岸AI平台/云,8.27%,1,3
159273,云计算ETF汇添富,指数型-股票,09988,阿里巴巴-W,广义离岸中国AI,中国离岸AI平台/云,8.02%,1,4
159280,港股通互联网ETF汇添富,指数型-股票,00700,腾讯控股,广义离岸中国AI,中国离岸AI平台/云,15.05%,1,1
159280,港股通互联网ETF汇添富,指数型-股票,09988,阿里巴巴-W,广义离岸中国AI,中国离岸AI平台/云,14.60%,1,2
159280,港股通互联网ETF汇添富,指数型-股票,01810,小米集团-W,广义离岸中国AI,中国离岸AI终端/汽车,14.05%,1,3
159280,港股通互联网ETF汇添富,指数型-股票,00992,联想集团,广义离岸中国AI,中国离岸AI PC/服务器,4.71%,1,5
159280,港股通互联网ETF汇添富,指数型-股票,00020,商汤-W,广义离岸中国AI,中国离岸AI软件,4.36%,1,6
159280,港股通互联网ETF汇添富,指数型-股票,09660,地平线机器人-W,广义离岸中国AI,中国离岸AI芯片/自动驾驶,4.00%,1,8
159312,恒指港股通ETF广发,指数型-股票,00700,腾讯控股,广义离岸中国AI,中国离岸AI平台/云,7.47%,1,1
159312,恒指港股通ETF广发,指数型-股票,09988,阿里巴巴-W,广义离岸中国AI,中国离岸AI平台/云,6.91%,1,3
159312,恒指港股通ETF广发,指数型-股票,01810,小米集团-W,广义离岸中国AI,中国离岸AI终端/汽车,4.47%,1,6
159318,恒指港股通ETF银华,指数型-股票,00700,腾讯控股,广义离岸中国AI,中国离岸AI平台/云,7.65%,1,1
159318,恒指港股通ETF银华,指数型-股票,09988,阿里巴巴-W,广义离岸中国AI,中国离岸AI平台/云,7.10%,1,3
159318,恒指港股通ETF银华,指数型-股票,01810,小米集团-W,广义离岸中国AI,中国离岸AI终端/汽车,4.56%,1,6
159365,恒指港股通ETF富国,指数型-股票,00700,腾讯控股,广义离岸中国AI,中国离岸AI平台/云,7.90%,1,1
159365,恒指港股通ETF富国,指数型-股票,09988,阿里巴巴-W,广义离岸中国AI,中国离岸AI平台/云,7.33%,1,3
159365,恒指港股通ETF富国,指数型-股票,01810,小米集团-W,广义离岸中国AI,中国离岸AI终端/汽车,4.73%,1,6
159366,港股医疗ETF永赢,指数型-股票,02228,晶泰控股,广义离岸中国AI,中国离岸AI制药,5.30%,1,4
159501,纳指ETF嘉实,指数型-海外股票,NVDA,英伟达,狭义海外AI,核心算力-GPU,8.16%,1,1
159501,纳指ETF嘉实,指数型-海外股票,MSFT,微软,狭义海外AI,AI云/软件,5.29%,1,3
159501,纳指ETF嘉实,指数型-海外股票,AMZN,亚马逊,狭义海外AI,AI云,4.31%,1,4
159501,纳指ETF嘉实,指数型-海外股票,META,Meta Platforms Inc-A,狭义海外AI,AI平台,3.25%,1,6
159501,纳指ETF嘉实,指数型-海外股票,GOOGL,谷歌-A,狭义海外AI,AI云/大模型,3.22%,1,8
159501,纳指ETF嘉实,指数型-海外股票,GOOG,谷歌-C,狭义海外AI,AI云/大模型,3.00%,1,9
159501,纳指ETF嘉实,指数型-海外股票,AVGO,博通,狭义海外AI,AI网络/ASIC,2.83%,1,10
159506,港股通医疗ETF富国,指数型-股票,02228,晶泰控股,广义离岸中国AI,中国离岸AI制药,3.52%,1,8
159509,纳指科技ETF景顺,指数型-海外股票,NVDA,英伟达,狭义海外AI,核心算力-GPU,12.69%,1,1
159509,纳指科技ETF景顺,指数型-海外股票,MSFT,微软,狭义海外AI,AI云/软件,12.12%,1,3
159509,纳指科技ETF景顺,指数型-海外股票,AVGO,博通,狭义海外AI,AI网络/ASIC,7.25%,1,4
159509,纳指科技ETF景顺,指数型-海外股票,META,Meta Platforms Inc-A,狭义海外AI,AI平台,6.79%,1,5
159509,纳指科技ETF景顺,指数型-海外股票,GOOGL,谷歌-A,狭义海外AI,AI云/大模型,6.10%,1,6
159509,纳指科技ETF景顺,指数型-海外股票,GOOG,谷歌-C,狭义海外AI,AI云/大模型,5.69%,1,7
159509,纳指科技ETF景顺,指数型-海外股票,MU,美光科技,狭义海外AI,AI存储/HBM,2.94%,1,8
159509,纳指科技ETF景顺,指数型-海外股票,PLTR,Palantir Technologies Inc-A,狭义海外AI,AI软件,2.45%,1,9
159509,纳指科技ETF景顺,指数型-海外股票,AMD,超威半导体,狭义海外AI,核心算力-GPU,2.40%,1,10
159509,纳指科技ETF景顺,指数型-海外股票,AMAT,应用材料,狭义海外AI,半导体设备,1.98%,1,11
159513,纳斯达克100ETF大成,指数型-海外股票,NVDA,英伟达,狭义海外AI,核心算力-GPU,6.97%,1,1
159513,纳斯达克100ETF大成,指数型-海外股票,MSFT,微软,狭义海外AI,AI云/软件,4.53%,1,3
159513,纳斯达克100ETF大成,指数型-海外股票,AMZN,亚马逊,狭义海外AI,AI云,3.66%,1,4
159513,纳斯达克100ETF大成,指数型-海外股票,META,Meta Platforms Inc-A,狭义海外AI,AI平台,2.76%,1,6
159513,纳斯达克100ETF大成,指数型-海外股票,GOOGL,谷歌-A,狭义海外AI,AI云/大模型,2.75%,1,8
159513,纳斯达克100ETF大成,指数型-海外股票,GOOG,谷歌-C,狭义海外AI,AI云/大模型,2.55%,1,9
159513,纳斯达克100ETF大成,指数型-海外股票,AVGO,博通,狭义海外AI,AI网络/ASIC,2.41%,1,10
159519,港股国企ETF国泰,指数型-海外股票,00981,中芯国际,广义离岸中国AI,中国离岸半导体制造,4.53%,1,6
159529,标普消费ETF景顺,指数型-海外股票,AMZN,亚马逊,狭义海外AI,AI云,14.10%,1,1
159550,互联网ETF东财,指数型-股票,00700,腾讯控股,广义离岸中国AI,中国离岸AI平台/云,9.26%,1,1
159550,互联网ETF东财,指数型-股票,09988,阿里巴巴-W,广义离岸中国AI,中国离岸AI平台/云,8.98%,1,2
159550,互联网ETF东财,指数型-股票,01810,小米集团-W,广义离岸中国AI,中国离岸AI终端/汽车,7.83%,1,3
159568,港股互联网ETF博时,指数型-股票,00700,腾讯控股,广义离岸中国AI,中国离岸AI平台/云,15.19%,1,1
159568,港股互联网ETF博时,指数型-股票,09988,阿里巴巴-W,广义离岸中国AI,中国离岸AI平台/云,14.73%,1,2
159568,港股互联网ETF博时,指数型-股票,01810,小米集团-W,广义离岸中国AI,中国离岸AI终端/汽车,13.82%,1,3
159568,港股互联网ETF博时,指数型-股票,00020,商汤-W,广义离岸中国AI,中国离岸AI软件,4.18%,1,5
159577,美国50ETF汇添富,指数型-海外股票,NVDA,英伟达,狭义海外AI,核心算力-GPU,11.62%,1,1
159577,美国50ETF汇添富,指数型-海外股票,MSFT,微软,狭义海外AI,AI云/软件,7.17%,1,3
159577,美国50ETF汇添富,指数型-海外股票,AMZN,亚马逊,狭义海外AI,AI云,5.50%,1,4
159577,美国50ETF汇添富,指数型-海外股票,GOOGL,谷歌-A,狭义海外AI,AI云/大模型,4.59%,1,5
159577,美国50ETF汇添富,指数型-海外股票,GOOG,谷歌-C,狭义海外AI,AI云/大模型,3.83%,1,6
159577,美国50ETF汇添富,指数型-海外股票,AVGO,博通,狭义海外AI,AI网络/ASIC,3.82%,1,7
159577,美国50ETF汇添富,指数型-海外股票,META,Meta Platforms Inc-A,狭义海外AI,AI平台,3.42%,1,8
159605,中概互联ETF广发,指数型-海外股票,00700,腾讯控股,广义离岸中国AI,中国离岸AI平台/云,16.65%,1,1
159605,中概互联ETF广发,指数型-海外股票,09988,阿里巴巴-W,广义离岸中国AI,中国离岸AI平台/云,15.34%,1,2
159605,中概互联ETF广发,指数型-海外股票,01810,小米集团-W,广义离岸中国AI,中国离岸AI终端/汽车,10.47%,1,3
159605,中概互联ETF广发,指数型-海外股票,09888,百度集团-SW,广义离岸中国AI,中国离岸AI/自动驾驶/云,5.15%,1,8
159607,中概互联网ETF嘉实,指数型-海外股票,00700,腾讯控股,广义离岸中国AI,中国离岸AI平台/云,14.93%,1,1
159607,中概互联网ETF嘉实,指数型-海外股票,09988,阿里巴巴-W,广义离岸中国AI,中国离岸AI平台/云,14.48%,1,2
159607,中概互联网ETF嘉实,指数型-海外股票,01810,小米集团-W,广义离岸中国AI,中国离岸AI终端/汽车,9.99%,1,4
159607,中概互联网ETF嘉实,指数型-海外股票,09888,百度集团-SW,广义离岸中国AI,中国离岸AI/自动驾驶/云,5.91%,1,8
159612,标普500ETF国泰,指数型-海外股票,NVDA,英伟达,狭义海外AI,核心算力-GPU,6.90%,1,1
159612,标普500ETF国泰,指数型-海外股票,MSFT,微软,狭义海外AI,AI云/软件,4.48%,1,3
159612,标普500ETF国泰,指数型-海外股票,AMZN,亚马逊,狭义海外AI,AI云,3.31%,1,4
159612,标普500ETF国泰,指数型-海外股票,GOOGL,谷歌-A,狭义海外AI,AI云/大模型,2.73%,1,5
159612,标普500ETF国泰,指数型-海外股票,AVGO,博通,狭义海外AI,AI网络/ASIC,2.39%,1,6
159612,标普500ETF国泰,指数型-海外股票,GOOG,谷歌-C,狭义海外AI,AI云/大模型,2.19%,1,7
159612,标普500ETF国泰,指数型-海外股票,META,Meta Platforms Inc-A,狭义海外AI,AI平台,2.04%,1,8
159615,恒生生物科技ETF南方,指数型-海外股票,02228,晶泰控股,广义离岸中国AI,中国离岸AI制药,3.24%,1,10
159632,纳斯达克ETF华安,指数型-海外股票,NVDA,英伟达,狭义海外AI,核心算力-GPU,7.96%,1,1
159632,纳斯达克ETF华安,指数型-海外股票,MSFT,微软,狭义海外AI,AI云/软件,5.17%,1,3
159632,纳斯达克ETF华安,指数型-海外股票,AMZN,亚马逊,狭义海外AI,AI云,4.18%,1,4
159632,纳斯达克ETF华安,指数型-海外股票,META,Meta Platforms Inc-A,狭义海外AI,AI平台,3.16%,1,6
159632,纳斯达克ETF华安,指数型-海外股票,GOOGL,谷歌-A,狭义海外AI,AI云/大模型,3.14%,1,8
159632,纳斯达克ETF华安,指数型-海外股票,GOOG,谷歌-C,狭义海外AI,AI云/大模型,2.92%,1,9
159632,纳斯达克ETF华安,指数型-海外股票,AVGO,博通,狭义海外AI,AI网络/ASIC,2.75%,1,10
159636,港股通科技30ETF工银,指数型-股票,00700,腾讯控股,广义离岸中国AI,中国离岸AI平台/云,14.76%,1,1
159636,港股通科技30ETF工银,指数型-股票,09988,阿里巴巴-W,广义离岸中国AI,中国离岸AI平台/云,14.55%,1,2
159636,港股通科技30ETF工银,指数型-股票,01810,小米集团-W,广义离岸中国AI,中国离岸AI终端/汽车,13.21%,1,3
159636,港股通科技30ETF工银,指数型-股票,00981,中芯国际,广义离岸中国AI,中国离岸半导体制造,5.46%,1,6
159655,标普500ETF华夏,指数型-海外股票,NVDA,英伟达,狭义海外AI,核心算力-GPU,7.47%,1,1
159655,标普500ETF华夏,指数型-海外股票,MSFT,微软,狭义海外AI,AI云/软件,4.84%,1,3
159655,标普500ETF华夏,指数型-海外股票,AMZN,亚马逊,狭义海外AI,AI云,3.59%,1,4
159655,标普500ETF华夏,指数型-海外股票,GOOGL,谷歌-A,狭义海外AI,AI云/大模型,2.95%,1,5
159655,标普500ETF华夏,指数型-海外股票,AVGO,博通,狭义海外AI,AI网络/ASIC,2.59%,1,6
159655,标普500ETF华夏,指数型-海外股票,GOOG,谷歌-C,狭义海外AI,AI云/大模型,2.36%,1,7
159655,标普500ETF华夏,指数型-海外股票,META,Meta Platforms Inc-A,狭义海外AI,AI平台,2.21%,1,8
159659,纳斯达克100ETF招商,指数型-海外股票,NVDA,英伟达,狭义海外AI,核心算力-GPU,8.66%,1,1
159659,纳斯达克100ETF招商,指数型-海外股票,MSFT,微软,狭义海外AI,AI云/软件,5.62%,1,3
159659,纳斯达克100ETF招商,指数型-海外股票,AMZN,亚马逊,狭义海外AI,AI云,4.57%,1,4
159659,纳斯达克100ETF招商,指数型-海外股票,META,Meta Platforms Inc-A,狭义海外AI,AI平台,3.45%,1,6
159659,纳斯达克100ETF招商,指数型-海外股票,GOOGL,谷歌-A,狭义海外AI,AI云/大模型,3.42%,1,8
159659,纳斯达克100ETF招商,指数型-海外股票,GOOG,谷歌-C,狭义海外AI,AI云/大模型,3.19%,1,9
159659,纳斯达克100ETF招商,指数型-海外股票,AVGO,博通,狭义海外AI,AI网络/ASIC,3.00%,1,10
159660,纳指ETF汇添富,指数型-海外股票,NVDA,英伟达,狭义海外AI,核心算力-GPU,8.31%,1,1
159660,纳指ETF汇添富,指数型-海外股票,MSFT,微软,狭义海外AI,AI云/软件,5.39%,1,3
159660,纳指ETF汇添富,指数型-海外股票,AMZN,亚马逊,狭义海外AI,AI云,4.38%,1,4
159660,纳指ETF汇添富,指数型-海外股票,META,Meta Platforms Inc-A,狭义海外AI,AI平台,3.31%,1,6
159660,纳指ETF汇添富,指数型-海外股票,GOOGL,谷歌-A,狭义海外AI,AI云/大模型,3.28%,1,8
159660,纳指ETF汇添富,指数型-海外股票,GOOG,谷歌-C,狭义海外AI,AI云/大模型,3.06%,1,9
159660,纳指ETF汇添富,指数型-海外股票,AVGO,博通,狭义海外AI,AI网络/ASIC,2.88%,1,10
159688,恒生互联网ETF华安,指数型-海外股票,00700,腾讯控股,广义离岸中国AI,中国离岸AI平台/云,13.91%,1,1
159688,恒生互联网ETF华安,指数型-海外股票,09988,阿里巴巴-W,广义离岸中国AI,中国离岸AI平台/云,12.95%,1,2
159688,恒生互联网ETF华安,指数型-海外股票,01810,小米集团-W,广义离岸中国AI,中国离岸AI终端/汽车,9.83%,1,4
159688,恒生互联网ETF华安,指数型-海外股票,09888,百度集团-SW,广义离岸中国AI,中国离岸AI/自动驾驶/云,4.98%,1,8
159688,恒生互联网ETF华安,指数型-海外股票,09660,地平线机器人-W,广义离岸中国AI,中国离岸AI芯片/自动驾驶,2.97%,1,9
159688,恒生互联网ETF华安,指数型-海外股票,00020,商汤-W,广义离岸中国AI,中国离岸AI软件,2.42%,1,10
159696,纳指ETF易方达,指数型-海外股票,NVDA,英伟达,狭义海外AI,核心算力-GPU,8.04%,1,1
159696,纳指ETF易方达,指数型-海外股票,MSFT,微软,狭义海外AI,AI云/软件,5.21%,1,3
159696,纳指ETF易方达,指数型-海外股票,AMZN,亚马逊,狭义海外AI,AI云,4.24%,1,4
159696,纳指ETF易方达,指数型-海外股票,META,Meta Platforms Inc-A,狭义海外AI,AI平台,3.20%,1,6
159696,纳指ETF易方达,指数型-海外股票,GOOGL,谷歌-A,狭义海外AI,AI云/大模型,3.17%,1,8
159696,纳指ETF易方达,指数型-海外股票,GOOG,谷歌-C,狭义海外AI,AI云/大模型,2.96%,1,9
159696,纳指ETF易方达,指数型-海外股票,AVGO,博通,狭义海外AI,AI网络/ASIC,2.78%,1,10
159711,港股通50ETF华夏,指数型-股票,00700,腾讯控股,广义离岸中国AI,中国离岸AI平台/云,8.18%,1,2
159711,港股通50ETF华夏,指数型-股票,09988,阿里巴巴-W,广义离岸中国AI,中国离岸AI平台/云,7.93%,1,3
159711,港股通50ETF华夏,指数型-股票,01810,小米集团-W,广义离岸中国AI,中国离岸AI终端/汽车,3.75%,1,7
159712,港股通50ETF国泰,指数型-股票,00700,腾讯控股,广义离岸中国AI,中国离岸AI平台/云,8.26%,1,2
159712,港股通50ETF国泰,指数型-股票,09988,阿里巴巴-W,广义离岸中国AI,中国离岸AI平台/云,8.04%,1,3
159712,港股通50ETF国泰,指数型-股票,01810,小米集团-W,广义离岸中国AI,中国离岸AI终端/汽车,3.79%,1,7
159723,科技龙头ETF汇添富,指数型-股票,00700,腾讯控股,广义离岸中国AI,中国离岸AI平台/云,8.66%,1,1
159723,科技龙头ETF汇添富,指数型-股票,09988,阿里巴巴-W,广义离岸中国AI,中国离岸AI平台/云,8.40%,1,2
159723,科技龙头ETF汇添富,指数型-股票,01810,小米集团-W,广义离岸中国AI,中国离岸AI终端/汽车,6.03%,1,4
159723,科技龙头ETF汇添富,指数型-股票,00981,中芯国际,广义离岸中国AI,中国离岸半导体制造,3.33%,1,9
159729,互联网ETF汇添富,指数型-股票,00700,腾讯控股,广义离岸中国AI,中国离岸AI平台/云,9.03%,1,1
159729,互联网ETF汇添富,指数型-股票,09988,阿里巴巴-W,广义离岸中国AI,中国离岸AI平台/云,8.82%,1,2
159729,互联网ETF汇添富,指数型-股票,01810,小米集团-W,广义离岸中国AI,中国离岸AI终端/汽车,7.69%,1,3
159738,云计算ETF华泰柏瑞,指数型-股票,00700,腾讯控股,广义离岸中国AI,中国离岸AI平台/云,8.21%,1,3
159738,云计算ETF华泰柏瑞,指数型-股票,09988,阿里巴巴-W,广义离岸中国AI,中国离岸AI平台/云,7.96%,1,4
159740,恒生科技ETF大成,指数型-海外股票,01810,小米集团-W,广义离岸中国AI,中国离岸AI终端/汽车,7.98%,1,3
159740,恒生科技ETF大成,指数型-海外股票,00700,腾讯控股,广义离岸中国AI,中国离岸AI平台/云,7.53%,1,4
159740,恒生科技ETF大成,指数型-海外股票,09988,阿里巴巴-W,广义离岸中国AI,中国离岸AI平台/云,7.01%,1,6
159740,恒生科技ETF大成,指数型-海外股票,00981,中芯国际,广义离岸中国AI,中国离岸半导体制造,6.16%,1,7
159740,恒生科技ETF大成,指数型-海外股票,09888,百度集团-SW,广义离岸中国AI,中国离岸AI/自动驾驶/云,3.78%,1,10
159741,恒生科技ETF嘉实,指数型-海外股票,01810,小米集团-W,广义离岸中国AI,中国离岸AI终端/汽车,8.36%,1,3
159741,恒生科技ETF嘉实,指数型-海外股票,00700,腾讯控股,广义离岸中国AI,中国离岸AI平台/云,7.88%,1,4
159741,恒生科技ETF嘉实,指数型-海外股票,09988,阿里巴巴-W,广义离岸中国AI,中国离岸AI平台/云,7.34%,1,6
159741,恒生科技ETF嘉实,指数型-海外股票,00981,中芯国际,广义离岸中国AI,中国离岸半导体制造,6.45%,1,7
159741,恒生科技ETF嘉实,指数型-海外股票,09888,百度集团-SW,广义离岸中国AI,中国离岸AI/自动驾驶/云,3.96%,1,10
159742,恒生科技ETF博时,指数型-海外股票,01810,小米集团-W,广义离岸中国AI,中国离岸AI终端/汽车,8.16%,1,3
159742,恒生科技ETF博时,指数型-海外股票,00700,腾讯控股,广义离岸中国AI,中国离岸AI平台/云,7.69%,1,4
159742,恒生科技ETF博时,指数型-海外股票,09988,阿里巴巴-W,广义离岸中国AI,中国离岸AI平台/云,7.16%,1,6
159742,恒生科技ETF博时,指数型-海外股票,00981,中芯国际,广义离岸中国AI,中国离岸半导体制造,6.29%,1,7
159742,恒生科技ETF博时,指数型-海外股票,09888,百度集团-SW,广义离岸中国AI,中国离岸AI/自动驾驶/云,3.87%,1,10
159747,香港科技ETF南方,指数型-海外股票,00700,腾讯控股,广义离岸中国AI,中国离岸AI平台/云,8.82%,1,1
159747,香港科技ETF南方,指数型-海外股票,09988,阿里巴巴-W,广义离岸中国AI,中国离岸AI平台/云,8.55%,1,3
159747,香港科技ETF南方,指数型-海外股票,01810,小米集团-W,广义离岸中国AI,中国离岸AI终端/汽车,8.23%,1,4
159747,香港科技ETF南方,指数型-海外股票,09888,百度集团-SW,广义离岸中国AI,中国离岸AI/自动驾驶/云,5.10%,1,8
159747,香港科技ETF南方,指数型-海外股票,00981,中芯国际,广义离岸中国AI,中国离岸半导体制造,4.15%,1,9
159750,港股科技50ETF招商,指数型-海外股票,00700,腾讯控股,广义离岸中国AI,中国离岸AI平台/云,9.29%,1,1
159750,港股科技50ETF招商,指数型-海外股票,09988,阿里巴巴-W,广义离岸中国AI,中国离岸AI平台/云,9.01%,1,3
159750,港股科技50ETF招商,指数型-海外股票,01810,小米集团-W,广义离岸中国AI,中国离岸AI终端/汽车,8.66%,1,4
159750,港股科技50ETF招商,指数型-海外股票,09888,百度集团-SW,广义离岸中国AI,中国离岸AI/自动驾驶/云,5.37%,1,8
159750,港股科技50ETF招商,指数型-海外股票,00981,中芯国际,广义离岸中国AI,中国离岸半导体制造,4.37%,1,9
159751,港股通科技ETF鹏华,指数型-股票,00700,腾讯控股,广义离岸中国AI,中国离岸AI平台/云,9.08%,1,3
159751,港股通科技ETF鹏华,指数型-股票,09988,阿里巴巴-W,广义离岸中国AI,中国离岸AI平台/云,8.80%,1,4
159751,港股通科技ETF鹏华,指数型-股票,01810,小米集团-W,广义离岸中国AI,中国离岸AI终端/汽车,8.47%,1,5
159751,港股通科技ETF鹏华,指数型-股票,00981,中芯国际,广义离岸中国AI,中国离岸半导体制造,6.01%,1,6
159788,港股通100ETF易方达,指数型-股票,00700,腾讯控股,广义离岸中国AI,中国离岸AI平台/云,8.52%,1,1
159788,港股通100ETF易方达,指数型-股票,09988,阿里巴巴-W,广义离岸中国AI,中国离岸AI平台/云,8.26%,1,2
159788,港股通100ETF易方达,指数型-股票,01810,小米集团-W,广义离岸中国AI,中国离岸AI终端/汽车,4.29%,1,5
159792,港股通互联网ETF富国,指数型-股票,00700,腾讯控股,广义离岸中国AI,中国离岸AI平台/云,15.23%,1,1
159792,港股通互联网ETF富国,指数型-股票,09988,阿里巴巴-W,广义离岸中国AI,中国离岸AI平台/云,14.77%,1,2
159792,港股通互联网ETF富国,指数型-股票,01810,小米集团-W,广义离岸中国AI,中国离岸AI终端/汽车,13.86%,1,3
159792,港股通互联网ETF富国,指数型-股票,00020,商汤-W,广义离岸中国AI,中国离岸AI软件,4.18%,1,6
159793,线上消费ETF平安,指数型-股票,00700,腾讯控股,广义离岸中国AI,中国离岸AI平台/云,9.05%,1,2
159793,线上消费ETF平安,指数型-股票,09988,阿里巴巴-W,广义离岸中国AI,中国离岸AI平台/云,8.72%,1,3
159850,恒生国企ETF华夏,指数型-海外股票,00700,腾讯控股,广义离岸中国AI,中国离岸AI平台/云,7.00%,1,1
159850,恒生国企ETF华夏,指数型-海外股票,09988,阿里巴巴-W,广义离岸中国AI,中国离岸AI平台/云,6.71%,1,3
159850,恒生国企ETF华夏,指数型-海外股票,01810,小米集团-W,广义离岸中国AI,中国离岸AI终端/汽车,4.94%,1,4
159856,互联网龙头ETF工银,指数型-股票,00700,腾讯控股,广义离岸中国AI,中国离岸AI平台/云,9.23%,1,1
159856,互联网龙头ETF工银,指数型-股票,09988,阿里巴巴-W,广义离岸中国AI,中国离岸AI平台/云,8.95%,1,2
159856,互联网龙头ETF工银,指数型-股票,01810,小米集团-W,广义离岸中国AI,中国离岸AI终端/汽车,7.80%,1,3
159892,恒生医药ETF华夏,指数型-海外股票,02228,晶泰控股,广义离岸中国AI,中国离岸AI制药,3.09%,1,10
159920,恒生ETF华夏,指数型-海外股票,00700,腾讯控股,广义离岸中国AI,中国离岸AI平台/云,7.20%,1,1
159920,恒生ETF华夏,指数型-海外股票,09988,阿里巴巴-W,广义离岸中国AI,中国离岸AI平台/云,6.70%,1,3
159920,恒生ETF华夏,指数型-海外股票,01810,小米集团-W,广义离岸中国AI,中国离岸AI终端/汽车,3.39%,1,6
159941,纳指ETF广发,指数型-海外股票,NVDA,英伟达,狭义海外AI,核心算力-GPU,7.88%,1,1
159941,纳指ETF广发,指数型-海外股票,MSFT,微软,狭义海外AI,AI云/软件,5.17%,1,3
159941,纳指ETF广发,指数型-海外股票,AMZN,亚马逊,狭义海外AI,AI云,4.14%,1,4
159941,纳指ETF广发,指数型-海外股票,META,Meta Platforms Inc-A,狭义海外AI,AI平台,3.10%,1,6
159941,纳指ETF广发,指数型-海外股票,GOOGL,谷歌-A,狭义海外AI,AI云/大模型,3.08%,1,7
159941,纳指ETF广发,指数型-海外股票,GOOG,谷歌-C,狭义海外AI,AI云/大模型,2.87%,1,9
159941,纳指ETF广发,指数型-海外股票,AVGO,博通,狭义海外AI,AI网络/ASIC,2.70%,1,10
159954,恒生中国企业ETF南方,指数型-股票,00700,腾讯控股,广义离岸中国AI,中国离岸AI平台/云,11.27%,1,1
159954,恒生中国企业ETF南方,指数型-股票,09988,阿里巴巴-W,广义离岸中国AI,中国离岸AI平台/云,8.25%,1,2
159954,恒生中国企业ETF南方,指数型-股票,01810,小米集团-W,广义离岸中国AI,中国离岸AI终端/汽车,5.51%,1,4
159960,恒生中国企业ETF平安,指数型-股票,00700,腾讯控股,广义离岸中国AI,中国离岸AI平台/云,7.90%,1,2
159960,恒生中国企业ETF平安,指数型-股票,01810,小米集团-W,广义离岸中国AI,中国离岸AI终端/汽车,4.37%,1,8
159976,湾创ETF工银,指数型-股票,00700,腾讯控股,广义离岸中国AI,中国离岸AI平台/云,8.38%,1,2
160125,南方香港优选股票,QDII-普通股票,00700,腾讯控股,广义离岸中国AI,中国离岸AI平台/云,4.12%,1,3
160125,南方香港优选股票,QDII-普通股票,09988,阿里巴巴-W,广义离岸中国AI,中国离岸AI平台/云,3.28%,1,9
160127,南方新兴消费增长股票(LOF)A,股票型,00700,腾讯控股,广义离岸中国AI,中国离岸AI平台/云,3.58%,1,9
160144,南方新兴消费增长股票(LOF)C,股票型,00700,腾讯控股,广义离岸中国AI,中国离岸AI平台/云,3.58%,1,9
160213,国泰纳斯达克100指数,指数型-海外股票,NVDA,英伟达,狭义海外AI,核心算力-GPU,7.04%,1,1
160213,国泰纳斯达克100指数,指数型-海外股票,MSFT,微软,狭义海外AI,AI云/软件,4.58%,1,3
160213,国泰纳斯达克100指数,指数型-海外股票,AMZN,亚马逊,狭义海外AI,AI云,3.73%,1,4
160213,国泰纳斯达克100指数,指数型-海外股票,META,Meta Platforms Inc-A,狭义海外AI,AI平台,2.82%,1,6
160213,国泰纳斯达克100指数,指数型-海外股票,GOOGL,谷歌-A,狭义海外AI,AI云/大模型,2.80%,1,8
160213,国泰纳斯达克100指数,指数型-海外股票,GOOG,谷歌-C,狭义海外AI,AI云/大模型,2.61%,1,9
160213,国泰纳斯达克100指数,指数型-海外股票,AVGO,博通,狭义海外AI,AI网络/ASIC,2.44%,1,10
160322,华夏港股通精选股票发起式(LOF)A,股票型,00700,腾讯控股,广义离岸中国AI,中国离岸AI平台/云,6.60%,1,3
160322,华夏港股通精选股票发起式(LOF)A,股票型,09988,阿里巴巴-W,广义离岸中国AI,中国离岸AI平台/云,5.39%,1,5
160322,华夏港股通精选股票发起式(LOF)A,股票型,00981,中芯国际,广义离岸中国AI,中国离岸半导体制造,5.14%,1,8
160526,博时优势企业灵活配置混合A,混合型-灵活,00700,腾讯控股,广义离岸中国AI,中国离岸AI平台/云,2.06%,1,10
160644,鹏华港美互联股票人民币,QDII-普通股票,TSM,台积电,狭义海外AI,先进制程代工,9.09%,1,1
160644,鹏华港美互联股票人民币,QDII-普通股票,NVDA,英伟达,狭义海外AI,核心算力-GPU,9.05%,1,2
160644,鹏华港美互联股票人民币,QDII-普通股票,SNDK,闪迪,扩展海外AI,AI存储,8.57%,1,3
160644,鹏华港美互联股票人民币,QDII-普通股票,MU,美光科技,狭义海外AI,AI存储/HBM,7.49%,1,4
160644,鹏华港美互联股票人民币,QDII-普通股票,00700,腾讯控股,广义离岸中国AI,中国离岸AI平台/云,6.58%,1,5
160644,鹏华港美互联股票人民币,QDII-普通股票,GOOGL,谷歌-A,狭义海外AI,AI云/大模型,5.69%,1,6
160644,鹏华港美互联股票人民币,QDII-普通股票,09988,阿里巴巴-W,广义离岸中国AI,中国离岸AI平台/云,4.69%,1,7
160644,鹏华港美互联股票人民币,QDII-普通股票,AVGO,博通,狭义海外AI,AI网络/ASIC,3.49%,1,9
160644,鹏华港美互联股票人民币,QDII-普通股票,ASML,阿斯麦,狭义海外AI,半导体设备,2.85%,1,10
160646,鹏华中证沪港深科技龙头指数(LOF)A,指数型-股票,00700,腾讯控股,广义离岸中国AI,中国离岸AI平台/云,8.40%,1,1
160646,鹏华中证沪港深科技龙头指数(LOF)A,指数型-股票,09988,阿里巴巴-W,广义离岸中国AI,中国离岸AI平台/云,8.19%,1,2
160646,鹏华中证沪港深科技龙头指数(LOF)A,指数型-股票,01810,小米集团-W,广义离岸中国AI,中国离岸AI终端/汽车,5.87%,1,4
160646,鹏华中证沪港深科技龙头指数(LOF)A,指数型-股票,00981,中芯国际,广义离岸中国AI,中国离岸半导体制造,3.23%,1,9
160717,嘉实H股指数(QDII-LOF),指数型-海外股票,00700,腾讯控股,广义离岸中国AI,中国离岸AI平台/云,7.26%,1,1
160717,嘉实H股指数(QDII-LOF),指数型-海外股票,09988,阿里巴巴-W,广义离岸中国AI,中国离岸AI平台/云,6.74%,1,3
160717,嘉实H股指数(QDII-LOF),指数型-海外股票,01810,小米集团-W,广义离岸中国AI,中国离岸AI终端/汽车,5.10%,1,4
160924,大成恒生指数(QDII-LOF)A,指数型-海外股票,00700,腾讯控股,广义离岸中国AI,中国离岸AI平台/云,6.84%,1,1
160924,大成恒生指数(QDII-LOF)A,指数型-海外股票,09988,阿里巴巴-W,广义离岸中国AI,中国离岸AI平台/云,6.37%,1,3
160924,大成恒生指数(QDII-LOF)A,指数型-海外股票,01810,小米集团-W,广义离岸中国AI,中国离岸AI终端/汽车,3.23%,1,6
160925,大成中华沪深港300指数(LOF)A,指数型-股票,00700,腾讯控股,广义离岸中国AI,中国离岸AI平台/云,6.34%,1,1
160925,大成中华沪深港300指数(LOF)A,指数型-股票,09988,阿里巴巴-W,广义离岸中国AI,中国离岸AI平台/云,4.60%,1,2
161125,易方达标普500指数人民币A,指数型-海外股票,NVDA,英伟达,狭义海外AI,核心算力-GPU,6.60%,1,1
161125,易方达标普500指数人民币A,指数型-海外股票,MSFT,微软,狭义海外AI,AI云/软件,4.28%,1,3
161125,易方达标普500指数人民币A,指数型-海外股票,AMZN,亚马逊,狭义海外AI,AI云,3.17%,1,4
161125,易方达标普500指数人民币A,指数型-海外股票,GOOGL,谷歌-A,狭义海外AI,AI云/大模型,2.61%,1,5
161125,易方达标普500指数人民币A,指数型-海外股票,AVGO,博通,狭义海外AI,AI网络/ASIC,2.29%,1,6
161125,易方达标普500指数人民币A,指数型-海外股票,GOOG,谷歌-C,狭义海外AI,AI云/大模型,2.09%,1,7
161125,易方达标普500指数人民币A,指数型-海外股票,META,Meta Platforms Inc-A,狭义海外AI,AI平台,1.95%,1,8
161128,易方达标普信息科技指数(QDII-LOF)A(人民币),指数型-海外股票,NVDA,英伟达,狭义海外AI,核心算力-GPU,20.16%,1,1
161128,易方达标普信息科技指数(QDII-LOF)A(人民币),指数型-海外股票,MSFT,微软,狭义海外AI,AI云/软件,13.08%,1,3
161128,易方达标普信息科技指数(QDII-LOF)A(人民币),指数型-海外股票,AVGO,博通,狭义海外AI,AI网络/ASIC,6.98%,1,4
161128,易方达标普信息科技指数(QDII-LOF)A(人民币),指数型-海外股票,MU,美光科技,狭义海外AI,AI存储/HBM,1.81%,1,5
161128,易方达标普信息科技指数(QDII-LOF)A(人民币),指数型-海外股票,PLTR,Palantir Technologies Inc-A,狭义海外AI,AI软件,1.59%,1,6
161128,易方达标普信息科技指数(QDII-LOF)A(人民币),指数型-海外股票,AMD,超威半导体,狭义海外AI,核心算力-GPU,1.58%,1,7
161128,易方达标普信息科技指数(QDII-LOF)A(人民币),指数型-海外股票,AMAT,应用材料,狭义海外AI,半导体设备,1.29%,1,9
161128,易方达标普信息科技指数(QDII-LOF)A(人民币),指数型-海外股票,LRCX,拉姆研究,狭义海外AI,半导体设备,1.27%,1,10
161229,国投瑞银中国价值发现股票,QDII-普通股票,00700,腾讯控股,广义离岸中国AI,中国离岸AI平台/云,8.94%,1,1
161229,国投瑞银中国价值发现股票,QDII-普通股票,09988,阿里巴巴-W,广义离岸中国AI,中国离岸AI平台/云,4.08%,1,6
161728,招商瑞智优选混合(LOF),混合型-灵活,01810,小米集团-W,广义离岸中国AI,中国离岸AI终端/汽车,2.86%,1,6
161730,招商智星稳健配置混合(FOF-LOF)A,FOF-稳健型,00700,腾讯控股,广义离岸中国AI,中国离岸AI平台/云,0.31%,1,1
161818,银华消费主题混合A,混合型-偏股,09988,阿里巴巴-W,广义离岸中国AI,中国离岸AI平台/云,5.68%,1,7
161831,银华恒生国企指数(QDII-LOF)A,指数型-海外股票,00700,腾讯控股,广义离岸中国AI,中国离岸AI平台/云,7.68%,1,1
161831,银华恒生国企指数(QDII-LOF)A,指数型-海外股票,09988,阿里巴巴-W,广义离岸中国AI,中国离岸AI平台/云,7.17%,1,2
161831,银华恒生国企指数(QDII-LOF)A,指数型-海外股票,01810,小米集团-W,广义离岸中国AI,中国离岸AI终端/汽车,5.42%,1,3
161837,银华大盘两年定开混合,混合型-偏股,01347,华虹半导体,广义离岸中国AI,中国离岸半导体制造,4.97%,1,6
161837,银华大盘两年定开混合,混合型-偏股,00981,中芯国际,广义离岸中国AI,中国离岸半导体制造,4.74%,1,8
161837,银华大盘两年定开混合,混合型-偏股,09988,阿里巴巴-W,广义离岸中国AI,中国离岸AI平台/云,4.56%,1,9
162415,华宝标普美国消费人民币A,指数型-海外股票,AMZN,亚马逊,狭义海外AI,AI云,22.37%,1,1
163417,兴全合宜混合(LOF)A,混合型-灵活,09988,阿里巴巴-W,广义离岸中国AI,中国离岸AI平台/云,3.30%,1,9
163813,中银全球策略(QDII-FOF)A,QDII-FOF,GOOGL,谷歌-A,狭义海外AI,AI云/大模型,0.74%,1,2
163813,中银全球策略(QDII-FOF)A,QDII-FOF,NVDA,英伟达,狭义海外AI,核心算力-GPU,0.45%,1,5
163813,中银全球策略(QDII-FOF)A,QDII-FOF,ASML,阿斯麦,狭义海外AI,半导体设备,0.34%,1,7
163813,中银全球策略(QDII-FOF)A,QDII-FOF,AMAT,应用材料,狭义海外AI,半导体设备,0.22%,1,8
163813,中银全球策略(QDII-FOF)A,QDII-FOF,GLW,康宁,扩展海外AI,光纤/材料,0.17%,1,9
164212,天弘全球新能源汽车股票(QDII-LOF)A,QDII-普通股票,NVDA,英伟达,狭义海外AI,核心算力-GPU,4.64%,1,1
164212,天弘全球新能源汽车股票(QDII-LOF)A,QDII-普通股票,TSM,台积电,狭义海外AI,先进制程代工,4.37%,1,2
164212,天弘全球新能源汽车股票(QDII-LOF)A,QDII-普通股票,LITE,Lumentum Holdings Inc,扩展海外AI,光通信器件,4.15%,1,3
164212,天弘全球新能源汽车股票(QDII-LOF)A,QDII-普通股票,KLAC,科磊,狭义海外AI,半导体设备,3.64%,1,5
164212,天弘全球新能源汽车股票(QDII-LOF)A,QDII-普通股票,AVGO,博通,狭义海外AI,AI网络/ASIC,3.43%,1,7
164212,天弘全球新能源汽车股票(QDII-LOF)A,QDII-普通股票,AMD,超威半导体,狭义海外AI,核心算力-GPU,3.31%,1,9
164212,天弘全球新能源汽车股票(QDII-LOF)A,QDII-普通股票,LRCX,拉姆研究,狭义海外AI,半导体设备,3.27%,1,10
164705,汇添富恒生指数(QDII-LOF)A,指数型-海外股票,00700,腾讯控股,广义离岸中国AI,中国离岸AI平台/云,7.36%,1,1
164705,汇添富恒生指数(QDII-LOF)A,指数型-海外股票,09988,阿里巴巴-W,广义离岸中国AI,中国离岸AI平台/云,6.86%,1,3
164705,汇添富恒生指数(QDII-LOF)A,指数型-海外股票,01810,小米集团-W,广义离岸中国AI,中国离岸AI终端/汽车,3.46%,1,6
164906,交银中证海外中国互联网指数(LOF)A,指数型-海外股票,00700,腾讯控股,广义离岸中国AI,中国离岸AI平台/云,9.54%,1,1
164906,交银中证海外中国互联网指数(LOF)A,指数型-海外股票,09988,阿里巴巴-W,广义离岸中国AI,中国离岸AI平台/云,8.00%,1,3
164906,交银中证海外中国互联网指数(LOF)A,指数型-海外股票,09888,百度集团-SW,广义离岸中国AI,中国离岸AI/自动驾驶/云,3.92%,1,7
166024,中欧恒利三年定期开放混合,混合型-偏股,00700,腾讯控股,广义离岸中国AI,中国离岸AI平台/云,7.68%,1,1
166025,中欧远见两年定开混合A,混合型-偏股,00700,腾讯控股,广义离岸中国AI,中国离岸AI平台/云,2.13%,1,9
167302,方正富邦大湾区综指(LOF),指数型-股票,00700,腾讯控股,广义离岸中国AI,中国离岸AI平台/云,9.62%,1,1
168002,国寿安保策略精选混合A,混合型-偏股,00700,腾讯控股,广义离岸中国AI,中国离岸AI平台/云,8.45%,1,7
169104,东方红睿满沪港深混合(LOF)A,混合型-灵活,00700,腾讯控股,广义离岸中国AI,中国离岸AI平台/云,7.59%,1,2
169104,东方红睿满沪港深混合(LOF)A,混合型-灵活,09988,阿里巴巴-W,广义离岸中国AI,中国离岸AI平台/云,5.74%,1,5
169105,东方红睿华沪港深混合(LOF)A,混合型-灵活,09988,阿里巴巴-W,广义离岸中国AI,中国离岸AI平台/云,4.27%,1,7
169106,东方红创新优选定开混合,混合型-偏债,00700,腾讯控股,广义离岸中国AI,中国离岸AI平台/云,0.97%,1,3
169106,东方红创新优选定开混合,混合型-偏债,09988,阿里巴巴-W,广义离岸中国AI,中国离岸AI平台/云,0.71%,1,4
169107,东方红恒阳五年持有混合,混合型-偏股,00981,中芯国际,广义离岸中国AI,中国离岸半导体制造,3.58%,1,6
169108,东方红均衡优选定开混合,混合型-偏债,00700,腾讯控股,广义离岸中国AI,中国离岸AI平台/云,1.17%,1,2
169109,东方红睿和三年持有混合A,混合型-偏股,00981,中芯国际,广义离岸中国AI,中国离岸半导体制造,3.57%,1,6
202027,南方高端装备混合A,混合型-偏股,01347,华虹半导体,广义离岸中国AI,中国离岸半导体制造,5.31%,1,2
202027,南方高端装备混合A,混合型-偏股,00981,中芯国际,广义离岸中国AI,中国离岸半导体制造,3.39%,1,6
262001,景顺长城大中华混合(QDII)A人民币,QDII-混合偏股,2330,台积电,狭义海外AI,先进制程代工,9.77%,1,1
262001,景顺长城大中华混合(QDII)A人民币,QDII-混合偏股,00700,腾讯控股,广义离岸中国AI,中国离岸AI平台/云,7.16%,1,2
262001,景顺长城大中华混合(QDII)A人民币,QDII-混合偏股,2308,台达电,扩展海外AI,数据中心电源,4.33%,1,5
262001,景顺长城大中华混合(QDII)A人民币,QDII-混合偏股,09988,阿里巴巴-W,广义离岸中国AI,中国离岸AI平台/云,4.27%,1,6
270023,广发全球精选股票(QDII)人民币A,QDII-普通股票,ASML,阿斯麦,狭义海外AI,半导体设备,5.21%,1,1
270023,广发全球精选股票(QDII)人民币A,QDII-普通股票,GOOG,谷歌-C,狭义海外AI,AI云/大模型,4.94%,1,3
270023,广发全球精选股票(QDII)人民币A,QDII-普通股票,NVDA,英伟达,狭义海外AI,核心算力-GPU,4.47%,1,4
270023,广发全球精选股票(QDII)人民币A,QDII-普通股票,AMZN,亚马逊,狭义海外AI,AI云,4.02%,1,6
270023,广发全球精选股票(QDII)人民币A,QDII-普通股票,LRCX,拉姆研究,狭义海外AI,半导体设备,4.01%,1,7
270023,广发全球精选股票(QDII)人民币A,QDII-普通股票,SNDK,闪迪,扩展海外AI,AI存储,3.54%,1,8
270023,广发全球精选股票(QDII)人民币A,QDII-普通股票,AVGO,博通,狭义海外AI,AI网络/ASIC,3.27%,1,9
270023,广发全球精选股票(QDII)人民币A,QDII-普通股票,MU,美光科技,狭义海外AI,AI存储/HBM,3.26%,1,10
270023,广发全球精选股票(QDII)人民币A,QDII-普通股票,GOOGL,谷歌-A,狭义海外AI,AI云/大模型,0.02%,1,11
377016,摩根亚太优势混合(QDII)A,QDII-混合偏股,2330,台积电,狭义海外AI,先进制程代工,9.65%,1,1
377016,摩根亚太优势混合(QDII)A,QDII-混合偏股,00700,腾讯控股,广义离岸中国AI,中国离岸AI平台/云,6.94%,1,2
377016,摩根亚太优势混合(QDII)A,QDII-混合偏股,005930,三星电子,扩展海外AI,半导体/存储,5.67%,1,3
377016,摩根亚太优势混合(QDII)A,QDII-混合偏股,2308,台达电,扩展海外AI,数据中心电源,2.40%,1,8
377150,摩根健康品质生活混合A,混合型-偏股,09988,阿里巴巴-W,广义离岸中国AI,中国离岸AI平台/云,9.10%,1,1
377150,摩根健康品质生活混合A,混合型-偏股,00700,腾讯控股,广义离岸中国AI,中国离岸AI平台/云,9.05%,1,2
378006,摩根全球新兴市场混合(QDII),QDII-混合偏股,TSM,台积电,狭义海外AI,先进制程代工,10.30%,1,1
378006,摩根全球新兴市场混合(QDII),QDII-混合偏股,005930,三星电子,扩展海外AI,半导体/存储,7.55%,1,2
378006,摩根全球新兴市场混合(QDII),QDII-混合偏股,00700,腾讯控股,广义离岸中国AI,中国离岸AI平台/云,6.59%,1,3
378006,摩根全球新兴市场混合(QDII),QDII-混合偏股,000660,SK海力士,狭义海外AI,AI存储/HBM,4.40%,1,4
378006,摩根全球新兴市场混合(QDII),QDII-混合偏股,09988,阿里巴巴-W,广义离岸中国AI,中国离岸AI平台/云,2.90%,1,5
457001,国富亚洲机会股票(QDII)A,QDII-普通股票,2330,台积电,狭义海外AI,先进制程代工,5.48%,1,1
457001,国富亚洲机会股票(QDII)A,QDII-普通股票,005930,三星电子,扩展海外AI,半导体/存储,5.28%,1,2
457001,国富亚洲机会股票(QDII)A,QDII-普通股票,09988,阿里巴巴-W,广义离岸中国AI,中国离岸AI平台/云,5.03%,1,3
457001,国富亚洲机会股票(QDII)A,QDII-普通股票,TSM,台积电,狭义海外AI,先进制程代工,4.89%,1,4
457001,国富亚洲机会股票(QDII)A,QDII-普通股票,000660,SK海力士,狭义海外AI,AI存储/HBM,4.32%,1,5
457001,国富亚洲机会股票(QDII)A,QDII-普通股票,2454,联发科,扩展海外AI,边缘AI芯片,2.94%,1,7
457001,国富亚洲机会股票(QDII)A,QDII-普通股票,2308,台达电,扩展海外AI,数据中心电源,2.86%,1,8
486001,工银全球股票(QDII)人民币,QDII-普通股票,00700,腾讯控股,广义离岸中国AI,中国离岸AI平台/云,7.10%,1,1
486001,工银全球股票(QDII)人民币,QDII-普通股票,09988,阿里巴巴-W,广义离岸中国AI,中国离岸AI平台/云,4.74%,1,2
486001,工银全球股票(QDII)人民币,QDII-普通股票,NVDA,英伟达,狭义海外AI,核心算力-GPU,3.48%,1,3
486001,工银全球股票(QDII)人民币,QDII-普通股票,GOOG,谷歌-C,狭义海外AI,AI云/大模型,2.70%,1,4
486001,工银全球股票(QDII)人民币,QDII-普通股票,MSFT,微软,狭义海外AI,AI云/软件,1.92%,1,7
486001,工银全球股票(QDII)人民币,QDII-普通股票,AMZN,亚马逊,狭义海外AI,AI云,1.67%,1,8
486002,工银全球精选股票(QDII),QDII-普通股票,NVDA,英伟达,狭义海外AI,核心算力-GPU,4.18%,1,1
486002,工银全球精选股票(QDII),QDII-普通股票,GOOG,谷歌-C,狭义海外AI,AI云/大模型,3.50%,1,2
486002,工银全球精选股票(QDII),QDII-普通股票,TSM,台积电,狭义海外AI,先进制程代工,2.69%,1,3
486002,工银全球精选股票(QDII),QDII-普通股票,MSFT,微软,狭义海外AI,AI云/软件,2.44%,1,4
486002,工银全球精选股票(QDII),QDII-普通股票,AMZN,亚马逊,狭义海外AI,AI云,2.07%,1,5
486002,工银全球精选股票(QDII),QDII-普通股票,AVGO,博通,狭义海外AI,AI网络/ASIC,1.80%,1,6
501021,华宝港股通标普香港上市中国中小盘指数(LOF)A,指数型-股票,09660,地平线机器人-W,广义离岸中国AI,中国离岸AI芯片/自动驾驶,2.11%,1,16
501053,东方红目标优选定开混合,混合型-偏债,00700,腾讯控股,广义离岸中国AI,中国离岸AI平台/云,0.95%,1,2
501053,东方红目标优选定开混合,混合型-偏债,09988,阿里巴巴-W,广义离岸中国AI,中国离岸AI平台/云,0.72%,1,4
501054,东方红睿泽三年持有混合A,混合型-偏股,00700,腾讯控股,广义离岸中国AI,中国离岸AI平台/云,7.66%,1,2
501054,东方红睿泽三年持有混合A,混合型-偏股,09988,阿里巴巴-W,广义离岸中国AI,中国离岸AI平台/云,5.64%,1,5
501062,南方瑞合定开混合(LOF),混合型-灵活,01347,华虹半导体,广义离岸中国AI,中国离岸半导体制造,3.26%,1,10
501063,汇添富悦享两年持有混合,混合型-偏股,09988,阿里巴巴-W,广义离岸中国AI,中国离岸AI平台/云,5.09%,1,5
501065,汇添富经典成长定开混合,混合型-偏股,00700,腾讯控股,广义离岸中国AI,中国离岸AI平台/云,6.72%,1,2
501066,东方红恒元五年持有混合,混合型-偏股,00700,腾讯控股,广义离岸中国AI,中国离岸AI平台/云,2.97%,1,8
501081,中欧科创主题混合(LOF)A,混合型-偏股,09988,阿里巴巴-W,广义离岸中国AI,中国离岸AI平台/云,7.76%,1,3
501081,中欧科创主题混合(LOF)A,混合型-偏股,00981,中芯国际,广义离岸中国AI,中国离岸半导体制造,6.46%,1,5
501091,嘉实欣荣混合(LOF)A,混合型-偏股,00700,腾讯控股,广义离岸中国AI,中国离岸AI平台/云,5.60%,1,5
501091,嘉实欣荣混合(LOF)A,混合型-偏股,09988,阿里巴巴-W,广义离岸中国AI,中国离岸AI平台/云,5.44%,1,6
501093,华夏翔阳两年定开混合,混合型-偏股,00700,腾讯控股,广义离岸中国AI,中国离岸AI平台/云,5.69%,1,5
501098,建信优享科技创新混合(LOF),混合型-偏股,09988,阿里巴巴-W,广义离岸中国AI,中国离岸AI平台/云,6.43%,1,2
501098,建信优享科技创新混合(LOF),混合型-偏股,01347,华虹半导体,广义离岸中国AI,中国离岸半导体制造,4.74%,1,4
501188,汇添富核心精选混合(LOF),混合型-灵活,01347,华虹半导体,广义离岸中国AI,中国离岸半导体制造,6.61%,1,3
501188,汇添富核心精选混合(LOF),混合型-灵活,00981,中芯国际,广义离岸中国AI,中国离岸半导体制造,6.16%,1,4
501188,汇添富核心精选混合(LOF),混合型-灵活,09988,阿里巴巴-W,广义离岸中国AI,中国离岸AI平台/云,3.99%,1,8
501206,汇添富创新未来混合(LOF),混合型-偏股,09988,阿里巴巴-W,广义离岸中国AI,中国离岸AI平台/云,2.49%,1,7
501207,华夏创新未来混合(LOF),混合型-偏股,00700,腾讯控股,广义离岸中国AI,中国离岸AI平台/云,6.33%,1,4
501207,华夏创新未来混合(LOF),混合型-偏股,09988,阿里巴巴-W,广义离岸中国AI,中国离岸AI平台/云,5.86%,1,6
501207,华夏创新未来混合(LOF),混合型-偏股,03896,金山云,广义离岸中国AI,中国离岸云计算,5.78%,1,7
501208,中欧创新未来混合(LOF),混合型-偏股,00700,腾讯控股,广义离岸中国AI,中国离岸AI平台/云,4.36%,1,3
501208,中欧创新未来混合(LOF),混合型-偏股,09988,阿里巴巴-W,广义离岸中国AI,中国离岸AI平台/云,3.42%,1,4
501208,中欧创新未来混合(LOF),混合型-偏股,00981,中芯国际,广义离岸中国AI,中国离岸半导体制造,2.49%,1,10
501226,长城全球新能源车股票发起式(QDII)A,QDII-普通股票,TSM,台积电,狭义海外AI,先进制程代工,7.44%,1,1
501226,长城全球新能源车股票发起式(QDII)A,QDII-普通股票,ASML,阿斯麦,狭义海外AI,半导体设备,7.27%,1,2
501226,长城全球新能源车股票发起式(QDII)A,QDII-普通股票,NVDA,英伟达,狭义海外AI,核心算力-GPU,6.99%,1,3
501226,长城全球新能源车股票发起式(QDII)A,QDII-普通股票,GOOGL,谷歌-A,狭义海外AI,AI云/大模型,6.33%,1,4
501226,长城全球新能源车股票发起式(QDII)A,QDII-普通股票,MU,美光科技,狭义海外AI,AI存储/HBM,5.95%,1,5
501226,长城全球新能源车股票发起式(QDII)A,QDII-普通股票,AVGO,博通,狭义海外AI,AI网络/ASIC,5.45%,1,6
501226,长城全球新能源车股票发起式(QDII)A,QDII-普通股票,AMZN,亚马逊,狭义海外AI,AI云,5.04%,1,7
501226,长城全球新能源车股票发起式(QDII)A,QDII-普通股票,KLAC,科磊,狭义海外AI,半导体设备,4.54%,1,8
501226,长城全球新能源车股票发起式(QDII)A,QDII-普通股票,LRCX,拉姆研究,狭义海外AI,半导体设备,4.23%,1,9
501226,长城全球新能源车股票发起式(QDII)A,QDII-普通股票,SNDK,闪迪,扩展海外AI,AI存储,4.20%,1,10
501303,广发恒生中型股指数(LOF)A,指数型-股票,00020,商汤-W,广义离岸中国AI,中国离岸AI软件,1.63%,1,2
501303,广发恒生中型股指数(LOF)A,指数型-股票,01347,华虹半导体,广义离岸中国AI,中国离岸半导体制造,1.55%,1,4
501311,嘉实港股通新经济指数A,指数型-股票,00700,腾讯控股,广义离岸中国AI,中国离岸AI平台/云,14.00%,1,1
501311,嘉实港股通新经济指数A,指数型-股票,09988,阿里巴巴-W,广义离岸中国AI,中国离岸AI平台/云,13.04%,1,2
501311,嘉实港股通新经济指数A,指数型-股票,01810,小米集团-W,广义离岸中国AI,中国离岸AI终端/汽车,10.98%,1,3
501311,嘉实港股通新经济指数A,指数型-股票,00981,中芯国际,广义离岸中国AI,中国离岸半导体制造,4.04%,1,6
510900,恒生中国企业ETF易方达,指数型-海外股票,00700,腾讯控股,广义离岸中国AI,中国离岸AI平台/云,7.45%,1,1
510900,恒生中国企业ETF易方达,指数型-海外股票,09988,阿里巴巴-W,广义离岸中国AI,中国离岸AI平台/云,6.93%,1,3
510900,恒生中国企业ETF易方达,指数型-海外股票,01810,小米集团-W,广义离岸中国AI,中国离岸AI终端/汽车,5.24%,1,4
513010,恒生科技ETF易方达,指数型-海外股票,01810,小米集团-W,广义离岸中国AI,中国离岸AI终端/汽车,8.12%,1,3
513010,恒生科技ETF易方达,指数型-海外股票,00700,腾讯控股,广义离岸中国AI,中国离岸AI平台/云,7.65%,1,4
513010,恒生科技ETF易方达,指数型-海外股票,09988,阿里巴巴-W,广义离岸中国AI,中国离岸AI平台/云,6.97%,1,5
513010,恒生科技ETF易方达,指数型-海外股票,00981,中芯国际,广义离岸中国AI,中国离岸半导体制造,6.27%,1,7
513010,恒生科技ETF易方达,指数型-海外股票,09888,百度集团-SW,广义离岸中国AI,中国离岸AI/自动驾驶/云,3.29%,1,10
513020,港股科技ETF国泰,指数型-股票,00700,腾讯控股,广义离岸中国AI,中国离岸AI平台/云,9.29%,1,3
513020,港股科技ETF国泰,指数型-股票,09988,阿里巴巴-W,广义离岸中国AI,中国离岸AI平台/云,9.01%,1,4
513020,港股科技ETF国泰,指数型-股票,01810,小米集团-W,广义离岸中国AI,中国离岸AI终端/汽车,8.66%,1,5
513020,港股科技ETF国泰,指数型-股票,00981,中芯国际,广义离岸中国AI,中国离岸半导体制造,6.15%,1,6
513040,港股通互联网ETF易方达,指数型-股票,00700,腾讯控股,广义离岸中国AI,中国离岸AI平台/云,15.24%,1,1
513040,港股通互联网ETF易方达,指数型-股票,09988,阿里巴巴-W,广义离岸中国AI,中国离岸AI平台/云,14.78%,1,2
513040,港股通互联网ETF易方达,指数型-股票,01810,小米集团-W,广义离岸中国AI,中国离岸AI终端/汽车,13.87%,1,3
513040,港股通互联网ETF易方达,指数型-股票,00020,商汤-W,广义离岸中国AI,中国离岸AI软件,4.19%,1,5
513050,中概互联网ETF易方达,指数型-海外股票,00700,腾讯控股,广义离岸中国AI,中国离岸AI平台/云,30.65%,1,1
513050,中概互联网ETF易方达,指数型-海外股票,09988,阿里巴巴-W,广义离岸中国AI,中国离岸AI平台/云,26.06%,1,2
513050,中概互联网ETF易方达,指数型-海外股票,01810,小米集团-W,广义离岸中国AI,中国离岸AI终端/汽车,6.91%,1,4
513050,中概互联网ETF易方达,指数型-海外股票,09888,百度集团-SW,广义离岸中国AI,中国离岸AI/自动驾驶/云,3.29%,1,8
513100,纳指ETF国泰,指数型-海外股票,NVDA,英伟达,狭义海外AI,核心算力-GPU,7.88%,1,1
513100,纳指ETF国泰,指数型-海外股票,MSFT,微软,狭义海外AI,AI云/软件,5.11%,1,3
513100,纳指ETF国泰,指数型-海外股票,AMZN,亚马逊,狭义海外AI,AI云,4.16%,1,4
513100,纳指ETF国泰,指数型-海外股票,META,Meta Platforms Inc-A,狭义海外AI,AI平台,3.14%,1,6
513100,纳指ETF国泰,指数型-海外股票,GOOGL,谷歌-A,狭义海外AI,AI云/大模型,3.11%,1,8
513100,纳指ETF国泰,指数型-海外股票,GOOG,谷歌-C,狭义海外AI,AI云/大模型,2.90%,1,9
513100,纳指ETF国泰,指数型-海外股票,AVGO,博通,狭义海外AI,AI网络/ASIC,2.73%,1,10
513110,纳指ETF华泰柏瑞,指数型-海外股票,NVDA,英伟达,狭义海外AI,核心算力-GPU,8.25%,1,1
513110,纳指ETF华泰柏瑞,指数型-海外股票,MSFT,微软,狭义海外AI,AI云/软件,5.35%,1,3
513110,纳指ETF华泰柏瑞,指数型-海外股票,AMZN,亚马逊,狭义海外AI,AI云,4.35%,1,4
513110,纳指ETF华泰柏瑞,指数型-海外股票,META,Meta Platforms Inc-A,狭义海外AI,AI平台,3.29%,1,6
513110,纳指ETF华泰柏瑞,指数型-海外股票,GOOGL,谷歌-A,狭义海外AI,AI云/大模型,3.26%,1,8
513110,纳指ETF华泰柏瑞,指数型-海外股票,GOOG,谷歌-C,狭义海外AI,AI云/大模型,3.04%,1,9
513110,纳指ETF华泰柏瑞,指数型-海外股票,AVGO,博通,狭义海外AI,AI网络/ASIC,2.86%,1,10
513120,港股创新药ETF广发,指数型-海外股票,02228,晶泰控股,广义离岸中国AI,中国离岸AI制药,2.98%,1,10
513150,港股通科技ETF华泰柏瑞,指数型-股票,00700,腾讯控股,广义离岸中国AI,中国离岸AI平台/云,9.15%,1,3
513150,港股通科技ETF华泰柏瑞,指数型-股票,09988,阿里巴巴-W,广义离岸中国AI,中国离岸AI平台/云,8.85%,1,4
513150,港股通科技ETF华泰柏瑞,指数型-股票,01810,小米集团-W,广义离岸中国AI,中国离岸AI终端/汽车,8.52%,1,5
513150,港股通科技ETF华泰柏瑞,指数型-股票,00981,中芯国际,广义离岸中国AI,中国离岸半导体制造,6.06%,1,6
513160,港股科技ETF银华,指数型-股票,01810,小米集团-W,广义离岸中国AI,中国离岸AI终端/汽车,13.00%,1,2
513160,港股科技ETF银华,指数型-股票,00700,腾讯控股,广义离岸中国AI,中国离岸AI平台/云,12.26%,1,3
513160,港股科技ETF银华,指数型-股票,09988,阿里巴巴-W,广义离岸中国AI,中国离岸AI平台/云,11.41%,1,4
513160,港股科技ETF银华,指数型-股票,00981,中芯国际,广义离岸中国AI,中国离岸半导体制造,10.47%,1,5
513160,港股科技ETF银华,指数型-股票,09660,地平线机器人-W,广义离岸中国AI,中国离岸AI芯片/自动驾驶,3.81%,1,7
513160,港股科技ETF银华,指数型-股票,00020,商汤-W,广义离岸中国AI,中国离岸AI软件,3.11%,1,8
513160,港股科技ETF银华,指数型-股票,00992,联想集团,广义离岸中国AI,中国离岸AI PC/服务器,3.07%,1,9
513160,港股科技ETF银华,指数型-股票,01347,华虹半导体,广义离岸中国AI,中国离岸半导体制造,3.04%,1,10
513170,恒生央企ETF鹏华,指数型-海外股票,00981,中芯国际,广义离岸中国AI,中国离岸半导体制造,5.85%,1,7
513180,恒生科技ETF华夏,指数型-海外股票,00700,腾讯控股,广义离岸中国AI,中国离岸AI平台/云,9.27%,1,2
513180,恒生科技ETF华夏,指数型-海外股票,09988,阿里巴巴-W,广义离岸中国AI,中国离岸AI平台/云,8.44%,1,4
513180,恒生科技ETF华夏,指数型-海外股票,01810,小米集团-W,广义离岸中国AI,中国离岸AI终端/汽车,8.25%,1,5
513180,恒生科技ETF华夏,指数型-海外股票,00981,中芯国际,广义离岸中国AI,中国离岸半导体制造,6.52%,1,6
513210,恒生ETF易方达,指数型-海外股票,00700,腾讯控股,广义离岸中国AI,中国离岸AI平台/云,7.55%,1,1
513210,恒生ETF易方达,指数型-海外股票,09988,阿里巴巴-W,广义离岸中国AI,中国离岸AI平台/云,7.02%,1,3
513210,恒生ETF易方达,指数型-海外股票,01810,小米集团-W,广义离岸中国AI,中国离岸AI终端/汽车,3.54%,1,6
513220,中概互联ETF招商,指数型-海外股票,00700,腾讯控股,广义离岸中国AI,中国离岸AI平台/云,14.84%,1,1
513220,中概互联ETF招商,指数型-海外股票,09988,阿里巴巴-W,广义离岸中国AI,中国离岸AI平台/云,14.40%,1,2
513220,中概互联ETF招商,指数型-海外股票,01810,小米集团-W,广义离岸中国AI,中国离岸AI终端/汽车,9.65%,1,4
513220,中概互联ETF招商,指数型-海外股票,09888,百度集团-SW,广义离岸中国AI,中国离岸AI/自动驾驶/云,4.98%,1,8
513260,恒生科技ETF汇添富,指数型-海外股票,01810,小米集团-W,广义离岸中国AI,中国离岸AI终端/汽车,8.18%,1,3
513260,恒生科技ETF汇添富,指数型-海外股票,00700,腾讯控股,广义离岸中国AI,中国离岸AI平台/云,7.71%,1,4
513260,恒生科技ETF汇添富,指数型-海外股票,09988,阿里巴巴-W,广义离岸中国AI,中国离岸AI平台/云,7.18%,1,6
513260,恒生科技ETF汇添富,指数型-海外股票,00981,中芯国际,广义离岸中国AI,中国离岸半导体制造,6.31%,1,7
513260,恒生科技ETF汇添富,指数型-海外股票,09888,百度集团-SW,广义离岸中国AI,中国离岸AI/自动驾驶/云,3.88%,1,10
513280,恒生生物科技ETF汇添富,指数型-海外股票,02228,晶泰控股,广义离岸中国AI,中国离岸AI制药,3.20%,1,10
513300,纳斯达克ETF华夏,指数型-海外股票,NVDA,英伟达,狭义海外AI,核心算力-GPU,8.47%,1,1
513300,纳斯达克ETF华夏,指数型-海外股票,MSFT,微软,狭义海外AI,AI云/软件,5.49%,1,3
513300,纳斯达克ETF华夏,指数型-海外股票,AMZN,亚马逊,狭义海外AI,AI云,4.47%,1,4
513300,纳斯达克ETF华夏,指数型-海外股票,META,Meta Platforms Inc-A,狭义海外AI,AI平台,3.37%,1,6
513300,纳斯达克ETF华夏,指数型-海外股票,GOOGL,谷歌-A,狭义海外AI,AI云/大模型,3.35%,1,8
513300,纳斯达克ETF华夏,指数型-海外股票,GOOG,谷歌-C,狭义海外AI,AI云/大模型,3.12%,1,9
513300,纳斯达克ETF华夏,指数型-海外股票,AVGO,博通,狭义海外AI,AI网络/ASIC,2.93%,1,10
513310,中韩半导体ETF华泰柏瑞,指数型-海外股票,005930,三星电子,扩展海外AI,半导体/存储,18.84%,1,1
513310,中韩半导体ETF华泰柏瑞,指数型-海外股票,000660,SK海力士,狭义海外AI,AI存储/HBM,15.53%,1,2
513320,港股通新经济ETF易方达,指数型-股票,00700,腾讯控股,广义离岸中国AI,中国离岸AI平台/云,14.73%,1,1
513320,港股通新经济ETF易方达,指数型-股票,09988,阿里巴巴-W,广义离岸中国AI,中国离岸AI平台/云,13.70%,1,2
513320,港股通新经济ETF易方达,指数型-股票,01810,小米集团-W,广义离岸中国AI,中国离岸AI终端/汽车,11.54%,1,3
513320,港股通新经济ETF易方达,指数型-股票,00981,中芯国际,广义离岸中国AI,中国离岸半导体制造,4.25%,1,6
513330,恒生互联网ETF华夏,指数型-海外股票,00700,腾讯控股,广义离岸中国AI,中国离岸AI平台/云,16.27%,1,1
513330,恒生互联网ETF华夏,指数型-海外股票,09988,阿里巴巴-W,广义离岸中国AI,中国离岸AI平台/云,14.60%,1,2
513330,恒生互联网ETF华夏,指数型-海外股票,01810,小米集团-W,广义离岸中国AI,中国离岸AI终端/汽车,10.35%,1,4
513330,恒生互联网ETF华夏,指数型-海外股票,09888,百度集团-SW,广义离岸中国AI,中国离岸AI/自动驾驶/云,4.71%,1,8
513330,恒生互联网ETF华夏,指数型-海外股票,09660,地平线机器人-W,广义离岸中国AI,中国离岸AI芯片/自动驾驶,3.15%,1,9
513330,恒生互联网ETF华夏,指数型-海外股票,00020,商汤-W,广义离岸中国AI,中国离岸AI软件,2.57%,1,10
513380,恒生科技ETF广发,指数型-海外股票,01810,小米集团-W,广义离岸中国AI,中国离岸AI终端/汽车,8.31%,1,3
513380,恒生科技ETF广发,指数型-海外股票,00700,腾讯控股,广义离岸中国AI,中国离岸AI平台/云,7.88%,1,4
513380,恒生科技ETF广发,指数型-海外股票,09988,阿里巴巴-W,广义离岸中国AI,中国离岸AI平台/云,7.45%,1,5
513380,恒生科技ETF广发,指数型-海外股票,00981,中芯国际,广义离岸中国AI,中国离岸半导体制造,6.75%,1,7
513380,恒生科技ETF广发,指数型-海外股票,09888,百度集团-SW,广义离岸中国AI,中国离岸AI/自动驾驶/云,3.64%,1,10
513390,纳指100ETF博时,指数型-海外股票,NVDA,英伟达,狭义海外AI,核心算力-GPU,8.21%,1,1
513390,纳指100ETF博时,指数型-海外股票,MSFT,微软,狭义海外AI,AI云/软件,5.33%,1,3
513390,纳指100ETF博时,指数型-海外股票,AMZN,亚马逊,狭义海外AI,AI云,4.34%,1,4
513390,纳指100ETF博时,指数型-海外股票,META,Meta Platforms Inc-A,狭义海外AI,AI平台,3.27%,1,6
513390,纳指100ETF博时,指数型-海外股票,GOOGL,谷歌-A,狭义海外AI,AI云/大模型,3.25%,1,8
513390,纳指100ETF博时,指数型-海外股票,GOOG,谷歌-C,狭义海外AI,AI云/大模型,3.02%,1,9
513390,纳指100ETF博时,指数型-海外股票,AVGO,博通,狭义海外AI,AI网络/ASIC,2.85%,1,10
513400,道琼斯ETF鹏华,指数型-海外股票,MSFT,微软,狭义海外AI,AI云/软件,4.63%,1,3
513500,标普500ETF博时,指数型-海外股票,NVDA,英伟达,狭义海外AI,核心算力-GPU,7.37%,1,1
513500,标普500ETF博时,指数型-海外股票,MSFT,微软,狭义海外AI,AI云/软件,4.79%,1,3
513500,标普500ETF博时,指数型-海外股票,AMZN,亚马逊,狭义海外AI,AI云,3.54%,1,4
513500,标普500ETF博时,指数型-海外股票,GOOGL,谷歌-A,狭义海外AI,AI云/大模型,2.92%,1,5
513500,标普500ETF博时,指数型-海外股票,AVGO,博通,狭义海外AI,AI网络/ASIC,2.55%,1,6
513500,标普500ETF博时,指数型-海外股票,GOOG,谷歌-C,狭义海外AI,AI云/大模型,2.34%,1,7
513500,标普500ETF博时,指数型-海外股票,META,Meta Platforms Inc-A,狭义海外AI,AI平台,2.18%,1,8
513550,港股通50ETF华泰柏瑞,指数型-股票,00700,腾讯控股,广义离岸中国AI,中国离岸AI平台/云,8.26%,1,2
513550,港股通50ETF华泰柏瑞,指数型-股票,09988,阿里巴巴-W,广义离岸中国AI,中国离岸AI平台/云,8.01%,1,3
513550,港股通50ETF华泰柏瑞,指数型-股票,01810,小米集团-W,广义离岸中国AI,中国离岸AI终端/汽车,3.78%,1,7
513560,香港科技ETF兴银,指数型-股票,00700,腾讯控股,广义离岸中国AI,中国离岸AI平台/云,9.12%,1,3
513560,香港科技ETF兴银,指数型-股票,09988,阿里巴巴-W,广义离岸中国AI,中国离岸AI平台/云,8.85%,1,4
513560,香港科技ETF兴银,指数型-股票,01810,小米集团-W,广义离岸中国AI,中国离岸AI终端/汽车,8.51%,1,5
513560,香港科技ETF兴银,指数型-股票,00981,中芯国际,广义离岸中国AI,中国离岸半导体制造,6.04%,1,6
513580,恒生科技ETF华安,指数型-海外股票,01810,小米集团-W,广义离岸中国AI,中国离岸AI终端/汽车,8.01%,1,3
513580,恒生科技ETF华安,指数型-海外股票,00700,腾讯控股,广义离岸中国AI,中国离岸AI平台/云,7.56%,1,4
513580,恒生科技ETF华安,指数型-海外股票,09988,阿里巴巴-W,广义离岸中国AI,中国离岸AI平台/云,7.04%,1,6
513580,恒生科技ETF华安,指数型-海外股票,00981,中芯国际,广义离岸中国AI,中国离岸半导体制造,6.18%,1,7
513580,恒生科技ETF华安,指数型-海外股票,09888,百度集团-SW,广义离岸中国AI,中国离岸AI/自动驾驶/云,3.79%,1,10
513600,恒生指数ETF南方,指数型-股票,00700,腾讯控股,广义离岸中国AI,中国离岸AI平台/云,9.88%,1,1
513600,恒生指数ETF南方,指数型-股票,09988,阿里巴巴-W,广义离岸中国AI,中国离岸AI平台/云,8.11%,1,2
513600,恒生指数ETF南方,指数型-股票,01810,小米集团-W,广义离岸中国AI,中国离岸AI终端/汽车,3.72%,1,6
513650,标普500ETF南方,指数型-海外股票,NVDA,英伟达,狭义海外AI,核心算力-GPU,7.39%,1,1
513650,标普500ETF南方,指数型-海外股票,MSFT,微软,狭义海外AI,AI云/软件,4.79%,1,3
513650,标普500ETF南方,指数型-海外股票,AMZN,亚马逊,狭义海外AI,AI云,3.55%,1,4
513650,标普500ETF南方,指数型-海外股票,GOOGL,谷歌-A,狭义海外AI,AI云/大模型,2.92%,1,5
513650,标普500ETF南方,指数型-海外股票,AVGO,博通,狭义海外AI,AI网络/ASIC,2.56%,1,6
513650,标普500ETF南方,指数型-海外股票,GOOG,谷歌-C,狭义海外AI,AI云/大模型,2.34%,1,7
513650,标普500ETF南方,指数型-海外股票,META,Meta Platforms Inc-A,狭义海外AI,AI平台,2.18%,1,8
513660,恒生ETF华夏,指数型-股票,09988,阿里巴巴-W,广义离岸中国AI,中国离岸AI平台/云,8.25%,1,1
513660,恒生ETF华夏,指数型-股票,00700,腾讯控股,广义离岸中国AI,中国离岸AI平台/云,8.21%,1,2
513660,恒生ETF华夏,指数型-股票,01810,小米集团-W,广义离岸中国AI,中国离岸AI终端/汽车,3.53%,1,7
513720,港股互联网ETF国泰,指数型-股票,00700,腾讯控股,广义离岸中国AI,中国离岸AI平台/云,15.17%,1,1
513720,港股互联网ETF国泰,指数型-股票,09988,阿里巴巴-W,广义离岸中国AI,中国离岸AI平台/云,14.72%,1,2
513720,港股互联网ETF国泰,指数型-股票,01810,小米集团-W,广义离岸中国AI,中国离岸AI终端/汽车,13.81%,1,3
513720,港股互联网ETF国泰,指数型-股票,00020,商汤-W,广义离岸中国AI,中国离岸AI软件,4.17%,1,5
513770,港股互联网ETF华宝,指数型-股票,00700,腾讯控股,广义离岸中国AI,中国离岸AI平台/云,15.21%,1,1
513770,港股互联网ETF华宝,指数型-股票,09988,阿里巴巴-W,广义离岸中国AI,中国离岸AI平台/云,14.74%,1,2
513770,港股互联网ETF华宝,指数型-股票,01810,小米集团-W,广义离岸中国AI,中国离岸AI终端/汽车,13.83%,1,3
513770,港股互联网ETF华宝,指数型-股票,00020,商汤-W,广义离岸中国AI,中国离岸AI软件,4.18%,1,5
513780,港股创新药ETF景顺,指数型-股票,02228,晶泰控股,广义离岸中国AI,中国离岸AI制药,2.92%,1,10
513810,港股国企ETF华夏,指数型-海外股票,00981,中芯国际,广义离岸中国AI,中国离岸半导体制造,4.32%,1,6
513850,美国50ETF易方达,指数型-海外股票,NVDA,英伟达,狭义海外AI,核心算力-GPU,11.55%,1,1
513850,美国50ETF易方达,指数型-海外股票,MSFT,微软,狭义海外AI,AI云/软件,7.12%,1,3
513850,美国50ETF易方达,指数型-海外股票,AMZN,亚马逊,狭义海外AI,AI云,5.46%,1,4
513850,美国50ETF易方达,指数型-海外股票,GOOGL,谷歌-A,狭义海外AI,AI云/大模型,4.56%,1,5
513850,美国50ETF易方达,指数型-海外股票,AVGO,博通,狭义海外AI,AI网络/ASIC,3.80%,1,7
513850,美国50ETF易方达,指数型-海外股票,GOOG,谷歌-C,狭义海外AI,AI云/大模型,3.80%,1,6
513850,美国50ETF易方达,指数型-海外股票,META,Meta Platforms Inc-A,狭义海外AI,AI平台,3.40%,1,8
513860,港股通科技ETF海富通,指数型-股票,00700,腾讯控股,广义离岸中国AI,中国离岸AI平台/云,9.32%,1,3
513860,港股通科技ETF海富通,指数型-股票,09988,阿里巴巴-W,广义离岸中国AI,中国离岸AI平台/云,9.02%,1,4
513860,港股通科技ETF海富通,指数型-股票,01810,小米集团-W,广义离岸中国AI,中国离岸AI终端/汽车,8.68%,1,5
513860,港股通科技ETF海富通,指数型-股票,00981,中芯国际,广义离岸中国AI,中国离岸半导体制造,6.16%,1,6
513870,纳指ETF富国,指数型-海外股票,NVDA,英伟达,狭义海外AI,核心算力-GPU,7.95%,1,1
513870,纳指ETF富国,指数型-海外股票,MSFT,微软,狭义海外AI,AI云/软件,5.16%,1,3
513870,纳指ETF富国,指数型-海外股票,AMZN,亚马逊,狭义海外AI,AI云,4.17%,1,4
513870,纳指ETF富国,指数型-海外股票,META,Meta Platforms Inc-A,狭义海外AI,AI平台,3.15%,1,6
513870,纳指ETF富国,指数型-海外股票,GOOGL,谷歌-A,狭义海外AI,AI云/大模型,3.14%,1,8
513870,纳指ETF富国,指数型-海外股票,GOOG,谷歌-C,狭义海外AI,AI云/大模型,2.91%,1,9
513870,纳指ETF富国,指数型-海外股票,AVGO,博通,狭义海外AI,AI网络/ASIC,2.74%,1,10
513890,恒生科技ETF摩根,指数型-海外股票,01810,小米集团-W,广义离岸中国AI,中国离岸AI终端/汽车,7.69%,1,3
513890,恒生科技ETF摩根,指数型-海外股票,00700,腾讯控股,广义离岸中国AI,中国离岸AI平台/云,7.58%,1,4
513890,恒生科技ETF摩根,指数型-海外股票,09988,阿里巴巴-W,广义离岸中国AI,中国离岸AI平台/云,7.36%,1,6
513890,恒生科技ETF摩根,指数型-海外股票,00981,中芯国际,广义离岸中国AI,中国离岸半导体制造,6.99%,1,7
513890,恒生科技ETF摩根,指数型-海外股票,09888,百度集团-SW,广义离岸中国AI,中国离岸AI/自动驾驶/云,4.09%,1,10
513900,港股通100ETF华安,指数型-股票,00700,腾讯控股,广义离岸中国AI,中国离岸AI平台/云,8.28%,1,2
513900,港股通100ETF华安,指数型-股票,09988,阿里巴巴-W,广义离岸中国AI,中国离岸AI平台/云,8.05%,1,3
513900,港股通100ETF华安,指数型-股票,01810,小米集团-W,广义离岸中国AI,中国离岸AI终端/汽车,4.67%,1,5
513980,港股科技ETF景顺,指数型-股票,00700,腾讯控股,广义离岸中国AI,中国离岸AI平台/云,9.27%,1,3
513980,港股科技ETF景顺,指数型-股票,09988,阿里巴巴-W,广义离岸中国AI,中国离岸AI平台/云,8.99%,1,4
513980,港股科技ETF景顺,指数型-股票,01810,小米集团-W,广义离岸中国AI,中国离岸AI终端/汽车,8.64%,1,5
513980,港股科技ETF景顺,指数型-股票,00981,中芯国际,广义离岸中国AI,中国离岸半导体制造,6.14%,1,6
513990,港股通ETF招商,指数型-股票,00700,腾讯控股,广义离岸中国AI,中国离岸AI平台/云,13.47%,1,1
513990,港股通ETF招商,指数型-股票,09988,阿里巴巴-W,广义离岸中国AI,中国离岸AI平台/云,9.84%,1,2
513990,港股通ETF招商,指数型-股票,01810,小米集团-W,广义离岸中国AI,中国离岸AI终端/汽车,2.51%,1,7
517000,沪港深500ETF银华,指数型-股票,00700,腾讯控股,广义离岸中国AI,中国离岸AI平台/云,5.76%,1,1
517000,沪港深500ETF银华,指数型-股票,09988,阿里巴巴-W,广义离岸中国AI,中国离岸AI平台/云,4.21%,1,2
517010,沪港深500ETF易方达,指数型-股票,00700,腾讯控股,广义离岸中国AI,中国离岸AI平台/云,5.95%,1,1
517010,沪港深500ETF易方达,指数型-股票,09988,阿里巴巴-W,广义离岸中国AI,中国离岸AI平台/云,4.37%,1,2
517030,沪港深300ETF易方达,指数型-股票,00700,腾讯控股,广义离岸中国AI,中国离岸AI平台/云,3.88%,1,1
517030,沪港深300ETF易方达,指数型-股票,09988,阿里巴巴-W,广义离岸中国AI,中国离岸AI平台/云,2.84%,1,4
517050,互联网ETF华泰柏瑞,指数型-股票,00700,腾讯控股,广义离岸中国AI,中国离岸AI平台/云,9.31%,1,1
517050,互联网ETF华泰柏瑞,指数型-股票,09988,阿里巴巴-W,广义离岸中国AI,中国离岸AI平台/云,8.99%,1,2
517050,互联网ETF华泰柏瑞,指数型-股票,01810,小米集团-W,广义离岸中国AI,中国离岸AI终端/汽车,7.28%,1,3
517080,沪港深500ETF汇添富,指数型-股票,00700,腾讯控股,广义离岸中国AI,中国离岸AI平台/云,5.85%,1,1
517080,沪港深500ETF汇添富,指数型-股票,09988,阿里巴巴-W,广义离岸中国AI,中国离岸AI平台/云,4.30%,1,2
517100,沪港深500ETF富国,指数型-股票,00700,腾讯控股,广义离岸中国AI,中国离岸AI平台/云,5.90%,1,1
517100,沪港深500ETF富国,指数型-股票,09988,阿里巴巴-W,广义离岸中国AI,中国离岸AI平台/云,4.34%,1,2
517170,沪港深500ETF华夏,指数型-股票,00700,腾讯控股,广义离岸中国AI,中国离岸AI平台/云,5.93%,1,1
517170,沪港深500ETF华夏,指数型-股票,09988,阿里巴巴-W,广义离岸中国AI,中国离岸AI平台/云,4.37%,1,2
517200,互联网ETF嘉实,指数型-股票,00700,腾讯控股,广义离岸中国AI,中国离岸AI平台/云,9.23%,1,1
517200,互联网ETF嘉实,指数型-股票,09988,阿里巴巴-W,广义离岸中国AI,中国离岸AI平台/云,8.89%,1,2
517200,互联网ETF嘉实,指数型-股票,01810,小米集团-W,广义离岸中国AI,中国离岸AI终端/汽车,7.76%,1,3
517300,沪港深300ETF国寿,指数型-股票,00700,腾讯控股,广义离岸中国AI,中国离岸AI平台/云,3.85%,1,1
517300,沪港深300ETF国寿,指数型-股票,09988,阿里巴巴-W,广义离岸中国AI,中国离岸AI平台/云,2.82%,1,4
517350,沪港深科技ETF广发,指数型-股票,00700,腾讯控股,广义离岸中国AI,中国离岸AI平台/云,8.88%,1,1
517350,沪港深科技ETF广发,指数型-股票,09988,阿里巴巴-W,广义离岸中国AI,中国离岸AI平台/云,8.58%,1,2
517350,沪港深科技ETF广发,指数型-股票,01810,小米集团-W,广义离岸中国AI,中国离岸AI终端/汽车,6.15%,1,4
517350,沪港深科技ETF广发,指数型-股票,00981,中芯国际,广义离岸中国AI,中国离岸半导体制造,3.41%,1,9
517360,沪港深科技ETF华安,指数型-股票,00700,腾讯控股,广义离岸中国AI,中国离岸AI平台/云,8.54%,1,2
517360,沪港深科技ETF华安,指数型-股票,01810,小米集团-W,广义离岸中国AI,中国离岸AI终端/汽车,7.88%,1,3
517390,云计算ETF天弘,指数型-股票,00700,腾讯控股,广义离岸中国AI,中国离岸AI平台/云,8.19%,1,3
517390,云计算ETF天弘,指数型-股票,09988,阿里巴巴-W,广义离岸中国AI,中国离岸AI平台/云,7.93%,1,4
517550,沪港深消费龙头ETF招商,指数型-股票,09988,阿里巴巴-W,广义离岸中国AI,中国离岸AI平台/云,8.53%,1,4
517550,沪港深消费龙头ETF招商,指数型-股票,01810,小米集团-W,广义离岸中国AI,中国离岸AI终端/汽车,8.20%,1,5
517660,物联网ETF天弘,指数型-股票,00700,腾讯控股,广义离岸中国AI,中国离岸AI平台/云,4.29%,1,6
517660,物联网ETF天弘,指数型-股票,01810,小米集团-W,广义离岸中国AI,中国离岸AI终端/汽车,4.02%,1,7
517770,游戏传媒ETF浦银,指数型-股票,00700,腾讯控股,广义离岸中国AI,中国离岸AI平台/云,8.80%,1,1
517800,人工智能50ETF方正富邦,指数型-股票,00700,腾讯控股,广义离岸中国AI,中国离岸AI平台/云,8.86%,1,2
517850,张江ETF汇添富,指数型-股票,00020,商汤-W,广义离岸中国AI,中国离岸AI软件,3.52%,1,7
517880,品牌消费ETF华泰柏瑞,指数型-股票,00700,腾讯控股,广义离岸中国AI,中国离岸AI平台/云,8.61%,1,3
519139,海富通沪港深混合A,混合型-灵活,09988,阿里巴巴-W,广义离岸中国AI,中国离岸AI平台/云,8.60%,1,1
519139,海富通沪港深混合A,混合型-灵活,00700,腾讯控股,广义离岸中国AI,中国离岸AI平台/云,2.00%,1,9
519696,交银环球精选混合(QDII)A,QDII-混合偏股,NVDA,英伟达,狭义海外AI,核心算力-GPU,6.26%,1,1
519696,交银环球精选混合(QDII)A,QDII-混合偏股,MSFT,微软,狭义海外AI,AI云/软件,4.10%,1,3
519696,交银环球精选混合(QDII)A,QDII-混合偏股,GOOGL,谷歌-A,狭义海外AI,AI云/大模型,3.76%,1,4
519696,交银环球精选混合(QDII)A,QDII-混合偏股,AMZN,亚马逊,狭义海外AI,AI云,3.55%,1,5
519696,交银环球精选混合(QDII)A,QDII-混合偏股,AVGO,博通,狭义海外AI,AI网络/ASIC,2.16%,1,6
519696,交银环球精选混合(QDII)A,QDII-混合偏股,META,Meta Platforms Inc-A,狭义海外AI,AI平台,2.07%,1,7
519704,交银先进制造混合A,混合型-偏股,00700,腾讯控股,广义离岸中国AI,中国离岸AI平台/云,3.26%,1,8
519779,交银沪港深价值精选混合,混合型-灵活,00700,腾讯控股,广义离岸中国AI,中国离岸AI平台/云,7.03%,1,1
519779,交银沪港深价值精选混合,混合型-灵活,09988,阿里巴巴-W,广义离岸中国AI,中国离岸AI平台/云,4.17%,1,7
519981,长信标普100等权重指数人民币,指数型-海外股票,SNDK,闪迪,扩展海外AI,AI存储,0.96%,1,1
519981,长信标普100等权重指数人民币,指数型-海外股票,LITE,Lumentum Holdings Inc,扩展海外AI,光通信器件,0.72%,1,13
519981,长信标普100等权重指数人民币,指数型-海外股票,MU,美光科技,狭义海外AI,AI存储/HBM,0.63%,1,14
519981,长信标普100等权重指数人民币,指数型-海外股票,AMD,超威半导体,狭义海外AI,核心算力-GPU,0.56%,1,15
520510,港股通医疗ETF华夏,指数型-股票,02228,晶泰控股,广义离岸中国AI,中国离岸AI制药,5.29%,1,4
520530,港股通科技ETF东财,指数型-股票,00700,腾讯控股,广义离岸中国AI,中国离岸AI平台/云,9.28%,1,3
520530,港股通科技ETF东财,指数型-股票,09988,阿里巴巴-W,广义离岸中国AI,中国离岸AI平台/云,9.02%,1,4
520530,港股通科技ETF东财,指数型-股票,01810,小米集团-W,广义离岸中国AI,中国离岸AI终端/汽车,8.68%,1,5
520530,港股通科技ETF东财,指数型-股票,00981,中芯国际,广义离岸中国AI,中国离岸半导体制造,6.14%,1,6
520560,香港大盘30ETF华宝,指数型-股票,00700,腾讯控股,广义离岸中国AI,中国离岸AI平台/云,14.52%,1,1
520560,香港大盘30ETF华宝,指数型-股票,09988,阿里巴巴-W,广义离岸中国AI,中国离岸AI平台/云,13.52%,1,2
520560,香港大盘30ETF华宝,指数型-股票,01810,小米集团-W,广义离岸中国AI,中国离岸AI终端/汽车,5.78%,1,4
520570,恒生科技ETF南方,指数型-海外股票,01810,小米集团-W,广义离岸中国AI,中国离岸AI终端/汽车,8.18%,1,3
520570,恒生科技ETF南方,指数型-海外股票,00700,腾讯控股,广义离岸中国AI,中国离岸AI平台/云,7.71%,1,4
520570,恒生科技ETF南方,指数型-海外股票,09988,阿里巴巴-W,广义离岸中国AI,中国离岸AI平台/云,7.18%,1,5
520570,恒生科技ETF南方,指数型-海外股票,00981,中芯国际,广义离岸中国AI,中国离岸半导体制造,6.31%,1,7
520570,恒生科技ETF南方,指数型-海外股票,09888,百度集团-SW,广义离岸中国AI,中国离岸AI/自动驾驶/云,3.85%,1,10
520590,恒生科技ETF鹏华,指数型-海外股票,01810,小米集团-W,广义离岸中国AI,中国离岸AI终端/汽车,8.26%,1,3
520590,恒生科技ETF鹏华,指数型-海外股票,00700,腾讯控股,广义离岸中国AI,中国离岸AI平台/云,7.78%,1,4
520590,恒生科技ETF鹏华,指数型-海外股票,09988,阿里巴巴-W,广义离岸中国AI,中国离岸AI平台/云,7.25%,1,6
520590,恒生科技ETF鹏华,指数型-海外股票,00981,中芯国际,广义离岸中国AI,中国离岸半导体制造,6.37%,1,7
520590,恒生科技ETF鹏华,指数型-海外股票,09888,百度集团-SW,广义离岸中国AI,中国离岸AI/自动驾驶/云,3.91%,1,10
520630,港股通互联网ETF广发,指数型-股票,00700,腾讯控股,广义离岸中国AI,中国离岸AI平台/云,15.15%,1,1
520630,港股通互联网ETF广发,指数型-股票,09988,阿里巴巴-W,广义离岸中国AI,中国离岸AI平台/云,14.71%,1,2
520630,港股通互联网ETF广发,指数型-股票,01810,小米集团-W,广义离岸中国AI,中国离岸AI终端/汽车,13.80%,1,3
520630,港股通互联网ETF广发,指数型-股票,00020,商汤-W,广义离岸中国AI,中国离岸AI软件,4.17%,1,5
520650,港股通互联网ETF南方,指数型-股票,00700,腾讯控股,广义离岸中国AI,中国离岸AI平台/云,15.29%,1,1
520650,港股通互联网ETF南方,指数型-股票,09988,阿里巴巴-W,广义离岸中国AI,中国离岸AI平台/云,14.78%,1,2
520650,港股通互联网ETF南方,指数型-股票,01810,小米集团-W,广义离岸中国AI,中国离岸AI终端/汽车,13.86%,1,3
520650,港股通互联网ETF南方,指数型-股票,00020,商汤-W,广义离岸中国AI,中国离岸AI软件,4.19%,1,5
520670,港股通科技ETF嘉实,指数型-股票,00700,腾讯控股,广义离岸中国AI,中国离岸AI平台/云,15.34%,1,1
520670,港股通科技ETF嘉实,指数型-股票,01810,小米集团-W,广义离岸中国AI,中国离岸AI终端/汽车,14.93%,1,2
520670,港股通科技ETF嘉实,指数型-股票,09988,阿里巴巴-W,广义离岸中国AI,中国离岸AI平台/云,14.28%,1,3
520670,港股通科技ETF嘉实,指数型-股票,00981,中芯国际,广义离岸中国AI,中国离岸半导体制造,5.49%,1,5
520670,港股通科技ETF嘉实,指数型-股票,09660,地平线机器人-W,广义离岸中国AI,中国离岸AI芯片/自动驾驶,3.85%,1,7
520670,港股通科技ETF嘉实,指数型-股票,00020,商汤-W,广义离岸中国AI,中国离岸AI软件,3.13%,1,8
520670,港股通科技ETF嘉实,指数型-股票,00992,联想集团,广义离岸中国AI,中国离岸AI PC/服务器,3.10%,1,9
520670,港股通科技ETF嘉实,指数型-股票,01347,华虹半导体,广义离岸中国AI,中国离岸半导体制造,3.08%,1,10
520700,港股通创新药ETF万家,指数型-股票,02228,晶泰控股,广义离岸中国AI,中国离岸AI制药,2.93%,1,10
520770,恒指港股通ETF建信,指数型-股票,00700,腾讯控股,广义离岸中国AI,中国离岸AI平台/云,7.71%,2,1
520770,恒指港股通ETF建信,指数型-股票,09988,阿里巴巴-W,广义离岸中国AI,中国离岸AI平台/云,7.18%,2,3
520770,恒指港股通ETF建信,指数型-股票,01810,小米集团-W,广义离岸中国AI,中国离岸AI终端/汽车,4.63%,2,6
520820,恒指港股通ETF汇添富,指数型-股票,00700,腾讯控股,广义离岸中国AI,中国离岸AI平台/云,7.83%,1,1
520820,恒指港股通ETF汇添富,指数型-股票,09988,阿里巴巴-W,广义离岸中国AI,中国离岸AI平台/云,7.29%,1,3
520820,恒指港股通ETF汇添富,指数型-股票,01810,小米集团-W,广义离岸中国AI,中国离岸AI终端/汽车,4.72%,1,6
520840,港股通恒生科技ETF华安,指数型-股票,00700,腾讯控股,广义离岸中国AI,中国离岸AI平台/云,15.24%,1,1
520840,港股通恒生科技ETF华安,指数型-股票,01810,小米集团-W,广义离岸中国AI,中国离岸AI终端/汽车,14.84%,1,2
520840,港股通恒生科技ETF华安,指数型-股票,09988,阿里巴巴-W,广义离岸中国AI,中国离岸AI平台/云,14.19%,1,3
520840,港股通恒生科技ETF华安,指数型-股票,00981,中芯国际,广义离岸中国AI,中国离岸半导体制造,5.46%,1,5
520840,港股通恒生科技ETF华安,指数型-股票,09660,地平线机器人-W,广义离岸中国AI,中国离岸AI芯片/自动驾驶,3.82%,1,7
520840,港股通恒生科技ETF华安,指数型-股票,00020,商汤-W,广义离岸中国AI,中国离岸AI软件,3.12%,1,8
520840,港股通恒生科技ETF华安,指数型-股票,00992,联想集团,广义离岸中国AI,中国离岸AI PC/服务器,3.08%,1,9
520840,港股通恒生科技ETF华安,指数型-股票,01347,华虹半导体,广义离岸中国AI,中国离岸半导体制造,3.05%,1,10
520850,港股通医疗ETF易方达,指数型-股票,02228,晶泰控股,广义离岸中国AI,中国离岸AI制药,5.28%,2,4
520860,港股通科技ETF富国,指数型-股票,00700,腾讯控股,广义离岸中国AI,中国离岸AI平台/云,9.33%,1,3
520860,港股通科技ETF富国,指数型-股票,09988,阿里巴巴-W,广义离岸中国AI,中国离岸AI平台/云,9.04%,1,4
520860,港股通科技ETF富国,指数型-股票,01810,小米集团-W,广义离岸中国AI,中国离岸AI终端/汽车,8.69%,1,5
520860,港股通科技ETF富国,指数型-股票,00981,中芯国际,广义离岸中国AI,中国离岸半导体制造,6.17%,1,6
520910,港股通互联网ETF华夏,指数型-股票,00700,腾讯控股,广义离岸中国AI,中国离岸AI平台/云,15.15%,2,1
520910,港股通互联网ETF华夏,指数型-股票,09988,阿里巴巴-W,广义离岸中国AI,中国离岸AI平台/云,14.69%,2,2
520910,港股通互联网ETF华夏,指数型-股票,01810,小米集团-W,广义离岸中国AI,中国离岸AI终端/汽车,13.79%,2,3
520910,港股通互联网ETF华夏,指数型-股票,00020,商汤-W,广义离岸中国AI,中国离岸AI软件,4.17%,2,5
520920,天弘恒生科技ETF,指数型-海外股票,01810,小米集团-W,广义离岸中国AI,中国离岸AI终端/汽车,8.42%,1,3
520920,天弘恒生科技ETF,指数型-海外股票,00700,腾讯控股,广义离岸中国AI,中国离岸AI平台/云,7.94%,1,4
520920,天弘恒生科技ETF,指数型-海外股票,09988,阿里巴巴-W,广义离岸中国AI,中国离岸AI平台/云,7.31%,1,6
520920,天弘恒生科技ETF,指数型-海外股票,00981,中芯国际,广义离岸中国AI,中国离岸半导体制造,6.49%,1,7
520920,天弘恒生科技ETF,指数型-海外股票,09888,百度集团-SW,广义离岸中国AI,中国离岸AI/自动驾驶/云,3.88%,1,10
520930,恒生生物科技ETF国泰,指数型-股票,02228,晶泰控股,广义离岸中国AI,中国离岸AI制药,3.23%,2,10
520940,港股通恒生ETF华安,指数型-股票,00700,腾讯控股,广义离岸中国AI,中国离岸AI平台/云,7.61%,1,1
520940,港股通恒生ETF华安,指数型-股票,09988,阿里巴巴-W,广义离岸中国AI,中国离岸AI平台/云,6.06%,1,3
520940,港股通恒生ETF华安,指数型-股票,01810,小米集团-W,广义离岸中国AI,中国离岸AI终端/汽车,4.55%,1,6
520950,港股通50ETF摩根,指数型-股票,00700,腾讯控股,广义离岸中国AI,中国离岸AI平台/云,14.73%,1,1
520950,港股通50ETF摩根,指数型-股票,09988,阿里巴巴-W,广义离岸中国AI,中国离岸AI平台/云,13.71%,1,2
520950,港股通50ETF摩根,指数型-股票,01810,小米集团-W,广义离岸中国AI,中国离岸AI终端/汽车,4.11%,1,5
520960,恒指港股通ETF嘉实,指数型-股票,00700,腾讯控股,广义离岸中国AI,中国离岸AI平台/云,7.82%,1,1
520960,恒指港股通ETF嘉实,指数型-股票,09988,阿里巴巴-W,广义离岸中国AI,中国离岸AI平台/云,7.28%,1,3
520960,恒指港股通ETF嘉实,指数型-股票,01810,小米集团-W,广义离岸中国AI,中国离岸AI终端/汽车,4.70%,1,6
520970,港股通创新药ETF嘉实,指数型-股票,02228,晶泰控股,广义离岸中国AI,中国离岸AI制药,2.94%,1,10
520980,港股通科技ETF汇添富,指数型-股票,01810,小米集团-W,广义离岸中国AI,中国离岸AI终端/汽车,13.16%,1,2
520980,港股通科技ETF汇添富,指数型-股票,00700,腾讯控股,广义离岸中国AI,中国离岸AI平台/云,12.40%,1,3
520980,港股通科技ETF汇添富,指数型-股票,09988,阿里巴巴-W,广义离岸中国AI,中国离岸AI平台/云,11.55%,1,4
520980,港股通科技ETF汇添富,指数型-股票,00981,中芯国际,广义离岸中国AI,中国离岸半导体制造,10.59%,1,5
520980,港股通科技ETF汇添富,指数型-股票,09660,地平线机器人-W,广义离岸中国AI,中国离岸AI芯片/自动驾驶,3.86%,1,7
520980,港股通科技ETF汇添富,指数型-股票,00020,商汤-W,广义离岸中国AI,中国离岸AI软件,3.15%,1,8
520980,港股通科技ETF汇添富,指数型-股票,00992,联想集团,广义离岸中国AI,中国离岸AI PC/服务器,3.11%,1,9
520980,港股通科技ETF汇添富,指数型-股票,01347,华虹半导体,广义离岸中国AI,中国离岸半导体制造,3.08%,1,10
539001,建信纳斯达克100指数(QDII)A人民币,指数型-海外股票,NVDA,英伟达,狭义海外AI,核心算力-GPU,8.29%,1,1
539001,建信纳斯达克100指数(QDII)A人民币,指数型-海外股票,MSFT,微软,狭义海外AI,AI云/软件,5.38%,1,3
539001,建信纳斯达克100指数(QDII)A人民币,指数型-海外股票,AMZN,亚马逊,狭义海外AI,AI云,4.35%,1,4
539001,建信纳斯达克100指数(QDII)A人民币,指数型-海外股票,META,Meta Platforms Inc-A,狭义海外AI,AI平台,3.29%,1,6
539001,建信纳斯达克100指数(QDII)A人民币,指数型-海外股票,GOOGL,谷歌-A,狭义海外AI,AI云/大模型,3.27%,1,8
539001,建信纳斯达克100指数(QDII)A人民币,指数型-海外股票,GOOG,谷歌-C,狭义海外AI,AI云/大模型,3.03%,1,9
539001,建信纳斯达克100指数(QDII)A人民币,指数型-海外股票,AVGO,博通,狭义海外AI,AI网络/ASIC,2.86%,1,10
539002,建信新兴市场混合(QDII)A,QDII-混合偏股,TSM,台积电,狭义海外AI,先进制程代工,10.26%,1,1
539002,建信新兴市场混合(QDII)A,QDII-混合偏股,NVDA,英伟达,狭义海外AI,核心算力-GPU,10.14%,1,2
539002,建信新兴市场混合(QDII)A,QDII-混合偏股,000660,SK海力士,狭义海外AI,AI存储/HBM,8.65%,1,3
539002,建信新兴市场混合(QDII)A,QDII-混合偏股,AVGO,博通,狭义海外AI,AI网络/ASIC,8.52%,1,4
539002,建信新兴市场混合(QDII)A,QDII-混合偏股,005930,三星电子,扩展海外AI,半导体/存储,6.76%,1,5
539002,建信新兴市场混合(QDII)A,QDII-混合偏股,SNDK,闪迪,扩展海外AI,AI存储,4.91%,1,6
539002,建信新兴市场混合(QDII)A,QDII-混合偏股,GLW,康宁,扩展海外AI,光纤/材料,4.29%,1,7
539002,建信新兴市场混合(QDII)A,QDII-混合偏股,LITE,Lumentum Holdings Inc,扩展海外AI,光通信器件,3.58%,1,9
550015,中信保诚至远动力混合A,混合型-偏股,00700,腾讯控股,广义离岸中国AI,中国离岸AI平台/云,3.62%,1,5
550016,中信保诚至远动力混合C,混合型-偏股,00700,腾讯控股,广义离岸中国AI,中国离岸AI平台/云,3.62%,1,5
910004,东方红启恒三年持有混合A,混合型-偏股,00981,中芯国际,广义离岸中国AI,中国离岸半导体制造,3.54%,1,6
910005,东方红启兴三年持有混合A,混合型-偏股,09988,阿里巴巴-W,广义离岸中国AI,中国离岸AI平台/云,7.81%,1,4
910006,东方红启盛三年持有混合A,混合型-偏股,09988,阿里巴巴-W,广义离岸中国AI,中国离岸AI平台/云,6.21%,1,3
910006,东方红启盛三年持有混合A,混合型-偏股,00981,中芯国际,广义离岸中国AI,中国离岸半导体制造,4.90%,1,5
910007,东方红启元三年持有混合A,混合型-灵活,09988,阿里巴巴-W,广义离岸中国AI,中国离岸AI平台/云,4.58%,1,6
910009,东方红启程三年持有混合A,混合型-偏股,03896,金山云,广义离岸中国AI,中国离岸云计算,2.97%,1,9
910022,东方红启航三年持有混合A,混合型-偏股,00981,中芯国际,广义离岸中国AI,中国离岸半导体制造,3.57%,1,6
910024,东方红启阳三年持有混合A,混合型-偏股,09988,阿里巴巴-W,广义离岸中国AI,中国离岸AI平台/云,6.02%,1,3
910024,东方红启阳三年持有混合A,混合型-偏股,00981,中芯国际,广义离岸中国AI,中国离岸半导体制造,4.74%,1,5
970067,兴证资管金麒麟消费升级混合A,混合型-偏股,09988,阿里巴巴-W,广义离岸中国AI,中国离岸AI平台/云,4.18%,1,5
970068,兴证资管金麒麟消费升级混合B,混合型-偏股,09988,阿里巴巴-W,广义离岸中国AI,中国离岸AI平台/云,4.18%,1,5
970069,兴证资管金麒麟消费升级混合C,混合型-偏股,09988,阿里巴巴-W,广义离岸中国AI,中国离岸AI平台/云,4.18%,1,5
