基金代码,基金名称,基金类型,限购额度情况,狭义海外AI占比,扩展海外AI占比,广义离岸AI占比,匹配持仓数,核心持仓摘要
159509,纳指科技ETF景顺,指数型-海外股票,场内交易；场外申购限额不适用；数据日05-22,60.41%,60.41%,60.41%,10,英伟达 12.69%; 微软 12.12%; 博通 7.25%; Meta Platforms Inc-A 6.79%; 谷歌-A 6.10%; 谷歌-C 5.69%; 美光科技 2.94%; Palantir Technologies Inc-A 2.45%
018036,长城全球新能源车股票发起式(QDII)C,QDII-普通股票,限大额；起购10元；日累计100元；数据日05-22,53.24%,57.44%,57.44%,10,台积电 7.44%; 阿斯麦 7.27%; 英伟达 6.99%; 谷歌-A 6.33%; 美光科技 5.95%; 博通 5.45%; 亚马逊 5.04%; 科磊 4.54%
501226,长城全球新能源车股票发起式(QDII)A,QDII-普通股票,限大额；起购10元；日累计100元；数据日05-22,53.24%,57.44%,57.44%,10,台积电 7.44%; 阿斯麦 7.27%; 英伟达 6.99%; 谷歌-A 6.33%; 美光科技 5.95%; 博通 5.45%; 亚马逊 5.04%; 科磊 4.54%
017437,华宝纳斯达克精选股票发起式(QDII)C,QDII-普通股票,限大额；起购10元；日累计5000元；数据日05-22,48.10%,48.10%,48.10%,7,英伟达 9.28%; 微软 7.50%; 博通 7.43%; 谷歌-C 6.82%; 亚马逊 6.34%; Meta Platforms Inc-A 5.77%; 迈威尔科技 4.96%
017436,华宝纳斯达克精选股票发起式(QDII)A,QDII-普通股票,限大额；起购10元；日累计5000元；数据日05-22,48.10%,48.10%,48.10%,7,英伟达 9.28%; 微软 7.50%; 博通 7.43%; 谷歌-C 6.82%; 亚马逊 6.34%; Meta Platforms Inc-A 5.77%; 迈威尔科技 4.96%
003721,易方达标普信息科技指数(QDII-LOF)A(美元现汇),指数型-海外股票,暂停申购；当前不可场外申购；数据日05-22,47.76%,47.76%,47.76%,8,英伟达 20.16%; 微软 13.08%; 博通 6.98%; 美光科技 1.81%; Palantir Technologies Inc-A 1.59%; 超威半导体 1.58%; 应用材料 1.29%; 拉姆研究 1.27%
012869,易方达标普信息科技指数(QDII-LOF)C(美元现汇),指数型-海外股票,暂停申购；当前不可场外申购；数据日05-22,47.76%,47.76%,47.76%,8,英伟达 20.16%; 微软 13.08%; 博通 6.98%; 美光科技 1.81%; Palantir Technologies Inc-A 1.59%; 超威半导体 1.58%; 应用材料 1.29%; 拉姆研究 1.27%
012868,易方达标普信息科技指数(QDII-LOF)C(人民币),指数型-海外股票,暂停申购；当前不可场外申购；数据日05-22,47.76%,47.76%,47.76%,8,英伟达 20.16%; 微软 13.08%; 博通 6.98%; 美光科技 1.81%; Palantir Technologies Inc-A 1.59%; 超威半导体 1.58%; 应用材料 1.29%; 拉姆研究 1.27%
161128,易方达标普信息科技指数(QDII-LOF)A(人民币),指数型-海外股票,暂停申购；当前不可场外申购；数据日05-22,47.76%,47.76%,47.76%,8,英伟达 20.16%; 微软 13.08%; 博通 6.98%; 美光科技 1.81%; Palantir Technologies Inc-A 1.59%; 超威半导体 1.58%; 应用材料 1.29%; 拉姆研究 1.27%
022184,富国全球科技互联网股票(QDII)C,QDII-普通股票,限大额；起购10元；日累计500万；数据日05-22,43.51%,50.50%,50.50%,8,台积电 10.06%; 英伟达 9.80%; 谷歌-A 8.56%; 超威半导体 7.40%; SK海力士 4.11%; 英特尔 3.66%; 阿斯麦 3.58%; 三星电子 3.33%
026228,富国全球科技互联网股票(QDII)D,QDII-普通股票,限大额；起购1元；日累计0元；数据日05-22,43.51%,50.50%,50.50%,8,台积电 10.06%; 英伟达 9.80%; 谷歌-A 8.56%; 超威半导体 7.40%; SK海力士 4.11%; 英特尔 3.66%; 阿斯麦 3.58%; 三星电子 3.33%
100055,富国全球科技互联网股票(QDII)A,QDII-普通股票,限大额；起购10元；日累计500万；数据日05-22,43.51%,50.50%,50.50%,8,台积电 10.06%; 英伟达 9.80%; 谷歌-A 8.56%; 超威半导体 7.40%; SK海力士 4.11%; 英特尔 3.66%; 阿斯麦 3.58%; 三星电子 3.33%
016701,银华海外数字经济量化选股混合发起式(QDII)A,QDII-混合偏股,限大额；起购10元；日累计10万；数据日05-22,42.80%,42.80%,42.80%,8,英伟达 9.26%; 谷歌-A 8.06%; 亚马逊 5.62%; 博通 4.69%; 美光科技 3.92%; 台积电 3.90%; 超威半导体 3.71%; 微软 3.64%
016702,银华海外数字经济量化选股混合发起式(QDII)C,QDII-混合偏股,限大额；起购10元；日累计10万；数据日05-22,42.80%,42.80%,42.80%,8,英伟达 9.26%; 谷歌-A 8.06%; 亚马逊 5.62%; 博通 4.69%; 美光科技 3.92%; 台积电 3.90%; 超威半导体 3.71%; 微软 3.64%
159577,美国50ETF汇添富,指数型-海外股票,场内交易；场外申购限额不适用；数据日05-22,39.95%,39.95%,39.95%,7,英伟达 11.62%; 微软 7.17%; 亚马逊 5.50%; 谷歌-A 4.59%; 谷歌-C 3.83%; 博通 3.82%; Meta Platforms Inc-A 3.42%
001668,汇添富全球移动互联混合(QDII)人民币A,QDII-混合灵活,限大额；起购10元；日累计5000元；数据日05-22,39.86%,39.86%,39.86%,8,英伟达 8.96%; 谷歌-A 8.14%; 微软 5.00%; 亚马逊 4.84%; 博通 3.89%; Meta Platforms Inc-A 3.48%; 台积电 3.34%; 美光科技 2.21%
006426,汇添富全球移动互联混合(QDII)美元现汇,QDII-混合灵活,暂停申购；当前不可场外申购；数据日05-22,39.86%,39.86%,39.86%,8,英伟达 8.96%; 谷歌-A 8.14%; 微软 5.00%; 亚马逊 4.84%; 博通 3.89%; Meta Platforms Inc-A 3.48%; 台积电 3.34%; 美光科技 2.21%
015202,汇添富全球移动互联混合(QDII)人民币C,QDII-混合灵活,限大额；起购10元；日累计5000元；数据日05-22,39.86%,39.86%,39.86%,8,英伟达 8.96%; 谷歌-A 8.14%; 微软 5.00%; 亚马逊 4.84%; 博通 3.89%; Meta Platforms Inc-A 3.48%; 台积电 3.34%; 美光科技 2.21%
015203,汇添富全球移动互联混合(QDII)人民币D,QDII-混合灵活,限大额；起购1元；日累计0元；数据日05-22,39.86%,39.86%,39.86%,8,英伟达 8.96%; 谷歌-A 8.14%; 微软 5.00%; 亚马逊 4.84%; 博通 3.89%; Meta Platforms Inc-A 3.48%; 台积电 3.34%; 美光科技 2.21%
513850,美国50ETF易方达,指数型-海外股票,场内交易；场外申购限额不适用；数据日05-22,39.69%,39.69%,39.69%,7,英伟达 11.55%; 微软 7.12%; 亚马逊 5.46%; 谷歌-A 4.56%; 谷歌-C 3.80%; 博通 3.80%; Meta Platforms Inc-A 3.40%
000044,嘉实美国成长股票美元现汇,QDII-普通股票,暂停申购；当前不可场外申购；数据日05-22,38.80%,38.80%,38.80%,8,英伟达 9.97%; 谷歌-A 6.20%; 微软 6.17%; 博通 4.86%; 亚马逊 4.04%; 谷歌-C 2.90%; Meta Platforms Inc-A 2.84%; 台积电 1.82%
000043,嘉实美国成长股票人民币,QDII-普通股票,限大额；起购10元；日累计100元；数据日05-22,38.80%,38.80%,38.80%,8,英伟达 9.97%; 谷歌-A 6.20%; 微软 6.17%; 博通 4.86%; 亚马逊 4.04%; 谷歌-C 2.90%; Meta Platforms Inc-A 2.84%; 台积电 1.82%
006792,鹏华港美互联股票美元现汇,QDII-普通股票,限大额；起购0元；日累计0元；数据日05-22,37.66%,46.23%,57.50%,9,台积电 9.09%; 英伟达 9.05%; 闪迪 8.57%; 美光科技 7.49%; 腾讯控股 6.58%; 谷歌-A 5.69%; 阿里巴巴-W 4.69%; 博通 3.49%
160644,鹏华港美互联股票人民币,QDII-普通股票,限大额；起购10元；日累计1万；数据日05-22,37.66%,46.23%,57.50%,9,台积电 9.09%; 英伟达 9.05%; 闪迪 8.57%; 美光科技 7.49%; 腾讯控股 6.58%; 谷歌-A 5.69%; 阿里巴巴-W 4.69%; 博通 3.49%
018147,建信新兴市场混合(QDII)C,QDII-混合偏股,限大额；起购10元；日累计20元；数据日05-22,37.57%,57.11%,57.11%,8,台积电 10.26%; 英伟达 10.14%; SK海力士 8.65%; 博通 8.52%; 三星电子 6.76%; 闪迪 4.91%; 康宁 4.29%; Lumentum Holdings Inc 3.58%
539002,建信新兴市场混合(QDII)A,QDII-混合偏股,限大额；起购10元；日累计20元；数据日05-22,37.57%,57.11%,57.11%,8,台积电 10.26%; 英伟达 10.14%; SK海力士 8.65%; 博通 8.52%; 三星电子 6.76%; 闪迪 4.91%; 康宁 4.29%; Lumentum Holdings Inc 3.58%
006374,国富全球科技互联混合(QDII)美元现汇A,QDII-混合偏股,限大额；起购0元；日累计0元；数据日05-22,34.09%,44.04%,44.04%,7,美光科技 7.69%; 台积电 7.03%; 拉姆研究 7.02%; 康宁 6.79%; 谷歌-C 6.49%; 英伟达 5.86%; 英特尔 3.16%
006373,国富全球科技互联混合(QDII)人民币A,QDII-混合偏股,限大额；起购10元；日累计100元；数据日05-22,34.09%,44.04%,44.04%,7,美光科技 7.69%; 台积电 7.03%; 拉姆研究 7.02%; 康宁 6.79%; 谷歌-C 6.49%; 英伟达 5.86%; 英特尔 3.16%
021842,国富全球科技互联混合(QDII)人民币C,QDII-混合偏股,限大额；起购10元；日累计100元；数据日05-22,34.09%,44.04%,44.04%,7,美光科技 7.69%; 台积电 7.03%; 拉姆研究 7.02%; 康宁 6.79%; 谷歌-C 6.49%; 英伟达 5.86%; 英特尔 3.16%
021843,国富全球科技互联混合(QDII)美元现汇C,QDII-混合偏股,限大额；起购0元；日累计0元；数据日05-22,34.09%,44.04%,44.04%,7,美光科技 7.69%; 台积电 7.03%; 拉姆研究 7.02%; 康宁 6.79%; 谷歌-C 6.49%; 英伟达 5.86%; 英特尔 3.16%
017731,嘉实全球产业升级股票发起式(QDII)C,QDII-普通股票,限大额；起购10元；日累计100元；数据日05-22,32.24%,32.24%,32.24%,8,博通 5.37%; 美光科技 4.85%; 迈威尔科技 4.37%; 英伟达 3.79%; 阿斯麦 3.70%; 科磊 3.44%; 台积电 3.39%; 超威半导体 3.33%
017730,嘉实全球产业升级股票发起式(QDII)A,QDII-普通股票,限大额；起购10元；日累计100元；数据日05-22,32.24%,32.24%,32.24%,8,博通 5.37%; 美光科技 4.85%; 迈威尔科技 4.37%; 英伟达 3.79%; 阿斯麦 3.70%; 科磊 3.44%; 台积电 3.39%; 超威半导体 3.33%
159659,纳斯达克100ETF招商,指数型-海外股票,场内交易；场外申购限额不适用；数据日05-22,31.91%,31.91%,31.91%,7,英伟达 8.66%; 微软 5.62%; 亚马逊 4.57%; Meta Platforms Inc-A 3.45%; 谷歌-A 3.42%; 谷歌-C 3.19%; 博通 3.00%
118001,易方达亚洲精选股票,QDII-普通股票,限大额；起购10元；日累计500万；数据日05-22,31.29%,40.47%,56.37%,8,三星电子 9.18%; 腾讯控股 8.77%; 谷歌-A 8.41%; SK海力士 7.59%; 阿里巴巴-W 7.13%; 台积电 6.79%; 阿斯麦 5.19%; 台积电 3.31%
513300,纳斯达克ETF华夏,指数型-海外股票,场内交易；场外申购限额不适用；数据日05-22,31.20%,31.20%,31.20%,7,英伟达 8.47%; 微软 5.49%; 亚马逊 4.47%; Meta Platforms Inc-A 3.37%; 谷歌-A 3.35%; 谷歌-C 3.12%; 博通 2.93%
159660,纳指ETF汇添富,指数型-海外股票,场内交易；场外申购限额不适用；数据日05-22,30.61%,30.61%,30.61%,7,英伟达 8.31%; 微软 5.39%; 亚马逊 4.38%; Meta Platforms Inc-A 3.31%; 谷歌-A 3.28%; 谷歌-C 3.06%; 博通 2.88%
019173,摩根纳斯达克100指数(QDII)人民币C,指数型-海外股票,限大额；起购10元；日累计100元；数据日05-22,30.51%,30.51%,30.51%,7,英伟达 8.28%; 微软 5.37%; 亚马逊 4.37%; Meta Platforms Inc-A 3.30%; 谷歌-A 3.27%; 谷歌-C 3.05%; 博通 2.87%
019172,摩根纳斯达克100指数(QDII)人民币A,指数型-海外股票,限大额；起购10元；日累计100元；数据日05-22,30.51%,30.51%,30.51%,7,英伟达 8.28%; 微软 5.37%; 亚马逊 4.37%; Meta Platforms Inc-A 3.30%; 谷歌-A 3.27%; 谷歌-C 3.05%; 博通 2.87%
019174,摩根纳斯达克100指数(QDII)美元现汇A,指数型-海外股票,限大额；起购1元；日累计0元；数据日05-22,30.51%,30.51%,30.51%,7,英伟达 8.28%; 微软 5.37%; 亚马逊 4.37%; Meta Platforms Inc-A 3.30%; 谷歌-A 3.27%; 谷歌-C 3.05%; 博通 2.87%
019175,摩根纳斯达克100指数(QDII)美元现汇C,指数型-海外股票,限大额；起购1元；日累计0元；数据日05-22,30.51%,30.51%,30.51%,7,英伟达 8.28%; 微软 5.37%; 亚马逊 4.37%; Meta Platforms Inc-A 3.30%; 谷歌-A 3.27%; 谷歌-C 3.05%; 博通 2.87%
012751,建信纳斯达克100指数(QDII)A美元现汇,指数型-海外股票,限大额；起购100元；日累计0元；数据日05-22,30.47%,30.47%,30.47%,7,英伟达 8.29%; 微软 5.38%; 亚马逊 4.35%; Meta Platforms Inc-A 3.29%; 谷歌-A 3.27%; 谷歌-C 3.03%; 博通 2.86%
012753,建信纳斯达克100指数(QDII)C美元现汇,指数型-海外股票,限大额；起购100元；日累计0元；数据日05-22,30.47%,30.47%,30.47%,7,英伟达 8.29%; 微软 5.38%; 亚马逊 4.35%; Meta Platforms Inc-A 3.29%; 谷歌-A 3.27%; 谷歌-C 3.03%; 博通 2.86%
012752,建信纳斯达克100指数(QDII)C人民币,指数型-海外股票,限大额；起购10元；日累计100元；数据日05-22,30.47%,30.47%,30.47%,7,英伟达 8.29%; 微软 5.38%; 亚马逊 4.35%; Meta Platforms Inc-A 3.29%; 谷歌-A 3.27%; 谷歌-C 3.03%; 博通 2.86%
023422,建信纳斯达克100指数(QDII)D人民币,指数型-海外股票,限大额；起购10元；日累计100元；数据日05-22,30.47%,30.47%,30.47%,7,英伟达 8.29%; 微软 5.38%; 亚马逊 4.35%; Meta Platforms Inc-A 3.29%; 谷歌-A 3.27%; 谷歌-C 3.03%; 博通 2.86%
539001,建信纳斯达克100指数(QDII)A人民币,指数型-海外股票,限大额；起购10元；日累计100元；数据日05-22,30.47%,30.47%,30.47%,7,英伟达 8.29%; 微软 5.38%; 亚马逊 4.35%; Meta Platforms Inc-A 3.29%; 谷歌-A 3.27%; 谷歌-C 3.03%; 博通 2.86%
513110,纳指ETF华泰柏瑞,指数型-海外股票,场内交易；场外申购限额不适用；数据日05-22,30.40%,30.40%,30.40%,7,英伟达 8.25%; 微软 5.35%; 亚马逊 4.35%; Meta Platforms Inc-A 3.29%; 谷歌-A 3.26%; 谷歌-C 3.04%; 博通 2.86%
513390,纳指100ETF博时,指数型-海外股票,暂停申购；当前不可场外申购；数据日05-22,30.27%,30.27%,30.27%,7,英伟达 8.21%; 微软 5.33%; 亚马逊 4.34%; Meta Platforms Inc-A 3.27%; 谷歌-A 3.25%; 谷歌-C 3.02%; 博通 2.85%
019739,宝盈纳斯达克100指数发起(QDII)C美元现汇,指数型-海外股票,封闭期；当前不可场外申购,30.25%,30.25%,30.25%,7,英伟达 8.20%; 微软 5.32%; 亚马逊 4.33%; Meta Platforms Inc-A 3.28%; 谷歌-A 3.24%; 谷歌-C 3.03%; 博通 2.85%
019736,宝盈纳斯达克100指数发起(QDII)A人民币,指数型-海外股票,限大额；起购10元；日累计100元；数据日05-22,30.25%,30.25%,30.25%,7,英伟达 8.20%; 微软 5.32%; 亚马逊 4.33%; Meta Platforms Inc-A 3.28%; 谷歌-A 3.24%; 谷歌-C 3.03%; 博通 2.85%
019737,宝盈纳斯达克100指数发起(QDII)C人民币,指数型-海外股票,限大额；起购10元；日累计100元；数据日05-22,30.25%,30.25%,30.25%,7,英伟达 8.20%; 微软 5.32%; 亚马逊 4.33%; Meta Platforms Inc-A 3.28%; 谷歌-A 3.24%; 谷歌-C 3.03%; 博通 2.85%
019738,宝盈纳斯达克100指数发起(QDII)A美元现汇,指数型-海外股票,封闭期；当前不可场外申购,30.25%,30.25%,30.25%,7,英伟达 8.20%; 微软 5.32%; 亚马逊 4.33%; Meta Platforms Inc-A 3.28%; 谷歌-A 3.24%; 谷歌-C 3.03%; 博通 2.85%
009225,天弘中证中美互联网(QDII)A,指数型-海外股票,限大额；起购10元；日累计100元；数据日05-22,30.19%,30.19%,52.71%,7,亚马逊 10.30%; Meta Platforms Inc-A 9.63%; 腾讯控股 8.91%; 阿里巴巴-W 8.64%; 谷歌-A 5.67%; 小米集团-W 4.97%; 谷歌-C 4.59%
009226,天弘中证中美互联网(QDII)C,指数型-海外股票,限大额；起购10元；日累计100元；数据日05-22,30.19%,30.19%,52.71%,7,亚马逊 10.30%; Meta Platforms Inc-A 9.63%; 腾讯控股 8.91%; 阿里巴巴-W 8.64%; 谷歌-A 5.67%; 小米集团-W 4.97%; 谷歌-C 4.59%
019442,万家纳斯达克100指数发起式(QDII)C,指数型-海外股票,限大额；起购10元；日累计50元；数据日05-22,30.18%,30.18%,30.18%,7,英伟达 8.19%; 微软 5.31%; 亚马逊 4.32%; Meta Platforms Inc-A 3.26%; 谷歌-A 3.24%; 谷歌-C 3.02%; 博通 2.84%
019441,万家纳斯达克100指数发起式(QDII)A,指数型-海外股票,限大额；起购10元；日累计50元；数据日05-22,30.18%,30.18%,30.18%,7,英伟达 8.19%; 微软 5.31%; 亚马逊 4.32%; Meta Platforms Inc-A 3.26%; 谷歌-A 3.24%; 谷歌-C 3.02%; 博通 2.84%
159501,纳指ETF嘉实,指数型-海外股票,场内交易；场外申购限额不适用；数据日05-22,30.06%,30.06%,30.06%,7,英伟达 8.16%; 微软 5.29%; 亚马逊 4.31%; Meta Platforms Inc-A 3.25%; 谷歌-A 3.22%; 谷歌-C 3.00%; 博通 2.83%
159696,纳指ETF易方达,指数型-海外股票,场内交易；场外申购限额不适用；数据日05-22,29.60%,29.60%,29.60%,7,英伟达 8.04%; 微软 5.21%; 亚马逊 4.24%; Meta Platforms Inc-A 3.20%; 谷歌-A 3.17%; 谷歌-C 2.96%; 博通 2.78%
159632,纳斯达克ETF华安,指数型-海外股票,场内交易；场外申购限额不适用；数据日05-22,29.28%,29.28%,29.28%,7,英伟达 7.96%; 微软 5.17%; 亚马逊 4.18%; Meta Platforms Inc-A 3.16%; 谷歌-A 3.14%; 谷歌-C 2.92%; 博通 2.75%
513870,纳指ETF富国,指数型-海外股票,暂停申购；当前不可场外申购；数据日05-22,29.22%,29.22%,29.22%,7,英伟达 7.95%; 微软 5.16%; 亚马逊 4.17%; Meta Platforms Inc-A 3.15%; 谷歌-A 3.14%; 谷歌-C 2.91%; 博通 2.74%
000906,广发全球精选股票(QDII)美元A,QDII-普通股票,限大额；起购10元；日累计0元；数据日05-22,29.20%,32.74%,32.74%,9,阿斯麦 5.21%; 谷歌-C 4.94%; 英伟达 4.47%; 亚马逊 4.02%; 拉姆研究 4.01%; 闪迪 3.54%; 博通 3.27%; 美光科技 3.26%
021277,广发全球精选股票(QDII)人民币C,QDII-普通股票,限大额；起购10元；日累计2000元；数据日05-22,29.20%,32.74%,32.74%,9,阿斯麦 5.21%; 谷歌-C 4.94%; 英伟达 4.47%; 亚马逊 4.02%; 拉姆研究 4.01%; 闪迪 3.54%; 博通 3.27%; 美光科技 3.26%
023402,广发全球精选股票(QDII)人民币F,QDII-普通股票,限大额；起购500元；日累计0元；数据日05-22,29.20%,32.74%,32.74%,9,阿斯麦 5.21%; 谷歌-C 4.94%; 英伟达 4.47%; 亚马逊 4.02%; 拉姆研究 4.01%; 闪迪 3.54%; 博通 3.27%; 美光科技 3.26%
270023,广发全球精选股票(QDII)人民币A,QDII-普通股票,限大额；起购10元；日累计2000元；数据日05-22,29.20%,32.74%,32.74%,9,阿斯麦 5.21%; 谷歌-C 4.94%; 英伟达 4.47%; 亚马逊 4.02%; 拉姆研究 4.01%; 闪迪 3.54%; 博通 3.27%; 美光科技 3.26%
513100,纳指ETF国泰,指数型-海外股票,暂停申购；当前不可场外申购；数据日05-22,29.03%,29.03%,29.03%,7,英伟达 7.88%; 微软 5.11%; 亚马逊 4.16%; Meta Platforms Inc-A 3.14%; 谷歌-A 3.11%; 谷歌-C 2.90%; 博通 2.73%
159941,纳指ETF广发,指数型-海外股票,场内交易；场外申购限额不适用；数据日05-22,28.94%,28.94%,28.94%,7,英伟达 7.88%; 微软 5.17%; 亚马逊 4.14%; Meta Platforms Inc-A 3.10%; 谷歌-A 3.08%; 谷歌-C 2.87%; 博通 2.70%
018044,天弘纳斯达克100指数发起(QDII)C,指数型-海外股票,限大额；起购10元；日累计100元；数据日05-22,28.53%,28.53%,28.53%,7,英伟达 7.75%; 微软 5.02%; 亚马逊 4.09%; Meta Platforms Inc-A 3.08%; 谷歌-A 3.06%; 谷歌-C 2.85%; 博通 2.68%
018043,天弘纳斯达克100指数发起(QDII)A,指数型-海外股票,限大额；起购10元；日累计100元；数据日05-22,28.53%,28.53%,28.53%,7,英伟达 7.75%; 微软 5.02%; 亚马逊 4.09%; Meta Platforms Inc-A 3.08%; 谷歌-A 3.06%; 谷歌-C 2.85%; 博通 2.68%
022525,天弘纳斯达克100指数发起(QDII)D,指数型-海外股票,限大额；起购0.1元；日累计0元；数据日05-22,28.53%,28.53%,28.53%,7,英伟达 7.75%; 微软 5.02%; 亚马逊 4.09%; Meta Platforms Inc-A 3.08%; 谷歌-A 3.06%; 谷歌-C 2.85%; 博通 2.68%
016452,南方纳斯达克100指数发起(QDII)A,指数型-海外股票,限大额；起购10元；日累计200元；数据日05-22,28.23%,28.23%,28.23%,7,英伟达 7.67%; 微软 4.97%; 亚马逊 4.04%; Meta Platforms Inc-A 3.05%; 谷歌-A 3.03%; 谷歌-C 2.82%; 博通 2.65%
016453,南方纳斯达克100指数发起(QDII)C,指数型-海外股票,限大额；起购10元；日累计200元；数据日05-22,28.23%,28.23%,28.23%,7,英伟达 7.67%; 微软 4.97%; 亚马逊 4.04%; Meta Platforms Inc-A 3.05%; 谷歌-A 3.03%; 谷歌-C 2.82%; 博通 2.65%
021000,南方纳斯达克100指数发起(QDII)I,指数型-海外股票,限大额；起购10元；日累计0元；数据日05-22,28.23%,28.23%,28.23%,7,英伟达 7.67%; 微软 4.97%; 亚马逊 4.04%; Meta Platforms Inc-A 3.05%; 谷歌-A 3.03%; 谷歌-C 2.82%; 博通 2.65%
008253,华宝致远混合(QDII)A,QDII-混合偏股,限大额；起购10元；日累计5000元；数据日05-22,27.64%,43.14%,43.14%,10,英伟达 7.79%; Lumentum Holdings Inc 7.07%; 闪迪 5.47%; 美光科技 4.53%; 博通 4.15%; 谷歌-C 3.96%; 台积电 3.89%; 康宁 2.96%
008254,华宝致远混合(QDII)C,QDII-混合偏股,限大额；起购10元；日累计5000元；数据日05-22,27.64%,43.14%,43.14%,10,英伟达 7.79%; Lumentum Holdings Inc 7.07%; 闪迪 5.47%; 美光科技 4.53%; 博通 4.15%; 谷歌-C 3.96%; 台积电 3.89%; 康宁 2.96%
011420,广发全球科技三个月定开混合(QDII)人民币A,QDII-混合偏股,开放申购；起购10元；日累计无限额；下一开放日2026-05-26；数据日05-22,26.06%,26.06%,30.09%,5,台积电 9.10%; 谷歌-C 7.49%; Meta Platforms Inc-A 6.07%; 腾讯控股 4.03%; 亚马逊 3.40%
011422,广发全球科技三个月定开混合(QDII)人民币C,QDII-混合偏股,开放申购；起购10元；日累计无限额；下一开放日2026-05-26；数据日05-22,26.06%,26.06%,30.09%,5,台积电 9.10%; 谷歌-C 7.49%; Meta Platforms Inc-A 6.07%; 腾讯控股 4.03%; 亚马逊 3.40%
011423,广发全球科技三个月定开混合(QDII)美元C,QDII-混合偏股,开放申购；起购1元；日累计0元；下一开放日2026-05-26；数据日05-22,26.06%,26.06%,30.09%,5,台积电 9.10%; 谷歌-C 7.49%; Meta Platforms Inc-A 6.07%; 腾讯控股 4.03%; 亚马逊 3.40%
011421,广发全球科技三个月定开混合(QDII)美元A,QDII-混合偏股,开放申购；起购1元；日累计0元；下一开放日2026-05-26；数据日05-22,26.06%,26.06%,30.09%,5,台积电 9.10%; 谷歌-C 7.49%; Meta Platforms Inc-A 6.07%; 腾讯控股 4.03%; 亚马逊 3.40%
160213,国泰纳斯达克100指数,指数型-海外股票,限大额；起购10元；日累计100元；数据日05-22,26.02%,26.02%,26.02%,7,英伟达 7.04%; 微软 4.58%; 亚马逊 3.73%; Meta Platforms Inc-A 2.82%; 谷歌-A 2.80%; 谷歌-C 2.61%; 博通 2.44%
159655,标普500ETF华夏,指数型-海外股票,场内交易；场外申购限额不适用；数据日05-22,26.01%,26.01%,26.01%,7,英伟达 7.47%; 微软 4.84%; 亚马逊 3.59%; 谷歌-A 2.95%; 博通 2.59%; 谷歌-C 2.36%; Meta Platforms Inc-A 2.21%
017641,摩根标普500指数(QDII)人民币A,指数型-海外股票,限大额；起购10元；日累计100元；数据日05-22,25.90%,25.90%,25.90%,7,英伟达 7.45%; 微软 4.84%; 亚马逊 3.56%; 谷歌-A 2.94%; 博通 2.57%; 谷歌-C 2.35%; Meta Platforms Inc-A 2.19%
017642,摩根标普500指数(QDII)美钞,指数型-海外股票,限大额；起购1元；日累计0元；数据日05-22,25.90%,25.90%,25.90%,7,英伟达 7.45%; 微软 4.84%; 亚马逊 3.56%; 谷歌-A 2.94%; 博通 2.57%; 谷歌-C 2.35%; Meta Platforms Inc-A 2.19%
017643,摩根标普500指数(QDII)美汇,指数型-海外股票,限大额；起购1元；日累计0元；数据日05-22,25.90%,25.90%,25.90%,7,英伟达 7.45%; 微软 4.84%; 亚马逊 3.56%; 谷歌-A 2.94%; 博通 2.57%; 谷歌-C 2.35%; Meta Platforms Inc-A 2.19%
019305,摩根标普500指数(QDII)人民币C,指数型-海外股票,限大额；起购10元；日累计100元；数据日05-22,25.90%,25.90%,25.90%,7,英伟达 7.45%; 微软 4.84%; 亚马逊 3.56%; 谷歌-A 2.94%; 博通 2.57%; 谷歌-C 2.35%; Meta Platforms Inc-A 2.19%
513650,标普500ETF南方,指数型-海外股票,场内交易；场外申购限额不适用；数据日05-22,25.73%,25.73%,25.73%,7,英伟达 7.39%; 微软 4.79%; 亚马逊 3.55%; 谷歌-A 2.92%; 博通 2.56%; 谷歌-C 2.34%; Meta Platforms Inc-A 2.18%
513500,标普500ETF博时,指数型-海外股票,暂停申购；当前不可场外申购；数据日05-22,25.69%,25.69%,25.69%,7,英伟达 7.37%; 微软 4.79%; 亚马逊 3.54%; 谷歌-A 2.92%; 博通 2.55%; 谷歌-C 2.34%; Meta Platforms Inc-A 2.18%
159513,纳斯达克100ETF大成,指数型-海外股票,场内交易；场外申购限额不适用；数据日05-22,25.63%,25.63%,25.63%,7,英伟达 6.97%; 微软 4.53%; 亚马逊 3.66%; Meta Platforms Inc-A 2.76%; 谷歌-A 2.75%; 谷歌-C 2.55%; 博通 2.41%
159612,标普500ETF国泰,指数型-海外股票,暂停申购；当前不可场外申购；数据日05-22,24.04%,24.04%,24.04%,7,英伟达 6.90%; 微软 4.48%; 亚马逊 3.31%; 谷歌-A 2.73%; 博通 2.39%; 谷歌-C 2.19%; Meta Platforms Inc-A 2.04%
017144,华宝海外新能源汽车股票发起式(QDII)A,QDII-普通股票,限大额；起购10元；日累计1万；数据日05-22,23.91%,23.91%,23.91%,3,博通 9.64%; 英伟达 9.46%; 迈威尔科技 4.81%
017145,华宝海外新能源汽车股票发起式(QDII)C,QDII-普通股票,限大额；起购10元；日累计1万；数据日05-22,23.91%,23.91%,23.91%,3,博通 9.64%; 英伟达 9.46%; 迈威尔科技 4.81%
003718,易方达标普500指数美元汇A,指数型-海外股票,暂停申购；当前不可场外申购；数据日05-22,22.99%,22.99%,22.99%,7,英伟达 6.60%; 微软 4.28%; 亚马逊 3.17%; 谷歌-A 2.61%; 博通 2.29%; 谷歌-C 2.09%; Meta Platforms Inc-A 1.95%
012860,易方达标普500指数人民币C,指数型-海外股票,暂停申购；当前不可场外申购；数据日05-22,22.99%,22.99%,22.99%,7,英伟达 6.60%; 微软 4.28%; 亚马逊 3.17%; 谷歌-A 2.61%; 博通 2.29%; 谷歌-C 2.09%; Meta Platforms Inc-A 1.95%
012861,易方达标普500指数美元汇C,指数型-海外股票,暂停申购；当前不可场外申购；数据日05-22,22.99%,22.99%,22.99%,7,英伟达 6.60%; 微软 4.28%; 亚马逊 3.17%; 谷歌-A 2.61%; 博通 2.29%; 谷歌-C 2.09%; Meta Platforms Inc-A 1.95%
161125,易方达标普500指数人民币A,指数型-海外股票,暂停申购；当前不可场外申购；数据日05-22,22.99%,22.99%,22.99%,7,英伟达 6.60%; 微软 4.28%; 亚马逊 3.17%; 谷歌-A 2.61%; 博通 2.29%; 谷歌-C 2.09%; Meta Platforms Inc-A 1.95%
016823,天弘全球新能源汽车股票(QDII-LOF)C,QDII-普通股票,限大额；起购10元；日累计1万；数据日05-22,22.66%,26.81%,26.81%,7,英伟达 4.64%; 台积电 4.37%; Lumentum Holdings Inc 4.15%; 科磊 3.64%; 博通 3.43%; 超威半导体 3.31%; 拉姆研究 3.27%
164212,天弘全球新能源汽车股票(QDII-LOF)A,QDII-普通股票,限大额；起购10元；日累计1万；数据日05-22,22.66%,26.81%,26.81%,7,英伟达 4.64%; 台积电 4.37%; Lumentum Holdings Inc 4.15%; 科磊 3.64%; 博通 3.43%; 超威半导体 3.31%; 拉姆研究 3.27%
002423,华宝标普美国消费美元,指数型-海外股票,限大额；起购1000元；日累计0元；数据日05-22,22.37%,22.37%,22.37%,1,亚马逊 22.37%
009975,华宝标普美国消费人民币C,指数型-海外股票,限大额；起购10元；日累计2000元；数据日05-22,22.37%,22.37%,22.37%,1,亚马逊 22.37%
162415,华宝标普美国消费人民币A,指数型-海外股票,限大额；起购10元；日累计2000元；数据日05-22,22.37%,22.37%,22.37%,1,亚马逊 22.37%
519696,交银环球精选混合(QDII)A,QDII-混合偏股,开放申购；起购10元；日累计无限额；数据日05-22,21.90%,21.90%,21.90%,6,英伟达 6.26%; 微软 4.10%; 谷歌-A 3.76%; 亚马逊 3.55%; 博通 2.16%; Meta Platforms Inc-A 2.07%
002230,华夏大中华混合(QDII),QDII-混合灵活,限大额；起购10元；日累计50万；数据日05-22,21.61%,30.87%,30.87%,5,台积电 7.96%; 英伟达 7.30%; 美光科技 6.35%; Lumentum Holdings Inc 4.83%; 闪迪 4.43%
006555,浦银安盛全球智能科技(QDII)A,QDII-普通股票,暂停申购；当前不可场外申购；数据日05-22,20.82%,33.38%,33.38%,6,Lumentum Holdings Inc 8.22%; 谷歌-C 6.40%; 台积电 6.04%; 美光科技 5.13%; 英特尔 4.34%; 阿斯麦 3.25%
014002,浦银安盛全球智能科技(QDII)C,QDII-普通股票,暂停申购；当前不可场外申购；数据日05-22,20.82%,33.38%,33.38%,6,Lumentum Holdings Inc 8.22%; 谷歌-C 6.40%; 台积电 6.04%; 美光科技 5.13%; 英特尔 4.34%; 阿斯麦 3.25%
017653,创金合信全球芯片产业股票发起(QDII)A,QDII-普通股票,开放申购；起购10元；日累计无限额；数据日05-22,19.98%,23.43%,38.71%,9,中芯国际 6.68%; 阿斯麦 4.87%; 华虹半导体 4.87%; 谷歌-C 4.38%; 台积电 4.07%; 应用材料 4.03%; 阿里巴巴-W 3.73%; Lumentum Holdings Inc 3.45%
017654,创金合信全球芯片产业股票发起(QDII)C,QDII-普通股票,开放申购；起购10元；日累计无限额；数据日05-22,19.98%,23.43%,38.71%,9,中芯国际 6.68%; 阿斯麦 4.87%; 华虹半导体 4.87%; 谷歌-C 4.38%; 台积电 4.07%; 应用材料 4.03%; 阿里巴巴-W 3.73%; Lumentum Holdings Inc 3.45%
015205,银华全球新能源车量化优选股票(QDII)C,QDII-普通股票,开放申购；起购10元；日累计无限额；数据日05-22,19.08%,19.08%,19.08%,4,谷歌-A 6.52%; 英伟达 5.65%; 超威半导体 3.96%; 台积电 2.95%
000041,华夏全球股票(QDII)(人民币),QDII-普通股票,限大额；起购10元；日累计1万；数据日05-22,19.06%,20.62%,20.62%,9,英伟达 3.34%; 亚马逊 2.99%; 谷歌-A 2.94%; 微软 2.76%; 台积电 2.68%; 博通 2.17%; 美光科技 1.77%; Lumentum Holdings Inc 1.56%
019549,华夏全球股票美元现汇(QDII),QDII-普通股票,限大额；起购1元；日累计0元；数据日05-22,19.06%,20.62%,20.62%,9,英伟达 3.34%; 亚马逊 2.99%; 谷歌-A 2.94%; 微软 2.76%; 台积电 2.68%; 博通 2.17%; 美光科技 1.77%; Lumentum Holdings Inc 1.56%
019550,华夏全球股票美元现钞(QDII),QDII-普通股票,限大额；起购1元；日累计0元；数据日05-22,19.06%,20.62%,20.62%,9,英伟达 3.34%; 亚马逊 2.99%; 谷歌-A 2.94%; 微软 2.76%; 台积电 2.68%; 博通 2.17%; 美光科技 1.77%; Lumentum Holdings Inc 1.56%
050020,博时抗通胀增强回报,QDII-商品,限大额；起购10元；日累计100万；数据日05-22,17.86%,17.86%,17.86%,7,英伟达 7.09%; 台积电 4.40%; 微软 1.87%; Meta Platforms Inc-A 1.72%; 亚马逊 1.33%; 谷歌-A 0.82%; 阿斯麦 0.63%
080006,长盛环球行业混合(QDII),QDII-混合偏股,开放申购；起购10元；日累计无限额；数据日05-22,17.67%,17.67%,17.67%,5,英伟达 4.92%; 台积电 3.89%; 谷歌-A 3.51%; 博通 2.97%; 迈威尔科技 2.38%
486002,工银全球精选股票(QDII),QDII-普通股票,限大额；起购10元；日累计100元；数据日05-22,16.68%,16.68%,16.68%,6,英伟达 4.18%; 谷歌-C 3.50%; 台积电 2.69%; 微软 2.44%; 亚马逊 2.07%; 博通 1.80%
513310,中韩半导体ETF华泰柏瑞,指数型-海外股票,场内交易；场外申购限额不适用；数据日05-25,15.53%,34.37%,34.37%,2,三星电子 18.84%; SK海力士 15.53%
002892,华夏移动互联混合美元现汇,QDII-混合灵活,限大额；起购1元；日累计0元；数据日05-22,15.45%,36.94%,36.94%,7,闪迪 7.13%; 美光科技 6.58%; Lumentum Holdings Inc 5.79%; 康宁 5.12%; 谷歌-A 4.76%; 英伟达 4.11%; 英特尔 3.45%
002891,华夏移动互联混合人民币,QDII-混合灵活,限大额；起购10元；日累计1000元；数据日05-22,15.45%,36.94%,36.94%,7,闪迪 7.13%; 美光科技 6.58%; Lumentum Holdings Inc 5.79%; 康宁 5.12%; 谷歌-A 4.76%; 英伟达 4.11%; 英特尔 3.45%
002893,华夏移动互联混合美元现钞,QDII-混合灵活,限大额；起购1元；日累计0元；数据日05-22,15.45%,36.94%,36.94%,7,闪迪 7.13%; 美光科技 6.58%; Lumentum Holdings Inc 5.79%; 康宁 5.12%; 谷歌-A 4.76%; 英伟达 4.11%; 英特尔 3.45%
378006,摩根全球新兴市场混合(QDII),QDII-混合偏股,限大额；起购10元；日累计1000元；数据日05-22,14.70%,22.25%,31.74%,5,台积电 10.30%; 三星电子 7.55%; 腾讯控股 6.59%; SK海力士 4.40%; 阿里巴巴-W 2.90%
021662,国富亚洲机会股票(QDII)C,QDII-普通股票,限大额；起购10元；日累计200元；数据日05-22,14.69%,25.77%,30.80%,7,台积电 5.48%; 三星电子 5.28%; 阿里巴巴-W 5.03%; 台积电 4.89%; SK海力士 4.32%; 联发科 2.94%; 台达电 2.86%
457001,国富亚洲机会股票(QDII)A,QDII-普通股票,限大额；起购10元；日累计200元；数据日05-22,14.69%,25.77%,30.80%,7,台积电 5.48%; 三星电子 5.28%; 阿里巴巴-W 5.03%; 台积电 4.89%; SK海力士 4.32%; 联发科 2.94%; 台达电 2.86%
159529,标普消费ETF景顺,指数型-海外股票,场内交易；场外申购限额不适用；数据日05-22,14.10%,14.10%,14.10%,1,亚马逊 14.10%
013328,嘉实全球价值股票(QDII)人民币,QDII-普通股票,限大额；起购10元；日累计100元；数据日05-22,13.44%,13.44%,13.44%,6,英伟达 4.59%; 谷歌-A 3.04%; 台积电 2.18%; 微软 1.45%; 博通 1.21%; 谷歌-C 0.97%
013329,嘉实全球价值股票(QDII)美元现汇,QDII-普通股票,暂停申购；当前不可场外申购；数据日05-22,13.44%,13.44%,13.44%,6,英伟达 4.59%; 谷歌-A 3.04%; 台积电 2.18%; 微软 1.45%; 博通 1.21%; 谷歌-C 0.97%
012921,易方达全球成长精选混合(QDII)美元现汇A,QDII-混合偏股,暂停申购；当前不可场外申购；数据日05-22,12.24%,25.59%,25.59%,4,台积电 8.88%; Lumentum Holdings Inc 8.68%; 康宁 4.67%; 谷歌-A 3.36%
012923,易方达全球成长精选混合(QDII)美元现汇C,QDII-混合偏股,暂停申购；当前不可场外申购；数据日05-22,12.24%,25.59%,25.59%,4,台积电 8.88%; Lumentum Holdings Inc 8.68%; 康宁 4.67%; 谷歌-A 3.36%
012922,易方达全球成长精选混合(QDII)人民币C,QDII-混合偏股,限大额；起购10元；日累计20元；数据日05-22,12.24%,25.59%,25.59%,4,台积电 8.88%; Lumentum Holdings Inc 8.68%; 康宁 4.67%; 谷歌-A 3.36%
012920,易方达全球成长精选混合(QDII)人民币A,QDII-混合偏股,限大额；起购10元；日累计20元；数据日05-22,12.24%,25.59%,25.59%,4,台积电 8.88%; Lumentum Holdings Inc 8.68%; 康宁 4.67%; 谷歌-A 3.36%
000989,嘉实全球互联网股票美元现汇,QDII-普通股票,暂停申购；当前不可场外申购；数据日05-22,11.17%,11.17%,25.93%,5,腾讯控股 7.44%; 阿里巴巴-W 7.32%; 谷歌-C 4.23%; 谷歌-A 3.68%; 英伟达 3.26%
000988,嘉实全球互联网股票人民币,QDII-普通股票,限大额；起购10元；日累计100元；数据日05-22,11.17%,11.17%,25.93%,5,腾讯控股 7.44%; 阿里巴巴-W 7.32%; 谷歌-C 4.23%; 谷歌-A 3.68%; 英伟达 3.26%
000990,嘉实全球互联网股票美元现钞,QDII-普通股票,暂停申购；当前不可场外申购；数据日05-22,11.17%,11.17%,25.93%,5,腾讯控股 7.44%; 阿里巴巴-W 7.32%; 谷歌-C 4.23%; 谷歌-A 3.68%; 英伟达 3.26%
009563,工银全球股票(QDII)港币,QDII-普通股票,---；起购15元；日累计0元,9.77%,9.77%,21.61%,6,腾讯控股 7.10%; 阿里巴巴-W 4.74%; 英伟达 3.48%; 谷歌-C 2.70%; 微软 1.92%; 亚马逊 1.67%
009562,工银全球股票(QDII)美元,QDII-普通股票,暂停申购；当前不可场外申购；数据日05-22,9.77%,9.77%,21.61%,6,腾讯控股 7.10%; 阿里巴巴-W 4.74%; 英伟达 3.48%; 谷歌-C 2.70%; 微软 1.92%; 亚马逊 1.67%
486001,工银全球股票(QDII)人民币,QDII-普通股票,暂停申购；当前不可场外申购；数据日05-22,9.77%,9.77%,21.61%,6,腾讯控股 7.10%; 阿里巴巴-W 4.74%; 英伟达 3.48%; 谷歌-C 2.70%; 微软 1.92%; 亚马逊 1.67%
010671,景顺长城大中华混合(QDII)A美元现汇,QDII-混合偏股,暂停申购；当前不可场外申购；数据日05-22,9.77%,14.10%,25.53%,4,台积电 9.77%; 腾讯控股 7.16%; 台达电 4.33%; 阿里巴巴-W 4.27%
016988,景顺长城大中华混合(QDII)C人民币,QDII-混合偏股,开放申购；起购10元；日累计无限额；数据日05-22,9.77%,14.10%,25.53%,4,台积电 9.77%; 腾讯控股 7.16%; 台达电 4.33%; 阿里巴巴-W 4.27%
262001,景顺长城大中华混合(QDII)A人民币,QDII-混合偏股,开放申购；起购10元；日累计无限额；数据日05-22,9.77%,14.10%,25.53%,4,台积电 9.77%; 腾讯控股 7.16%; 台达电 4.33%; 阿里巴巴-W 4.27%
019641,摩根亚太优势混合(QDII)C,QDII-混合偏股,限大额；起购10元；日累计10万；数据日05-22,9.65%,17.72%,24.66%,4,台积电 9.65%; 腾讯控股 6.94%; 三星电子 5.67%; 台达电 2.40%
377016,摩根亚太优势混合(QDII)A,QDII-混合偏股,限大额；起购10元；日累计10万；数据日05-22,9.65%,17.72%,24.66%,4,台积电 9.65%; 腾讯控股 6.94%; 三星电子 5.67%; 台达电 2.40%
016664,天弘全球高端制造混合(QDII)A,QDII-混合偏股,限大额；起购10元；日累计100元；数据日05-22,9.49%,12.18%,12.18%,4,英伟达 3.65%; 博通 3.07%; 台积电 2.77%; Lumentum Holdings Inc 2.69%
016665,天弘全球高端制造混合(QDII)C,QDII-混合偏股,限大额；起购10元；日累计100元；数据日05-22,9.49%,12.18%,12.18%,4,英伟达 3.65%; 博通 3.07%; 台积电 2.77%; Lumentum Holdings Inc 2.69%
018229,易方达全球优质企业混合(QDII)A(人民币份额),QDII-混合偏股,限大额；起购10元；日累计5万；数据日05-22,8.44%,16.48%,16.48%,5,康宁 4.46%; Lumentum Holdings Inc 3.58%; 台积电 3.18%; 谷歌-C 3.02%; 英伟达 2.24%
018231,易方达全球优质企业混合(QDII)A(美元现汇份额),QDII-混合偏股,暂停申购；当前不可场外申购；数据日05-22,8.44%,16.48%,16.48%,5,康宁 4.46%; Lumentum Holdings Inc 3.58%; 台积电 3.18%; 谷歌-C 3.02%; 英伟达 2.24%
018232,易方达全球优质企业混合(QDII)C(美元现汇份额),QDII-混合偏股,暂停申购；当前不可场外申购；数据日05-22,8.44%,16.48%,16.48%,5,康宁 4.46%; Lumentum Holdings Inc 3.58%; 台积电 3.18%; 谷歌-C 3.02%; 英伟达 2.24%
018230,易方达全球优质企业混合(QDII)C(人民币份额),QDII-混合偏股,限大额；起购10元；日累计5万；数据日05-22,8.44%,16.48%,16.48%,5,康宁 4.46%; Lumentum Holdings Inc 3.58%; 台积电 3.18%; 谷歌-C 3.02%; 英伟达 2.24%
000927,博时大中华亚太精选美元现汇,QDII-普通股票,限大额；起购10元；日累计0元；数据日05-22,7.43%,11.38%,20.32%,4,台积电 7.43%; 阿里巴巴-W 5.05%; 联发科 3.95%; 腾讯控股 3.89%
050015,博时大中华亚太精选,QDII-普通股票,限大额；起购10元；日累计100万；数据日05-22,7.43%,11.38%,20.32%,4,台积电 7.43%; 阿里巴巴-W 5.05%; 联发科 3.95%; 腾讯控股 3.89%
005698,华夏全球科技先锋混合(QDII)A(人民币),QDII-混合偏股,限大额；起购10元；日累计5000元；数据日05-22,7.17%,18.70%,18.70%,5,台积电 4.87%; Lumentum Holdings Inc 4.72%; 康宁 4.15%; 闪迪 2.66%; 美光科技 2.30%
019447,华夏全球科技先锋混合(QDII)A(美元现汇),QDII-混合偏股,限大额；起购1元；日累计0元；数据日05-22,7.17%,18.70%,18.70%,5,台积电 4.87%; Lumentum Holdings Inc 4.72%; 康宁 4.15%; 闪迪 2.66%; 美光科技 2.30%
019448,华夏全球科技先锋混合(QDII)A(美元现钞),QDII-混合偏股,限大额；起购1元；日累计0元；数据日05-22,7.17%,18.70%,18.70%,5,台积电 4.87%; Lumentum Holdings Inc 4.72%; 康宁 4.15%; 闪迪 2.66%; 美光科技 2.30%
024239,华夏全球科技先锋混合(QDII)C,QDII-混合偏股,限大额；起购10元；日累计5000元；数据日05-22,7.17%,18.70%,18.70%,5,台积电 4.87%; Lumentum Holdings Inc 4.72%; 康宁 4.15%; 闪迪 2.66%; 美光科技 2.30%
019075,嘉实全球产业精选混合发起式(QDII)人民币,QDII-混合偏股,开放申购；起购10元；日累计无限额；数据日05-22,7.12%,7.12%,9.60%,4,台积电 2.89%; 中芯国际 2.48%; 谷歌-C 2.42%; 谷歌-A 1.81%
019076,嘉实全球产业精选混合发起式(QDII)美元,QDII-混合偏股,暂停申购；当前不可场外申购；数据日05-22,7.12%,7.12%,9.60%,4,台积电 2.89%; 中芯国际 2.48%; 谷歌-C 2.42%; 谷歌-A 1.81%
006308,汇添富全球消费混合(QDII)人民币A,QDII-混合偏股,限大额；起购10元；日累计1000元；数据日05-22,6.07%,6.07%,8.40%,3,谷歌-A 5.53%; 阿里巴巴-W 2.33%; 谷歌-C 0.54%
006309,汇添富全球消费混合(QDII)人民币C,QDII-混合偏股,限大额；起购10元；日累计1000元；数据日05-22,6.07%,6.07%,8.40%,3,谷歌-A 5.53%; 阿里巴巴-W 2.33%; 谷歌-C 0.54%
006310,汇添富全球消费混合(QDII)美元现汇,QDII-混合偏股,暂停申购；当前不可场外申购；数据日05-22,6.07%,6.07%,8.40%,3,谷歌-A 5.53%; 阿里巴巴-W 2.33%; 谷歌-C 0.54%
017072,申万菱信全球新能源股票型发起式(QDII)C,QDII-普通股票,开放申购；起购10元；日累计无限额；数据日05-22,5.85%,5.85%,5.85%,1,Vertiv Holdings Co-A 5.85%
017071,申万菱信全球新能源股票型发起式(QDII)A,QDII-普通股票,开放申购；起购10元；日累计无限额；数据日05-22,5.85%,5.85%,5.85%,1,Vertiv Holdings Co-A 5.85%
019157,易方达全球配置混合(QDII)A(美元现汇),QDII-混合灵活,暂停申购；当前不可场外申购；数据日05-22,5.76%,14.59%,14.59%,4,Lumentum Holdings Inc 5.67%; 康宁 3.16%; 美光科技 3.08%; 谷歌-A 2.68%
019156,易方达全球配置混合(QDII)C(人民币),QDII-混合灵活,限大额；起购10元；日累计100元；数据日05-22,5.76%,14.59%,14.59%,4,Lumentum Holdings Inc 5.67%; 康宁 3.16%; 美光科技 3.08%; 谷歌-A 2.68%
019158,易方达全球配置混合(QDII)C(美元现汇),QDII-混合灵活,暂停申购；当前不可场外申购；数据日05-22,5.76%,14.59%,14.59%,4,Lumentum Holdings Inc 5.67%; 康宁 3.16%; 美光科技 3.08%; 谷歌-A 2.68%
019155,易方达全球配置混合(QDII)A(人民币),QDII-混合灵活,限大额；起购10元；日累计100元；数据日05-22,5.76%,14.59%,14.59%,4,Lumentum Holdings Inc 5.67%; 康宁 3.16%; 美光科技 3.08%; 谷歌-A 2.68%
513400,道琼斯ETF鹏华,指数型-海外股票,场内交易；场外申购限额不适用；数据日05-22,4.63%,4.63%,4.63%,1,微软 4.63%
000934,国富大中华精选混合,QDII-混合偏股,开放申购；起购10元；日累计无限额；数据日05-22,4.36%,4.36%,17.81%,5,腾讯控股 5.54%; 阿里巴巴-W 5.21%; 金山云 2.70%; 台积电 2.25%; 台积电 2.11%
006370,国富大中华精选混合美元,QDII-混合偏股,开放申购；起购0元；日累计0元；数据日05-22,4.36%,4.36%,17.81%,5,腾讯控股 5.54%; 阿里巴巴-W 5.21%; 金山云 2.70%; 台积电 2.25%; 台积电 2.11%
006282,摩根欧洲动力策略股票(QDII)A,QDII-普通股票,限大额；起购10元；日累计500元；数据日05-22,4.27%,4.27%,4.27%,1,阿斯麦控股公司 4.27%
019450,摩根欧洲动力策略股票(QDII)C,QDII-普通股票,限大额；起购10元；日累计500元；数据日05-22,4.27%,4.27%,4.27%,1,阿斯麦控股公司 4.27%
012062,富国全球消费精选混合(QDII)人民币C,QDII-混合偏股,开放申购；起购10元；日累计无限额；数据日05-22,3.58%,3.58%,7.79%,2,腾讯控股 4.21%; 谷歌-A 3.58%
012061,富国全球消费精选混合(QDII)美元,QDII-混合偏股,开放申购；起购0元；日累计0元；数据日05-22,3.58%,3.58%,7.79%,2,腾讯控股 4.21%; 谷歌-A 3.58%
012060,富国全球消费精选混合(QDII)人民币A,QDII-混合偏股,开放申购；起购10元；日累计无限额；数据日05-22,3.58%,3.58%,7.79%,2,腾讯控股 4.21%; 谷歌-A 3.58%
022170,富国全球消费精选混合(QDII)人民币E,QDII-混合偏股,开放申购；起购1元；日累计0元；数据日05-22,3.58%,3.58%,7.79%,2,腾讯控股 4.21%; 谷歌-A 3.58%
020957,中银全球策略(QDII-FOF)C,QDII-FOF,限大额；起购10元；日累计500万；数据日05-22,1.75%,1.92%,1.92%,5,谷歌-A 0.74%; 英伟达 0.45%; 阿斯麦 0.34%; 应用材料 0.22%; 康宁 0.17%
163813,中银全球策略(QDII-FOF)A,QDII-FOF,限大额；起购10元；日累计500万；数据日05-22,1.75%,1.92%,1.92%,5,谷歌-A 0.74%; 英伟达 0.45%; 阿斯麦 0.34%; 应用材料 0.22%; 康宁 0.17%
011706,长信标普100等权重指数美元,指数型-海外股票,暂停申购；当前不可场外申购；数据日05-22,1.19%,2.87%,2.87%,4,闪迪 0.96%; Lumentum Holdings Inc 0.72%; 美光科技 0.63%; 超威半导体 0.56%
519981,长信标普100等权重指数人民币,指数型-海外股票,限大额；起购10元；日累计100万；数据日05-22,1.19%,2.87%,2.87%,4,闪迪 0.96%; Lumentum Holdings Inc 0.72%; 美光科技 0.63%; 超威半导体 0.56%
007729,招商普盛全球配置(QDII)人民币A,QDII-混合灵活,开放申购；起购10元；日累计无限额；数据日05-22,1.04%,1.63%,1.63%,4,闪迪 0.59%; 博通 0.35%; Arm Holdings plc ADR 0.35%; 美光科技 0.34%
007975,招商普盛全球配置(QDII-FOF)美元现汇,QDII-混合灵活,暂停申购；当前不可场外申购；数据日05-22,1.04%,1.63%,1.63%,4,闪迪 0.59%; 博通 0.35%; Arm Holdings plc ADR 0.35%; 美光科技 0.34%
008183,招商普盛全球配置(QDII-FOF)美元现钞,QDII-混合灵活,暂停申购；当前不可场外申购；数据日05-22,1.04%,1.63%,1.63%,4,闪迪 0.59%; 博通 0.35%; Arm Holdings plc ADR 0.35%; 美光科技 0.34%
023559,招商普盛全球配置(QDII)人民币C,QDII-混合灵活,开放申购；起购10元；日累计无限额；数据日05-22,1.04%,1.63%,1.63%,4,闪迪 0.59%; 博通 0.35%; Arm Holdings plc ADR 0.35%; 美光科技 0.34%
025339,招商普盛全球配置(QDII)人民币D,QDII-混合灵活,开放申购；起购10元；日累计0元；数据日05-22,1.04%,1.63%,1.63%,4,闪迪 0.59%; 博通 0.35%; Arm Holdings plc ADR 0.35%; 美光科技 0.34%
000119,广发聚鑫债券C,债券型-混合二级,限大额；起购10元；日累计100万；数据日05-25,0.00%,0.00%,2.90%,2,腾讯控股 2.23%; 晶泰控股 0.67%
000118,广发聚鑫债券A,债券型-混合二级,限大额；起购10元；日累计300万；数据日05-25,0.00%,0.00%,2.90%,2,腾讯控股 2.23%; 晶泰控股 0.67%
000551,中信保诚幸福消费混合A,混合型-偏股,开放申购；起购10元；日累计无限额；数据日05-25,0.00%,0.00%,8.53%,2,腾讯控股 4.82%; 阿里巴巴-W 3.71%
000593,易方达标普消费品指数美元现汇A,指数型-海外股票,暂停申购；当前不可场外申购；数据日05-22,0.00%,0.00%,3.89%,2,腾讯控股 2.84%; 阿里巴巴-W 1.05%
000761,国富健康优质生活股票,股票型,开放申购；起购10元；日累计无限额；数据日05-25,0.00%,0.00%,13.25%,2,腾讯控股 7.53%; 阿里巴巴-W 5.72%
000948,华夏沪港通恒生ETF联接A,指数型-股票,开放申购；起购10元；日累计无限额；数据日05-25,0.00%,0.00%,0.00%,1,中芯国际 0.00%
000979,景顺长城沪港深精选股票A,股票型,开放申购；起购10元；日累计无限额；数据日05-25,0.00%,0.00%,4.98%,1,腾讯控股 4.98%
001215,博时沪港深优质企业基金A,混合型-灵活,开放申购；起购10元；日累计无限额；数据日05-25,0.00%,0.00%,13.65%,2,中芯国际 8.04%; 阿里巴巴-W 5.61%
001371,富国沪港深价值混合A,混合型-灵活,开放申购；起购10元；日累计无限额；数据日05-25,0.00%,0.00%,14.27%,2,腾讯控股 8.22%; 阿里巴巴-W 6.05%
001392,国富金融地产混合A,混合型-灵活,开放申购；起购10元；日累计无限额；数据日05-25,0.00%,0.00%,3.18%,1,阿里巴巴-W 3.18%
001393,国富金融地产混合C,混合型-灵活,开放申购；起购10元；日累计无限额；数据日05-25,0.00%,0.00%,3.18%,1,阿里巴巴-W 3.18%
001581,华安沪港深通精选灵活配置混合A,混合型-灵活,开放申购；起购10元；日累计无限额；数据日05-25,0.00%,0.00%,6.31%,2,金山云 3.18%; 阿里巴巴-W 3.13%
001605,国富沪港深成长精选股票A,股票型,开放申购；起购10元；日累计无限额；数据日05-25,0.00%,0.00%,10.25%,3,腾讯控股 3.98%; 阿里巴巴-W 3.48%; 金山云 2.79%
001662,创金合信沪港深精选混合,混合型-灵活,开放申购；起购10元；日累计无限额；数据日05-25,0.00%,0.00%,6.14%,2,阿里巴巴-W 3.27%; 腾讯控股 2.87%
001691,南方香港成长灵活配置混合,QDII-混合灵活,开放申购；起购10元；日累计无限额；数据日05-22,0.00%,0.00%,15.61%,2,阿里巴巴-W 7.83%; 腾讯控股 7.78%
001685,汇添富沪港深新价值股票,股票型,开放申购；起购10元；日累计无限额；数据日05-25,0.00%,0.00%,6.53%,1,腾讯控股 6.53%
001694,华安沪港深外延增长灵活配置混合A,混合型-灵活,开放申购；起购10元；日累计无限额；数据日05-25,0.00%,0.00%,8.59%,2,阿里巴巴-W 4.95%; 腾讯控股 3.64%
001715,工银新焦点混合A,混合型-灵活,开放申购；起购10元；日累计无限额；数据日05-25,0.00%,0.00%,7.11%,2,腾讯控股 4.00%; 阿里巴巴-W 3.11%
001764,广发沪港深新机遇股票,股票型,开放申购；起购10元；日累计无限额；数据日05-25,0.00%,0.00%,10.36%,2,阿里巴巴-W 5.44%; 腾讯控股 4.92%
001811,中欧明睿新常态混合A,混合型-偏股,开放申购；起购10元；日累计无限额；数据日05-25,0.00%,0.00%,6.66%,1,腾讯控股 6.66%
001827,富国研究优选沪港深灵活配置混合A,混合型-灵活,开放申购；起购10元；日累计无限额；数据日05-25,0.00%,0.00%,4.48%,1,腾讯控股 4.48%
001837,前海开源沪港深蓝筹精选混合A,混合型-灵活,开放申购；起购10元；日累计无限额；数据日05-25,0.00%,0.00%,13.96%,2,腾讯控股 9.15%; 小米集团-W 4.81%
001875,前海开源沪港深优势精选混合A,混合型-灵活,开放申购；起购10元；日累计无限额；数据日05-25,0.00%,0.00%,13.99%,2,腾讯控股 9.16%; 小米集团-W 4.83%
001878,嘉实沪港深精选股票,股票型,开放申购；起购10元；日累计无限额；数据日05-25,0.00%,0.00%,4.90%,1,腾讯控股 4.90%
001874,前海开源沪港深价值精选混合,混合型-灵活,开放申购；起购10元；日累计无限额；数据日05-25,0.00%,0.00%,13.96%,2,腾讯控股 9.15%; 小米集团-W 4.81%
001877,宝盈国家安全沪港深股票A,股票型,限大额；起购10元；日累计50万；数据日05-25,0.00%,0.00%,4.31%,1,华虹半导体 4.31%
001972,前海开源沪港深智慧生活混合,混合型-灵活,开放申购；起购10元；日累计无限额；数据日05-25,0.00%,0.00%,14.01%,2,腾讯控股 8.93%; 阿里巴巴-W 5.08%
001980,中欧量化驱动混合A,混合型-偏股,开放申购；起购10元；日累计无限额；数据日05-25,0.00%,0.00%,2.11%,2,腾讯控股 1.82%; 华虹半导体 0.29%
001998,工银新焦点混合C,混合型-灵活,开放申购；起购10元；日累计无限额；数据日05-25,0.00%,0.00%,7.11%,2,腾讯控股 4.00%; 阿里巴巴-W 3.11%
002121,广发沪港深新起点股票A,股票型,开放申购；起购10元；日累计无限额；数据日05-25,0.00%,0.00%,17.08%,3,腾讯控股 7.04%; 阿里巴巴-W 5.55%; 华虹半导体 4.49%
002214,中海沪港深价值优选混合A,混合型-灵活,开放申购；起购10元；日累计无限额；数据日05-25,0.00%,0.00%,31.34%,5,腾讯控股 8.52%; 阿里巴巴-W 8.16%; 中芯国际 5.87%; 华虹半导体 5.07%; 小米集团-W 3.72%
002332,汇丰晋信沪港深A,股票型,开放申购；起购10元；日累计无限额；数据日05-25,0.00%,0.00%,6.02%,1,腾讯控股 6.02%
002333,汇丰晋信沪港深C,股票型,开放申购；起购10元；日累计无限额；数据日05-25,0.00%,0.00%,6.02%,1,腾讯控股 6.02%
002379,工银香港中小盘人民币,QDII-普通股票,限大额；起购10元；日累计1000元；数据日05-22,0.00%,0.00%,8.16%,2,百度集团-SW 4.35%; 联想集团 3.81%
002380,工银香港中小盘美元,QDII-普通股票,限大额；起购1元；日累计0元；数据日05-22,0.00%,0.00%,8.16%,2,百度集团-SW 4.35%; 联想集团 3.81%
002387,工银沪港深股票A,股票型,开放申购；起购10元；日累计无限额；数据日05-25,0.00%,0.00%,19.68%,3,腾讯控股 9.48%; 中芯国际 5.15%; 阿里巴巴-W 5.05%
002443,前海开源沪港深龙头精选混合A,混合型-灵活,开放申购；起购10元；日累计无限额；数据日05-25,0.00%,0.00%,8.99%,1,腾讯控股 8.99%
002482,宝盈互联网沪港深混合,混合型-灵活,开放申购；起购10元；日累计无限额；数据日05-25,0.00%,0.00%,10.95%,2,阿里巴巴-W 7.21%; 腾讯控股 3.74%
002555,博时沪港深优质企业基金C,混合型-灵活,开放申购；起购10元；日累计无限额；数据日05-25,0.00%,0.00%,13.65%,2,中芯国际 8.04%; 阿里巴巴-W 5.61%
002653,泰康沪港深精选混合,混合型-灵活,开放申购；起购10元；日累计无限额；数据日05-25,0.00%,0.00%,9.57%,2,腾讯控股 6.02%; 阿里巴巴-W 3.55%
002662,前海开源沪港深大消费混合A,混合型-灵活,开放申购；起购10元；日累计无限额；数据日05-25,0.00%,0.00%,8.46%,1,腾讯控股 8.46%
002663,前海开源沪港深大消费混合C,混合型-灵活,开放申购；起购10元；日累计无限额；数据日05-25,0.00%,0.00%,8.46%,1,腾讯控股 8.46%
002686,中欧丰泓沪港深混合C,混合型-灵活,开放申购；起购10元；日累计无限额；数据日05-25,0.00%,0.00%,15.73%,2,腾讯控股 8.90%; 华虹半导体 6.83%
002685,中欧丰泓沪港深混合A,混合型-灵活,开放申购；起购10元；日累计无限额；数据日05-25,0.00%,0.00%,15.73%,2,腾讯控股 8.90%; 华虹半导体 6.83%
002860,前海开源沪港深新机遇混合A,混合型-灵活,开放申购；起购10元；日累计无限额；数据日05-25,0.00%,0.00%,3.05%,1,阿里巴巴-W 3.05%
003045,东方红战略精选混合C,混合型-偏债,开放申购；起购10元；日累计无限额；数据日05-25,0.00%,0.00%,2.95%,2,腾讯控股 1.88%; 阿里巴巴-W 1.07%
003044,东方红战略精选混合A,混合型-偏债,开放申购；起购10元；日累计无限额；数据日05-25,0.00%,0.00%,2.95%,2,腾讯控股 1.88%; 阿里巴巴-W 1.07%
003378,泰康策略优选混合,混合型-灵活,开放申购；起购10元；日累计无限额；数据日05-25,0.00%,0.00%,8.61%,1,腾讯控股 8.61%
003413,华泰柏瑞新经济沪港深混合A,混合型-灵活,开放申购；起购10元；日累计无限额；数据日05-25,0.00%,0.00%,6.23%,1,阿里巴巴-W 6.23%
003580,泰康沪港深价值优选混合,混合型-灵活,开放申购；起购10元；日累计无限额；数据日05-25,0.00%,0.00%,9.87%,2,腾讯控股 6.04%; 阿里巴巴-W 3.83%
004092,博时沪港深价值优选C,混合型-灵活,开放申购；起购10元；日累计无限额；数据日05-25,0.00%,0.00%,3.68%,1,中芯国际 3.68%
004098,前海开源港股通股息率50强,股票型,开放申购；起购10元；日累计无限额；数据日05-25,0.00%,0.00%,7.70%,2,阿里巴巴-W 4.39%; 腾讯控股 3.31%
004091,博时沪港深价值优选A,混合型-灵活,开放申购；起购10元；日累计无限额；数据日05-25,0.00%,0.00%,3.68%,1,中芯国际 3.68%
004099,前海开源沪港深景气行业精选混合,混合型-灵活,开放申购；起购10元；日累计无限额；数据日05-25,0.00%,0.00%,9.04%,1,腾讯控股 9.04%
004249,安信中国制造混合A,混合型-灵活,开放申购；起购10元；日累计无限额；数据日05-25,0.00%,0.00%,6.42%,1,腾讯控股 6.42%
004263,华安沪港深机会灵活配置混合,混合型-灵活,开放申购；起购10元；日累计无限额；数据日05-25,0.00%,0.00%,9.42%,2,中芯国际 5.02%; 腾讯控股 4.40%
004278,东方红智逸沪港深定开混合,混合型-偏债,开放申购；起购10元；日累计无限额；下一开放日2026-05-26；数据日05-25,0.00%,0.00%,4.34%,2,腾讯控股 2.57%; 阿里巴巴-W 1.77%
004266,招商沪港深科技创新混合A,混合型-灵活,开放申购；起购10元；日累计无限额；数据日05-25,0.00%,0.00%,8.12%,2,腾讯控股 5.89%; 阿里巴巴-W 2.23%
004292,鹏华沪深港互联网股票,股票型,开放申购；起购10元；日累计无限额；数据日05-25,0.00%,0.00%,33.04%,4,腾讯控股 9.53%; 阿里巴巴-W 9.37%; 华虹半导体 8.32%; 中芯国际 5.82%
004340,泰康兴泰回报沪港深混合A,混合型-偏债,开放申购；起购10元；日累计无限额；数据日05-25,0.00%,0.00%,8.47%,1,腾讯控股 8.47%
004424,汇添富文体娱乐混合A,混合型-偏股,限大额；起购10元；日累计2000万；数据日05-25,0.00%,0.00%,4.09%,1,腾讯控股 4.09%
004451,汇添富双鑫添利债券A,债券型-混合二级,开放申购；起购10元；日累计无限额；数据日05-25,0.00%,0.00%,1.83%,1,腾讯控股 1.83%
004452,汇添富双鑫添利债券C,债券型-混合二级,开放申购；起购10元；日累计无限额；数据日05-25,0.00%,0.00%,1.83%,1,腾讯控股 1.83%
004476,景顺长城沪港深领先科技股票A,股票型,开放申购；起购10元；日累计无限额；数据日05-25,0.00%,0.00%,9.13%,2,腾讯控股 6.24%; 阿里巴巴-W 2.89%
004535,汇添富双盈回报一年持有债C,债券型-混合二级,开放申购；起购10元；日累计无限额；数据日05-25,0.00%,0.00%,0.42%,1,腾讯控股 0.42%
004534,汇添富双盈回报一年持有债A,债券型-混合二级,开放申购；起购10元；日累计无限额；数据日05-25,0.00%,0.00%,0.42%,1,腾讯控股 0.42%
004616,中欧电子信息产业沪港深股票A,股票型,开放申购；起购10元；日累计无限额；数据日05-25,0.00%,0.00%,9.83%,2,阿里巴巴-W 5.72%; 中芯国际 4.11%
004703,南方兴盛先锋混合A,混合型-偏股,开放申购；起购10元；日累计无限额；数据日05-25,0.00%,0.00%,8.90%,1,腾讯控股 8.90%
004934,圆信永丰消费升级,混合型-灵活,开放申购；起购10元；日累计无限额；数据日05-25,0.00%,0.00%,12.80%,2,阿里巴巴-W 6.61%; 中芯国际 6.19%
004958,圆信永丰优享生活,混合型-灵活,开放申购；起购10元；日累计无限额；数据日05-25,0.00%,0.00%,2.99%,1,中芯国际 2.99%
005001,交银持续成长主题混合A,混合型-偏股,限大额；起购10元；日累计1000万；数据日05-25,0.00%,0.00%,14.29%,2,阿里巴巴-W 8.52%; 腾讯控股 5.77%
004996,广发恒生中型股指数C,指数型-股票,暂停申购；当前不可场外申购；数据日05-25,0.00%,0.00%,3.18%,2,商汤-W 1.63%; 华虹半导体 1.55%
005119,银华智荟内在价值灵活配置混合发起A,混合型-灵活,开放申购；起购10元；日累计无限额；数据日05-25,0.00%,0.00%,3.20%,1,华虹半导体 3.20%
005143,国联沪港深大消费主题C,混合型-灵活,开放申购；起购10元；日累计无限额；数据日05-25,0.00%,0.00%,24.69%,4,腾讯控股 9.48%; 阿里巴巴-W 8.08%; 中芯国际 4.44%; 金山云 2.69%
005142,国联沪港深大消费主题A,混合型-灵活,开放申购；起购10元；日累计无限额；数据日05-25,0.00%,0.00%,24.69%,4,腾讯控股 9.48%; 阿里巴巴-W 8.08%; 中芯国际 4.44%; 金山云 2.69%
005197,工银沪港深精选混合A,混合型-灵活,开放申购；起购10元；日累计无限额；数据日05-25,0.00%,0.00%,14.17%,2,腾讯控股 9.13%; 阿里巴巴-W 5.04%
005198,工银沪港深精选混合C,混合型-灵活,开放申购；起购10元；日累计无限额；数据日05-25,0.00%,0.00%,14.17%,2,腾讯控股 9.13%; 阿里巴巴-W 5.04%
005207,南方高端装备混合C,混合型-偏股,开放申购；起购10元；日累计无限额；数据日05-25,0.00%,0.00%,8.70%,2,华虹半导体 5.31%; 中芯国际 3.39%
005228,汇添富港股通专注成长,混合型-偏股,开放申购；起购10元；日累计无限额；数据日05-25,0.00%,0.00%,18.78%,3,腾讯控股 9.16%; 阿里巴巴-W 6.70%; 中芯国际 2.92%
005241,中欧时代智慧混合A,混合型-偏股,开放申购；起购10元；日累计无限额；数据日05-25,0.00%,0.00%,14.20%,2,腾讯控股 7.54%; 阿里巴巴-W 6.66%
005242,中欧时代智慧混合C,混合型-偏股,开放申购；起购10元；日累计无限额；数据日05-25,0.00%,0.00%,14.20%,2,腾讯控股 7.54%; 阿里巴巴-W 6.66%
005250,银华估值优势混合,混合型-偏股,限大额；起购10元；日累计100万；数据日05-25,0.00%,0.00%,13.12%,3,华虹半导体 4.89%; 中芯国际 4.17%; 阿里巴巴-W 4.06%
005255,浦银安盛港股通量化混合A,混合型-灵活,开放申购；起购10元；日累计无限额；数据日05-25,0.00%,0.00%,18.56%,3,阿里巴巴-W 7.20%; 华虹半导体 6.33%; 中芯国际 5.03%
005259,建信龙头企业股票,股票型,开放申购；起购10元；日累计无限额；数据日05-25,0.00%,0.00%,9.78%,1,腾讯控股 9.78%
005269,华泰柏瑞港股通量化混合A,混合型-灵活,开放申购；起购10元；日累计无限额；数据日05-25,0.00%,0.00%,11.07%,2,阿里巴巴-W 5.73%; 腾讯控股 5.34%
005335,浙商全景消费混合A,混合型-偏股,开放申购；起购10元；日累计无限额；数据日05-25,0.00%,0.00%,8.14%,2,腾讯控股 4.20%; 阿里巴巴-W 3.94%
005354,富国沪港深行业精选混合A,混合型-灵活,开放申购；起购10元；日累计无限额；数据日05-25,0.00%,0.00%,11.28%,2,阿里巴巴-W 6.23%; 腾讯控股 5.05%
005379,汇添富价值创造定开混合,混合型-偏股,暂停申购；当前不可场外申购；下一开放日2027-05-10；数据日05-25,0.00%,0.00%,9.38%,1,腾讯控股 9.38%
005474,泰康均衡优选混合A,混合型-偏股,开放申购；起购10元；日累计无限额；数据日05-25,0.00%,0.00%,6.33%,1,腾讯控股 6.33%
005475,泰康均衡优选混合C,混合型-偏股,开放申购；起购10元；日累计无限额；数据日05-25,0.00%,0.00%,6.33%,1,腾讯控股 6.33%
005491,兴全合宜混合(LOF)C,混合型-灵活,开放申购；起购10元；日累计无限额；数据日05-25,0.00%,0.00%,3.30%,1,阿里巴巴-W 3.30%
005498,银华积极成长混合A,混合型-偏股,开放申购；起购10元；日累计无限额；数据日05-25,0.00%,0.00%,4.43%,1,腾讯控股 4.43%
005523,泰康颐年混合A,混合型-偏债,开放申购；起购10元；日累计无限额；数据日05-25,0.00%,0.00%,2.24%,1,腾讯控股 2.24%
005524,泰康颐年混合C,混合型-偏债,开放申购；起购10元；日累计无限额；数据日05-25,0.00%,0.00%,2.24%,1,腾讯控股 2.24%
005534,华夏新时代混合人民币(QDII),QDII-混合灵活,限大额；起购10元；日累计50万；数据日05-22,0.00%,5.35%,5.35%,1,Lumentum Holdings Inc 5.35%
005504,汇添富沪港深大盘价值混合A,混合型-偏股,开放申购；起购10元；日累计无限额；数据日05-25,0.00%,0.00%,19.11%,3,腾讯控股 8.53%; 阿里巴巴-W 7.60%; 晶泰控股 2.98%
005553,国富新趋势混合C,混合型-灵活,开放申购；起购10元；日累计无限额；数据日05-25,0.00%,0.00%,1.00%,1,腾讯控股 1.00%
005543,银华心诚灵活配置混合A,混合型-灵活,开放申购；起购10元；日累计无限额；数据日05-25,0.00%,0.00%,36.82%,5,腾讯控股 9.07%; 阿里巴巴-W 8.98%; 中芯国际 7.79%; 金山云 6.22%; 华虹半导体 4.76%
005552,国富新趋势混合A,混合型-灵活,开放申购；起购10元；日累计无限额；数据日05-25,0.00%,0.00%,1.00%,1,腾讯控股 1.00%
005593,摩根创新商业模式混合A,混合型-灵活,开放申购；起购10元；日累计无限额；数据日05-25,0.00%,0.00%,3.59%,1,腾讯控股 3.59%
005621,中欧品质消费股票C,股票型,开放申购；起购10元；日累计无限额；数据日05-25,0.00%,0.00%,6.40%,1,腾讯控股 6.40%
005620,中欧品质消费股票A,股票型,开放申购；起购10元；日累计无限额；数据日05-25,0.00%,0.00%,6.40%,1,腾讯控股 6.40%
005612,嘉实核心优势股票发起式,股票型,开放申购；起购10元；日累计无限额；数据日05-25,0.00%,0.00%,7.91%,1,腾讯控股 7.91%
005643,鹏扬景升C,混合型-灵活,限大额；起购10元；日累计500万；数据日05-25,0.00%,0.00%,9.43%,1,腾讯控股 9.43%
005644,广发沪港深龙头混合,混合型-偏股,开放申购；起购10元；日累计无限额；数据日05-25,0.00%,0.00%,6.14%,1,腾讯控股 6.14%
005642,鹏扬景升A,混合型-灵活,限大额；起购10元；日累计500万；数据日05-25,0.00%,0.00%,9.43%,1,腾讯控股 9.43%
005676,易方达标普消费品指数C,指数型-海外股票,开放申购；起购10元；日累计无限额；数据日05-22,0.00%,0.00%,3.89%,2,腾讯控股 2.84%; 阿里巴巴-W 1.05%
005707,富国港股通量化精选股票A,股票型,开放申购；起购10元；日累计无限额；数据日05-25,0.00%,0.00%,16.43%,2,腾讯控股 9.37%; 阿里巴巴-W 7.06%
005701,摩根香港精选港股通混合A,混合型-偏股,开放申购；起购10元；日累计无限额；数据日05-25,0.00%,0.00%,9.34%,2,腾讯控股 5.40%; 阿里巴巴-W 3.94%
005729,南方人工智能混合,混合型-偏股,开放申购；起购10元；日累计无限额；数据日05-25,0.00%,0.00%,11.69%,2,腾讯控股 7.56%; 阿里巴巴-W 4.13%
005734,华夏沪港通恒生ETF联接C,指数型-股票,开放申购；起购10元；日累计无限额；数据日05-25,0.00%,0.00%,0.00%,1,中芯国际 0.00%
005774,华夏产业升级混合A,混合型-偏股,开放申购；起购10元；日累计无限额；数据日05-25,0.00%,0.00%,6.57%,1,阿里巴巴-W 6.57%
005765,中欧明睿新常态混合C,混合型-偏股,开放申购；起购10元；日累计无限额；数据日05-25,0.00%,0.00%,6.66%,1,腾讯控股 6.66%
005763,中欧电子信息产业沪港深股票C,股票型,开放申购；起购10元；日累计无限额；数据日05-25,0.00%,0.00%,9.83%,2,阿里巴巴-W 5.72%; 中芯国际 4.11%
005794,银华心怡灵活配置混合A,混合型-灵活,开放申购；起购10元；日累计无限额；数据日05-25,0.00%,0.00%,36.89%,5,腾讯控股 9.40%; 阿里巴巴-W 8.43%; 中芯国际 8.03%; 金山云 5.80%; 华虹半导体 5.23%
005802,汇添富智能制造股票A,股票型,开放申购；起购10元；日累计无限额；数据日05-25,0.00%,0.00%,8.28%,1,中芯国际 8.28%
005827,易方达蓝筹精选混合,混合型-偏股,限大额；起购10元；日累计5万；数据日05-25,0.00%,0.00%,18.82%,2,腾讯控股 9.60%; 阿里巴巴-W 9.22%
005847,富国沪港深业绩驱动混合型A,混合型-偏股,开放申购；起购10元；日累计无限额；数据日05-25,0.00%,0.00%,17.13%,2,腾讯控股 8.67%; 阿里巴巴-W 8.46%
005950,鑫元行业轮动混合C,混合型-灵活,开放申购；起购10元；日累计无限额；数据日05-25,0.00%,0.00%,3.02%,1,腾讯控股 3.02%
005949,鑫元行业轮动混合A,混合型-灵活,开放申购；起购10元；日累计无限额；数据日05-25,0.00%,0.00%,3.02%,1,腾讯控股 3.02%
005975,东方红配置精选混合C,混合型-偏债,开放申购；起购10元；日累计无限额；数据日05-25,0.00%,0.00%,1.28%,1,腾讯控股 1.28%
005962,宝盈人工智能股票A,股票型,开放申购；起购10元；日累计无限额；数据日05-25,0.00%,0.00%,10.52%,2,阿里巴巴-W 6.34%; 腾讯控股 4.18%
005963,宝盈人工智能股票C,股票型,开放申购；起购10元；日累计无限额；数据日05-25,0.00%,0.00%,10.52%,2,阿里巴巴-W 6.34%; 腾讯控股 4.18%
005974,东方红配置精选混合A,混合型-偏债,开放申购；起购10元；日累计无限额；数据日05-25,0.00%,0.00%,1.28%,1,腾讯控股 1.28%
006058,民生加银新兴成长混合,混合型-偏股,开放申购；起购10元；日累计无限额；数据日05-25,0.00%,0.00%,5.65%,1,腾讯控股 5.65%
006052,鹏扬核心价值灵活配置C,混合型-灵活,限大额；起购10元；日累计500万；数据日05-25,0.00%,0.00%,8.96%,1,腾讯控股 8.96%
006059,鹏扬泓利债券A,债券型-混合二级,限大额；起购10元；日累计3000万；数据日05-25,0.00%,0.00%,0.79%,1,阿里巴巴-W 0.79%
006060,鹏扬泓利债券C,债券型-混合二级,限大额；起购10元；日累计3000万；数据日05-25,0.00%,0.00%,0.79%,1,阿里巴巴-W 0.79%
006051,鹏扬核心价值灵活配置A,混合型-灵活,限大额；起购10元；日累计500万；数据日05-25,0.00%,0.00%,8.96%,1,腾讯控股 8.96%
006106,景顺长城量化港股通股票A,股票型,开放申购；起购10元；日累计无限额；数据日05-25,0.00%,0.00%,12.79%,2,腾讯控股 7.55%; 阿里巴巴-W 5.24%
006127,华宝港股通标普香港上市中国中小盘指数(LOF)C,指数型-股票,开放申购；起购10元；日累计无限额；数据日05-25,0.00%,0.00%,2.11%,1,地平线机器人-W 2.11%
006122,华安低碳生活混合A,混合型-偏股,开放申购；起购10元；日累计无限额；数据日05-25,0.00%,0.00%,6.74%,1,阿里巴巴-W 6.74%
006179,富国品质生活混合A,混合型-偏股,开放申购；起购10元；日累计无限额；数据日05-25,0.00%,0.00%,4.48%,1,腾讯控股 4.48%
006202,交银核心资产混合A,混合型-偏股,开放申购；起购10元；日累计无限额；数据日05-25,0.00%,0.00%,11.05%,2,腾讯控股 6.95%; 阿里巴巴-W 4.10%
006209,中信保诚新蓝筹混合,混合型-灵活,开放申购；起购10元；日累计无限额；数据日05-25,0.00%,0.00%,3.33%,1,腾讯控股 3.33%
006217,前海开源价值成长混合C,混合型-灵活,开放申购；起购10元；日累计无限额；数据日05-25,0.00%,0.00%,8.56%,1,阿里巴巴-W 8.56%
006223,交银创新成长混合,混合型-偏股,开放申购；起购10元；日累计无限额；数据日05-25,0.00%,0.00%,12.14%,2,腾讯控股 8.11%; 阿里巴巴-W 4.03%
006216,前海开源价值成长混合A,混合型-灵活,开放申购；起购10元；日累计无限额；数据日05-25,0.00%,0.00%,8.56%,1,阿里巴巴-W 8.56%
006259,汇添富红利增长混合A,混合型-偏股,开放申购；起购10元；日累计无限额；数据日05-25,0.00%,0.00%,3.08%,1,腾讯控股 3.08%
006257,信澳先进智造股票型A,股票型,开放申购；起购10元；日累计无限额；数据日05-25,0.00%,0.00%,6.13%,1,华虹半导体 6.13%
006260,汇添富红利增长混合C,混合型-偏股,开放申购；起购10元；日累计无限额；数据日05-25,0.00%,0.00%,3.08%,1,腾讯控股 3.08%
006299,恒越核心精选混合A,混合型-偏股,开放申购；起购10元；日累计无限额；数据日05-25,0.00%,0.00%,12.39%,2,腾讯控股 7.99%; 阿里巴巴-W 4.40%
006345,景顺长城集英两年定开混合,混合型-偏股,暂停申购；当前不可场外申购；下一开放日2027-04-16；数据日05-25,0.00%,0.00%,7.99%,1,腾讯控股 7.99%
006353,东方红核心优选定开混合A,混合型-偏债,暂停申购；当前不可场外申购；下一开放日2027-02-12；数据日05-22,0.00%,0.00%,0.58%,1,腾讯控股 0.58%
006348,银华盛利混合发起式A,混合型-偏股,开放申购；起购10元；日累计无限额；数据日05-25,0.00%,0.00%,3.54%,1,中芯国际 3.54%
006392,中信保诚创新成长混合A,混合型-灵活,开放申购；起购10元；日累计无限额；数据日05-25,0.00%,0.00%,3.48%,1,腾讯控股 3.48%
006408,汇添富消费升级混合A,混合型-偏股,开放申购；起购10元；日累计无限额；数据日05-25,0.00%,0.00%,9.17%,1,腾讯控股 9.17%
006477,中邮沪港深精选混合A,混合型-偏股,开放申购；起购10元；日累计无限额；数据日05-25,0.00%,0.00%,32.39%,5,腾讯控股 9.21%; 阿里巴巴-W 8.64%; 中芯国际 7.61%; 小米集团-W 4.21%; 华虹半导体 2.72%
006536,恒生前海恒锦裕利C,混合型-偏债,开放申购；起购10元；日累计无限额；数据日05-25,0.00%,0.00%,3.15%,2,腾讯控股 1.64%; 阿里巴巴-W 1.51%
006529,中欧匠心两年持有期混合A,混合型-偏股,开放申购；起购10元；日累计无限额；数据日05-25,0.00%,0.00%,14.46%,2,腾讯控股 9.40%; 阿里巴巴-W 5.06%
006537,恒生前海港股通精选混合,混合型-偏股,开放申购；起购10元；日累计无限额；数据日05-25,0.00%,0.00%,25.10%,4,腾讯控股 9.15%; 阿里巴巴-W 8.26%; 中芯国际 4.70%; 华虹半导体 2.99%
006535,恒生前海恒锦裕利A,混合型-偏债,开放申购；起购10元；日累计无限额；数据日05-25,0.00%,0.00%,3.15%,2,腾讯控股 1.64%; 阿里巴巴-W 1.51%
006530,中欧匠心两年持有期混合C,混合型-偏股,开放申购；起购10元；日累计无限额；数据日05-25,0.00%,0.00%,14.46%,2,腾讯控股 9.40%; 阿里巴巴-W 5.06%
006551,中庚价值领航混合,混合型-偏股,开放申购；起购10元；日累计无限额；数据日05-25,0.00%,0.00%,5.36%,2,阿里巴巴-W 2.68%; 腾讯控股 2.68%
006556,海富通研究精选混合C,混合型-偏股,开放申购；起购10元；日累计无限额；数据日05-25,0.00%,0.00%,2.29%,1,金山云 2.29%
006557,海富通研究精选混合A,混合型-偏股,开放申购；起购10元；日累计无限额；数据日05-25,0.00%,0.00%,2.29%,1,金山云 2.29%
006568,国联安行业领先混合,混合型-偏股,开放申购；起购10元；日累计无限额；数据日05-25,0.00%,0.00%,3.36%,1,阿里巴巴-W 3.36%
006595,广发港股通优质增长混合A,混合型-偏股,开放申购；起购10元；日累计无限额；数据日05-25,0.00%,0.00%,15.28%,3,腾讯控股 7.26%; 阿里巴巴-W 5.01%; 联想集团 3.01%
006616,工银战略新兴产业混合C,混合型-偏股,开放申购；起购10元；日累计无限额；数据日05-25,0.00%,0.00%,3.25%,1,腾讯控股 3.25%
006615,工银战略新兴产业混合A,混合型-偏股,开放申购；起购10元；日累计无限额；数据日05-25,0.00%,0.00%,3.25%,1,腾讯控股 3.25%
006614,嘉实港股通新经济指数C,指数型-股票,开放申购；起购10元；日累计无限额；数据日05-25,0.00%,0.00%,42.06%,4,腾讯控股 14.00%; 阿里巴巴-W 13.04%; 小米集团-W 10.98%; 中芯国际 4.04%
006644,弘毅远方消费升级混合A,混合型-偏股,开放申购；起购10元；日累计无限额；数据日05-25,0.00%,0.00%,3.97%,1,阿里巴巴-W 3.97%
006671,广发消费升级股票,股票型,开放申购；起购10元；日累计无限额；数据日05-25,0.00%,0.00%,10.34%,2,腾讯控股 7.05%; 阿里巴巴-W 3.29%
006696,汇添富研究优选灵活配置混合,混合型-灵活,开放申购；起购10元；日累计无限额；数据日05-25,0.00%,0.00%,5.13%,1,腾讯控股 5.13%
006753,天弘港股通精选C,混合型-灵活,开放申购；起购10元；日累计无限额；数据日05-25,0.00%,0.00%,6.36%,1,腾讯控股 6.36%
006781,汇丰晋信港股通精选股票,股票型,开放申购；起购10元；日累计无限额；数据日05-25,0.00%,0.00%,11.23%,2,腾讯控股 5.85%; 阿里巴巴-W 5.38%
006768,华安沪港深优选混合,混合型-偏股,开放申购；起购10元；日累计无限额；数据日05-25,0.00%,0.00%,6.95%,2,华虹半导体 3.73%; 腾讯控股 3.22%
006769,长城研究精选混合A,混合型-偏股,开放申购；起购10元；日累计无限额；数据日05-25,0.00%,0.00%,3.41%,1,阿里巴巴-W 3.41%
006775,前海开源优质成长混合,混合型-偏股,开放申购；起购10元；日累计无限额；数据日05-25,0.00%,0.00%,8.30%,1,阿里巴巴-W 8.30%
006803,嘉实互通精选股票,股票型,开放申购；起购10元；日累计无限额；数据日05-25,0.00%,0.00%,11.20%,2,腾讯控股 6.35%; 阿里巴巴-W 4.85%
006786,泰康港股通大消费指数A,指数型-股票,开放申购；起购10元；日累计无限额；数据日05-25,0.00%,0.00%,12.10%,1,阿里巴巴-W 12.10%
006752,天弘港股通精选A,混合型-灵活,开放申购；起购10元；日累计无限额；数据日05-25,0.00%,0.00%,6.36%,1,腾讯控股 6.36%
006787,泰康港股通大消费指数C,指数型-股票,开放申购；起购10元；日累计无限额；数据日05-25,0.00%,0.00%,12.10%,1,阿里巴巴-W 12.10%
006796,富国消费升级混合A,混合型-偏股,开放申购；起购10元；日累计无限额；数据日05-25,0.00%,0.00%,3.68%,1,腾讯控股 3.68%
006879,华安智能生活混合A,混合型-偏股,开放申购；起购10元；日累计无限额；数据日05-25,0.00%,0.00%,8.44%,2,阿里巴巴-W 4.94%; 腾讯控股 3.50%
006868,华夏科技成长股票,股票型,限大额；起购10元；日累计500万；数据日05-25,0.00%,0.00%,4.26%,1,腾讯控股 4.26%
006905,泰康产业升级混合C,混合型-偏股,开放申购；起购10元；日累计无限额；数据日05-25,0.00%,0.00%,6.20%,1,腾讯控股 6.20%
006904,泰康产业升级混合A,混合型-偏股,开放申购；起购10元；日累计无限额；数据日05-25,0.00%,0.00%,6.20%,1,腾讯控股 6.20%
006890,摩根领先优选混合A,混合型-偏股,开放申购；起购10元；日累计无限额；数据日05-25,0.00%,0.00%,16.70%,2,阿里巴巴-W 8.86%; 腾讯控股 7.84%
006923,前海开源沪港深非周期股票A,股票型,开放申购；起购10元；日累计无限额；数据日05-25,0.00%,0.00%,27.76%,4,腾讯控股 9.74%; 阿里巴巴-W 9.51%; 中芯国际 4.34%; 联想集团 4.17%
006924,前海开源沪港深非周期股票C,股票型,开放申购；起购10元；日累计无限额；数据日05-25,0.00%,0.00%,27.76%,4,腾讯控股 9.74%; 阿里巴巴-W 9.51%; 中芯国际 4.34%; 联想集团 4.17%
006952,中银景元回报混合,混合型-偏债,开放申购；起购10元；日累计无限额；数据日05-25,0.00%,0.00%,4.56%,2,阿里巴巴-W 3.84%; 中芯国际 0.72%
007047,长城核心优势混合A,混合型-偏股,开放申购；起购10元；日累计无限额；数据日05-25,0.00%,0.00%,3.58%,1,阿里巴巴-W 3.58%
007067,浦银安盛先进制造混合C,混合型-偏股,开放申购；起购10元；日累计无限额；数据日05-25,0.00%,0.00%,9.16%,2,阿里巴巴-W 6.06%; 中芯国际 3.10%
007066,浦银安盛先进制造混合A,混合型-偏股,开放申购；起购10元；日累计无限额；数据日05-25,0.00%,0.00%,9.16%,2,阿里巴巴-W 6.06%; 中芯国际 3.10%
007063,长盛研发回报混合A,混合型-偏股,开放申购；起购10元；日累计无限额；数据日05-25,0.00%,0.00%,9.38%,2,阿里巴巴-W 4.75%; 晶泰控股 4.63%
007101,中欧远见两年定开混合C,混合型-偏股,暂停申购；当前不可场外申购；下一开放日2027-04-26；数据日05-25,0.00%,0.00%,2.13%,1,腾讯控股 2.13%
007110,国投瑞银港股通混合A,混合型-偏股,开放申购；起购10元；日累计无限额；数据日05-25,0.00%,0.00%,13.63%,2,腾讯控股 9.36%; 阿里巴巴-W 4.27%
007107,太平MSCI香港价值增强A,指数型-股票,开放申购；起购10元；日累计无限额；数据日05-25,0.00%,0.00%,3.09%,1,联想集团 3.09%
007120,睿远成长价值混合C,混合型-偏股,开放申购；起购10元；日累计0元；数据日05-25,0.00%,0.00%,7.15%,1,腾讯控股 7.15%
007119,睿远成长价值混合A,混合型-偏股,开放申购；起购10元；日累计0元；数据日05-25,0.00%,0.00%,7.15%,1,腾讯控股 7.15%
007132,长城港股通价值精选混合A,混合型-偏股,开放申购；起购10元；日累计无限额；数据日05-25,0.00%,0.00%,30.13%,4,中芯国际 8.64%; 腾讯控股 8.53%; 小米集团-W 8.40%; 华虹半导体 4.56%
007108,太平MSCI香港价值增强C,指数型-股票,开放申购；起购10元；日累计无限额；数据日05-25,0.00%,0.00%,3.09%,1,联想集团 3.09%
007151,前海开源沪港深聚瑞混合,混合型-偏股,开放申购；起购10元；日累计无限额；数据日05-25,0.00%,0.00%,13.92%,2,腾讯控股 9.37%; 阿里巴巴-W 4.55%
007139,富国民裕进取沪港深成长A,混合型-偏股,开放申购；起购10元；日累计无限额；数据日05-25,0.00%,0.00%,7.30%,1,腾讯控股 7.30%
007182,万家沪港深蓝筹混合A,混合型-偏股,开放申购；起购10元；日累计无限额；数据日05-25,0.00%,0.00%,14.66%,3,腾讯控股 6.99%; 阿里巴巴-W 5.23%; 华虹半导体 2.44%
007193,恒越核心精选混合C,混合型-偏股,开放申购；起购10元；日累计无限额；数据日05-25,0.00%,0.00%,12.39%,2,腾讯控股 7.99%; 阿里巴巴-W 4.40%
007183,万家沪港深蓝筹混合C,混合型-偏股,开放申购；起购10元；日累计无限额；数据日05-25,0.00%,0.00%,14.66%,3,腾讯控股 6.99%; 阿里巴巴-W 5.23%; 华虹半导体 2.44%
007234,博时优势企业灵活配置混合C,混合型-灵活,开放申购；起购10元；日累计无限额；数据日05-25,0.00%,0.00%,2.06%,1,腾讯控股 2.06%
007277,恒生前海消费升级混合,混合型-偏股,开放申购；起购10元；日累计无限额；数据日05-25,0.00%,0.00%,6.18%,1,阿里巴巴-W 6.18%
007291,汇丰晋信港股通双核策略混合,混合型-偏股,开放申购；起购10元；日累计无限额；数据日05-25,0.00%,0.00%,12.72%,2,阿里巴巴-W 6.88%; 腾讯控股 5.84%
007303,京管泰富优势混合A,混合型-偏股,开放申购；起购10元；日累计无限额；数据日05-25,0.00%,0.00%,5.03%,1,腾讯控股 5.03%
007304,京管泰富优势混合C,混合型-偏股,开放申购；起购10元；日累计无限额；数据日05-25,0.00%,0.00%,5.03%,1,腾讯控股 5.03%
007318,中银民丰回报混合,混合型-偏债,开放申购；起购10元；日累计无限额；数据日05-25,0.00%,0.00%,0.78%,2,阿里巴巴-W 0.46%; 中芯国际 0.32%
007341,南方科技创新混合C,混合型-偏股,开放申购；起购10元；日累计无限额；数据日05-25,0.00%,0.00%,6.22%,2,阿里巴巴-W 4.01%; 华虹半导体 2.21%
007340,南方科技创新混合A,混合型-偏股,开放申购；起购10元；日累计无限额；数据日05-25,0.00%,0.00%,6.22%,2,阿里巴巴-W 4.01%; 华虹半导体 2.21%
007345,富国科技创新灵活配置混合,混合型-灵活,开放申购；起购10元；日累计无限额；数据日05-25,0.00%,0.00%,8.62%,1,腾讯控股 8.62%
007356,汇添富科技创新混合C,混合型-灵活,开放申购；起购10元；日累计无限额；数据日05-25,0.00%,0.00%,2.12%,1,腾讯控股 2.12%
007353,工银科技创新混合,混合型-偏股,开放申购；起购10元；日累计无限额；数据日05-25,0.00%,0.00%,4.00%,1,中芯国际 4.00%
007355,汇添富科技创新混合A,混合型-灵活,开放申购；起购10元；日累计无限额；数据日05-25,0.00%,0.00%,2.12%,1,腾讯控股 2.12%
007357,创金合信港股通量化股票C,股票型,开放申购；起购10元；日累计无限额；数据日05-25,0.00%,0.00%,13.97%,2,腾讯控股 7.84%; 阿里巴巴-W 6.13%
007369,浙商沪港深精选混合C,混合型-偏股,开放申购；起购10元；日累计无限额；数据日05-25,0.00%,0.00%,6.06%,1,腾讯控股 6.06%
007354,创金合信港股通量化股票A,股票型,开放申购；起购10元；日累计无限额；数据日05-25,0.00%,0.00%,13.97%,2,腾讯控股 7.84%; 阿里巴巴-W 6.13%
007368,浙商沪港深精选混合A,混合型-偏股,开放申购；起购10元；日累计无限额；数据日05-25,0.00%,0.00%,6.06%,1,腾讯控股 6.06%
007415,南方致远混合A,混合型-偏债,开放申购；起购10元；日累计无限额；数据日05-25,0.00%,0.00%,0.47%,1,腾讯控股 0.47%
007412,景顺长城绩优成长混合A,混合型-偏股,开放申购；起购10元；日累计无限额；数据日05-25,0.00%,0.00%,8.78%,1,腾讯控股 8.78%
007416,南方致远混合C,混合型-偏债,开放申购；起购10元；日累计无限额；数据日05-25,0.00%,0.00%,0.47%,1,腾讯控股 0.47%
007449,兴全多维价值混合A,混合型-偏股,开放申购；起购10元；日累计无限额；数据日05-25,0.00%,0.00%,3.36%,1,阿里巴巴-W 3.36%
007450,兴全多维价值混合C,混合型-偏股,开放申购；起购10元；日累计无限额；数据日05-25,0.00%,0.00%,3.36%,1,阿里巴巴-W 3.36%
007460,华安成长创新混合A,混合型-偏股,开放申购；起购10元；日累计无限额；数据日05-25,0.00%,0.00%,8.86%,2,阿里巴巴-W 4.89%; 腾讯控股 3.97%
007455,富国蓝筹精选股票(QDII)人民币,QDII-普通股票,限大额；起购10元；日累计5000万；数据日05-22,0.00%,0.00%,9.39%,2,腾讯控股 5.19%; 阿里巴巴-W 4.20%
007490,南方信息创新混合A,混合型-偏股,开放申购；起购10元；日累计无限额；数据日05-25,0.00%,0.00%,3.85%,1,华虹半导体 3.85%
007491,南方信息创新混合C,混合型-偏股,开放申购；起购10元；日累计无限额；数据日05-25,0.00%,0.00%,3.85%,1,华虹半导体 3.85%
007484,信澳核心科技混合A,混合型-偏股,开放申购；起购10元；日累计无限额；数据日05-25,0.00%,0.00%,12.49%,2,腾讯控股 6.44%; 阿里巴巴-W 6.05%
007493,朱雀产业臻选混合A,混合型-偏股,开放申购；起购10元；日累计无限额；数据日05-25,0.00%,0.00%,8.86%,1,中芯国际 8.86%
007494,朱雀产业臻选混合C,混合型-偏股,开放申购；起购10元；日累计无限额；数据日05-25,0.00%,0.00%,8.86%,1,中芯国际 8.86%
007506,华夏AH经济蓝筹股票C,指数型-股票,开放申购；起购10元；日累计无限额；数据日05-25,0.00%,0.00%,17.91%,2,腾讯控股 10.00%; 阿里巴巴-W 7.91%
007523,汇添富内需增长股票A,股票型,开放申购；起购10元；日累计无限额；数据日05-25,0.00%,0.00%,4.81%,1,阿里巴巴-W 4.81%
007505,华夏AH经济蓝筹股票A,指数型-股票,开放申购；起购10元；日累计无限额；数据日05-25,0.00%,0.00%,17.91%,2,腾讯控股 10.00%; 阿里巴巴-W 7.91%
007512,工银沪港深股票C,股票型,开放申购；起购10元；日累计无限额；数据日05-25,0.00%,0.00%,19.68%,3,腾讯控股 9.48%; 中芯国际 5.15%; 阿里巴巴-W 5.05%
007524,汇添富内需增长股票C,股票型,开放申购；起购10元；日累计无限额；数据日05-25,0.00%,0.00%,4.81%,1,阿里巴巴-W 4.81%
007548,易方达ESG责任投资股票,股票型,开放申购；起购10元；日累计无限额；数据日05-25,0.00%,0.00%,15.15%,2,腾讯控股 8.08%; 阿里巴巴-W 7.07%
007592,华夏价值精选混合A,混合型-偏股,开放申购；起购10元；日累计无限额；数据日05-25,0.00%,0.00%,6.94%,2,阿里巴巴-W 3.97%; 腾讯控股 2.97%
007660,招商和悦均衡养老三年持有混合(FOF)A,FOF-均衡型,开放申购；起购10元；日累计无限额；数据日05-21,0.00%,0.00%,0.32%,1,中芯国际 0.32%
007750,广发优势增长股票,股票型,开放申购；起购10元；日累计无限额；数据日05-25,0.00%,0.00%,3.11%,1,腾讯控股 3.11%
007850,方正富邦天睿混合A,混合型-灵活,限大额；起购10元；日累计5万；数据日05-25,0.00%,0.00%,7.64%,1,阿里巴巴-W 7.64%
007851,方正富邦天睿混合C,混合型-灵活,限大额；起购10元；日累计5万；数据日05-25,0.00%,0.00%,7.64%,1,阿里巴巴-W 7.64%
007887,东方红启元三年持有混合B,混合型-灵活,暂停申购；当前不可场外申购；数据日05-25,0.00%,0.00%,4.58%,1,阿里巴巴-W 4.58%
007881,朱雀产业智选混合C,混合型-偏股,开放申购；起购100元；日累计无限额；数据日05-25,0.00%,0.00%,4.56%,1,中芯国际 4.56%
007880,朱雀产业智选混合A,混合型-偏股,开放申购；起购100元；日累计无限额；数据日05-25,0.00%,0.00%,4.56%,1,中芯国际 4.56%
007959,方正富邦天恒混合A,混合型-灵活,开放申购；起购10元；日累计无限额；数据日05-25,0.00%,0.00%,7.47%,1,腾讯控股 7.47%
007960,方正富邦天恒混合C,混合型-灵活,开放申购；起购10元；日累计无限额；数据日05-25,0.00%,0.00%,7.47%,1,腾讯控股 7.47%
008025,汇添富稳健增长混合A,混合型-偏债,开放申购；起购10元；日累计无限额；数据日05-25,0.00%,0.00%,1.41%,1,腾讯控股 1.41%
008026,汇添富稳健增长混合C,混合型-偏债,开放申购；起购10元；日累计无限额；数据日05-25,0.00%,0.00%,1.41%,1,腾讯控股 1.41%
008063,汇添富大盘核心资产混合A,混合型-偏股,开放申购；起购10元；日累计无限额；数据日05-25,0.00%,0.00%,3.41%,1,阿里巴巴-W 3.41%
008133,华安优质生活混合,混合型-偏股,开放申购；起购10元；日累计无限额；数据日05-25,0.00%,0.00%,5.86%,1,阿里巴巴-W 5.86%
008134,鹏华优选价值股票A,股票型,开放申购；起购10元；日累计无限额；数据日05-25,0.00%,0.00%,4.52%,1,腾讯控股 4.52%
008150,嘉实远见企业精选两年持有期混合,混合型-偏股,开放申购；起购10元；日累计无限额；数据日05-25,0.00%,0.00%,3.48%,1,阿里巴巴-W 3.48%
008159,招商盛鑫优选3个月持有(FOF)C,FOF-均衡型,开放申购；起购10元；日累计无限额；数据日05-21,0.00%,0.00%,0.45%,1,腾讯控股 0.45%
008158,招商盛鑫优选3个月持有(FOF)A,FOF-均衡型,开放申购；起购10元；日累计无限额；数据日05-21,0.00%,0.00%,0.45%,1,腾讯控股 0.45%
008188,前海开源稳健增长三年混合,混合型-偏股,开放申购；起购10元；日累计无限额；数据日05-25,0.00%,0.00%,8.62%,1,阿里巴巴-W 8.62%
008166,工银消费股票A,股票型,开放申购；起购10元；日累计无限额；数据日05-25,0.00%,0.00%,9.01%,1,腾讯控股 9.01%
008167,工银消费股票C,股票型,开放申购；起购10元；日累计无限额；数据日05-25,0.00%,0.00%,9.01%,1,腾讯控股 9.01%
008228,宝盈研究精选混合C,混合型-偏股,开放申购；起购10元；日累计无限额；数据日05-25,0.00%,0.00%,5.11%,1,腾讯控股 5.11%
008227,宝盈研究精选混合A,混合型-偏股,开放申购；起购10元；日累计无限额；数据日05-25,0.00%,0.00%,5.11%,1,腾讯控股 5.11%
008263,东方红品质优选定开混合,混合型-偏债,暂停申购；当前不可场外申购；下一开放日2028-03-14；数据日05-22,0.00%,0.00%,5.10%,2,腾讯控股 2.69%; 阿里巴巴-W 2.41%
008262,招商研究优选股票C,股票型,开放申购；起购10元；日累计无限额；数据日05-25,0.00%,0.00%,3.43%,1,腾讯控股 3.43%
008260,长城价值优选混合A,混合型-偏股,开放申购；起购10元；日累计无限额；数据日05-25,0.00%,0.00%,2.65%,1,腾讯控股 2.65%
008261,招商研究优选股票A,股票型,开放申购；起购10元；日累计无限额；数据日05-25,0.00%,0.00%,3.43%,1,腾讯控股 3.43%
008286,易方达研究精选股票,股票型,开放申购；起购10元；日累计无限额；数据日05-25,0.00%,0.00%,6.45%,1,腾讯控股 6.45%
008290,华安现代生活混合,混合型-偏股,开放申购；起购10元；日累计无限额；数据日05-25,0.00%,0.00%,14.15%,2,腾讯控股 8.90%; 华虹半导体 5.25%
008294,朱雀企业优胜A,股票型,开放申购；起购10元；日累计无限额；数据日05-25,0.00%,0.00%,14.87%,2,中芯国际 9.43%; 腾讯控股 5.44%
008295,朱雀企业优胜C,股票型,开放申购；起购10元；日累计无限额；数据日05-25,0.00%,0.00%,14.87%,2,中芯国际 9.43%; 腾讯控股 5.44%
008315,摩根慧选成长股票C,股票型,开放申购；起购10元；日累计无限额；数据日05-25,0.00%,0.00%,3.24%,1,腾讯控股 3.24%
008317,光大睿盈混合A,混合型-偏股,开放申购；起购10元；日累计无限额；数据日05-25,0.00%,0.00%,3.94%,1,阿里巴巴-W 3.94%
008314,摩根慧选成长股票A,股票型,开放申购；起购10元；日累计无限额；数据日05-25,0.00%,0.00%,3.24%,1,腾讯控股 3.24%
008313,光大研究精选混合A,混合型-偏股,开放申购；起购10元；日累计无限额；数据日05-25,0.00%,0.00%,2.15%,1,中芯国际 2.15%
008381,前海开源新兴产业混合A,混合型-偏股,开放申购；起购10元；日累计无限额；数据日05-25,0.00%,0.00%,6.25%,1,阿里巴巴-W 6.25%
008378,兴全社会价值三年持有混合,混合型-偏股,暂停申购；当前不可场外申购；数据日05-25,0.00%,0.00%,5.16%,1,阿里巴巴-W 5.16%
008416,鹏扬景瑞三年持有混合A,混合型-偏债,开放申购；起购10元；日累计无限额；数据日05-25,0.00%,0.00%,2.30%,1,腾讯控股 2.30%
008401,大成标普500等权重指数(QDII)C人民币,指数型-海外股票,限大额；起购10元；日累计50元；数据日05-22,0.00%,0.21%,0.21%,1,戴尔科技 0.21%
008417,鹏扬景瑞三年持有混合C,混合型-偏债,开放申购；起购10元；日累计无限额；数据日05-25,0.00%,0.00%,2.30%,1,腾讯控股 2.30%
008470,朱雀安鑫回报债券C,债券型-混合二级,开放申购；起购10元；日累计无限额；数据日05-25,0.00%,0.00%,0.83%,1,中芯国际 0.83%
008469,朱雀安鑫回报债券A,债券型-混合二级,开放申购；起购10元；日累计无限额；数据日05-25,0.00%,0.00%,0.83%,1,中芯国际 0.83%
008499,鹏扬景科混合A,混合型-偏债,限大额；起购10元；日累计300万；数据日05-25,0.00%,0.00%,0.32%,1,腾讯控股 0.32%
008501,鹏扬聚利六个月持有期债券A,债券型-混合二级,开放申购；起购10元；日累计无限额；数据日05-25,0.00%,0.00%,0.25%,2,腾讯控股 0.13%; 阿里巴巴-W 0.12%
008500,鹏扬景科混合C,混合型-偏债,限大额；起购10元；日累计300万；数据日05-25,0.00%,0.00%,0.32%,1,腾讯控股 0.32%
008519,中金中证沪港深优选消费50指数A,指数型-股票,开放申购；起购10元；日累计无限额；数据日05-25,0.00%,0.00%,15.43%,2,腾讯控股 7.87%; 小米集团-W 7.56%
008520,中金中证沪港深优选消费50指数C,指数型-股票,开放申购；起购10元；日累计无限额；数据日05-25,0.00%,0.00%,15.43%,2,腾讯控股 7.87%; 小米集团-W 7.56%
008513,南方宝丰混合A,混合型-偏债,开放申购；起购10元；日累计无限额；数据日05-25,0.00%,0.00%,2.20%,3,腾讯控股 0.94%; 阿里巴巴-W 0.77%; 中芯国际 0.49%
008514,南方宝丰混合C,混合型-偏债,开放申购；起购10元；日累计无限额；数据日05-25,0.00%,0.00%,2.20%,3,腾讯控股 0.94%; 阿里巴巴-W 0.77%; 中芯国际 0.49%
008502,鹏扬聚利六个月持有期债券C,债券型-混合二级,开放申购；起购10元；日累计无限额；数据日05-25,0.00%,0.00%,0.25%,2,腾讯控股 0.13%; 阿里巴巴-W 0.12%
008531,惠升惠民混合A,混合型-偏股,开放申购；起购10元；日累计无限额；数据日05-25,0.00%,0.00%,10.89%,2,阿里巴巴-W 6.97%; 中芯国际 3.92%
008532,惠升惠民混合C,混合型-偏股,开放申购；起购10元；日累计无限额；数据日05-25,0.00%,0.00%,10.89%,2,阿里巴巴-W 6.97%; 中芯国际 3.92%
008515,国富基本面优选混合A,混合型-偏股,开放申购；起购10元；日累计无限额；数据日05-25,0.00%,0.00%,6.79%,1,腾讯控股 6.79%
008639,中欧预见稳瑞混合(FOF)A,FOF-稳健型,开放申购；起购10元；日累计无限额；数据日05-21,0.00%,0.00%,0.34%,1,阿里巴巴-W 0.34%
008641,方正富邦科技创新C,混合型-偏股,开放申购；起购10元；日累计无限额；数据日05-25,0.00%,0.00%,8.07%,2,阿里巴巴-W 4.12%; 晶泰控股 3.95%
008656,招商科技创新混合C,混合型-偏股,开放申购；起购10元；日累计无限额；数据日05-25,0.00%,0.00%,22.04%,4,阿里巴巴-W 5.90%; 中芯国际 5.89%; 腾讯控股 5.32%; 华虹半导体 4.93%
008655,招商科技创新混合A,混合型-偏股,开放申购；起购10元；日累计无限额；数据日05-25,0.00%,0.00%,22.04%,4,阿里巴巴-W 5.90%; 中芯国际 5.89%; 腾讯控股 5.32%; 华虹半导体 4.93%
008657,景顺长城科技创新混合A,混合型-偏股,开放申购；起购10元；日累计无限额；数据日05-25,0.00%,0.00%,4.45%,1,腾讯控股 4.45%
008640,方正富邦科技创新A,混合型-偏股,开放申购；起购10元；日累计无限额；数据日05-25,0.00%,0.00%,8.07%,2,阿里巴巴-W 4.12%; 晶泰控股 3.95%
008681,鹏华价值成长混合,混合型-偏股,开放申购；起购10元；日累计无限额；数据日05-25,0.00%,0.00%,2.99%,1,腾讯控股 2.99%
008715,景顺长城价值驱动一年持有混合,混合型-灵活,开放申购；起购10元；日累计无限额；数据日05-25,0.00%,0.00%,4.83%,1,腾讯控股 4.83%
008770,东方红安鑫甄选一年持有混合,混合型-偏债,开放申购；起购10元；日累计无限额；数据日05-25,0.00%,0.00%,0.56%,1,腾讯控股 0.56%
008786,长城健康生活混合A,混合型-灵活,开放申购；起购10元；日累计无限额；数据日05-25,0.00%,0.00%,5.16%,1,腾讯控股 5.16%
008811,鹏华科技创新混合,混合型-偏股,开放申购；起购10元；日累计无限额；数据日05-25,0.00%,0.00%,5.42%,1,阿里巴巴-W 5.42%
008834,银华汇盈一年持有期混合C,混合型-偏债,开放申购；起购10元；日累计无限额；数据日05-25,0.00%,0.00%,0.68%,1,腾讯控股 0.68%
008833,银华汇盈一年持有期混合A,混合型-偏债,开放申购；起购10元；日累计无限额；数据日05-25,0.00%,0.00%,0.68%,1,腾讯控股 0.68%
008854,南方内需增长两年股票A,股票型,开放申购；起购10元；日累计无限额；数据日05-25,0.00%,0.00%,7.19%,1,腾讯控股 7.19%
008860,民生加银龙头优选股票A,股票型,开放申购；起购10元；日累计无限额；数据日05-25,0.00%,0.00%,7.51%,1,腾讯控股 7.51%
008855,南方内需增长两年股票C,股票型,开放申购；起购10元；日累计无限额；数据日05-25,0.00%,0.00%,7.19%,1,腾讯控股 7.19%
008871,大成睿裕六月持有股票A,股票型,开放申购；起购10元；日累计无限额；数据日05-25,0.00%,0.00%,6.03%,1,腾讯控股 6.03%
008872,大成睿裕六月持有股票C,股票型,开放申购；起购10元；日累计无限额；数据日05-25,0.00%,0.00%,6.03%,1,腾讯控股 6.03%
008892,安信价值成长混合C,混合型-偏股,限大额；起购10元；日累计50万；数据日05-25,0.00%,0.00%,9.51%,1,腾讯控股 9.51%
008891,安信价值成长混合A,混合型-偏股,限大额；起购10元；日累计50万；数据日05-25,0.00%,0.00%,9.51%,1,腾讯控股 9.51%
008901,富国内需增长混合A,混合型-偏股,开放申购；起购10元；日累计无限额；数据日05-25,0.00%,0.00%,4.45%,1,腾讯控股 4.45%
008934,大成科技消费股票A,股票型,开放申购；起购10元；日累计无限额；数据日05-25,0.00%,0.00%,7.78%,1,阿里巴巴-W 7.78%
008935,大成科技消费股票C,股票型,开放申购；起购10元；日累计无限额；数据日05-25,0.00%,0.00%,7.78%,1,阿里巴巴-W 7.78%
008962,建信科技创新混合A,混合型-偏股,开放申购；起购10元；日累计无限额；数据日05-25,0.00%,0.00%,3.65%,1,腾讯控股 3.65%
008954,安信价值回报三年持有混合A,混合型-偏股,开放申购；起购10元；日累计无限额；数据日05-25,0.00%,0.00%,9.04%,1,腾讯控股 9.04%
008973,大成中华沪深港300指数(LOF)C,指数型-股票,开放申购；起购10元；日累计无限额；数据日05-25,0.00%,0.00%,10.94%,2,腾讯控股 6.34%; 阿里巴巴-W 4.60%
008969,睿远均衡价值三年持有混合A,混合型-偏股,开放申购；起购10元；日累计0元；数据日05-25,0.00%,0.00%,9.75%,1,腾讯控股 9.75%
008963,建信科技创新混合C,混合型-偏股,开放申购；起购10元；日累计无限额；数据日05-25,0.00%,0.00%,3.65%,1,腾讯控股 3.65%
008970,睿远均衡价值三年持有混合C,混合型-偏股,开放申购；起购10元；日累计0元；数据日05-25,0.00%,0.00%,9.75%,1,腾讯控股 9.75%
008958,嘉实回报精选股票,股票型,开放申购；起购10元；日累计无限额；数据日05-25,0.00%,0.00%,7.93%,1,腾讯控股 7.93%
008985,东方红启东三年持有混合,混合型-灵活,开放申购；起购10元；日累计无限额；数据日05-25,0.00%,0.00%,3.54%,1,中芯国际 3.54%
008990,东方红匠心甄选一年持有混合,混合型-偏债,开放申购；起购10元；日累计无限额；数据日05-25,0.00%,0.00%,0.60%,1,腾讯控股 0.60%
009007,兴全沪港深两年持有混合,混合型-偏股,开放申购；起购10元；日累计无限额；数据日05-25,0.00%,0.00%,16.40%,3,腾讯控股 7.46%; 阿里巴巴-W 6.18%; 中芯国际 2.76%
009011,华夏睿阳一年持有混合,混合型-偏股,开放申购；起购10元；日累计无限额；数据日05-25,0.00%,0.00%,3.52%,1,腾讯控股 3.52%
009014,泓德睿泽混合,混合型-偏股,开放申购；起购10元；日累计无限额；数据日05-25,0.00%,0.00%,11.17%,2,阿里巴巴-W 6.09%; 腾讯控股 5.08%
009010,华夏兴阳一年持有混合,混合型-偏股,开放申购；起购10元；日累计无限额；数据日05-25,0.00%,0.00%,4.25%,1,腾讯控股 4.25%
009017,银华港股通精选股票发起式A,股票型,开放申购；起购10元；日累计无限额；数据日05-25,0.00%,0.00%,21.75%,4,腾讯控股 6.01%; 华虹半导体 5.70%; 阿里巴巴-W 5.08%; 中芯国际 4.96%
009030,工银高质量成长混合C,混合型-偏股,开放申购；起购10元；日累计无限额；数据日05-25,0.00%,0.00%,19.70%,3,腾讯控股 8.20%; 中芯国际 7.95%; 阿里巴巴-W 3.55%
009026,中银高质量发展机遇混合A,混合型-偏股,开放申购；起购10元；日累计无限额；数据日05-25,0.00%,0.00%,7.22%,2,阿里巴巴-W 4.77%; 中芯国际 2.45%
009029,工银高质量成长混合A,混合型-偏股,开放申购；起购10元；日累计无限额；数据日05-25,0.00%,0.00%,19.70%,3,腾讯控股 8.20%; 中芯国际 7.95%; 阿里巴巴-W 3.55%
009058,博时科技创新混合C,混合型-偏股,开放申购；起购10元；日累计无限额；数据日05-25,0.00%,0.00%,4.10%,1,腾讯控股 4.10%
009076,工银圆兴混合,混合型-偏股,开放申购；起购10元；日累计无限额；数据日05-25,0.00%,0.00%,3.18%,1,阿里巴巴-W 3.18%
009057,博时科技创新混合A,混合型-偏股,开放申购；起购10元；日累计无限额；数据日05-25,0.00%,0.00%,4.10%,1,腾讯控股 4.10%
009086,鹏华价值共赢两年持有期混合,混合型-偏股,开放申购；起购10元；日累计无限额；数据日05-25,0.00%,0.00%,8.50%,2,腾讯控股 4.58%; 阿里巴巴-W 3.92%
009102,鹏扬红利优选混合A,混合型-偏股,开放申购；起购10元；日累计无限额；数据日05-25,0.00%,0.00%,8.85%,1,腾讯控股 8.85%
009103,鹏扬红利优选混合C,混合型-偏股,开放申购；起购10元；日累计无限额；数据日05-25,0.00%,0.00%,8.85%,1,腾讯控股 8.85%
009120,广发品质回报混合C,混合型-偏股,开放申购；起购10元；日累计无限额；数据日05-25,0.00%,0.00%,4.71%,1,腾讯控股 4.71%
009121,广发招享混合A,混合型-偏债,限大额；起购10元；日累计1000万；数据日05-25,0.00%,0.00%,4.08%,2,腾讯控股 3.05%; 晶泰控股 1.03%
009119,广发品质回报混合A,混合型-偏股,开放申购；起购10元；日累计无限额；数据日05-25,0.00%,0.00%,4.71%,1,腾讯控股 4.71%
009137,嘉实瑞和两年持有期混合,混合型-偏股,开放申购；起购10元；日累计无限额；数据日05-25,0.00%,0.00%,3.13%,1,腾讯控股 3.13%
009136,广发恒隆一年持有混合C,混合型-偏债,开放申购；起购10元；日累计无限额；数据日05-25,0.00%,0.00%,1.17%,1,阿里巴巴-W 1.17%
009142,宏利价值长青混合C,混合型-偏股,开放申购；起购10元；日累计无限额；数据日05-25,0.00%,0.00%,3.82%,1,腾讯控股 3.82%
009131,鹏扬景恒六个月持有混合C,混合型-偏债,开放申购；起购10元；日累计无限额；数据日05-25,0.00%,0.00%,1.39%,1,腾讯控股 1.39%
009135,广发恒隆一年持有混合A,混合型-偏债,开放申购；起购10元；日累计无限额；数据日05-25,0.00%,0.00%,1.17%,1,阿里巴巴-W 1.17%
009141,宏利价值长青混合A,混合型-偏股,开放申购；起购10元；日累计无限额；数据日05-25,0.00%,0.00%,3.82%,1,腾讯控股 3.82%
009130,鹏扬景恒六个月持有混合A,混合型-偏债,开放申购；起购10元；日累计无限额；数据日05-25,0.00%,0.00%,1.39%,1,腾讯控股 1.39%
009152,南方瑞盛三年混合A,混合型-偏股,开放申购；起购10元；日累计无限额；数据日05-25,0.00%,0.00%,2.95%,1,腾讯控股 2.95%
009153,南方瑞盛三年混合C,混合型-偏股,开放申购；起购10元；日累计无限额；数据日05-25,0.00%,0.00%,2.95%,1,腾讯控股 2.95%
009189,华宝成长策略混合A,混合型-偏股,开放申购；起购10元；日累计无限额；数据日05-25,0.00%,0.00%,4.03%,1,腾讯控股 4.03%
009216,易方达瑞川混合C,混合型-灵活,开放申购；起购10元；日累计无限额；数据日05-25,0.00%,0.00%,6.35%,2,腾讯控股 3.23%; 阿里巴巴-W 3.12%
009215,易方达瑞川混合A,混合型-灵活,开放申购；起购10元；日累计无限额；数据日05-25,0.00%,0.00%,6.35%,2,腾讯控股 3.23%; 阿里巴巴-W 3.12%
009223,宝盈现代服务业混合A,混合型-偏股,开放申购；起购10元；日累计无限额；数据日05-25,0.00%,0.00%,5.02%,1,腾讯控股 5.02%
009224,宝盈现代服务业混合C,混合型-偏股,开放申购；起购10元；日累计无限额；数据日05-25,0.00%,0.00%,5.02%,1,腾讯控股 5.02%
009199,万家价值优势一年持有期混合,混合型-偏股,限大额；起购10元；日累计1000元；数据日05-25,0.00%,0.00%,16.88%,2,腾讯控股 8.47%; 阿里巴巴-W 8.41%
009240,泰康蓝筹优势一年持有股票,股票型,开放申购；起购10元；日累计无限额；数据日05-25,0.00%,0.00%,8.57%,1,腾讯控股 8.57%
009265,易方达消费精选股票,股票型,开放申购；起购10元；日累计无限额；数据日05-25,0.00%,0.00%,4.51%,1,腾讯控股 4.51%
009319,南方成长先锋混合C,混合型-偏股,开放申购；起购10元；日累计无限额；数据日05-25,0.00%,0.00%,6.30%,2,阿里巴巴-W 4.02%; 华虹半导体 2.28%
009318,南方成长先锋混合A,混合型-偏股,开放申购；起购10元；日累计无限额；数据日05-25,0.00%,0.00%,6.30%,2,阿里巴巴-W 4.02%; 华虹半导体 2.28%
009348,国联价值成长6个月持有混合C,混合型-偏股,开放申购；起购10元；日累计无限额；数据日05-25,0.00%,0.00%,5.41%,1,腾讯控股 5.41%
009342,易方达优质企业三年持有期混合,混合型-偏股,暂停申购；当前不可场外申购；数据日05-25,0.00%,0.00%,18.63%,2,腾讯控股 9.61%; 阿里巴巴-W 9.02%
009353,浙商科创一个月滚动持有混合A,混合型-偏股,开放申购；起购10元；日累计无限额；数据日05-25,0.00%,0.00%,1.62%,1,腾讯控股 1.62%
009354,浙商科创一个月滚动持有混合C,混合型-偏股,开放申购；起购10元；日累计无限额；数据日05-25,0.00%,0.00%,1.62%,1,腾讯控股 1.62%
009346,中银顺兴回报一年持有混合C,混合型-偏债,开放申购；起购10元；日累计无限额；数据日05-25,0.00%,0.00%,1.40%,1,阿里巴巴-W 1.40%
009362,招商丰盈积极配置混合A,混合型-偏股,开放申购；起购10元；日累计无限额；数据日05-25,0.00%,0.00%,2.42%,1,阿里巴巴-W 2.42%
009360,招商创新增长混合A,混合型-偏股,开放申购；起购10元；日累计无限额；数据日05-25,0.00%,0.00%,3.97%,1,腾讯控股 3.97%
009345,中银顺兴回报一年持有混合A,混合型-偏债,开放申购；起购10元；日累计无限额；数据日05-25,0.00%,0.00%,1.40%,1,阿里巴巴-W 1.40%
009347,国联价值成长6个月持有混合A,混合型-偏股,开放申购；起购10元；日累计无限额；数据日05-25,0.00%,0.00%,5.41%,1,腾讯控股 5.41%
009367,浦银安盛科技创新一年持有混合C,混合型-偏股,开放申购；起购10元；日累计无限额；数据日05-25,0.00%,0.00%,14.36%,2,腾讯控股 8.98%; 小米集团-W 5.38%
009363,招商丰盈积极配置混合C,混合型-偏股,开放申购；起购10元；日累计无限额；数据日05-25,0.00%,0.00%,2.42%,1,阿里巴巴-W 2.42%
009361,招商创新增长混合C,混合型-偏股,开放申购；起购10元；日累计无限额；数据日05-25,0.00%,0.00%,3.97%,1,腾讯控股 3.97%
009366,浦银安盛科技创新一年持有混合A,混合型-偏股,开放申购；起购10元；日累计无限额；数据日05-25,0.00%,0.00%,14.36%,2,腾讯控股 8.98%; 小米集团-W 5.38%
009391,汇添富优质成长混合A,混合型-偏股,开放申购；起购10元；日累计无限额；数据日05-25,0.00%,0.00%,2.81%,1,华虹半导体 2.81%
009392,汇添富优质成长混合C,混合型-偏股,开放申购；起购10元；日累计无限额；数据日05-25,0.00%,0.00%,2.81%,1,华虹半导体 2.81%
009411,中银科技创新一年定开混合,混合型-偏股,暂停申购；当前不可场外申购；下一开放日2026-10-14；数据日05-22,0.00%,0.00%,11.23%,3,腾讯控股 4.63%; 中芯国际 3.70%; 阿里巴巴-W 2.90%
009429,鹏扬景沣六个月持有期混合C,混合型-偏债,开放申购；起购10元；日累计无限额；数据日05-25,0.00%,0.00%,0.79%,1,阿里巴巴-W 0.79%
009428,鹏扬景沣六个月持有期混合A,混合型-偏债,开放申购；起购10元；日累计无限额；数据日05-25,0.00%,0.00%,0.79%,1,阿里巴巴-W 0.79%
009476,建信食品饮料行业股票A,股票型,开放申购；起购10元；日累计无限额；数据日05-25,0.00%,0.00%,6.07%,1,腾讯控股 6.07%
009492,宝盈创新驱动股票C,股票型,限大额；起购10元；日累计50万；数据日05-25,0.00%,0.00%,5.56%,1,华虹半导体 5.56%
009491,宝盈创新驱动股票A,股票型,限大额；起购10元；日累计50万；数据日05-25,0.00%,0.00%,5.56%,1,华虹半导体 5.56%
009556,兴全合丰三年持有混合,混合型-偏股,开放申购；起购10元；日累计无限额；数据日05-25,0.00%,0.00%,5.45%,1,阿里巴巴-W 5.45%
009571,鹏华匠心精选混合C,混合型-偏股,开放申购；起购10元；日累计无限额；数据日05-25,0.00%,0.00%,2.89%,1,腾讯控股 2.89%
009570,鹏华匠心精选混合A,混合型-偏股,开放申购；起购10元；日累计无限额；数据日05-25,0.00%,0.00%,2.89%,1,腾讯控股 2.89%
009576,东方红智远三年持有混合,混合型-偏股,限大额；起购10元；日累计10万；数据日05-25,0.00%,0.00%,12.00%,2,阿里巴巴-W 6.69%; 中芯国际 5.31%
009572,南方养老2040三年持有混合发起(FOF)A,FOF-均衡型,开放申购；起购10元；日累计无限额；数据日05-21,0.00%,0.00%,0.43%,1,中芯国际 0.43%
009601,招商科技动力3个月滚动持有股票A,股票型,开放申购；起购10元；日累计无限额；数据日05-25,0.00%,0.00%,20.37%,4,中芯国际 5.55%; 阿里巴巴-W 5.30%; 腾讯控股 4.98%; 华虹半导体 4.54%
009598,景顺长城科创三年定开混合,混合型-灵活,暂停申购；当前不可场外申购；下一开放日2026-06-30；数据日05-25,0.00%,0.00%,4.17%,1,腾讯控股 4.17%
009602,招商科技动力3个月滚动持有股票C,股票型,开放申购；起购10元；日累计无限额；数据日05-25,0.00%,0.00%,20.37%,4,中芯国际 5.55%; 阿里巴巴-W 5.30%; 腾讯控股 4.98%; 华虹半导体 4.54%
009597,泰康创新成长混合C,混合型-偏股,开放申购；起购10元；日累计无限额；数据日05-25,0.00%,0.00%,6.66%,1,腾讯控股 6.66%
009596,泰康创新成长混合A,混合型-偏股,开放申购；起购10元；日累计无限额；数据日05-25,0.00%,0.00%,6.66%,1,腾讯控股 6.66%
009621,中欧心益稳健6个月混合A,混合型-偏债,开放申购；起购10元；日累计无限额；数据日05-25,0.00%,0.00%,2.63%,2,腾讯控股 1.86%; 阿里巴巴-W 0.77%
009620,博时女性消费主题混合C,混合型-偏股,开放申购；起购10元；日累计无限额；数据日05-25,0.00%,0.00%,4.82%,1,腾讯控股 4.82%
009618,交银启汇混合A,混合型-偏股,开放申购；起购10元；日累计无限额；数据日05-25,0.00%,0.00%,2.97%,1,腾讯控股 2.97%
009619,博时女性消费主题混合A,混合型-偏股,开放申购；起购10元；日累计无限额；数据日05-25,0.00%,0.00%,4.82%,1,腾讯控股 4.82%
009630,浦银安盛ESG责任投资混合A,混合型-偏股,开放申购；起购10元；日累计无限额；数据日05-25,0.00%,0.00%,13.97%,2,腾讯控股 9.01%; 小米集团-W 4.96%
009622,中欧心益稳健6个月混合C,混合型-偏债,开放申购；起购10元；日累计无限额；数据日05-25,0.00%,0.00%,2.63%,2,腾讯控股 1.86%; 阿里巴巴-W 0.77%
009647,南方核心成长混合C,混合型-偏股,开放申购；起购10元；日累计无限额；数据日05-25,0.00%,0.00%,5.24%,1,腾讯控股 5.24%
009646,南方核心成长混合A,混合型-偏股,开放申购；起购10元；日累计无限额；数据日05-25,0.00%,0.00%,5.24%,1,腾讯控股 5.24%
009631,浦银安盛ESG责任投资混合C,混合型-偏股,开放申购；起购10元；日累计无限额；数据日05-25,0.00%,0.00%,13.97%,2,腾讯控股 9.01%; 小米集团-W 4.96%
009689,易方达瑞锦混合A,混合型-灵活,开放申购；起购10元；日累计无限额；数据日05-25,0.00%,0.00%,0.42%,1,阿里巴巴-W 0.42%
009682,南方创新精选一年定开混合C,混合型-偏股,暂停申购；当前不可场外申购；下一开放日2026-07-21；数据日05-25,0.00%,0.00%,5.81%,1,腾讯控股 5.81%
009681,南方创新精选一年定开混合A,混合型-偏股,暂停申购；当前不可场外申购；下一开放日2026-07-21；数据日05-25,0.00%,0.00%,5.81%,1,腾讯控股 5.81%
009696,招商成长精选一年定开混合C,混合型-偏股,暂停申购；当前不可场外申购；下一开放日2026-11-02；数据日05-25,0.00%,0.00%,4.99%,1,腾讯控股 4.99%
009692,国泰浩益混合C,混合型-偏债,开放申购；起购10元；日累计无限额；数据日05-25,0.00%,0.00%,0.96%,1,腾讯控股 0.96%
009690,易方达瑞锦混合C,混合型-灵活,开放申购；起购10元；日累计无限额；数据日05-25,0.00%,0.00%,0.42%,1,阿里巴巴-W 0.42%
009704,南方景气驱动混合A,混合型-偏股,开放申购；起购10元；日累计无限额；数据日05-25,0.00%,0.00%,4.83%,1,腾讯控股 4.83%
009695,招商成长精选一年定开混合A,混合型-偏股,暂停申购；当前不可场外申购；下一开放日2026-11-02；数据日05-25,0.00%,0.00%,4.99%,1,腾讯控股 4.99%
009707,工银新兴制造混合A,混合型-偏股,开放申购；起购10元；日累计无限额；数据日05-25,0.00%,0.00%,4.27%,1,中芯国际 4.27%
009691,国泰浩益混合A,混合型-偏债,开放申购；起购10元；日累计无限额；数据日05-25,0.00%,0.00%,0.96%,1,腾讯控股 0.96%
009697,华夏成长精选6个月定开混合A,混合型-偏股,暂停申购；当前不可场外申购；下一开放日2026-09-03；数据日05-25,0.00%,0.00%,13.53%,2,腾讯控股 8.50%; 阿里巴巴-W 5.03%
009698,华夏成长精选6个月定开混合C,混合型-偏股,暂停申购；当前不可场外申购；下一开放日2026-09-03；数据日05-25,0.00%,0.00%,13.53%,2,腾讯控股 8.50%; 阿里巴巴-W 5.03%
009705,南方景气驱动混合C,混合型-偏股,开放申购；起购10元；日累计无限额；数据日05-25,0.00%,0.00%,4.83%,1,腾讯控股 4.83%
009708,工银新兴制造混合C,混合型-偏股,开放申购；起购10元；日累计无限额；数据日05-25,0.00%,0.00%,4.27%,1,中芯国际 4.27%
009725,东方红优质甄选一年持有混合A,混合型-偏债,开放申购；起购10元；日累计无限额；数据日05-25,0.00%,0.00%,0.35%,1,腾讯控股 0.35%
009740,博时研究臻选持有期混合A,混合型-灵活,开放申购；起购10元；日累计无限额；数据日05-25,0.00%,0.00%,3.08%,1,腾讯控股 3.08%
009741,博时研究臻选持有期混合C,混合型-灵活,开放申购；起购10元；日累计无限额；数据日05-25,0.00%,0.00%,3.08%,1,腾讯控股 3.08%
009777,中欧阿尔法混合C,混合型-偏股,开放申购；起购10元；日累计无限额；数据日05-25,0.00%,0.00%,6.78%,1,阿里巴巴-W 6.78%
009776,中欧阿尔法混合A,混合型-偏股,开放申购；起购10元；日累计无限额；数据日05-25,0.00%,0.00%,6.78%,1,阿里巴巴-W 6.78%
009806,东方红招盈甄选一年混合A,混合型-偏债,开放申购；起购10元；日累计无限额；数据日05-25,0.00%,0.00%,2.45%,2,腾讯控股 1.36%; 阿里巴巴-W 1.09%
009807,东方红招盈甄选一年混合C,混合型-偏债,开放申购；起购10元；日累计无限额；数据日05-25,0.00%,0.00%,2.45%,2,腾讯控股 1.36%; 阿里巴巴-W 1.09%
009795,嘉实远见精选两年持有期混合,混合型-偏股,开放申购；起购10元；日累计无限额；数据日05-25,0.00%,0.00%,4.17%,1,腾讯控股 4.17%
009846,国富港股通远见价值混合A,混合型-偏股,开放申购；起购10元；日累计无限额；数据日05-25,0.00%,0.00%,17.97%,4,阿里巴巴-W 5.96%; 腾讯控股 5.67%; 中芯国际 3.32%; 金山云 3.02%
009842,东方红明鉴优选两年定开混合,混合型-偏债,暂停申购；当前不可场外申购；下一开放日2026-12-21；数据日05-22,0.00%,0.00%,2.10%,4,小米集团-W 0.84%; 腾讯控股 0.49%; 阿里巴巴-W 0.43%; 中芯国际 0.34%
009857,博时价值臻选持有期混合A,混合型-灵活,开放申购；起购10元；日累计无限额；数据日05-25,0.00%,0.00%,4.37%,1,阿里巴巴-W 4.37%
009858,博时价值臻选持有期混合C,混合型-灵活,开放申购；起购10元；日累计无限额；数据日05-25,0.00%,0.00%,4.37%,1,阿里巴巴-W 4.37%
009852,银华品质消费股票A,股票型,开放申购；起购10元；日累计无限额；数据日05-25,0.00%,0.00%,12.44%,2,阿里巴巴-W 6.75%; 腾讯控股 5.69%
009859,银华乐享混合A,混合型-偏股,开放申购；起购10元；日累计无限额；数据日05-25,0.00%,0.00%,2.58%,1,华虹半导体 2.58%
009863,富国创新趋势股票A,股票型,开放申购；起购10元；日累计无限额；数据日05-25,0.00%,0.00%,8.48%,1,腾讯控股 8.48%
009879,平安低碳经济混合C,混合型-偏股,开放申购；起购10元；日累计无限额；数据日05-25,0.00%,0.00%,3.57%,1,阿里巴巴-W 3.57%
009891,融通产业趋势臻选股票A,股票型,限大额；起购10元；日累计500万；数据日05-25,0.00%,0.00%,4.82%,1,腾讯控股 4.82%
009896,广发港股通成长精选股票A,股票型,开放申购；起购10元；日累计无限额；数据日05-25,0.00%,0.00%,30.90%,5,腾讯控股 7.83%; 阿里巴巴-W 7.56%; 中芯国际 6.12%; 华虹半导体 5.30%; 地平线机器人-W 4.09%
009878,平安低碳经济混合A,混合型-偏股,开放申购；起购10元；日累计无限额；数据日05-25,0.00%,0.00%,3.57%,1,阿里巴巴-W 3.57%
009897,广发港股通成长精选股票C,股票型,开放申购；起购10元；日累计无限额；数据日05-25,0.00%,0.00%,30.90%,5,腾讯控股 7.83%; 阿里巴巴-W 7.56%; 中芯国际 6.12%; 华虹半导体 5.30%; 地平线机器人-W 4.09%
009914,富国成长动力混合A,混合型-偏股,开放申购；起购10元；日累计无限额；数据日05-25,0.00%,0.00%,8.40%,1,腾讯控股 8.40%
009929,南方创新驱动混合A,混合型-偏股,开放申购；起购10元；日累计无限额；数据日05-25,0.00%,0.00%,5.81%,1,腾讯控股 5.81%
009930,南方创新驱动混合C,混合型-偏股,开放申购；起购10元；日累计无限额；数据日05-25,0.00%,0.00%,5.81%,1,腾讯控股 5.81%
009960,银华多元机遇混合,混合型-偏股,开放申购；起购10元；日累计无限额；数据日05-25,0.00%,0.00%,10.08%,3,腾讯控股 4.13%; 阿里巴巴-W 4.03%; 华虹半导体 1.92%
009978,银华招利一年持有期混合C,混合型-偏债,开放申购；起购10元；日累计无限额；数据日05-25,0.00%,0.00%,3.84%,3,腾讯控股 1.93%; 阿里巴巴-W 1.11%; 中芯国际 0.80%
009977,银华招利一年持有期混合A,混合型-偏债,开放申购；起购10元；日累计无限额；数据日05-25,0.00%,0.00%,3.84%,3,腾讯控股 1.93%; 阿里巴巴-W 1.11%; 中芯国际 0.80%
009984,鹏华启航混合,混合型-偏股,开放申购；起购10元；日累计无限额；数据日05-25,0.00%,0.00%,5.88%,1,阿里巴巴-W 5.88%
009998,摩根慧见两年持有期混合,混合型-偏股,开放申购；起购10元；日累计无限额；数据日05-25,0.00%,0.00%,3.22%,1,腾讯控股 3.22%
010003,景顺长城电子信息产业股票A,股票型,开放申购；起购10元；日累计无限额；数据日05-25,0.00%,0.00%,5.55%,1,中芯国际 5.55%
010004,景顺长城电子信息产业股票C,股票型,开放申购；起购10元；日累计无限额；数据日05-25,0.00%,0.00%,5.55%,1,中芯国际 5.55%
010019,招商瑞泽一年持有期混合C,混合型-偏债,开放申购；起购10元；日累计无限额；数据日05-25,0.00%,0.00%,0.38%,1,腾讯控股 0.38%
010018,招商瑞泽一年持有期混合A,混合型-偏债,开放申购；起购10元；日累计无限额；数据日05-25,0.00%,0.00%,0.38%,1,腾讯控股 0.38%
009983,永赢港股通品质生活慧选混合A,混合型-偏股,开放申购；起购10元；日累计无限额；数据日05-25,0.00%,0.00%,4.60%,1,腾讯控股 4.60%
010010,国投瑞银港股通6个月定开股票,股票型,暂停申购；当前不可场外申购；下一开放日2026-08-27；数据日05-25,0.00%,0.00%,15.60%,2,腾讯控股 9.63%; 阿里巴巴-W 5.97%
010024,广发沪港深新起点股票C,股票型,开放申购；起购10元；日累计无限额；数据日05-25,0.00%,0.00%,17.08%,3,腾讯控股 7.04%; 阿里巴巴-W 5.55%; 华虹半导体 4.49%
010030,富国稳进回报12个月持有期混合C,混合型-偏债,开放申购；起购10元；日累计无限额；数据日05-25,0.00%,0.00%,0.26%,1,腾讯控股 0.26%
010041,嘉实港股优势混合A,混合型-偏股,开放申购；起购10元；日累计无限额；数据日05-25,0.00%,0.00%,6.84%,1,腾讯控股 6.84%
010029,富国稳进回报12个月持有期混合A,混合型-偏债,开放申购；起购10元；日累计无限额；数据日05-25,0.00%,0.00%,0.26%,1,腾讯控股 0.26%
010027,景顺长城核心中景一年持有混合,混合型-偏股,开放申购；起购10元；日累计无限额；数据日05-25,0.00%,0.00%,7.36%,2,腾讯控股 4.35%; 阿里巴巴-W 3.01%
010045,汇添富稳健添盈一年持有混合,混合型-偏债,开放申购；起购10元；日累计无限额；数据日05-25,0.00%,0.00%,0.83%,1,腾讯控股 0.83%
010054,万家健康产业混合A,混合型-偏股,开放申购；起购10元；日累计无限额；数据日05-25,0.00%,0.00%,7.66%,1,晶泰控股 7.66%
010062,南方行业精选一年混合A,混合型-偏股,开放申购；起购10元；日累计无限额；数据日05-25,0.00%,0.00%,6.61%,1,腾讯控股 6.61%
010042,嘉实港股优势混合C,混合型-偏股,开放申购；起购10元；日累计无限额；数据日05-25,0.00%,0.00%,6.84%,1,腾讯控股 6.84%
010063,南方行业精选一年混合C,混合型-偏股,开放申购；起购10元；日累计无限额；数据日05-25,0.00%,0.00%,6.61%,1,腾讯控股 6.61%
010068,工银双盈债券A,债券型-混合二级,开放申购；起购10元；日累计无限额；数据日05-25,0.00%,0.00%,7.21%,3,腾讯控股 2.51%; 阿里巴巴-W 2.49%; 小米集团-W 2.21%
010069,工银双盈债券C,债券型-混合二级,开放申购；起购10元；日累计无限额；数据日05-25,0.00%,0.00%,7.21%,3,腾讯控股 2.51%; 阿里巴巴-W 2.49%; 小米集团-W 2.21%
010055,万家健康产业混合C,混合型-偏股,开放申购；起购10元；日累计无限额；数据日05-25,0.00%,0.00%,7.66%,1,晶泰控股 7.66%
010102,西部利得鑫泓增强债券A,债券型-混合二级,开放申购；起购10元；日累计无限额；数据日05-25,0.00%,0.00%,0.46%,1,腾讯控股 0.46%
010105,景顺长城消费精选混合C,混合型-偏股,开放申购；起购10元；日累计无限额；数据日05-25,0.00%,0.00%,4.82%,1,腾讯控股 4.82%
010094,交银产业机遇混合,混合型-偏股,开放申购；起购10元；日累计无限额；数据日05-25,0.00%,0.00%,12.52%,2,腾讯控股 8.90%; 阿里巴巴-W 3.62%
010116,民生加银新兴产业混合A,混合型-偏股,开放申购；起购10元；日累计无限额；数据日05-25,0.00%,0.00%,5.92%,1,腾讯控股 5.92%
010103,西部利得鑫泓增强债券C,债券型-混合二级,开放申购；起购10元；日累计无限额；数据日05-25,0.00%,0.00%,0.46%,1,腾讯控股 0.46%
010117,民生加银新兴产业混合C,混合型-偏股,开放申购；起购10元；日累计无限额；数据日05-25,0.00%,0.00%,5.92%,1,腾讯控股 5.92%
010104,景顺长城消费精选混合A,混合型-偏股,开放申购；起购10元；日累计无限额；数据日05-25,0.00%,0.00%,4.82%,1,腾讯控股 4.82%
010142,朱雀企业优选C,股票型,开放申购；起购10元；日累计无限额；数据日05-25,0.00%,0.00%,13.81%,2,中芯国际 9.04%; 腾讯控股 4.77%
010135,宏利高研发6个月持有混合A,混合型-偏股,开放申购；起购10元；日累计无限额；数据日05-25,0.00%,0.00%,8.24%,1,中芯国际 8.24%
010143,交银施罗德启欣混合,混合型-偏股,开放申购；起购10元；日累计无限额；数据日05-25,0.00%,0.00%,12.23%,2,腾讯控股 8.19%; 阿里巴巴-W 4.04%
010136,宏利高研发6个月持有混合C,混合型-偏股,开放申购；起购10元；日累计无限额；数据日05-25,0.00%,0.00%,8.24%,1,中芯国际 8.24%
010132,南方创新成长混合A,混合型-偏股,开放申购；起购10元；日累计无限额；数据日05-25,0.00%,0.00%,5.02%,1,腾讯控股 5.02%
010133,南方创新成长混合C,混合型-偏股,开放申购；起购10元；日累计无限额；数据日05-25,0.00%,0.00%,5.02%,1,腾讯控股 5.02%
010141,朱雀企业优选A,股票型,开放申购；起购10元；日累计无限额；数据日05-25,0.00%,0.00%,13.81%,2,中芯国际 9.04%; 腾讯控股 4.77%
010177,中加新兴消费混合C,混合型-偏股,开放申购；起购10元；日累计无限额；数据日05-25,0.00%,0.00%,12.14%,2,腾讯控股 8.22%; 阿里巴巴-W 3.92%
010166,招商兴和优选1年持有期混合,混合型-偏股,开放申购；起购10元；日累计无限额；数据日05-25,0.00%,0.00%,4.52%,1,阿里巴巴-W 4.52%
010179,大成企业能力驱动混合C,混合型-偏股,开放申购；起购10元；日累计无限额；数据日05-25,0.00%,0.00%,4.81%,1,腾讯控股 4.81%
010176,中加新兴消费混合A,混合型-偏股,开放申购；起购10元；日累计无限额；数据日05-25,0.00%,0.00%,12.14%,2,腾讯控股 8.22%; 阿里巴巴-W 3.92%
010180,华夏科技龙头两年持有混合,混合型-偏股,开放申购；起购1元；日累计0元；数据日05-25,0.00%,0.00%,5.19%,1,华虹半导体 5.19%
010178,大成企业能力驱动混合A,混合型-偏股,开放申购；起购10元；日累计无限额；数据日05-25,0.00%,0.00%,4.81%,1,腾讯控股 4.81%
010213,中欧互联网先锋混合A,混合型-偏股,开放申购；起购10元；日累计无限额；数据日05-25,0.00%,0.00%,17.73%,2,阿里巴巴-W 8.90%; 腾讯控股 8.83%
010204,中银港股通优势成长股票,股票型,开放申购；起购10元；日累计无限额；数据日05-25,0.00%,0.00%,9.34%,2,腾讯控股 4.89%; 阿里巴巴-W 4.45%
010197,易方达核心优势股票C,股票型,开放申购；起购10元；日累计无限额；数据日05-25,0.00%,0.00%,12.65%,2,阿里巴巴-W 6.49%; 腾讯控股 6.16%
010196,易方达核心优势股票A,股票型,开放申购；起购10元；日累计无限额；数据日05-25,0.00%,0.00%,12.65%,2,阿里巴巴-W 6.49%; 腾讯控股 6.16%
010225,东方红启航三年持有混合B,混合型-偏股,开放申购；起购10元；日累计无限额；数据日05-25,0.00%,0.00%,3.57%,1,中芯国际 3.57%
010230,南方宝昌混合A,混合型-偏债,开放申购；起购10元；日累计无限额；数据日05-25,0.00%,0.00%,1.02%,1,腾讯控股 1.02%
010231,南方宝昌混合C,混合型-偏债,开放申购；起购10元；日累计无限额；数据日05-25,0.00%,0.00%,1.02%,1,腾讯控股 1.02%
010219,汇添富稳健添益一年持有混合,混合型-偏债,开放申购；起购10元；日累计无限额；数据日05-25,0.00%,0.00%,1.66%,1,腾讯控股 1.66%
010214,中欧互联网先锋混合C,混合型-偏股,开放申购；起购10元；日累计无限额；数据日05-25,0.00%,0.00%,17.73%,2,阿里巴巴-W 8.90%; 腾讯控股 8.83%
010265,鹏华成长智选混合C,混合型-偏股,开放申购；起购10元；日累计无限额；数据日05-25,0.00%,0.00%,1.96%,2,中芯国际 1.01%; 华虹半导体 0.95%
010264,鹏华成长智选混合A,混合型-偏股,开放申购；起购10元；日累计无限额；数据日05-25,0.00%,0.00%,1.96%,2,中芯国际 1.01%; 华虹半导体 0.95%
010272,国富价值成长一年持有期混合C,混合型-偏股,开放申购；起购10元；日累计无限额；数据日05-25,0.00%,0.00%,12.38%,2,阿里巴巴-W 6.21%; 腾讯控股 6.17%
010271,国富价值成长一年持有期混合A,混合型-偏股,开放申购；起购10元；日累计无限额；数据日05-25,0.00%,0.00%,12.38%,2,阿里巴巴-W 6.21%; 腾讯控股 6.17%
010289,景顺长城产业趋势混合A,混合型-偏股,开放申购；起购10元；日累计无限额；数据日05-25,0.00%,0.00%,8.62%,2,腾讯控股 5.84%; 阿里巴巴-W 2.78%
010292,东方红核心优选定开混合C,混合型-偏债,暂停申购；当前不可场外申购；下一开放日2027-02-12；数据日05-22,0.00%,0.00%,0.58%,1,腾讯控股 0.58%
010305,华夏创新驱动混合A,混合型-偏股,开放申购；起购10元；日累计无限额；数据日05-25,0.00%,0.00%,10.39%,2,腾讯控股 5.31%; 阿里巴巴-W 5.08%
010298,汇添富品牌驱动六个月持有混合,混合型-偏股,开放申购；起购10元；日累计无限额；数据日05-25,0.00%,0.00%,6.76%,1,阿里巴巴-W 6.76%
010301,达诚成长先锋混合A,混合型-偏股,开放申购；起购10元；日累计无限额；数据日05-25,0.00%,0.00%,8.43%,1,阿里巴巴-W 8.43%
010302,达诚成长先锋混合C,混合型-偏股,开放申购；起购10元；日累计无限额；数据日05-25,0.00%,0.00%,8.43%,1,阿里巴巴-W 8.43%
010306,华夏创新驱动混合C,混合型-偏股,开放申购；起购10元；日累计无限额；数据日05-25,0.00%,0.00%,10.39%,2,腾讯控股 5.31%; 阿里巴巴-W 5.08%
010340,易方达高质量严选三年持有,混合型-偏股,开放申购；起购10元；日累计无限额；数据日05-25,0.00%,0.00%,8.17%,2,腾讯控股 4.15%; 阿里巴巴-W 4.02%
010333,华夏核心资产混合A,混合型-偏股,开放申购；起购10元；日累计无限额；数据日05-25,0.00%,0.00%,8.70%,3,腾讯控股 3.48%; 阿里巴巴-W 2.87%; 中芯国际 2.35%
010334,华夏核心资产混合C,混合型-偏股,开放申购；起购10元；日累计无限额；数据日05-25,0.00%,0.00%,8.70%,3,腾讯控股 3.48%; 阿里巴巴-W 2.87%; 中芯国际 2.35%
010335,华宝竞争优势混合A,混合型-偏股,开放申购；起购10元；日累计无限额；数据日05-25,0.00%,0.00%,3.53%,1,中芯国际 3.53%
010338,国投瑞银远见成长混合A,混合型-偏股,开放申购；起购10元；日累计无限额；数据日05-25,0.00%,0.00%,4.04%,1,腾讯控股 4.04%
010339,国投瑞银远见成长混合C,混合型-偏股,开放申购；起购10元；日累计无限额；数据日05-25,0.00%,0.00%,4.04%,1,腾讯控股 4.04%
010336,中欧悦享生活混合A,混合型-偏股,开放申购；起购10元；日累计无限额；数据日05-25,0.00%,0.00%,6.09%,1,腾讯控股 6.09%
010350,景顺长城品质长青混合A,混合型-偏股,开放申购；起购10元；日累计无限额；数据日05-25,0.00%,0.00%,9.69%,1,腾讯控股 9.69%
010337,中欧悦享生活混合C,混合型-偏股,开放申购；起购10元；日累计无限额；数据日05-25,0.00%,0.00%,6.09%,1,腾讯控股 6.09%
010362,嘉实品质优选股票C,股票型,开放申购；起购10元；日累计无限额；数据日05-25,0.00%,0.00%,7.65%,2,中芯国际 3.84%; 华虹半导体 3.81%
010361,嘉实品质优选股票A,股票型,开放申购；起购10元；日累计无限额；数据日05-25,0.00%,0.00%,7.65%,2,中芯国际 3.84%; 华虹半导体 3.81%
010383,宝盈基础产业混合A,混合型-偏股,开放申购；起购10元；日累计无限额；数据日05-25,0.00%,0.00%,8.89%,2,阿里巴巴-W 5.39%; 腾讯控股 3.50%
010384,宝盈基础产业混合C,混合型-偏股,开放申购；起购10元；日累计无限额；数据日05-25,0.00%,0.00%,8.89%,2,阿里巴巴-W 5.39%; 腾讯控股 3.50%
010391,易方达战略新兴产业股票A,股票型,开放申购；起购10元；日累计无限额；数据日05-25,0.00%,0.00%,3.09%,1,中芯国际 3.09%
010389,易方达科益混合A,混合型-偏股,开放申购；起购10元；日累计无限额；数据日05-25,0.00%,0.00%,7.54%,1,阿里巴巴-W 7.54%
010411,长城品质成长混合C,混合型-偏股,开放申购；起购10元；日累计无限额；数据日05-25,0.00%,0.00%,8.23%,2,腾讯控股 4.58%; 阿里巴巴-W 3.65%
010392,易方达战略新兴产业股票C,股票型,开放申购；起购10元；日累计无限额；数据日05-25,0.00%,0.00%,3.09%,1,中芯国际 3.09%
010410,长城品质成长混合A,混合型-偏股,开放申购；起购10元；日累计无限额；数据日05-25,0.00%,0.00%,8.23%,2,腾讯控股 4.58%; 阿里巴巴-W 3.65%
010409,富国消费精选30股票A,股票型,开放申购；起购10元；日累计无限额；数据日05-25,0.00%,0.00%,4.13%,1,腾讯控股 4.13%
010390,易方达科益混合C,混合型-偏股,开放申购；起购10元；日累计无限额；数据日05-25,0.00%,0.00%,7.54%,1,阿里巴巴-W 7.54%
010431,招商安阳债券C,债券型-混合二级,开放申购；起购10元；日累计无限额；数据日05-25,0.00%,0.00%,0.55%,1,腾讯控股 0.55%
010429,中欧睿见混合A,混合型-偏股,开放申购；起购10元；日累计无限额；数据日05-25,0.00%,0.00%,11.92%,2,阿里巴巴-W 6.31%; 腾讯控股 5.61%
010430,招商安阳债券A,债券型-混合二级,开放申购；起购10元；日累计无限额；数据日05-25,0.00%,0.00%,0.55%,1,腾讯控股 0.55%
010441,东方红启兴三年持有混合B,混合型-偏股,开放申购；起购10元；日累计0元；数据日05-25,0.00%,0.00%,7.81%,1,阿里巴巴-W 7.81%
010420,民生加银成长优选股票A,股票型,开放申购；起购10元；日累计无限额；数据日05-25,0.00%,0.00%,6.10%,1,腾讯控股 6.10%
010442,东方红启盛三年持有混合B,混合型-偏股,开放申购；起购10元；日累计无限额；数据日05-25,0.00%,0.00%,11.11%,2,阿里巴巴-W 6.21%; 中芯国际 4.90%
010438,嘉实竞争力优选混合C,混合型-偏股,开放申购；起购10元；日累计无限额；数据日05-25,0.00%,0.00%,10.19%,2,腾讯控股 5.93%; 阿里巴巴-W 4.26%
010450,广发恒悦债券C,债券型-混合二级,开放申购；起购10元；日累计无限额；数据日05-25,0.00%,0.00%,0.47%,1,腾讯控股 0.47%
010451,广发恒悦债券E,债券型-混合二级,限大额；起购10元；日累计50万；数据日05-25,0.00%,0.00%,0.47%,1,腾讯控股 0.47%
010445,南方誉尚一年持有期混合C,混合型-偏债,开放申购；起购10元；日累计无限额；数据日05-25,0.00%,0.00%,2.00%,1,腾讯控股 2.00%
010444,南方誉尚一年持有期混合A,混合型-偏债,开放申购；起购10元；日累计无限额；数据日05-25,0.00%,0.00%,2.00%,1,腾讯控股 2.00%
010437,嘉实竞争力优选混合A,混合型-偏股,开放申购；起购10元；日累计无限额；数据日05-25,0.00%,0.00%,10.19%,2,腾讯控股 5.93%; 阿里巴巴-W 4.26%
010449,广发恒悦债券A,债券型-混合二级,开放申购；起购10元；日累计无限额；数据日05-25,0.00%,0.00%,0.47%,1,腾讯控股 0.47%
010456,博时产业精选混合C,混合型-灵活,开放申购；起购10元；日累计无限额；数据日05-25,0.00%,0.00%,11.30%,2,中芯国际 7.38%; 华虹半导体 3.92%
010455,博时产业精选混合A,混合型-灵活,开放申购；起购10元；日累计无限额；数据日05-25,0.00%,0.00%,11.30%,2,中芯国际 7.38%; 华虹半导体 3.92%
010457,广发睿鑫混合A,混合型-偏股,开放申购；起购10元；日累计无限额；数据日05-25,0.00%,0.00%,4.69%,1,腾讯控股 4.69%
010453,广发瑞福精选混合C,混合型-偏股,开放申购；起购10元；日累计无限额；数据日05-25,0.00%,0.00%,3.35%,1,中芯国际 3.35%
010458,广发睿鑫混合C,混合型-偏股,开放申购；起购10元；日累计无限额；数据日05-25,0.00%,0.00%,4.69%,1,腾讯控股 4.69%
010483,交银启道混合,混合型-偏股,开放申购；起购10元；日累计无限额；数据日05-25,0.00%,0.00%,12.49%,2,腾讯控股 8.45%; 阿里巴巴-W 4.04%
010480,汇添富稳进双盈一年持有混合,混合型-偏债,开放申购；起购10元；日累计无限额；数据日05-25,0.00%,0.00%,0.82%,1,腾讯控股 0.82%
010519,华夏先锋科技一年定开混合C,混合型-偏股,暂停申购；当前不可场外申购；下一开放日2027-05-07；数据日05-25,0.00%,0.00%,11.21%,2,中芯国际 6.13%; 腾讯控股 5.08%
010518,华夏先锋科技一年定开混合A,混合型-偏股,暂停申购；当前不可场外申购；下一开放日2027-05-07；数据日05-25,0.00%,0.00%,11.21%,2,中芯国际 6.13%; 腾讯控股 5.08%
010537,泰康优势企业混合C,混合型-偏股,开放申购；起购10元；日累计无限额；数据日05-25,0.00%,0.00%,8.82%,1,腾讯控股 8.82%
010536,泰康优势企业混合A,混合型-偏股,开放申购；起购10元；日累计无限额；数据日05-25,0.00%,0.00%,8.82%,1,腾讯控股 8.82%
010551,淳厚欣颐一年持有期混合,混合型-偏股,开放申购；起购10元；日累计无限额；数据日05-25,0.00%,0.00%,16.96%,2,腾讯控股 9.21%; 阿里巴巴-W 7.75%
010555,华安新兴消费混合C,混合型-偏股,开放申购；起购10元；日累计无限额；数据日05-25,0.00%,0.00%,5.40%,1,阿里巴巴-W 5.40%
010554,华安新兴消费混合A,混合型-偏股,开放申购；起购10元；日累计无限额；数据日05-25,0.00%,0.00%,5.40%,1,阿里巴巴-W 5.40%
010587,鹏扬先进制造混合A,混合型-偏股,开放申购；起购10元；日累计无限额；数据日05-25,0.00%,0.00%,4.78%,1,中芯国际 4.78%
010583,富国蓝筹精选股票(QDII)美元,QDII-普通股票,限大额；起购1元；日累计0元；数据日05-22,0.00%,0.00%,9.39%,2,腾讯控股 5.19%; 阿里巴巴-W 4.20%
010591,富国中国中小盘混合(QDII)美元,QDII-混合偏股,开放申购；起购1元；日累计0元；数据日05-22,0.00%,0.00%,4.97%,1,腾讯控股 4.97%
010590,鹏扬景安一年持有期混合C,混合型-偏债,开放申购；起购10元；日累计无限额；数据日05-25,0.00%,0.00%,1.44%,1,腾讯控股 1.44%
010599,汇添富高质量成长30一年混合A,混合型-偏股,开放申购；起购10元；日累计无限额；数据日05-25,0.00%,0.00%,4.76%,1,腾讯控股 4.76%
010589,鹏扬景安一年持有期混合A,混合型-偏债,开放申购；起购10元；日累计无限额；数据日05-25,0.00%,0.00%,1.44%,1,腾讯控股 1.44%
010588,鹏扬先进制造混合C,混合型-偏股,开放申购；起购10元；日累计无限额；数据日05-25,0.00%,0.00%,4.78%,1,中芯国际 4.78%
010610,摩根远见两年持有期混合,混合型-偏股,开放申购；起购10元；日累计无限额；数据日05-25,0.00%,0.00%,13.06%,3,腾讯控股 7.13%; 中芯国际 3.17%; 阿里巴巴-W 2.76%
010600,光大安瑞一年持有A,债券型-混合二级,开放申购；起购10元；日累计无限额；数据日05-25,0.00%,0.00%,1.07%,1,腾讯控股 1.07%
010602,长城均衡优选混合A,混合型-偏股,开放申购；起购10元；日累计无限额；数据日05-25,0.00%,0.00%,5.56%,2,阿里巴巴-W 2.83%; 腾讯控股 2.73%
010601,光大安瑞一年持有C,债券型-混合二级,开放申购；起购10元；日累计无限额；数据日05-25,0.00%,0.00%,1.07%,1,腾讯控股 1.07%
010662,富国均衡优选混合,混合型-偏股,开放申购；起购10元；日累计无限额；数据日05-25,0.00%,0.00%,5.91%,1,中芯国际 5.91%
010692,华夏核心价值混合A,混合型-偏股,开放申购；起购10元；日累计无限额；数据日05-25,0.00%,0.00%,1.89%,1,阿里巴巴-W 1.89%
010667,安信价值回报三年持有混合C,混合型-偏股,开放申购；起购10元；日累计无限额；数据日05-25,0.00%,0.00%,9.04%,1,腾讯控股 9.04%
010681,华夏新兴成长股票C,股票型,开放申购；起购10元；日累计无限额；数据日05-25,0.00%,0.00%,10.82%,2,腾讯控股 5.69%; 阿里巴巴-W 5.13%
010680,华夏新兴成长股票A,股票型,开放申购；起购10元；日累计无限额；数据日05-25,0.00%,0.00%,10.82%,2,腾讯控股 5.69%; 阿里巴巴-W 5.13%
010688,招商瑞德一年持有期混合A,混合型-偏债,开放申购；起购10元；日累计无限额；数据日05-25,0.00%,0.00%,3.29%,2,腾讯控股 1.84%; 阿里巴巴-W 1.45%
010697,国联行业先锋6个月持有混合A,混合型-偏股,开放申购；起购10元；日累计无限额；数据日05-25,0.00%,0.00%,9.10%,1,腾讯控股 9.10%
010693,华夏核心价值混合C,混合型-偏股,开放申购；起购10元；日累计无限额；数据日05-25,0.00%,0.00%,1.89%,1,阿里巴巴-W 1.89%
010698,国联行业先锋6个月持有混合C,混合型-偏股,开放申购；起购10元；日累计无限额；数据日05-25,0.00%,0.00%,9.10%,1,腾讯控股 9.10%
010689,招商瑞德一年持有期混合C,混合型-偏债,开放申购；起购10元；日累计无限额；数据日05-25,0.00%,0.00%,3.29%,2,腾讯控股 1.84%; 阿里巴巴-W 1.45%
010700,东方红锦丰优选两年定开混合,混合型-偏债,暂停申购；当前不可场外申购；下一开放日2027-02-25；数据日05-22,0.00%,0.00%,4.55%,2,腾讯控股 2.62%; 阿里巴巴-W 1.93%
010713,中欧瑾利混合C,混合型-偏债,开放申购；起购10元；日累计无限额；数据日05-25,0.00%,0.00%,3.36%,2,腾讯控股 1.84%; 阿里巴巴-W 1.52%
010718,前海开源优质企业6个月持有混合C,混合型-偏股,开放申购；起购10元；日累计无限额；数据日05-25,0.00%,0.00%,13.99%,2,腾讯控股 9.15%; 小米集团-W 4.84%
010712,中欧瑾利混合A,混合型-偏债,开放申购；起购10元；日累计无限额；数据日05-25,0.00%,0.00%,3.36%,2,腾讯控股 1.84%; 阿里巴巴-W 1.52%
010717,前海开源优质企业6个月持有混合A,混合型-偏股,开放申购；起购10元；日累计无限额；数据日05-25,0.00%,0.00%,13.99%,2,腾讯控股 9.15%; 小米集团-W 4.84%
010737,易方达沪深300指数增强C,指数型-股票,开放申购；起购10元；日累计无限额；数据日05-25,0.00%,0.00%,5.32%,2,阿里巴巴-W 3.95%; 中芯国际 1.37%
010730,银华心佳两年持有期混合,混合型-偏股,开放申购；起购10元；日累计无限额；数据日05-25,0.00%,0.00%,10.16%,2,中芯国际 5.55%; 阿里巴巴-W 4.61%
010736,易方达沪深300指数增强A,指数型-股票,开放申购；起购10元；日累计无限额；数据日05-25,0.00%,0.00%,5.32%,2,阿里巴巴-W 3.95%; 中芯国际 1.37%
010745,工银灵动价值混合C,混合型-偏股,开放申购；起购10元；日累计无限额；数据日05-25,0.00%,0.00%,6.16%,2,腾讯控股 3.74%; 阿里巴巴-W 2.42%
010761,华商甄选回报混合A,混合型-偏股,开放申购；起购10元；日累计无限额；数据日05-25,0.00%,0.00%,6.61%,2,金山云 3.49%; 阿里巴巴-W 3.12%
010744,工银灵动价值混合A,混合型-偏股,开放申购；起购10元；日累计无限额；数据日05-25,0.00%,0.00%,6.16%,2,腾讯控股 3.74%; 阿里巴巴-W 2.42%
010754,招商沪港深科技创新混合C,混合型-灵活,开放申购；起购10元；日累计无限额；数据日05-25,0.00%,0.00%,8.12%,2,腾讯控股 5.89%; 阿里巴巴-W 2.23%
010776,博时恒旭持有期混合C,混合型-偏债,开放申购；起购10元；日累计无限额；数据日05-25,0.00%,0.00%,1.44%,1,腾讯控股 1.44%
010784,德邦沪港深龙头混合C,混合型-偏股,开放申购；起购10元；日累计无限额；数据日05-25,0.00%,0.00%,6.80%,2,腾讯控股 4.14%; 阿里巴巴-W 2.66%
010775,博时恒旭持有期混合A,混合型-偏债,开放申购；起购10元；日累计无限额；数据日05-25,0.00%,0.00%,1.44%,1,腾讯控股 1.44%
010783,德邦沪港深龙头混合A,混合型-偏股,开放申购；起购10元；日累计无限额；数据日05-25,0.00%,0.00%,6.80%,2,腾讯控股 4.14%; 阿里巴巴-W 2.66%
010795,民生价值发现一年持有混合A,混合型-偏股,开放申购；起购10元；日累计无限额；数据日05-25,0.00%,0.00%,4.39%,1,腾讯控股 4.39%
010796,民生价值发现一年持有混合C,混合型-偏股,开放申购；起购10元；日累计无限额；数据日05-25,0.00%,0.00%,4.39%,1,腾讯控股 4.39%
010789,汇添富恒生指数(QDII-LOF)C,指数型-海外股票,开放申购；起购10元；日累计无限额；数据日05-25,0.00%,0.00%,17.68%,3,腾讯控股 7.36%; 阿里巴巴-W 6.86%; 小米集团-W 3.46%
010832,国泰合益混合A,混合型-偏债,开放申购；起购10元；日累计无限额；数据日05-25,0.00%,0.00%,0.32%,1,腾讯控股 0.32%
010833,国泰合益混合C,混合型-偏债,开放申购；起购10元；日累计无限额；数据日05-25,0.00%,0.00%,0.32%,1,腾讯控股 0.32%
010839,易方达瑞安灵活配置混合A,混合型-灵活,开放申购；起购10元；日累计无限额；数据日05-25,0.00%,0.00%,0.45%,1,阿里巴巴-W 0.45%
010840,易方达瑞安灵活配置混合C,混合型-灵活,开放申购；起购10元；日累计无限额；数据日05-25,0.00%,0.00%,0.45%,1,阿里巴巴-W 0.45%
010843,富国天润回报混合A,混合型-偏债,开放申购；起购10元；日累计无限额；数据日05-25,0.00%,0.00%,1.87%,1,阿里巴巴-W 1.87%
010844,富国天润回报混合C,混合型-偏债,开放申购；起购10元；日累计无限额；数据日05-25,0.00%,0.00%,1.87%,1,阿里巴巴-W 1.87%
010864,泓德卓远混合A,混合型-偏股,开放申购；起购10元；日累计无限额；数据日05-25,0.00%,0.00%,2.30%,1,中芯国际 2.30%
010881,南方宝顺混合A,混合型-偏债,开放申购；起购10元；日累计无限额；数据日05-25,0.00%,0.00%,0.62%,1,腾讯控股 0.62%
010870,汇添富稳健鑫添益六个月持有混合A,混合型-偏债,开放申购；起购10元；日累计无限额；数据日05-25,0.00%,0.00%,0.38%,1,腾讯控股 0.38%
010874,泰康品质生活混合A,混合型-偏股,开放申购；起购10元；日累计无限额；数据日05-25,0.00%,0.00%,8.84%,1,腾讯控股 8.84%
010878,诺德优势产业,混合型-偏股,开放申购；起购10元；日累计无限额；数据日05-25,0.00%,0.00%,4.89%,1,阿里巴巴-W 4.89%
010875,泰康品质生活混合C,混合型-偏股,开放申购；起购10元；日累计无限额；数据日05-25,0.00%,0.00%,8.84%,1,腾讯控股 8.84%
010882,南方宝顺混合C,混合型-偏债,开放申购；起购10元；日累计无限额；数据日05-25,0.00%,0.00%,0.62%,1,腾讯控股 0.62%
010880,南方宝升混合C,混合型-偏债,开放申购；起购10元；日累计无限额；数据日05-25,0.00%,0.00%,0.56%,1,腾讯控股 0.56%
010869,汇添富稳健欣享一年持有混合,混合型-偏债,开放申购；起购10元；日累计无限额；数据日05-25,0.00%,0.00%,0.51%,1,腾讯控股 0.51%
010887,南方消费升级混合A,混合型-偏股,开放申购；起购10元；日累计无限额；数据日05-25,0.00%,0.00%,3.15%,1,腾讯控股 3.15%
010868,华宝安盈混合A,混合型-偏债,开放申购；起购10元；日累计无限额；数据日05-25,0.00%,0.00%,0.94%,2,腾讯控股 0.53%; 金山云 0.41%
010879,南方宝升混合A,混合型-偏债,开放申购；起购10元；日累计无限额；数据日05-25,0.00%,0.00%,0.56%,1,腾讯控股 0.56%
010865,泓德卓远混合C,混合型-偏股,开放申购；起购10元；日累计无限额；数据日05-25,0.00%,0.00%,2.30%,1,中芯国际 2.30%
010902,博时成长领航混合A,混合型-灵活,开放申购；起购10元；日累计无限额；数据日05-25,0.00%,0.00%,4.45%,1,阿里巴巴-W 4.45%
010890,交银鸿福六个月持有混合A,混合型-偏债,开放申购；起购10元；日累计无限额；数据日05-25,0.00%,0.00%,0.91%,1,腾讯控股 0.91%
010891,交银鸿福六个月持有混合C,混合型-偏债,开放申购；起购10元；日累计无限额；数据日05-25,0.00%,0.00%,0.91%,1,腾讯控股 0.91%
010888,南方消费升级混合C,混合型-偏股,开放申购；起购10元；日累计无限额；数据日05-25,0.00%,0.00%,3.15%,1,腾讯控股 3.15%
010898,银河产业动力混合A,混合型-偏股,开放申购；起购10元；日累计无限额；数据日05-25,0.00%,0.00%,16.25%,3,腾讯控股 5.77%; 华虹半导体 5.44%; 阿里巴巴-W 5.04%
010905,博时双季鑫6个月持有混合C,混合型-偏债,开放申购；起购10元；日累计无限额；数据日05-25,0.00%,0.00%,1.60%,1,中芯国际 1.60%
010915,长盛成长精选混合C,混合型-偏股,开放申购；起购10元；日累计无限额；数据日05-25,0.00%,0.00%,7.14%,1,腾讯控股 7.14%
010904,博时双季鑫6个月持有混合A,混合型-偏债,开放申购；起购10元；日累计无限额；数据日05-25,0.00%,0.00%,1.60%,1,中芯国际 1.60%
010914,长盛成长精选混合A,混合型-偏股,开放申购；起购10元；日累计无限额；数据日05-25,0.00%,0.00%,7.14%,1,腾讯控股 7.14%
010913,国泰成长价值混合C,混合型-偏股,开放申购；起购10元；日累计无限额；数据日05-25,0.00%,0.00%,1.75%,1,华虹半导体 1.75%
010912,国泰成长价值混合A,混合型-偏股,开放申购；起购10元；日累计无限额；数据日05-25,0.00%,0.00%,1.75%,1,华虹半导体 1.75%
010924,博时双季鑫6个月持有混合B,混合型-偏债,开放申购；起购10元；日累计无限额；数据日05-25,0.00%,0.00%,1.60%,1,中芯国际 1.60%
010922,朱雀匠心一年持有,混合型-偏股,开放申购；起购10元；日累计无限额；数据日05-25,0.00%,0.00%,14.34%,2,中芯国际 8.82%; 腾讯控股 5.52%
010903,博时成长领航混合C,混合型-灵活,开放申购；起购10元；日累计无限额；数据日05-25,0.00%,0.00%,4.45%,1,阿里巴巴-W 4.45%
010970,华夏安阳6个月持有期混合C,混合型-偏股,开放申购；起购10元；日累计无限额；数据日05-25,0.00%,0.00%,7.77%,1,腾讯控股 7.77%
010966,富国成长领航混合,混合型-偏股,开放申购；起购10元；日累计无限额；数据日05-25,0.00%,0.00%,4.65%,1,中芯国际 4.65%
010969,华夏安阳6个月持有期混合A,混合型-偏股,开放申购；起购10元；日累计无限额；数据日05-25,0.00%,0.00%,7.77%,1,腾讯控股 7.77%
011013,长城消费30股票A,股票型,开放申购；起购10元；日累计无限额；数据日05-25,0.00%,0.00%,4.00%,1,阿里巴巴-W 4.00%
011014,长城消费30股票C,股票型,开放申购；起购10元；日累计无限额；数据日05-25,0.00%,0.00%,4.00%,1,阿里巴巴-W 4.00%
011021,汇添富互联网核心资产六个月持有混合A,混合型-偏股,开放申购；起购10元；日累计无限额；数据日05-25,0.00%,0.00%,23.85%,4,腾讯控股 9.92%; 中芯国际 5.24%; 阿里巴巴-W 4.63%; 华虹半导体 4.06%
011006,工银圆丰三年持有期混合,混合型-偏股,开放申购；起购10元；日累计无限额；数据日05-25,0.00%,0.00%,5.86%,1,腾讯控股 5.86%
011022,汇添富互联网核心资产六个月持有混合C,混合型-偏股,开放申购；起购10元；日累计无限额；数据日05-25,0.00%,0.00%,23.85%,4,腾讯控股 9.92%; 中芯国际 5.24%; 阿里巴巴-W 4.63%; 华虹半导体 4.06%
011032,东方红睿泽三年持有混合C,混合型-偏股,开放申购；起购10元；日累计无限额；数据日05-25,0.00%,0.00%,13.30%,2,腾讯控股 7.66%; 阿里巴巴-W 5.64%
011045,中银顺泽回报一年持有期混合C,混合型-偏债,开放申购；起购10元；日累计无限额；数据日05-25,0.00%,0.00%,1.53%,2,腾讯控股 0.82%; 阿里巴巴-W 0.71%
011034,南方宝恒混合C,混合型-偏债,开放申购；起购10元；日累计无限额；数据日05-25,0.00%,0.00%,0.63%,1,腾讯控股 0.63%
011042,国泰价值先锋股票A,股票型,开放申购；起购10元；日累计无限额；数据日05-25,0.00%,0.00%,3.47%,1,中芯国际 3.47%
011044,中银顺泽回报一年持有期混合A,混合型-偏债,开放申购；起购10元；日累计无限额；数据日05-25,0.00%,0.00%,1.53%,2,腾讯控股 0.82%; 阿里巴巴-W 0.71%
011043,国泰价值先锋股票C,股票型,开放申购；起购10元；日累计无限额；数据日05-25,0.00%,0.00%,3.47%,1,中芯国际 3.47%
011050,天弘裕新混合A,混合型-偏债,开放申购；起购10元；日累计无限额；数据日05-25,0.00%,0.00%,0.89%,1,腾讯控股 0.89%
011051,天弘裕新混合C,混合型-偏债,开放申购；起购10元；日累计无限额；数据日05-25,0.00%,0.00%,0.89%,1,腾讯控股 0.89%
011033,南方宝恒混合A,混合型-偏债,开放申购；起购10元；日累计无限额；数据日05-25,0.00%,0.00%,0.63%,1,腾讯控股 0.63%
011065,南方誉享一年持有期混合C,混合型-偏债,开放申购；起购10元；日累计无限额；数据日05-25,0.00%,0.00%,0.62%,1,腾讯控股 0.62%
011077,汇丰晋信创新先锋,股票型,开放申购；起购10元；日累计无限额；数据日05-25,0.00%,0.00%,7.79%,1,腾讯控股 7.79%
011064,南方誉享一年持有期混合A,混合型-偏债,开放申购；起购10元；日累计无限额；数据日05-25,0.00%,0.00%,0.62%,1,腾讯控股 0.62%
011081,国投瑞银港股通混合C,混合型-偏股,开放申购；起购10元；日累计无限额；数据日05-25,0.00%,0.00%,13.63%,2,腾讯控股 9.36%; 阿里巴巴-W 4.27%
011091,工银双玺6个月持有期债券A,债券型-混合二级,开放申购；起购10元；日累计无限额；数据日05-25,0.00%,0.00%,0.58%,2,腾讯控股 0.38%; 阿里巴巴-W 0.20%
011100,富国价值创造混合C,混合型-偏股,开放申购；起购10元；日累计无限额；数据日05-25,0.00%,0.00%,4.11%,1,腾讯控股 4.11%
011092,工银双玺6个月持有期债券C,债券型-混合二级,开放申购；起购10元；日累计无限额；数据日05-25,0.00%,0.00%,0.58%,2,腾讯控股 0.38%; 阿里巴巴-W 0.20%
011110,南方晖元6个月持有期债券C,债券型-混合二级,开放申购；起购10元；日累计无限额；数据日05-25,0.00%,0.00%,0.41%,1,腾讯控股 0.41%
011109,南方晖元6个月持有期债券A,债券型-混合二级,开放申购；起购10元；日累计无限额；数据日05-25,0.00%,0.00%,0.41%,1,腾讯控股 0.41%
011099,富国价值创造混合A,混合型-偏股,开放申购；起购10元；日累计无限额；数据日05-25,0.00%,0.00%,4.11%,1,腾讯控股 4.11%
011117,富国沪港深业绩驱动混合型C,混合型-偏股,开放申购；起购10元；日累计无限额；数据日05-25,0.00%,0.00%,17.13%,2,腾讯控股 8.67%; 阿里巴巴-W 8.46%
011114,富国沪港深行业精选混合C,混合型-灵活,开放申购；起购10元；日累计无限额；数据日05-25,0.00%,0.00%,11.28%,2,阿里巴巴-W 6.23%; 腾讯控股 5.05%
011123,汇添富ESG可持续成长股票C,股票型,开放申购；起购10元；日累计无限额；数据日05-25,0.00%,0.00%,4.63%,1,腾讯控股 4.63%
011119,汇添富稳健睿选一年持有混合C,混合型-偏债,开放申购；起购10元；日累计无限额；数据日05-25,0.00%,0.00%,2.72%,2,腾讯控股 1.91%; 阿里巴巴-W 0.81%
011122,汇添富ESG可持续成长股票A,股票型,开放申购；起购10元；日累计无限额；数据日05-25,0.00%,0.00%,4.63%,1,腾讯控股 4.63%
011131,富国沪港深价值混合C,混合型-灵活,开放申购；起购10元；日累计无限额；数据日05-25,0.00%,0.00%,14.27%,2,腾讯控股 8.22%; 阿里巴巴-W 6.05%
011152,国富兴海回报混合A,混合型-偏股,开放申购；起购10元；日累计无限额；数据日05-25,0.00%,0.00%,7.16%,1,腾讯控股 7.16%
011153,华宝新兴消费混合A,混合型-偏股,开放申购；起购10元；日累计无限额；数据日05-25,0.00%,0.00%,9.79%,1,腾讯控股 9.79%
011163,博时港股通领先趋势混合C,混合型-偏股,开放申购；起购10元；日累计无限额；数据日05-25,0.00%,0.00%,18.06%,3,腾讯控股 8.29%; 阿里巴巴-W 5.02%; 华虹半导体 4.75%
011167,景顺长城景气成长混合A,混合型-偏股,开放申购；起购10元；日累计无限额；数据日05-25,0.00%,0.00%,4.22%,1,中芯国际 4.22%
011155,金鹰责任投资混合A,混合型-偏股,开放申购；起购10元；日累计无限额；数据日05-25,0.00%,0.00%,6.54%,1,晶泰控股 6.54%
011162,博时港股通领先趋势混合A,混合型-偏股,开放申购；起购10元；日累计无限额；数据日05-25,0.00%,0.00%,18.06%,3,腾讯控股 8.29%; 阿里巴巴-W 5.02%; 华虹半导体 4.75%
011156,金鹰责任投资混合C,混合型-偏股,开放申购；起购10元；日累计无限额；数据日05-25,0.00%,0.00%,6.54%,1,晶泰控股 6.54%
011154,华宝新兴消费混合C,混合型-偏股,开放申购；起购10元；日累计无限额；数据日05-25,0.00%,0.00%,9.79%,1,腾讯控股 9.79%
011170,宝盈智慧生活混合A,混合型-偏股,开放申购；起购10元；日累计无限额；数据日05-25,0.00%,0.00%,16.50%,2,阿里巴巴-W 8.60%; 腾讯控股 7.90%
011173,银华心享一年持有期混合,混合型-偏股,限大额；起购10元；日累计10万；数据日05-25,0.00%,0.00%,9.52%,3,腾讯控股 4.96%; 阿里巴巴-W 3.17%; 中芯国际 1.39%
011177,博时汇融回报一年持有混合A,混合型-偏股,开放申购；起购10元；日累计无限额；数据日05-25,0.00%,0.00%,6.77%,2,腾讯控股 3.72%; 华虹半导体 3.05%
011176,平安恒鑫混合C,混合型-偏债,开放申购；起购10元；日累计无限额；数据日05-25,0.00%,0.00%,0.76%,1,腾讯控股 0.76%
011174,中庚价值品质一年持有期混合,混合型-偏股,开放申购；起购10元；日累计无限额；数据日05-25,0.00%,0.00%,7.93%,1,腾讯控股 7.93%
011171,宝盈智慧生活混合C,混合型-偏股,开放申购；起购10元；日累计无限额；数据日05-25,0.00%,0.00%,16.50%,2,阿里巴巴-W 8.60%; 腾讯控股 7.90%
011175,平安恒鑫混合A,混合型-偏债,开放申购；起购10元；日累计无限额；数据日05-25,0.00%,0.00%,0.76%,1,腾讯控股 0.76%
011188,信澳星奕混合A,混合型-偏股,开放申购；起购10元；日累计无限额；数据日05-25,0.00%,0.00%,14.09%,2,小米集团-W 9.88%; 阿里巴巴-W 4.21%
011196,摩根优势成长混合A,混合型-偏股,开放申购；起购10元；日累计无限额；数据日05-25,0.00%,0.00%,3.37%,1,腾讯控股 3.37%
011178,博时汇融回报一年持有混合C,混合型-偏股,开放申购；起购10元；日累计无限额；数据日05-25,0.00%,0.00%,6.77%,2,腾讯控股 3.72%; 华虹半导体 3.05%
011197,摩根优势成长混合C,混合型-偏股,开放申购；起购10元；日累计无限额；数据日05-25,0.00%,0.00%,3.37%,1,腾讯控股 3.37%
011223,信澳星奕混合C,混合型-偏股,开放申购；起购10元；日累计无限额；数据日05-25,0.00%,0.00%,14.09%,2,小米集团-W 9.88%; 阿里巴巴-W 4.21%
011230,创金合信数字经济主题股票C,股票型,开放申购；起购10元；日累计无限额；数据日05-25,0.00%,0.00%,4.65%,1,阿里巴巴-W 4.65%
011229,创金合信数字经济主题股票A,股票型,开放申购；起购10元；日累计无限额；数据日05-25,0.00%,0.00%,4.65%,1,阿里巴巴-W 4.65%
011246,嘉实阿尔法优选混合A,混合型-偏股,开放申购；起购10元；日累计无限额；数据日05-25,0.00%,0.00%,4.49%,2,华虹半导体 2.28%; 阿里巴巴-W 2.21%
011256,交银鸿光一年混合A,混合型-偏债,开放申购；起购10元；日累计无限额；数据日05-25,0.00%,0.00%,3.15%,2,腾讯控股 1.86%; 阿里巴巴-W 1.29%
011257,交银鸿光一年混合C,混合型-偏债,开放申购；起购10元；日累计无限额；数据日05-25,0.00%,0.00%,3.15%,2,腾讯控股 1.86%; 阿里巴巴-W 1.29%
011247,嘉实阿尔法优选混合C,混合型-偏股,开放申购；起购10元；日累计无限额；数据日05-25,0.00%,0.00%,4.49%,2,华虹半导体 2.28%; 阿里巴巴-W 2.21%
011267,长盛鑫盛稳健一年持有A,混合型-偏债,开放申购；起购10元；日累计无限额；数据日05-25,0.00%,0.00%,4.42%,1,腾讯控股 4.42%
011268,长盛鑫盛稳健一年持有C,混合型-偏债,开放申购；起购10元；日累计无限额；数据日05-25,0.00%,0.00%,4.42%,1,腾讯控股 4.42%
011276,交银成长动力一年持有混合C,混合型-偏股,开放申购；起购10元；日累计无限额；数据日05-25,0.00%,0.00%,12.18%,2,腾讯控股 8.16%; 阿里巴巴-W 4.02%
011248,嘉实品质回报混合,混合型-偏股,开放申购；起购10元；日累计无限额；数据日05-25,0.00%,0.00%,7.89%,1,腾讯控股 7.89%
011286,民生价值优选6个月持有股票C,股票型,开放申购；起购10元；日累计无限额；数据日05-25,0.00%,0.00%,7.51%,1,腾讯控股 7.51%
011275,交银成长动力一年持有混合A,混合型-偏股,开放申购；起购10元；日累计无限额；数据日05-25,0.00%,0.00%,12.18%,2,腾讯控股 8.16%; 阿里巴巴-W 4.02%
011279,华夏内需驱动混合C,混合型-偏股,开放申购；起购10元；日累计无限额；数据日05-25,0.00%,0.00%,3.79%,1,腾讯控股 3.79%
011278,华夏内需驱动混合A,混合型-偏股,开放申购；起购10元；日累计无限额；数据日05-25,0.00%,0.00%,3.79%,1,腾讯控股 3.79%
011259,汇添富高质量成长30一年混合C,混合型-偏股,开放申购；起购10元；日累计无限额；数据日05-25,0.00%,0.00%,4.76%,1,腾讯控股 4.76%
011287,前海开源聚慧三年持有混合,混合型-偏股,开放申购；起购10元；日累计无限额；数据日05-25,0.00%,0.00%,8.49%,1,阿里巴巴-W 8.49%
011285,民生价值优选6个月持有股票A,股票型,开放申购；起购10元；日累计无限额；数据日05-25,0.00%,0.00%,7.51%,1,腾讯控股 7.51%
011304,工银创新成长混合A,混合型-偏股,开放申购；起购10元；日累计无限额；数据日05-25,0.00%,0.00%,5.58%,1,腾讯控股 5.58%
011305,工银创新成长混合C,混合型-偏股,开放申购；起购10元；日累计无限额；数据日05-25,0.00%,0.00%,5.58%,1,腾讯控股 5.58%
011336,兴全汇吉一年持有混合A,混合型-偏债,开放申购；起购10元；日累计无限额；数据日05-25,0.00%,0.00%,6.45%,2,腾讯控股 3.40%; 阿里巴巴-W 3.05%
011337,兴全汇吉一年持有混合C,混合型-偏债,开放申购；起购10元；日累计无限额；数据日05-25,0.00%,0.00%,6.45%,2,腾讯控股 3.40%; 阿里巴巴-W 3.05%
011345,景顺长城融景一年持有混合C,混合型-偏股,开放申购；起购10元；日累计无限额；数据日05-25,0.00%,0.00%,8.35%,2,腾讯控股 5.53%; 阿里巴巴-W 2.82%
011341,博时战略新材料主题混合C,混合型-偏股,开放申购；起购10元；日累计无限额；数据日05-25,0.00%,0.00%,9.73%,2,华虹半导体 5.62%; 中芯国际 4.11%
011363,南方兴润价值一年持有混合A,混合型-灵活,开放申购；起购10元；日累计无限额；数据日05-25,0.00%,0.00%,2.83%,1,华虹半导体 2.83%
011347,易方达宁易一年持有混合A,混合型-偏债,开放申购；起购10元；日累计无限额；数据日05-25,0.00%,0.00%,0.98%,1,阿里巴巴-W 0.98%
011349,淳厚现代服务业股票A,股票型,开放申购；起购10元；日累计无限额；数据日05-25,0.00%,0.00%,16.22%,2,腾讯控股 8.20%; 阿里巴巴-W 8.02%
011350,淳厚现代服务业股票C,股票型,开放申购；起购10元；日累计无限额；数据日05-25,0.00%,0.00%,16.22%,2,腾讯控股 8.20%; 阿里巴巴-W 8.02%
011344,景顺长城融景一年持有混合A,混合型-偏股,开放申购；起购10元；日累计无限额；数据日05-25,0.00%,0.00%,8.35%,2,腾讯控股 5.53%; 阿里巴巴-W 2.82%
011371,华商远见价值A,混合型-偏股,开放申购；起购10元；日累计无限额；数据日05-25,0.00%,0.00%,5.53%,2,阿里巴巴-W 2.80%; 金山云 2.73%
011364,南方兴润价值一年持有混合C,混合型-灵活,开放申购；起购10元；日累计无限额；数据日05-25,0.00%,0.00%,2.83%,1,华虹半导体 2.83%
011348,易方达宁易一年持有混合C,混合型-偏债,开放申购；起购10元；日累计无限额；数据日05-25,0.00%,0.00%,0.98%,1,阿里巴巴-W 0.98%
011340,博时战略新材料主题混合A,混合型-偏股,开放申购；起购10元；日累计无限额；数据日05-25,0.00%,0.00%,9.73%,2,华虹半导体 5.62%; 中芯国际 4.11%
011372,华商远见价值C,混合型-偏股,开放申购；起购10元；日累计无限额；数据日05-25,0.00%,0.00%,5.53%,2,阿里巴巴-W 2.80%; 金山云 2.73%
011394,中欧融益稳健一年混合C,混合型-偏债,开放申购；起购10元；日累计无限额；数据日05-25,0.00%,0.00%,0.92%,2,阿里巴巴-W 0.55%; 腾讯控股 0.37%
011401,汇添富成长精选混合A,混合型-偏股,开放申购；起购10元；日累计无限额；数据日05-25,0.00%,0.00%,2.29%,1,阿里巴巴-W 2.29%
011390,华安添祥6个月持有混合A,混合型-偏债,开放申购；起购10元；日累计无限额；数据日05-25,0.00%,0.00%,0.62%,1,阿里巴巴-W 0.62%
011387,工银宁瑞6个月持有期混合A,混合型-偏债,开放申购；起购10元；日累计无限额；数据日05-25,0.00%,0.00%,1.21%,1,腾讯控股 1.21%
011393,中欧融益稳健一年混合A,混合型-偏债,开放申购；起购10元；日累计无限额；数据日05-25,0.00%,0.00%,0.92%,2,阿里巴巴-W 0.55%; 腾讯控股 0.37%
011388,工银宁瑞6个月持有期混合C,混合型-偏债,开放申购；起购10元；日累计无限额；数据日05-25,0.00%,0.00%,1.21%,1,腾讯控股 1.21%
011402,汇添富成长精选混合C,混合型-偏股,开放申购；起购10元；日累计无限额；数据日05-25,0.00%,0.00%,2.29%,1,阿里巴巴-W 2.29%
011405,银华稳健增长一年持有期混合,混合型-偏股,开放申购；起购10元；日累计无限额；数据日05-25,0.00%,0.00%,1.56%,1,腾讯控股 1.56%
011419,汇添富消费精选两年持有股票C,股票型,开放申购；起购10元；日累计无限额；数据日05-25,0.00%,0.00%,8.96%,1,腾讯控股 8.96%
011418,汇添富消费精选两年持有股票A,股票型,开放申购；起购10元；日累计无限额；数据日05-25,0.00%,0.00%,8.96%,1,腾讯控股 8.96%
011435,中欧研究精选混合A,混合型-偏股,开放申购；起购10元；日累计无限额；数据日05-25,0.00%,0.00%,3.19%,1,腾讯控股 3.19%
011436,中欧研究精选混合C,混合型-偏股,开放申购；起购10元；日累计无限额；数据日05-25,0.00%,0.00%,3.19%,1,腾讯控股 3.19%
011450,招商企业优选混合A,混合型-偏股,开放申购；起购10元；日累计无限额；数据日05-25,0.00%,0.00%,4.72%,1,阿里巴巴-W 4.72%
011455,长城竞争优势六个月混合A,混合型-偏股,开放申购；起购10元；日累计无限额；数据日05-25,0.00%,0.00%,4.08%,1,腾讯控股 4.08%
011457,新华行业龙头主题股票,股票型,开放申购；起购10元；日累计无限额；数据日05-25,0.00%,0.00%,4.98%,1,金山云 4.98%
011451,招商企业优选混合C,混合型-偏股,开放申购；起购10元；日累计无限额；数据日05-25,0.00%,0.00%,4.72%,1,阿里巴巴-W 4.72%
011468,国富竞争优势三年持有期混合A,混合型-偏股,开放申购；起购10元；日累计无限额；数据日05-25,0.00%,0.00%,6.16%,1,腾讯控股 6.16%
011460,鹏华创新成长混合A,混合型-偏股,开放申购；起购10元；日累计无限额；数据日05-25,0.00%,0.00%,7.36%,1,腾讯控股 7.36%
011461,鹏华创新成长混合C,混合型-偏股,开放申购；起购10元；日累计无限额；数据日05-25,0.00%,0.00%,7.36%,1,腾讯控股 7.36%
011456,长城竞争优势六个月混合C,混合型-偏股,开放申购；起购10元；日累计无限额；数据日05-25,0.00%,0.00%,4.08%,1,腾讯控股 4.08%
011469,国富竞争优势三年持有期混合C,混合型-偏股,开放申购；起购10元；日累计无限额；数据日05-25,0.00%,0.00%,6.16%,1,腾讯控股 6.16%
011479,广发诚享混合A,混合型-偏股,开放申购；起购10元；日累计无限额；数据日05-25,0.00%,0.00%,1.80%,1,腾讯控股 1.80%
011480,广发诚享混合C,混合型-偏股,开放申购；起购10元；日累计无限额；数据日05-25,0.00%,0.00%,1.80%,1,腾讯控股 1.80%
011531,朱雀恒心一年持有混合,混合型-偏股,暂停申购；当前不可场外申购；数据日05-25,0.00%,0.00%,8.89%,1,中芯国际 8.89%
011542,鹏华远见回报三年持有混合,混合型-偏股,开放申购；起购10元；日累计无限额；数据日05-25,0.00%,0.00%,2.37%,1,腾讯控股 2.37%
011562,汇添富稳健盈和一年持有混合,混合型-偏债,开放申购；起购10元；日累计无限额；数据日05-25,0.00%,0.00%,2.35%,1,腾讯控股 2.35%
011567,富国消费升级混合C,混合型-偏股,开放申购；起购10元；日累计无限额；数据日05-25,0.00%,0.00%,3.68%,1,腾讯控股 3.68%
011564,淳厚利加混合C,混合型-偏债,暂停申购；当前不可场外申购；数据日05-25,0.00%,0.00%,9.66%,2,腾讯控股 7.06%; 阿里巴巴-W 2.60%
011583,大成港股精选混合(QDII)A,QDII-混合偏股,开放申购；起购10元；日累计无限额；数据日05-22,0.00%,0.00%,10.99%,2,腾讯控股 6.65%; 阿里巴巴-W 4.34%
011556,富国民裕进取沪港深成长C,混合型-偏股,开放申购；起购10元；日累计无限额；数据日05-25,0.00%,0.00%,7.30%,1,腾讯控股 7.30%
011563,淳厚利加混合A,混合型-偏债,暂停申购；当前不可场外申购；数据日05-25,0.00%,0.00%,9.66%,2,腾讯控股 7.06%; 阿里巴巴-W 2.60%
011584,大成港股精选混合(QDII)C,QDII-混合偏股,开放申购；起购10元；日累计无限额；数据日05-22,0.00%,0.00%,10.99%,2,腾讯控股 6.65%; 阿里巴巴-W 4.34%
011599,国联安匠心科技1个月滚动持有混合,混合型-偏股,开放申购；起购10元；日累计无限额；数据日05-25,0.00%,0.00%,6.39%,1,华虹半导体 6.39%
011627,嘉实匠心回报混合C,混合型-偏股,开放申购；起购10元；日累计无限额；数据日05-25,0.00%,0.00%,6.98%,1,腾讯控股 6.98%
011636,富国港股通策略精选混合C,混合型-偏股,开放申购；起购10元；日累计无限额；数据日05-25,0.00%,0.00%,10.64%,2,阿里巴巴-W 5.43%; 腾讯控股 5.21%
011635,富国港股通策略精选混合A,混合型-偏股,开放申购；起购10元；日累计无限额；数据日05-25,0.00%,0.00%,10.64%,2,阿里巴巴-W 5.43%; 腾讯控股 5.21%
011637,广发沪港深价值成长混合A,混合型-偏股,开放申购；起购10元；日累计无限额；数据日05-25,0.00%,0.00%,12.12%,3,腾讯控股 5.58%; 阿里巴巴-W 3.77%; 中芯国际 2.77%
011626,嘉实匠心回报混合A,混合型-偏股,开放申购；起购10元；日累计无限额；数据日05-25,0.00%,0.00%,6.98%,1,腾讯控股 6.98%
011652,招商港股通核心精选股票C,股票型,开放申购；起购10元；日累计无限额；数据日05-25,0.00%,0.00%,7.43%,1,腾讯控股 7.43%
011650,易方达逆向投资混合C,混合型-偏股,开放申购；起购10元；日累计无限额；数据日05-25,0.00%,0.00%,2.13%,1,中芯国际 2.13%
011651,招商港股通核心精选股票A,股票型,开放申购；起购10元；日累计无限额；数据日05-25,0.00%,0.00%,7.43%,1,腾讯控股 7.43%
011638,广发沪港深价值成长混合C,混合型-偏股,开放申购；起购10元；日累计无限额；数据日05-25,0.00%,0.00%,12.12%,3,腾讯控股 5.58%; 阿里巴巴-W 3.77%; 中芯国际 2.77%
011654,国泰鑫享稳健6个月滚动持有债券C,债券型-混合二级,开放申购；起购10元；日累计无限额；数据日05-25,0.00%,0.00%,0.24%,1,腾讯控股 0.24%
011649,易方达逆向投资混合A,混合型-偏股,开放申购；起购10元；日累计无限额；数据日05-25,0.00%,0.00%,2.13%,1,中芯国际 2.13%
011653,国泰鑫享稳健6个月滚动持有债券,债券型-混合二级,开放申购；起购10元；日累计无限额；数据日05-25,0.00%,0.00%,0.24%,1,腾讯控股 0.24%
011688,易方达龙头优选两年持有混合C,混合型-偏股,开放申购；起购10元；日累计无限额；数据日05-25,0.00%,0.00%,15.79%,2,腾讯控股 8.34%; 阿里巴巴-W 7.45%
011682,汇添富均衡精选六个月持有混合C,混合型-偏股,开放申购；起购10元；日累计无限额；数据日05-25,0.00%,0.00%,5.17%,2,华虹半导体 2.63%; 阿里巴巴-W 2.54%
011681,汇添富均衡精选六个月持有混合A,混合型-偏股,开放申购；起购10元；日累计无限额；数据日05-25,0.00%,0.00%,5.17%,2,华虹半导体 2.63%; 阿里巴巴-W 2.54%
011691,招商品质发现混合C,混合型-偏股,开放申购；起购10元；日累计无限额；数据日05-25,0.00%,0.00%,7.57%,1,阿里巴巴-W 7.57%
011690,招商品质发现混合A,混合型-偏股,开放申购；起购10元；日累计无限额；数据日05-25,0.00%,0.00%,7.57%,1,阿里巴巴-W 7.57%
011687,易方达龙头优选两年持有混合A,混合型-偏股,开放申购；起购10元；日累计无限额；数据日05-25,0.00%,0.00%,15.79%,2,腾讯控股 8.34%; 阿里巴巴-W 7.45%
011722,前海开源深圳特区精选股票A,股票型,开放申购；起购10元；日累计无限额；数据日05-25,0.00%,0.00%,7.17%,1,腾讯控股 7.17%
011709,中欧嘉益一年持有期混合C,混合型-偏股,开放申购；起购10元；日累计无限额；数据日05-25,0.00%,0.00%,4.84%,1,腾讯控股 4.84%
011724,东方红启恒三年持有混合B,混合型-偏股,暂停申购；当前不可场外申购；数据日05-25,0.00%,0.00%,3.54%,1,中芯国际 3.54%
011708,中欧嘉益一年持有期混合A,混合型-偏股,开放申购；起购10元；日累计无限额；数据日05-25,0.00%,0.00%,4.84%,1,腾讯控股 4.84%
011723,前海开源深圳特区精选股票C,股票型,开放申购；起购10元；日累计无限额；数据日05-25,0.00%,0.00%,7.17%,1,腾讯控股 7.17%
011746,南方誉浦一年持有混合A,混合型-偏债,开放申购；起购10元；日累计无限额；数据日05-25,0.00%,0.00%,0.63%,1,腾讯控股 0.63%
011747,南方誉浦一年持有混合C,混合型-偏债,开放申购；起购10元；日累计无限额；数据日05-25,0.00%,0.00%,0.63%,1,腾讯控股 0.63%
011778,易方达稳健增长混合C,混合型-平衡,开放申购；起购10元；日累计无限额；数据日05-25,0.00%,0.00%,7.48%,2,腾讯控股 4.93%; 阿里巴巴-W 2.55%
011788,工银聚益混合A,混合型-偏债,开放申购；起购10元；日累计无限额；数据日05-25,0.00%,0.00%,0.37%,1,腾讯控股 0.37%
011783,泓德睿源三年持有期混合,混合型-灵活,开放申购；起购10元；日累计无限额；数据日05-25,0.00%,0.00%,11.52%,2,阿里巴巴-W 6.40%; 腾讯控股 5.12%
011789,工银聚益混合C,混合型-偏债,开放申购；起购10元；日累计无限额；数据日05-25,0.00%,0.00%,0.37%,1,腾讯控股 0.37%
011792,招商瑞盈9个月持有期混合C,混合型-偏债,开放申购；起购10元；日累计无限额；数据日05-25,0.00%,0.00%,3.33%,2,腾讯控股 1.86%; 阿里巴巴-W 1.47%
011791,招商瑞盈9个月持有期混合A,混合型-偏债,开放申购；起购10元；日累计无限额；数据日05-25,0.00%,0.00%,3.33%,2,腾讯控股 1.86%; 阿里巴巴-W 1.47%
011805,嘉实优质核心两年持有混合A,混合型-偏股,开放申购；起购10元；日累计无限额；数据日05-25,0.00%,0.00%,3.97%,1,华虹半导体 3.97%
011803,景顺长城宁景6个月持有混合A,混合型-偏债,限大额；起购10元；日累计1万；数据日05-25,0.00%,0.00%,0.87%,1,中芯国际 0.87%
011804,景顺长城宁景6个月持有混合C,混合型-偏债,限大额；起购10元；日累计1万；数据日05-25,0.00%,0.00%,0.87%,1,中芯国际 0.87%
011777,易方达稳健增长混合A,混合型-平衡,开放申购；起购10元；日累计无限额；数据日05-25,0.00%,0.00%,7.48%,2,腾讯控股 4.93%; 阿里巴巴-W 2.55%
011790,建信创新驱动混合,混合型-偏股,开放申购；起购10元；日累计无限额；数据日05-25,0.00%,0.00%,3.18%,1,腾讯控股 3.18%
011814,融通创新动力混合C,混合型-偏股,开放申购；起购10元；日累计无限额；数据日05-25,0.00%,0.00%,8.03%,2,金山云 4.90%; 阿里巴巴-W 3.13%
011818,鹏扬景阳一年持有混合A,混合型-偏债,开放申购；起购10元；日累计无限额；数据日05-25,0.00%,0.00%,0.81%,1,阿里巴巴-W 0.81%
011806,嘉实优质核心两年持有混合C,混合型-偏股,开放申购；起购10元；日累计无限额；数据日05-25,0.00%,0.00%,3.97%,1,华虹半导体 3.97%
011819,鹏扬景阳一年持有混合C,混合型-偏债,开放申购；起购10元；日累计无限额；数据日05-25,0.00%,0.00%,0.81%,1,阿里巴巴-W 0.81%
011813,融通创新动力混合A,混合型-偏股,开放申购；起购10元；日累计无限额；数据日05-25,0.00%,0.00%,8.03%,2,金山云 4.90%; 阿里巴巴-W 3.13%
011841,嘉实兴锐优选一年持有混合A,混合型-偏股,开放申购；起购10元；日累计无限额；数据日05-25,0.00%,0.00%,6.42%,3,中芯国际 2.21%; 腾讯控股 2.21%; 阿里巴巴-W 2.00%
011836,银华智能建造股票发起式,股票型,开放申购；起购10元；日累计无限额；数据日05-25,0.00%,0.00%,5.08%,1,腾讯控股 5.08%
011848,易方达商业模式优选混合C,混合型-偏股,开放申购；起购10元；日累计无限额；数据日05-25,0.00%,0.00%,14.19%,2,腾讯控股 7.59%; 阿里巴巴-W 6.60%
011851,天弘先进制造混合A,混合型-偏股,开放申购；起购10元；日累计无限额；数据日05-25,0.00%,0.00%,4.74%,1,腾讯控股 4.74%
011847,易方达商业模式优选混合A,混合型-偏股,开放申购；起购10元；日累计无限额；数据日05-25,0.00%,0.00%,14.19%,2,腾讯控股 7.59%; 阿里巴巴-W 6.60%
011854,招商中证消费龙头指数增强C,指数型-股票,限大额；起购10元；日累计1000万；数据日05-25,0.00%,0.00%,0.50%,1,腾讯控股 0.50%
011838,鹏扬中国优质成长混合C,混合型-偏股,开放申购；起购10元；日累计无限额；数据日05-25,0.00%,0.00%,4.77%,1,腾讯控股 4.77%
011842,嘉实兴锐优选一年持有混合C,混合型-偏股,开放申购；起购10元；日累计无限额；数据日05-25,0.00%,0.00%,6.42%,3,中芯国际 2.21%; 腾讯控股 2.21%; 阿里巴巴-W 2.00%
011853,招商中证消费龙头指数增强A,指数型-股票,限大额；起购10元；日累计1000万；数据日05-25,0.00%,0.00%,0.50%,1,腾讯控股 0.50%
011856,安信均衡成长18个月持有混合A,混合型-偏股,限大额；起购10元；日累计50万；数据日05-25,0.00%,0.00%,13.12%,2,腾讯控股 9.64%; 小米集团-W 3.48%
011857,安信均衡成长18个月持有混合C,混合型-偏股,限大额；起购10元；日累计50万；数据日05-25,0.00%,0.00%,13.12%,2,腾讯控股 9.64%; 小米集团-W 3.48%
011837,鹏扬中国优质成长混合A,混合型-偏股,开放申购；起购10元；日累计无限额；数据日05-25,0.00%,0.00%,4.77%,1,腾讯控股 4.77%
011852,天弘先进制造混合C,混合型-偏股,开放申购；起购10元；日累计无限额；数据日05-25,0.00%,0.00%,4.74%,1,腾讯控股 4.74%
011865,博时恒泰债券C,债券型-混合二级,开放申购；起购10元；日累计无限额；数据日05-25,0.00%,0.00%,1.21%,1,腾讯控股 1.21%
011864,博时恒泰债券A,债券型-混合二级,开放申购；起购10元；日累计无限额；数据日05-25,0.00%,0.00%,1.21%,1,腾讯控股 1.21%
011867,广发价值增长混合C,混合型-偏股,开放申购；起购10元；日累计无限额；数据日05-25,0.00%,0.00%,8.45%,1,腾讯控股 8.45%
011871,前海开源沪港深优势精选混合C,混合型-灵活,开放申购；起购10元；日累计无限额；数据日05-25,0.00%,0.00%,13.99%,2,腾讯控股 9.16%; 小米集团-W 4.83%
011866,广发价值增长混合A,混合型-偏股,开放申购；起购10元；日累计无限额；数据日05-25,0.00%,0.00%,8.45%,1,腾讯控股 8.45%
011885,工银景气优选混合C,混合型-偏股,开放申购；起购10元；日累计无限额；数据日05-25,0.00%,0.00%,2.60%,1,腾讯控股 2.60%
011874,博时先进制造混合A,混合型-偏股,开放申购；起购10元；日累计无限额；数据日05-25,0.00%,0.00%,3.01%,1,腾讯控股 3.01%
011893,易方达长期价值混合A,混合型-偏股,开放申购；起购10元；日累计无限额；数据日05-25,0.00%,0.00%,15.32%,2,腾讯控股 8.87%; 阿里巴巴-W 6.45%
011884,工银景气优选混合A,混合型-偏股,开放申购；起购10元；日累计无限额；数据日05-25,0.00%,0.00%,2.60%,1,腾讯控股 2.60%
011898,长城悦享回报债券C,债券型-混合二级,开放申购；起购10元；日累计无限额；数据日05-25,0.00%,0.00%,2.33%,3,阿里巴巴-W 0.99%; 腾讯控股 0.75%; 中芯国际 0.59%
011894,易方达长期价值混合C,混合型-偏股,开放申购；起购10元；日累计无限额；数据日05-25,0.00%,0.00%,15.32%,2,腾讯控股 8.87%; 阿里巴巴-W 6.45%
011875,博时先进制造混合C,混合型-偏股,开放申购；起购10元；日累计无限额；数据日05-25,0.00%,0.00%,3.01%,1,腾讯控股 3.01%
011909,广发沪港深价值精选混合C,混合型-偏股,开放申购；起购10元；日累计无限额；数据日05-25,0.00%,0.00%,12.51%,2,腾讯控股 8.04%; 中芯国际 4.47%
011913,华夏永泓一年持有混合A,混合型-偏债,开放申购；起购10元；日累计无限额；数据日05-25,0.00%,0.00%,1.28%,2,阿里巴巴-W 0.65%; 中芯国际 0.63%
011908,广发沪港深价值精选混合A,混合型-偏股,开放申购；起购10元；日累计无限额；数据日05-25,0.00%,0.00%,12.51%,2,腾讯控股 8.04%; 中芯国际 4.47%
011897,长城悦享回报债券A,债券型-混合二级,开放申购；起购10元；日累计无限额；数据日05-25,0.00%,0.00%,2.33%,3,阿里巴巴-W 0.99%; 腾讯控股 0.75%; 中芯国际 0.59%
011923,大成消费精选股票A,股票型,开放申购；起购10元；日累计无限额；数据日05-25,0.00%,0.00%,4.89%,1,腾讯控股 4.89%
011932,工银战略远见混合A,混合型-偏股,限大额；起购10元；日累计100万；数据日05-25,0.00%,0.00%,5.03%,1,腾讯控股 5.03%
011931,华夏时代前沿一年持有混合C,混合型-偏股,开放申购；起购10元；日累计无限额；数据日05-25,0.00%,0.00%,20.89%,3,腾讯控股 7.69%; 阿里巴巴-W 7.14%; 金山云 6.06%
011914,华夏永泓一年持有混合C,混合型-偏债,开放申购；起购10元；日累计无限额；数据日05-25,0.00%,0.00%,1.28%,2,阿里巴巴-W 0.65%; 中芯国际 0.63%
011926,大成消费精选股票C,股票型,开放申购；起购10元；日累计无限额；数据日05-25,0.00%,0.00%,4.89%,1,腾讯控股 4.89%
011925,嘉实港股互联网产业核心资产C,混合型-偏股,开放申购；起购10元；日累计无限额；数据日05-25,0.00%,0.00%,27.63%,4,腾讯控股 9.37%; 阿里巴巴-W 8.97%; 地平线机器人-W 5.08%; 华虹半导体 4.21%
011933,工银战略远见混合C,混合型-偏股,限大额；起购10元；日累计100万；数据日05-25,0.00%,0.00%,5.03%,1,腾讯控股 5.03%
011936,华夏阿尔法精选混合A,混合型-偏股,开放申购；起购10元；日累计无限额；数据日05-25,0.00%,0.00%,4.86%,1,腾讯控股 4.86%
011930,华夏时代前沿一年持有混合A,混合型-偏股,开放申购；起购10元；日累计无限额；数据日05-25,0.00%,0.00%,20.89%,3,腾讯控股 7.69%; 阿里巴巴-W 7.14%; 金山云 6.06%
011924,嘉实港股互联网产业核心资产A,混合型-偏股,开放申购；起购10元；日累计无限额；数据日05-25,0.00%,0.00%,27.63%,4,腾讯控股 9.37%; 阿里巴巴-W 8.97%; 地平线机器人-W 5.08%; 华虹半导体 4.21%
011937,华夏阿尔法精选混合C,混合型-偏股,开放申购；起购10元；日累计无限额；数据日05-25,0.00%,0.00%,4.86%,1,腾讯控股 4.86%
011969,建信港股通精选混合A,混合型-偏股,开放申购；起购10元；日累计无限额；数据日05-25,0.00%,0.00%,14.86%,2,腾讯控股 9.89%; 阿里巴巴-W 4.97%
011970,建信港股通精选混合C,混合型-偏股,开放申购；起购10元；日累计无限额；数据日05-25,0.00%,0.00%,14.86%,2,腾讯控股 9.89%; 阿里巴巴-W 4.97%
012002,中泰星宇价值成长混合C,混合型-偏股,开放申购；起购10元；日累计无限额；数据日05-25,0.00%,0.00%,15.51%,2,小米集团-W 8.47%; 腾讯控股 7.04%
012003,招商价值成长混合A,混合型-偏股,开放申购；起购10元；日累计无限额；数据日05-25,0.00%,0.00%,4.12%,1,腾讯控股 4.12%
012001,中泰星宇价值成长混合A,混合型-偏股,开放申购；起购10元；日累计无限额；数据日05-25,0.00%,0.00%,15.51%,2,小米集团-W 8.47%; 腾讯控股 7.04%
012004,招商价值成长混合C,混合型-偏股,开放申购；起购10元；日累计无限额；数据日05-25,0.00%,0.00%,4.12%,1,腾讯控股 4.12%
012009,易方达稳健回报混合C,混合型-平衡,开放申购；起购10元；日累计无限额；数据日05-25,0.00%,0.00%,7.59%,2,腾讯控股 5.00%; 阿里巴巴-W 2.59%
012014,工银聚润6个月持有混合A,混合型-偏债,开放申购；起购10元；日累计无限额；数据日05-25,0.00%,0.00%,3.09%,3,阿里巴巴-W 1.16%; 中芯国际 0.99%; 腾讯控股 0.94%
012008,易方达稳健回报混合A,混合型-平衡,开放申购；起购10元；日累计无限额；数据日05-25,0.00%,0.00%,7.59%,2,腾讯控股 5.00%; 阿里巴巴-W 2.59%
012015,工银聚润6个月持有混合C,混合型-偏债,开放申购；起购10元；日累计无限额；数据日05-25,0.00%,0.00%,3.09%,3,阿里巴巴-W 1.16%; 中芯国际 0.99%; 腾讯控股 0.94%
012029,广发恒鑫一年持有期混合A,混合型-偏债,开放申购；起购10元；日累计无限额；数据日05-25,0.00%,0.00%,0.78%,1,阿里巴巴-W 0.78%
012034,广发睿盛混合C,混合型-偏股,开放申购；起购10元；日累计无限额；数据日05-25,0.00%,0.00%,4.23%,1,腾讯控股 4.23%
012030,广发恒鑫一年持有期混合C,混合型-偏债,开放申购；起购10元；日累计无限额；数据日05-25,0.00%,0.00%,0.78%,1,阿里巴巴-W 0.78%
012033,广发睿盛混合A,混合型-偏股,开放申购；起购10元；日累计无限额；数据日05-25,0.00%,0.00%,4.23%,1,腾讯控股 4.23%
012075,易方达稳健添利混合A,混合型-平衡,开放申购；起购10元；日累计无限额；数据日05-25,0.00%,0.00%,6.73%,2,腾讯控股 4.43%; 阿里巴巴-W 2.30%
012074,华安均衡优选混合C,混合型-偏股,开放申购；起购10元；日累计无限额；数据日05-25,0.00%,0.00%,6.69%,2,金山云 3.53%; 阿里巴巴-W 3.16%
012064,圆信永丰兴诺一年持有期混合,混合型-灵活,开放申购；起购10元；日累计无限额；数据日05-25,0.00%,0.00%,17.01%,3,中芯国际 8.03%; 阿里巴巴-W 6.41%; 华虹半导体 2.57%
012076,易方达稳健添利混合C,混合型-平衡,开放申购；起购10元；日累计无限额；数据日05-25,0.00%,0.00%,6.73%,2,腾讯控股 4.43%; 阿里巴巴-W 2.30%
012073,华安均衡优选混合A,混合型-偏股,开放申购；起购10元；日累计无限额；数据日05-25,0.00%,0.00%,6.69%,2,金山云 3.53%; 阿里巴巴-W 3.16%
012068,嘉实蓝筹优势混合C,混合型-偏股,开放申购；起购10元；日累计无限额；数据日05-25,0.00%,0.00%,7.27%,1,腾讯控股 7.27%
012088,东方红锦和甄选18个月持有混合A,混合型-偏债,开放申购；起购10元；日累计无限额；数据日05-25,0.00%,0.00%,0.97%,1,腾讯控股 0.97%
012096,鑫元鑫动力混合A,混合型-偏股,开放申购；起购10元；日累计无限额；数据日05-25,0.00%,0.00%,6.72%,1,中芯国际 6.72%
012067,嘉实蓝筹优势混合A,混合型-偏股,开放申购；起购10元；日累计无限额；数据日05-25,0.00%,0.00%,7.27%,1,腾讯控股 7.27%
012089,东方红锦和甄选18个月持有混合C,混合型-偏债,开放申购；起购10元；日累计无限额；数据日05-25,0.00%,0.00%,0.97%,1,腾讯控股 0.97%
012112,鹏华安颐混合C,混合型-偏债,开放申购；起购10元；日累计无限额；数据日05-25,0.00%,0.00%,0.04%,1,中芯国际 0.04%
012097,鑫元鑫动力混合C,混合型-偏股,开放申购；起购10元；日累计无限额；数据日05-25,0.00%,0.00%,6.72%,1,中芯国际 6.72%
012130,景顺长城先进智造混合A,混合型-偏股,开放申购；起购10元；日累计无限额；数据日05-25,0.00%,0.00%,4.50%,1,中芯国际 4.50%
012124,博道盛彦混合A,混合型-偏股,开放申购；起购10元；日累计无限额；数据日05-25,0.00%,0.00%,8.67%,1,腾讯控股 8.67%
012125,博道盛彦混合C,混合型-偏股,开放申购；起购10元；日累计无限额；数据日05-25,0.00%,0.00%,8.67%,1,腾讯控股 8.67%
012111,鹏华安颐混合A,混合型-偏债,开放申购；起购10元；日累计无限额；数据日05-25,0.00%,0.00%,0.04%,1,中芯国际 0.04%
012120,工银核心优势混合C,混合型-偏股,开放申购；起购10元；日累计无限额；数据日05-25,0.00%,0.00%,4.00%,1,阿里巴巴-W 4.00%
012123,招商金安成长严选混合,混合型-偏股,限大额；起购10元；日累计500万；数据日05-25,0.00%,0.00%,2.31%,1,阿里巴巴-W 2.31%
012150,诺德价值发现一年持有混合,混合型-偏股,开放申购；起购10元；日累计无限额；数据日05-25,0.00%,0.00%,9.71%,2,中芯国际 5.89%; 阿里巴巴-W 3.82%
012131,景顺长城先进智造混合C,混合型-偏股,开放申购；起购10元；日累计无限额；数据日05-25,0.00%,0.00%,4.50%,1,中芯国际 4.50%
012119,工银核心优势混合A,混合型-偏股,开放申购；起购10元；日累计无限额；数据日05-25,0.00%,0.00%,4.00%,1,阿里巴巴-W 4.00%
012138,景顺长城安益回报一年持有混合A,混合型-偏债,开放申购；起购10元；日累计无限额；数据日05-25,0.00%,0.00%,2.53%,1,腾讯控股 2.53%
012154,博时研究慧选混合C,混合型-偏股,限大额；起购10元；日累计100万；数据日05-25,0.00%,0.00%,3.15%,1,腾讯控股 3.15%
012158,汇添富上证50基本面增强指数C,指数型-股票,开放申购；起购10元；日累计无限额；数据日05-25,0.00%,0.00%,3.55%,1,中芯国际 3.55%
012157,汇添富上证50基本面增强指数A,指数型-股票,开放申购；起购10元；日累计无限额；数据日05-25,0.00%,0.00%,3.55%,1,中芯国际 3.55%
012139,景顺长城安益回报一年持有混合C,混合型-偏债,开放申购；起购10元；日累计无限额；数据日05-25,0.00%,0.00%,2.53%,1,腾讯控股 2.53%
012162,安信招信一年持有混合C,混合型-偏债,开放申购；起购10元；日累计无限额；数据日05-25,0.00%,0.00%,0.55%,1,腾讯控股 0.55%
012161,安信招信一年持有混合A,混合型-偏债,开放申购；起购10元；日累计无限额；数据日05-25,0.00%,0.00%,0.55%,1,腾讯控股 0.55%
012170,华夏永顺一年持有混合A,混合型-偏债,开放申购；起购10元；日累计无限额；数据日05-25,0.00%,0.00%,2.49%,2,腾讯控股 1.43%; 中芯国际 1.06%
012186,招商品质成长混合A,混合型-偏股,开放申购；起购10元；日累计无限额；数据日05-25,0.00%,0.00%,3.97%,1,腾讯控股 3.97%
012171,华夏永顺一年持有混合C,混合型-偏债,开放申购；起购10元；日累计无限额；数据日05-25,0.00%,0.00%,2.49%,2,腾讯控股 1.43%; 中芯国际 1.06%
012176,易方达稳健增利混合C,混合型-平衡,开放申购；起购10元；日累计无限额；数据日05-25,0.00%,0.00%,7.38%,2,腾讯控股 4.86%; 阿里巴巴-W 2.52%
012175,易方达稳健增利混合A,混合型-平衡,开放申购；起购10元；日累计无限额；数据日05-25,0.00%,0.00%,7.38%,2,腾讯控股 4.86%; 阿里巴巴-W 2.52%
012184,大成创新趋势混合A,混合型-偏股,开放申购；起购10元；日累计无限额；数据日05-25,0.00%,0.00%,3.33%,1,腾讯控股 3.33%
012187,招商品质成长混合C,混合型-偏股,开放申购；起购10元；日累计无限额；数据日05-25,0.00%,0.00%,3.97%,1,腾讯控股 3.97%
012185,大成创新趋势混合C,混合型-偏股,开放申购；起购10元；日累计无限额；数据日05-25,0.00%,0.00%,3.33%,1,腾讯控股 3.33%
012188,华安优势龙头混合A,混合型-偏股,开放申购；起购10元；日累计无限额；数据日05-25,0.00%,0.00%,4.08%,1,腾讯控股 4.08%
012203,中加消费优选混合C,混合型-偏股,开放申购；起购10元；日累计无限额；数据日05-25,0.00%,0.00%,4.64%,1,阿里巴巴-W 4.64%
012189,华安优势龙头混合C,混合型-偏股,开放申购；起购10元；日累计无限额；数据日05-25,0.00%,0.00%,4.08%,1,腾讯控股 4.08%
012202,中加消费优选混合A,混合型-偏股,开放申购；起购10元；日累计无限额；数据日05-25,0.00%,0.00%,4.64%,1,阿里巴巴-W 4.64%
012208,华夏港股前沿经济混合(QDII)A,QDII-混合偏股,限大额；起购10元；日累计5万；数据日05-22,0.00%,0.00%,25.25%,4,腾讯控股 8.74%; 阿里巴巴-W 6.15%; 中芯国际 6.02%; 百度集团-SW 4.34%
012199,国金核心资产一年持有C,混合型-偏股,开放申购；起购10元；日累计无限额；数据日05-25,0.00%,0.00%,13.54%,3,华虹半导体 6.31%; 中芯国际 4.04%; 阿里巴巴-W 3.19%
012205,中银通利债券C,债券型-混合二级,开放申购；起购10元；日累计无限额；数据日05-25,0.00%,0.00%,0.50%,1,阿里巴巴-W 0.50%
012191,中银恒泰9个月持有期债券A,债券型-混合二级,开放申购；起购10元；日累计无限额；数据日05-25,0.00%,0.00%,2.01%,2,阿里巴巴-W 1.06%; 腾讯控股 0.95%
012198,国金核心资产一年持有A,混合型-偏股,开放申购；起购10元；日累计无限额；数据日05-25,0.00%,0.00%,13.54%,3,华虹半导体 6.31%; 中芯国际 4.04%; 阿里巴巴-W 3.19%
012211,申万菱信智能汽车股票C,股票型,开放申购；起购10元；日累计无限额；数据日05-25,0.00%,0.00%,6.27%,1,地平线机器人-W 6.27%
012210,申万菱信智能汽车股票A,股票型,开放申购；起购10元；日累计无限额；数据日05-25,0.00%,0.00%,6.27%,1,地平线机器人-W 6.27%
012204,中银通利债券A,债券型-混合二级,开放申购；起购10元；日累计无限额；数据日05-25,0.00%,0.00%,0.50%,1,阿里巴巴-W 0.50%
012209,华夏港股前沿经济混合(QDII)C,QDII-混合偏股,限大额；起购10元；日累计5万；数据日05-22,0.00%,0.00%,25.25%,4,腾讯控股 8.74%; 阿里巴巴-W 6.15%; 中芯国际 6.02%; 百度集团-SW 4.34%
012192,中银恒泰9个月持有期债券C,债券型-混合二级,开放申购；起购10元；日累计无限额；数据日05-25,0.00%,0.00%,2.01%,2,阿里巴巴-W 1.06%; 腾讯控股 0.95%
012228,景顺长城港股通全球竞争力C,混合型-偏股,开放申购；起购10元；日累计无限额；数据日05-25,0.00%,0.00%,7.97%,1,腾讯控股 7.97%
012239,惠升优势企业一年持有期混合,混合型-灵活,开放申购；起购10元；日累计无限额；数据日05-25,0.00%,0.00%,3.93%,1,腾讯控股 3.93%
012225,嘉实优势精选混合A,混合型-偏股,开放申购；起购10元；日累计无限额；数据日05-25,0.00%,0.00%,7.87%,1,腾讯控股 7.87%
012227,景顺长城港股通全球竞争力A,混合型-偏股,开放申购；起购10元；日累计无限额；数据日05-25,0.00%,0.00%,7.97%,1,腾讯控股 7.97%
012226,嘉实优势精选混合C,混合型-偏股,开放申购；起购10元；日累计无限额；数据日05-25,0.00%,0.00%,7.87%,1,腾讯控股 7.87%
012255,富国高质量混合,混合型-偏股,开放申购；起购10元；日累计无限额；数据日05-25,0.00%,0.00%,3.91%,1,腾讯控股 3.91%
012260,广发睿明优质企业混合A,混合型-偏股,开放申购；起购10元；日累计无限额；数据日05-25,0.00%,0.00%,7.09%,2,腾讯控股 3.96%; 阿里巴巴-W 3.13%
012254,鹏扬景润一年持有混合C,混合型-偏债,开放申购；起购10元；日累计无限额；数据日05-25,0.00%,0.00%,2.33%,1,腾讯控股 2.33%
012253,鹏扬景润一年持有混合A,混合型-偏债,开放申购；起购10元；日累计无限额；数据日05-25,0.00%,0.00%,2.33%,1,腾讯控股 2.33%
012261,广发睿明优质企业混合C,混合型-偏股,开放申购；起购10元；日累计无限额；数据日05-25,0.00%,0.00%,7.09%,2,腾讯控股 3.96%; 阿里巴巴-W 3.13%
012293,泰康鼎泰一年持有期混合C,混合型-偏债,开放申购；起购10元；日累计无限额；数据日05-25,0.00%,0.00%,3.76%,1,腾讯控股 3.76%
012292,泰康鼎泰一年持有期混合A,混合型-偏债,开放申购；起购10元；日累计无限额；数据日05-25,0.00%,0.00%,3.76%,1,腾讯控股 3.76%
012294,泰康优势精选三年持有期混合,混合型-偏股,开放申购；起购10元；日累计无限额；数据日05-25,0.00%,0.00%,6.73%,1,腾讯控股 6.73%
012331,广发集优9个月持有期债券C,债券型-混合二级,暂停申购；当前不可场外申购；数据日05-25,0.00%,0.00%,0.72%,1,阿里巴巴-W 0.72%
012330,广发集优9个月持有期债券A,债券型-混合二级,暂停申购；当前不可场外申购；数据日05-25,0.00%,0.00%,0.72%,1,阿里巴巴-W 0.72%
012361,汇丰晋信港股通核心资产股票发起式C,股票型,开放申购；起购10元；日累计无限额；数据日05-25,0.00%,0.00%,9.41%,1,腾讯控股 9.41%
012360,汇丰晋信港股通核心资产股票发起式A,股票型,开放申购；起购10元；日累计无限额；数据日05-25,0.00%,0.00%,9.41%,1,腾讯控股 9.41%
012379,创金合信港股互联网3个月持有期混合(QDII)A,QDII-混合偏股,开放申购；起购10元；日累计无限额；数据日05-22,0.00%,0.00%,28.66%,5,腾讯控股 7.39%; 中芯国际 6.77%; 小米集团-W 6.45%; 阿里巴巴-W 5.90%; 地平线机器人-W 2.15%
012377,长盛安睿一年持有混合A,混合型-偏债,开放申购；起购10元；日累计无限额；数据日05-25,0.00%,0.00%,4.40%,1,腾讯控股 4.40%
012380,创金合信港股互联网3个月持有期混合(QDII)C,QDII-混合偏股,开放申购；起购10元；日累计无限额；数据日05-22,0.00%,0.00%,28.66%,5,腾讯控股 7.39%; 中芯国际 6.77%; 小米集团-W 6.45%; 阿里巴巴-W 5.90%; 地平线机器人-W 2.15%
012378,长盛安睿一年持有混合C,混合型-偏债,开放申购；起购10元；日累计无限额；数据日05-25,0.00%,0.00%,4.40%,1,腾讯控股 4.40%
012397,南方佳元6个月持有债券A,债券型-混合二级,开放申购；起购10元；日累计无限额；数据日05-25,0.00%,0.00%,0.44%,1,腾讯控股 0.44%
012400,南方永元一年持有债券C,债券型-混合二级,开放申购；起购10元；日累计无限额；数据日05-25,0.00%,0.00%,1.06%,2,腾讯控股 0.62%; 阿里巴巴-W 0.44%
012398,南方佳元6个月持有债券C,债券型-混合二级,开放申购；起购1元；日累计0元；数据日05-25,0.00%,0.00%,0.44%,1,腾讯控股 0.44%
012399,南方永元一年持有债券A,债券型-混合二级,开放申购；起购10元；日累计无限额；数据日05-25,0.00%,0.00%,1.06%,2,腾讯控股 0.62%; 阿里巴巴-W 0.44%
012412,汇泉策略优选混合A,混合型-偏股,开放申购；起购10元；日累计无限额；数据日05-25,0.00%,0.00%,1.97%,1,腾讯控股 1.97%
012406,永赢长远价值混合A,混合型-偏股,开放申购；起购10元；日累计无限额；数据日05-25,0.00%,0.00%,3.03%,1,腾讯控股 3.03%
012409,广发恒昌一年持有混合C,混合型-偏债,开放申购；起购10元；日累计无限额；数据日05-25,0.00%,0.00%,4.74%,2,腾讯控股 3.12%; 晶泰控股 1.62%
012407,永赢长远价值混合C,混合型-偏股,开放申购；起购10元；日累计无限额；数据日05-25,0.00%,0.00%,3.03%,1,腾讯控股 3.03%
012408,广发恒昌一年持有混合A,混合型-偏债,开放申购；起购10元；日累计无限额；数据日05-25,0.00%,0.00%,4.74%,2,腾讯控股 3.12%; 晶泰控股 1.62%
012428,华夏核心制造混合A,混合型-偏股,开放申购；起购10元；日累计无限额；数据日05-25,0.00%,0.00%,12.56%,2,腾讯控股 7.59%; 阿里巴巴-W 4.97%
012429,华夏核心制造混合C,混合型-偏股,开放申购；起购10元；日累计无限额；数据日05-25,0.00%,0.00%,12.56%,2,腾讯控股 7.59%; 阿里巴巴-W 4.97%
012434,银华多元回报一年持有期混合,混合型-偏股,开放申购；起购10元；日累计无限额；数据日05-25,0.00%,0.00%,8.52%,2,腾讯控股 4.39%; 阿里巴巴-W 4.13%
012439,东方红睿和三年持有混合C,混合型-偏股,暂停申购；当前不可场外申购；数据日05-25,0.00%,0.00%,3.57%,1,中芯国际 3.57%
012460,汇添富稳健睿享一年持有混合C,混合型-偏债,开放申购；起购10元；日累计无限额；数据日05-25,0.00%,0.00%,0.29%,1,腾讯控股 0.29%
012448,华夏互联网龙头混合C,混合型-偏股,开放申购；起购10元；日累计无限额；数据日05-25,0.00%,0.00%,18.02%,2,阿里巴巴-W 9.79%; 腾讯控股 8.23%
012447,华夏互联网龙头混合A,混合型-偏股,开放申购；起购10元；日累计无限额；数据日05-25,0.00%,0.00%,18.02%,2,阿里巴巴-W 9.79%; 腾讯控股 8.23%
012459,汇添富稳健睿享一年持有混合A,混合型-偏债,开放申购；起购10元；日累计0元；数据日05-25,0.00%,0.00%,0.29%,1,腾讯控股 0.29%
012474,大成成长回报六个月持有混合C,混合型-偏股,开放申购；起购10元；日累计无限额；数据日05-25,0.00%,0.00%,3.35%,1,腾讯控股 3.35%
012473,大成成长回报六个月持有混合A,混合型-偏股,开放申购；起购10元；日累计无限额；数据日05-25,0.00%,0.00%,3.35%,1,腾讯控股 3.35%
012484,前海开源优质龙头6个月持有混合C,混合型-偏股,开放申购；起购10元；日累计无限额；数据日05-25,0.00%,0.00%,11.42%,2,腾讯控股 6.09%; 阿里巴巴-W 5.33%
012477,富国匠心精选12个月持有混合A,混合型-偏股,开放申购；起购10元；日累计无限额；数据日05-25,0.00%,0.00%,8.39%,1,腾讯控股 8.39%
012478,富国匠心精选12个月持有混合C,混合型-偏股,开放申购；起购10元；日累计无限额；数据日05-25,0.00%,0.00%,8.39%,1,腾讯控股 8.39%
012485,建信汇益一年持有混合A,混合型-偏债,开放申购；起购10元；日累计无限额；数据日05-25,0.00%,0.00%,0.60%,1,腾讯控股 0.60%
012494,长信内需均衡混合C,混合型-偏股,限大额；起购10元；日累计1000万；数据日05-25,0.00%,0.00%,7.88%,1,阿里巴巴-W 7.88%
012502,银华安盛混合,混合型-偏股,开放申购；起购10元；日累计无限额；数据日05-25,0.00%,0.00%,11.75%,2,中芯国际 6.10%; 阿里巴巴-W 5.65%
012486,建信汇益一年持有混合C,混合型-偏债,开放申购；起购10元；日累计无限额；数据日05-25,0.00%,0.00%,0.60%,1,腾讯控股 0.60%
012497,同泰行业优选股票C,股票型,开放申购；起购10元；日累计无限额；数据日05-25,0.00%,0.00%,5.43%,1,小米集团-W 5.43%
012483,前海开源优质龙头6个月持有混合A,混合型-偏股,开放申购；起购10元；日累计无限额；数据日05-25,0.00%,0.00%,11.42%,2,腾讯控股 6.09%; 阿里巴巴-W 5.33%
012510,国富优质企业一年持有期混合A,混合型-偏股,开放申购；起购10元；日累计无限额；数据日05-25,0.00%,0.00%,17.78%,3,阿里巴巴-W 6.68%; 腾讯控股 6.04%; 中芯国际 5.06%
012493,长信内需均衡混合A,混合型-偏股,限大额；起购10元；日累计1000万；数据日05-25,0.00%,0.00%,7.88%,1,阿里巴巴-W 7.88%
012496,同泰行业优选股票A,股票型,开放申购；起购10元；日累计无限额；数据日05-25,0.00%,0.00%,5.43%,1,小米集团-W 5.43%
012523,国联高质量成长混合A,混合型-偏股,开放申购；起购10元；日累计无限额；数据日05-25,0.00%,0.00%,8.64%,2,腾讯控股 5.55%; 晶泰控股 3.09%
012506,东方品质消费一年持有期混合A,混合型-偏股,开放申购；起购10元；日累计无限额；数据日05-25,0.00%,0.00%,8.94%,2,腾讯控股 5.44%; 阿里巴巴-W 3.50%
012511,国富优质企业一年持有期混合C,混合型-偏股,开放申购；起购10元；日累计无限额；数据日05-25,0.00%,0.00%,17.78%,3,阿里巴巴-W 6.68%; 腾讯控股 6.04%; 中芯国际 5.06%
012507,东方品质消费一年持有期混合C,混合型-偏股,开放申购；起购10元；日累计无限额；数据日05-25,0.00%,0.00%,8.94%,2,腾讯控股 5.44%; 阿里巴巴-W 3.50%
012524,国联高质量成长混合C,混合型-偏股,开放申购；起购10元；日累计无限额；数据日05-25,0.00%,0.00%,8.64%,2,腾讯控股 5.55%; 晶泰控股 3.09%
012568,天弘高端制造混合A,混合型-偏股,开放申购；起购10元；日累计无限额；数据日05-25,0.00%,0.00%,4.76%,1,腾讯控股 4.76%
012570,建信恒生科技指数发起(QDII)A,指数型-海外股票,开放申购；起购10元；日累计无限额；数据日05-22,0.00%,0.00%,31.72%,5,小米集团-W 7.80%; 腾讯控股 7.35%; 阿里巴巴-W 6.85%; 中芯国际 6.02%; 百度集团-SW 3.70%
012569,天弘高端制造混合C,混合型-偏股,开放申购；起购10元；日累计无限额；数据日05-25,0.00%,0.00%,4.76%,1,腾讯控股 4.76%
012571,建信恒生科技指数发起(QDII)C,指数型-海外股票,开放申购；起购10元；日累计无限额；数据日05-22,0.00%,0.00%,31.72%,5,小米集团-W 7.80%; 腾讯控股 7.35%; 阿里巴巴-W 6.85%; 中芯国际 6.02%; 百度集团-SW 3.70%
012584,南方中国新兴经济9个月持有期混合(QDII)A,QDII-混合偏股,开放申购；起购10元；日累计无限额；数据日05-22,0.00%,0.00%,2.84%,1,腾讯控股 2.84%
012587,南方港股创新视野一年持有混合C,混合型-灵活,开放申购；起购10元；日累计无限额；数据日05-25,0.00%,0.00%,4.46%,1,华虹半导体 4.46%
012588,南方港股通优势企业混合A,混合型-偏股,开放申购；起购10元；日累计无限额；数据日05-25,0.00%,0.00%,11.61%,2,腾讯控股 8.67%; 中芯国际 2.94%
012586,南方港股创新视野一年持有混合A,混合型-灵活,开放申购；起购10元；日累计无限额；数据日05-25,0.00%,0.00%,4.46%,1,华虹半导体 4.46%
012589,南方港股通优势企业混合C,混合型-偏股,开放申购；起购10元；日累计无限额；数据日05-25,0.00%,0.00%,11.61%,2,腾讯控股 8.67%; 中芯国际 2.94%
012585,南方中国新兴经济9个月持有期混合(QDII)C,QDII-混合偏股,开放申购；起购10元；日累计无限额；数据日05-22,0.00%,0.00%,2.84%,1,腾讯控股 2.84%
012613,创金合信产业智选混合A,混合型-偏股,开放申购；起购10元；日累计无限额；数据日05-25,0.00%,0.00%,6.61%,1,中芯国际 6.61%
012614,创金合信产业智选混合C,混合型-偏股,开放申购；起购10元；日累计无限额；数据日05-25,0.00%,0.00%,6.61%,1,中芯国际 6.61%
012641,鹏华稳健鸿利一年持有期混合C,混合型-偏股,开放申购；起购10元；日累计无限额；数据日05-25,0.00%,0.00%,5.12%,1,腾讯控股 5.12%
012640,鹏华稳健鸿利一年持有期混合A,混合型-偏股,开放申购；起购10元；日累计无限额；数据日05-25,0.00%,0.00%,5.12%,1,腾讯控股 5.12%
012647,中欧洞见一年持有混合,混合型-偏股,开放申购；起购10元；日累计无限额；数据日05-25,0.00%,0.00%,4.90%,1,腾讯控股 4.90%
012651,博时半导体主题混合C,混合型-偏股,开放申购；起购10元；日累计无限额；数据日05-25,0.00%,0.00%,13.93%,2,华虹半导体 8.20%; 中芯国际 5.73%
012670,南方新兴产业混合C,混合型-偏股,开放申购；起购10元；日累计无限额；数据日05-25,0.00%,0.00%,7.13%,1,腾讯控股 7.13%
012650,博时半导体主题混合A,混合型-偏股,开放申购；起购10元；日累计无限额；数据日05-25,0.00%,0.00%,13.93%,2,华虹半导体 8.20%; 中芯国际 5.73%
012669,南方新兴产业混合A,混合型-偏股,开放申购；起购10元；日累计无限额；数据日05-25,0.00%,0.00%,7.13%,1,腾讯控股 7.13%
012683,东方红安盈甄选一年持有混合A,混合型-偏债,开放申购；起购10元；日累计无限额；数据日05-25,0.00%,0.00%,1.59%,3,小米集团-W 0.70%; 腾讯控股 0.51%; 阿里巴巴-W 0.38%
012704,中银兴利稳健回报灵活配置混合A,混合型-灵活,开放申购；起购10元；日累计无限额；数据日05-25,0.00%,0.00%,6.91%,2,阿里巴巴-W 5.69%; 中芯国际 1.22%
012684,东方红安盈甄选一年持有混合C,混合型-偏债,开放申购；起购10元；日累计无限额；数据日05-25,0.00%,0.00%,1.59%,3,小米集团-W 0.70%; 腾讯控股 0.51%; 阿里巴巴-W 0.38%
012705,中银兴利稳健回报灵活配置混合C,混合型-灵活,开放申购；起购10元；日累计无限额；数据日05-25,0.00%,0.00%,6.91%,2,阿里巴巴-W 5.69%; 中芯国际 1.22%
012706,中银核心精选混合A,混合型-偏股,开放申购；起购10元；日累计无限额；数据日05-25,0.00%,0.00%,10.16%,4,腾讯控股 3.01%; 华虹半导体 2.72%; 中芯国际 2.58%; 阿里巴巴-W 1.85%
012707,中银核心精选混合C,混合型-偏股,开放申购；起购10元；日累计无限额；数据日05-25,0.00%,0.00%,10.16%,4,腾讯控股 3.01%; 华虹半导体 2.72%; 中芯国际 2.58%; 阿里巴巴-W 1.85%
012719,华夏新兴经济一年持有混合A,混合型-偏股,开放申购；起购10元；日累计无限额；数据日05-25,0.00%,0.00%,7.95%,1,腾讯控股 7.95%
012720,华夏新兴经济一年持有混合C,混合型-偏股,开放申购；起购10元；日累计无限额；数据日05-25,0.00%,0.00%,7.95%,1,腾讯控股 7.95%
012711,前海开源沪港深蓝筹精选混合C,混合型-灵活,开放申购；起购10元；日累计无限额；数据日05-25,0.00%,0.00%,13.96%,2,腾讯控股 9.15%; 小米集团-W 4.81%
012746,富国双利增强债券A,债券型-混合二级,开放申购；起购10元；日累计无限额；数据日05-25,0.00%,0.00%,1.05%,3,阿里巴巴-W 0.47%; 腾讯控股 0.38%; 中芯国际 0.20%
012747,富国双利增强债券C,债券型-混合二级,开放申购；起购10元；日累计无限额；数据日05-25,0.00%,0.00%,1.05%,3,阿里巴巴-W 0.47%; 腾讯控股 0.38%; 中芯国际 0.20%
012779,博时移动互联主题混合A,混合型-偏股,开放申购；起购10元；日累计无限额；数据日05-25,0.00%,0.00%,16.58%,4,阿里巴巴-W 4.89%; 华虹半导体 4.03%; 中芯国际 3.89%; 腾讯控股 3.77%
012770,光大创新生活混合A,混合型-偏股,开放申购；起购10元；日累计无限额；数据日05-25,0.00%,0.00%,7.81%,2,腾讯控股 4.69%; 阿里巴巴-W 3.12%
012780,博时移动互联主题混合C,混合型-偏股,开放申购；起购10元；日累计无限额；数据日05-25,0.00%,0.00%,16.58%,4,阿里巴巴-W 4.89%; 华虹半导体 4.03%; 中芯国际 3.89%; 腾讯控股 3.77%
012790,汇添富双享回报债券C,债券型-混合二级,开放申购；起购10元；日累计无限额；数据日05-25,0.00%,0.00%,1.37%,2,腾讯控股 0.80%; 阿里巴巴-W 0.57%
012789,汇添富双享回报债券A,债券型-混合二级,开放申购；起购10元；日累计无限额；数据日05-25,0.00%,0.00%,1.37%,2,腾讯控股 0.80%; 阿里巴巴-W 0.57%
012813,国富鑫颐收益混合C,混合型-偏债,开放申购；起购10元；日累计无限额；数据日05-25,0.00%,0.00%,2.86%,1,腾讯控股 2.86%
012812,国富鑫颐收益混合A,混合型-偏债,开放申购；起购10元；日累计无限额；数据日05-25,0.00%,0.00%,2.86%,1,腾讯控股 2.86%
012809,鹏华中证沪港深科技龙头指数(LOF)C,指数型-股票,开放申购；起购10元；日累计无限额；数据日05-25,0.00%,0.00%,25.69%,4,腾讯控股 8.40%; 阿里巴巴-W 8.19%; 小米集团-W 5.87%; 中芯国际 3.23%
012827,工银聚宁9个月持有期混合C,混合型-偏债,开放申购；起购10元；日累计无限额；数据日05-25,0.00%,0.00%,1.98%,1,腾讯控股 1.98%
012833,交银鸿信一年持有期混合A,混合型-偏债,开放申购；起购10元；日累计无限额；数据日05-25,0.00%,0.00%,2.82%,2,腾讯控股 1.58%; 阿里巴巴-W 1.24%
012834,交银鸿信一年持有期混合C,混合型-偏债,开放申购；起购10元；日累计无限额；数据日05-25,0.00%,0.00%,2.82%,2,腾讯控股 1.58%; 阿里巴巴-W 1.24%
012820,汇添富价值领先混合,混合型-偏股,开放申购；起购10元；日累计无限额；数据日05-25,0.00%,0.00%,9.24%,1,腾讯控股 9.24%
012836,招商景气精选股票C,股票型,开放申购；起购10元；日累计无限额；数据日05-25,0.00%,0.00%,3.43%,1,腾讯控股 3.43%
012835,招商景气精选股票A,股票型,开放申购；起购10元；日累计无限额；数据日05-25,0.00%,0.00%,3.43%,1,腾讯控股 3.43%
012848,大成悦享生活混合A,混合型-偏股,开放申购；起购10元；日累计无限额；数据日05-25,0.00%,0.00%,4.96%,1,腾讯控股 4.96%
012849,大成悦享生活混合C,混合型-偏股,开放申购；起购10元；日累计无限额；数据日05-25,0.00%,0.00%,4.96%,1,腾讯控股 4.96%
012826,工银聚宁9个月持有期混合A,混合型-偏债,开放申购；起购10元；日累计无限额；数据日05-25,0.00%,0.00%,1.98%,1,腾讯控股 1.98%
012851,国联低碳经济3个月持有混合C,混合型-偏股,开放申购；起购10元；日累计无限额；数据日05-25,0.00%,0.00%,4.71%,1,阿里巴巴-W 4.71%
012850,国联低碳经济3个月持有混合A,混合型-偏股,开放申购；起购10元；日累计无限额；数据日05-25,0.00%,0.00%,4.71%,1,阿里巴巴-W 4.71%
012846,恒越蓝筹精选混合,混合型-偏股,开放申购；起购10元；日累计无限额；数据日05-25,0.00%,0.00%,16.18%,3,腾讯控股 6.64%; 中芯国际 4.90%; 阿里巴巴-W 4.64%
012884,华夏港股通精选股票发起式(LOF)C,股票型,开放申购；起购10元；日累计无限额；数据日05-25,0.00%,0.00%,17.13%,3,腾讯控股 6.60%; 阿里巴巴-W 5.39%; 中芯国际 5.14%
012892,安信优质企业三年持有混合A,混合型-偏股,开放申购；起购10元；日累计无限额；数据日05-25,0.00%,0.00%,9.02%,1,腾讯控股 9.02%
012893,安信优质企业三年持有混合C,混合型-偏股,开放申购；起购10元；日累计无限额；数据日05-25,0.00%,0.00%,9.02%,1,腾讯控股 9.02%
012924,华夏新时代混合美元现汇(QDII),QDII-混合灵活,限大额；起购1元；日累计0元；数据日05-22,0.00%,5.35%,5.35%,1,Lumentum Holdings Inc 5.35%
012925,华夏新时代混合美元现钞(QDII),QDII-混合灵活,限大额；起购1元；日累计0元；数据日05-22,0.00%,5.35%,5.35%,1,Lumentum Holdings Inc 5.35%
012944,广发稳睿六个月持有混合C,混合型-偏债,开放申购；起购10元；日累计无限额；数据日05-25,0.00%,0.00%,2.46%,1,腾讯控股 2.46%
012952,汇添富鑫享添利六个月持有混合C,混合型-偏债,开放申购；起购10元；日累计无限额；数据日05-25,0.00%,0.00%,0.73%,1,腾讯控股 0.73%
012949,东方红招瑞甄选18个月持有混合A,混合型-偏债,开放申购；起购10元；日累计无限额；数据日05-25,0.00%,0.00%,4.88%,2,腾讯控股 2.75%; 阿里巴巴-W 2.13%
012943,广发稳睿六个月持有混合A,混合型-偏债,开放申购；起购10元；日累计无限额；数据日05-25,0.00%,0.00%,2.46%,1,腾讯控股 2.46%
012955,国寿安保稳盛6个月持有混合A,混合型-偏债,开放申购；起购10元；日累计无限额；数据日05-25,0.00%,0.00%,0.34%,1,腾讯控股 0.34%
012963,招商稳健平衡混合A,混合型-平衡,开放申购；起购10元；日累计无限额；数据日05-25,0.00%,0.00%,2.77%,1,小米集团-W 2.77%
012964,招商稳健平衡混合C,混合型-平衡,开放申购；起购10元；日累计无限额；数据日05-25,0.00%,0.00%,2.77%,1,小米集团-W 2.77%
012950,东方红招瑞甄选18个月持有混合C,混合型-偏债,开放申购；起购10元；日累计无限额；数据日05-25,0.00%,0.00%,4.88%,2,腾讯控股 2.75%; 阿里巴巴-W 2.13%
012965,招商瑞泰1年持有混合A,混合型-偏债,开放申购；起购10元；日累计无限额；数据日05-25,0.00%,0.00%,0.47%,1,腾讯控股 0.47%
012956,国寿安保稳盛6个月持有混合C,混合型-偏债,开放申购；起购10元；日累计无限额；数据日05-25,0.00%,0.00%,0.34%,1,腾讯控股 0.34%
012966,招商瑞泰1年持有混合C,混合型-偏债,开放申购；起购10元；日累计无限额；数据日05-25,0.00%,0.00%,0.47%,1,腾讯控股 0.47%
012951,汇添富鑫享添利六个月持有混合A,混合型-偏债,开放申购；起购10元；日累计无限额；数据日05-25,0.00%,0.00%,0.73%,1,腾讯控股 0.73%
012968,广发行业严选三年持有期混合C,混合型-偏股,开放申购；起购10元；日累计无限额；数据日05-25,0.00%,0.00%,3.31%,1,小米集团-W 3.31%
012967,广发行业严选三年持有期混合A,混合型-偏股,开放申购；起购10元；日累计无限额；数据日05-25,0.00%,0.00%,3.31%,1,小米集团-W 3.31%
012988,嘉合锦明混合C,混合型-偏股,开放申购；起购10元；日累计无限额；数据日05-25,0.00%,0.00%,5.35%,1,中芯国际 5.35%
012971,东吴消费成长混合A,混合型-偏股,开放申购；起购10元；日累计无限额；数据日05-25,0.00%,0.00%,11.54%,2,阿里巴巴-W 6.30%; 腾讯控股 5.24%
012972,东吴消费成长混合C,混合型-偏股,开放申购；起购10元；日累计无限额；数据日05-25,0.00%,0.00%,11.54%,2,阿里巴巴-W 6.30%; 腾讯控股 5.24%
012994,汇添富品牌力一年持有混合C,混合型-偏股,开放申购；起购10元；日累计无限额；数据日05-25,0.00%,0.00%,5.78%,1,腾讯控股 5.78%
012987,嘉合锦明混合A,混合型-偏股,开放申购；起购10元；日累计无限额；数据日05-25,0.00%,0.00%,5.35%,1,中芯国际 5.35%
012993,汇添富品牌力一年持有混合A,混合型-偏股,开放申购；起购10元；日累计无限额；数据日05-25,0.00%,0.00%,5.78%,1,腾讯控股 5.78%
013010,万家港股通精选混合C,混合型-偏股,开放申购；起购10元；日累计无限额；数据日05-25,0.00%,0.00%,12.60%,2,腾讯控股 7.52%; 阿里巴巴-W 5.08%
013005,国泰价值领航股票C,股票型,开放申购；起购10元；日累计无限额；数据日05-25,0.00%,0.00%,10.78%,2,腾讯控股 7.27%; 阿里巴巴-W 3.51%
013004,国泰价值领航股票A,股票型,开放申购；起购10元；日累计无限额；数据日05-25,0.00%,0.00%,10.78%,2,腾讯控股 7.27%; 阿里巴巴-W 3.51%
013009,万家港股通精选混合A,混合型-偏股,开放申购；起购10元；日累计无限额；数据日05-25,0.00%,0.00%,12.60%,2,腾讯控股 7.52%; 阿里巴巴-W 5.08%
013045,富国内需增长混合C,混合型-偏股,开放申购；起购10元；日累计无限额；数据日05-25,0.00%,0.00%,4.45%,1,腾讯控股 4.45%
013042,鹏扬景浦一年持有混合C,混合型-偏债,开放申购；起购10元；日累计无限额；数据日05-25,0.00%,0.00%,1.38%,1,腾讯控股 1.38%
013041,鹏扬景浦一年持有混合A,混合型-偏债,开放申购；起购10元；日累计无限额；数据日05-25,0.00%,0.00%,1.38%,1,腾讯控股 1.38%
013047,富国品质生活混合C,混合型-偏股,开放申购；起购10元；日累计无限额；数据日05-25,0.00%,0.00%,4.48%,1,腾讯控股 4.48%
013052,汇泉臻心致远混合C,混合型-偏股,开放申购；起购10元；日累计无限额；数据日05-25,0.00%,0.00%,8.07%,2,中芯国际 4.90%; 阿里巴巴-W 3.17%
013051,汇泉臻心致远混合A,混合型-偏股,开放申购；起购10元；日累计无限额；数据日05-25,0.00%,0.00%,8.07%,2,中芯国际 4.90%; 阿里巴巴-W 3.17%
013063,广发集益一年持有债券A,债券型-混合二级,开放申购；起购10元；日累计无限额；数据日05-25,0.00%,0.00%,1.58%,1,腾讯控股 1.58%
013064,广发集益一年持有债券C,债券型-混合二级,开放申购；起购10元；日累计无限额；数据日05-25,0.00%,0.00%,1.58%,1,腾讯控股 1.58%
013096,安信远见成长混合C,混合型-偏股,限大额；起购10元；日累计1000元；数据日05-25,0.00%,0.00%,3.78%,1,腾讯控股 3.78%
013101,华夏稳福六个月持有混合A,混合型-偏债,开放申购；起购10元；日累计无限额；数据日05-25,0.00%,0.00%,0.52%,1,阿里巴巴-W 0.52%
013095,安信远见成长混合A,混合型-偏股,开放申购；起购10元；日累计无限额；数据日05-25,0.00%,0.00%,3.78%,1,腾讯控股 3.78%
013110,华夏优势价值一年持有混合C,混合型-偏股,开放申购；起购10元；日累计无限额；数据日05-25,0.00%,0.00%,2.31%,1,腾讯控股 2.31%
013109,华夏优势价值一年持有混合A,混合型-偏股,开放申购；起购10元；日累计无限额；数据日05-25,0.00%,0.00%,2.31%,1,腾讯控股 2.31%
013124,汇添富精选核心优势一年持有混合C,混合型-偏股,开放申购；起购10元；日累计无限额；数据日05-25,0.00%,0.00%,4.47%,1,腾讯控股 4.47%
013123,汇添富精选核心优势一年持有混合A,混合型-偏股,开放申购；起购10元；日累计无限额；数据日05-25,0.00%,0.00%,4.47%,1,腾讯控股 4.47%
013102,华夏稳福六个月持有混合C,混合型-偏债,开放申购；起购10元；日累计无限额；数据日05-25,0.00%,0.00%,0.52%,1,阿里巴巴-W 0.52%
013132,创金合信文娱媒体股票发起A,股票型,开放申购；起购10元；日累计无限额；数据日05-25,0.00%,0.00%,3.26%,1,腾讯控股 3.26%
013144,富国安诚回报12个月持有期混合C,混合型-偏债,开放申购；起购10元；日累计无限额；数据日05-25,0.00%,0.00%,3.16%,1,阿里巴巴-W 3.16%
013143,富国安诚回报12个月持有期混合A,混合型-偏债,开放申购；起购1元；日累计0元；数据日05-25,0.00%,0.00%,3.16%,1,阿里巴巴-W 3.16%
013133,创金合信文娱媒体股票发起C,股票型,开放申购；起购10元；日累计无限额；数据日05-25,0.00%,0.00%,3.26%,1,腾讯控股 3.26%
013209,金鹰大视野混合A,混合型-偏股,开放申购；起购10元；日累计无限额；数据日05-25,0.00%,0.00%,6.43%,1,腾讯控股 6.43%
013210,金鹰大视野混合C,混合型-偏股,开放申购；起购10元；日累计无限额；数据日05-25,0.00%,0.00%,6.43%,1,腾讯控股 6.43%
013212,华富安盈一年持有期债券C,债券型-混合二级,开放申购；起购10元；日累计无限额；数据日05-25,0.00%,0.00%,2.78%,2,腾讯控股 1.86%; 阿里巴巴-W 0.92%
013211,华富安盈一年持有期债券A,债券型-混合二级,开放申购；起购10元；日累计无限额；数据日05-25,0.00%,0.00%,2.78%,2,腾讯控股 1.86%; 阿里巴巴-W 0.92%
013225,景顺长城安景一年持有期混合A,混合型-偏债,开放申购；起购10元；日累计无限额；数据日05-25,0.00%,0.00%,0.15%,1,腾讯控股 0.15%
013226,景顺长城安景一年持有期混合C,混合型-偏债,开放申购；起购10元；日累计无限额；数据日05-25,0.00%,0.00%,0.15%,1,腾讯控股 0.15%
013224,浦银安盛港股通量化混合C,混合型-灵活,开放申购；起购10元；日累计无限额；数据日05-25,0.00%,0.00%,18.56%,3,阿里巴巴-W 7.20%; 华虹半导体 6.33%; 中芯国际 5.03%
013271,前海开源聚利一年持有混合C,混合型-偏股,开放申购；起购10元；日累计无限额；数据日05-25,0.00%,0.00%,14.05%,2,腾讯控股 9.19%; 小米集团-W 4.86%
013269,交银瑞和三年持有期混合,混合型-偏股,开放申购；起购10元；日累计无限额；数据日05-25,0.00%,0.00%,14.71%,2,阿里巴巴-W 8.78%; 腾讯控股 5.93%
013270,前海开源聚利一年持有混合A,混合型-偏股,开放申购；起购10元；日累计无限额；数据日05-25,0.00%,0.00%,14.05%,2,腾讯控股 9.19%; 小米集团-W 4.86%
013293,长城健康消费混合A,混合型-偏股,开放申购；起购10元；日累计无限额；数据日05-25,0.00%,0.00%,6.54%,2,阿里巴巴-W 4.42%; 腾讯控股 2.12%
013363,大成中国优势混合(QDII)A,QDII-混合偏股,开放申购；起购10元；日累计无限额；数据日05-22,0.00%,0.00%,10.18%,2,中芯国际 6.69%; 阿里巴巴-W 3.49%
013365,汇添富产业升级混合A,混合型-偏股,开放申购；起购10元；日累计无限额；数据日05-25,0.00%,0.00%,7.36%,1,阿里巴巴-W 7.36%
013364,大成中国优势混合(QDII)C,QDII-混合偏股,开放申购；起购10元；日累计无限额；数据日05-22,0.00%,0.00%,10.18%,2,中芯国际 6.69%; 阿里巴巴-W 3.49%
013366,汇添富产业升级混合C,混合型-偏股,开放申购；起购10元；日累计无限额；数据日05-25,0.00%,0.00%,7.36%,1,阿里巴巴-W 7.36%
013389,华夏成长先锋一年持有混合A,混合型-偏股,开放申购；起购10元；日累计无限额；数据日05-25,0.00%,0.00%,9.86%,2,华虹半导体 4.97%; 阿里巴巴-W 4.89%
013392,广发港股通优质增长混合C,混合型-偏股,开放申购；起购10元；日累计无限额；数据日05-25,0.00%,0.00%,15.28%,3,腾讯控股 7.26%; 阿里巴巴-W 5.01%; 联想集团 3.01%
013390,华夏成长先锋一年持有混合C,混合型-偏股,开放申购；起购10元；日累计无限额；数据日05-25,0.00%,0.00%,9.86%,2,华虹半导体 4.97%; 阿里巴巴-W 4.89%
013404,大成标普500等权重指数(QDII)A美元,指数型-海外股票,限大额；起购1元；日累计0元；数据日05-22,0.00%,0.21%,0.21%,1,戴尔科技 0.21%
013418,博时核心资产精选混合C,混合型-偏股,开放申购；起购10元；日累计无限额；数据日05-25,0.00%,0.00%,8.43%,1,腾讯控股 8.43%
013414,太平智远三个月定开股票发起式,股票型,暂停申购；当前不可场外申购；下一开放日2026-05-13；数据日05-25,0.00%,0.00%,6.14%,1,华虹半导体 6.14%
013417,博时核心资产精选混合A,混合型-偏股,开放申购；起购10元；日累计无限额；数据日05-25,0.00%,0.00%,8.43%,1,腾讯控股 8.43%
013432,华泰柏瑞景气汇选三年持有期混合C,混合型-偏股,限大额；起购10元；日累计50万；数据日05-25,0.00%,0.00%,1.77%,1,中芯国际 1.77%
013422,太平智行三个月定开混合发起式,混合型-偏股,暂停申购；当前不可场外申购；下一开放日2026-05-13；数据日05-25,0.00%,0.00%,2.06%,1,腾讯控股 2.06%
013427,贝莱德中国新视野混合C,混合型-偏股,开放申购；起购10元；日累计无限额；数据日05-25,0.00%,0.00%,3.62%,1,腾讯控股 3.62%
013426,贝莱德中国新视野混合A,混合型-偏股,开放申购；起购10元；日累计无限额；数据日05-25,0.00%,0.00%,3.62%,1,腾讯控股 3.62%
013431,华泰柏瑞景气汇选三年持有期混合A,混合型-偏股,限大额；起购10元；日累计50万；数据日05-25,0.00%,0.00%,1.77%,1,中芯国际 1.77%
013451,博时凤凰领航混合C,混合型-偏股,开放申购；起购10元；日累计0元；数据日05-25,0.00%,0.00%,4.03%,1,阿里巴巴-W 4.03%
013450,博时凤凰领航混合A,混合型-偏股,开放申购；起购10元；日累计0元；数据日05-25,0.00%,0.00%,4.03%,1,阿里巴巴-W 4.03%
013467,华夏安盈稳健养老目标一年持有混合(FOF)A,FOF-稳健型,开放申购；起购10元；日累计无限额；数据日05-21,0.00%,0.00%,0.81%,1,腾讯控股 0.81%
013485,尚正竞争优势混合发起A,混合型-偏股,开放申购；起购10元；日累计无限额；数据日05-25,0.00%,0.00%,9.70%,1,腾讯控股 9.70%
013486,尚正竞争优势混合发起C,混合型-偏股,开放申购；起购10元；日累计无限额；数据日05-25,0.00%,0.00%,9.70%,1,腾讯控股 9.70%
013525,富国悦享回报12个月持有期混合C,混合型-偏债,开放申购；起购10元；日累计无限额；数据日05-25,0.00%,0.00%,1.26%,2,阿里巴巴-W 0.82%; 腾讯控股 0.44%
013517,易方达悦浦一年持有混合A,混合型-偏债,开放申购；起购10元；日累计无限额；数据日05-25,0.00%,0.00%,0.39%,1,阿里巴巴-W 0.39%
013524,富国悦享回报12个月持有期混合A,混合型-偏债,开放申购；起购10元；日累计无限额；数据日05-25,0.00%,0.00%,1.26%,2,阿里巴巴-W 0.82%; 腾讯控股 0.44%
013518,易方达悦浦一年持有混合C,混合型-偏债,开放申购；起购10元；日累计无限额；数据日05-25,0.00%,0.00%,0.39%,1,阿里巴巴-W 0.39%
013548,招商享利增强债券A,债券型-混合二级,开放申购；起购10元；日累计无限额；数据日05-25,0.00%,0.00%,3.41%,2,腾讯控股 1.91%; 阿里巴巴-W 1.50%
013540,汇添富稳健睿享一年持有混合D,混合型-偏债,开放申购；起购10元；日累计无限额；数据日05-25,0.00%,0.00%,0.29%,1,腾讯控股 0.29%
013549,招商享利增强债券C,债券型-混合二级,开放申购；起购10元；日累计无限额；数据日05-25,0.00%,0.00%,3.41%,2,腾讯控股 1.91%; 阿里巴巴-W 1.50%
013576,鹏扬品质精选混合C,混合型-偏股,开放申购；起购10元；日累计无限额；数据日05-25,0.00%,0.00%,4.10%,1,腾讯控股 4.10%
013575,鹏扬品质精选混合A,混合型-偏股,开放申购；起购10元；日累计无限额；数据日05-25,0.00%,0.00%,4.10%,1,腾讯控股 4.10%
013613,宝盈国家安全沪港深股票C,股票型,限大额；起购10元；日累计50万；数据日05-25,0.00%,0.00%,4.31%,1,华虹半导体 4.31%
013610,中信保诚前瞻优势混合,混合型-偏股,开放申购；起购10元；日累计无限额；数据日05-25,0.00%,0.00%,4.48%,1,腾讯控股 4.48%
013616,广发睿智两年持有期混合发起式A,混合型-偏股,开放申购；起购10元；日累计无限额；数据日05-25,0.00%,0.00%,9.32%,2,阿里巴巴-W 5.02%; 腾讯控股 4.30%
013604,易方达均衡优选一年持有混合C,混合型-偏股,开放申购；起购10元；日累计无限额；数据日05-25,0.00%,0.00%,2.12%,1,中芯国际 2.12%
013603,易方达均衡优选一年持有混合A,混合型-偏股,开放申购；起购10元；日累计无限额；数据日05-25,0.00%,0.00%,2.12%,1,中芯国际 2.12%
013630,嘉实均衡臻选一年持有混合A,混合型-偏股,开放申购；起购10元；日累计无限额；数据日05-25,0.00%,0.00%,13.44%,2,阿里巴巴-W 7.09%; 腾讯控股 6.35%
013621,华安智能生活混合C,混合型-偏股,开放申购；起购10元；日累计无限额；数据日05-25,0.00%,0.00%,8.44%,2,阿里巴巴-W 4.94%; 腾讯控股 3.50%
013631,嘉实均衡臻选一年持有混合C,混合型-偏股,开放申购；起购10元；日累计无限额；数据日05-25,0.00%,0.00%,13.44%,2,阿里巴巴-W 7.09%; 腾讯控股 6.35%
013617,广发睿智两年持有期混合发起式C,混合型-偏股,开放申购；起购10元；日累计无限额；数据日05-25,0.00%,0.00%,9.32%,2,阿里巴巴-W 5.02%; 腾讯控股 4.30%
013636,国投瑞银策略回报混合A,混合型-偏股,开放申购；起购10元；日累计无限额；数据日05-25,0.00%,0.00%,2.91%,1,腾讯控股 2.91%
013637,国投瑞银策略回报混合C,混合型-偏股,开放申购；起购10元；日累计无限额；数据日05-25,0.00%,0.00%,2.91%,1,腾讯控股 2.91%
013693,博道盛兴一年持有期混合,混合型-偏股,开放申购；起购10元；日累计无限额；数据日05-25,0.00%,0.00%,8.97%,1,腾讯控股 8.97%
013765,平安恒泰1年持有混合A,混合型-偏债,开放申购；起购10元；日累计无限额；数据日05-25,0.00%,0.00%,0.11%,1,阿里巴巴-W 0.11%
013766,平安恒泰1年持有混合C,混合型-偏债,开放申购；起购10元；日累计无限额；数据日05-25,0.00%,0.00%,0.11%,1,阿里巴巴-W 0.11%
013785,东方红优质甄选一年持有混合C,混合型-偏债,开放申购；起购10元；日累计无限额；数据日05-25,0.00%,0.00%,0.35%,1,腾讯控股 0.35%
013824,汇丰晋信慧悦混合,混合型-偏债,开放申购；起购10元；日累计无限额；数据日05-25,0.00%,0.00%,1.51%,1,中芯国际 1.51%
013826,天弘永丰稳健养老目标一年持有混合(FOF)A,FOF-稳健型,开放申购；起购10元；日累计无限额；数据日05-21,0.00%,0.00%,1.30%,1,阿里巴巴-W 1.30%
013841,银华集成电路混合C,混合型-偏股,开放申购；起购10元；日累计无限额；数据日05-25,0.00%,0.00%,6.37%,2,中芯国际 3.19%; 华虹半导体 3.18%
013843,银华新锐成长混合C,混合型-偏股,开放申购；起购10元；日累计无限额；数据日05-25,0.00%,0.00%,4.43%,1,华虹半导体 4.43%
013840,银华集成电路混合A,混合型-偏股,开放申购；起购10元；日累计无限额；数据日05-25,0.00%,0.00%,6.37%,2,中芯国际 3.19%; 华虹半导体 3.18%
013842,银华新锐成长混合A,混合型-偏股,开放申购；起购10元；日累计无限额；数据日05-25,0.00%,0.00%,4.43%,1,华虹半导体 4.43%
013861,泓德产业升级混合A,混合型-偏股,开放申购；起购10元；日累计无限额；数据日05-25,0.00%,0.00%,2.43%,1,中芯国际 2.43%
013868,汇安优势企业精选混合C,混合型-偏股,开放申购；起购10元；日累计无限额；数据日05-25,0.00%,0.00%,3.10%,1,华虹半导体 3.10%
013880,广发招享混合C,混合型-偏债,限大额；起购10元；日累计1000万；数据日05-25,0.00%,0.00%,4.08%,2,腾讯控股 3.05%; 晶泰控股 1.03%
013862,泓德产业升级混合C,混合型-偏股,开放申购；起购10元；日累计无限额；数据日05-25,0.00%,0.00%,2.43%,1,中芯国际 2.43%
013867,汇安优势企业精选混合A,混合型-偏股,开放申购；起购10元；日累计无限额；数据日05-25,0.00%,0.00%,3.10%,1,华虹半导体 3.10%
013889,天弘沪港深新消费品牌指数C,指数型-股票,开放申购；起购10元；日累计无限额；数据日05-25,0.00%,0.00%,25.12%,3,腾讯控股 8.64%; 阿里巴巴-W 8.40%; 小米集团-W 8.08%
013888,天弘沪港深新消费品牌指数A,指数型-股票,开放申购；起购10元；日累计无限额；数据日05-25,0.00%,0.00%,25.12%,3,腾讯控股 8.64%; 阿里巴巴-W 8.40%; 小米集团-W 8.08%
013890,国泰睿毅三年持有期混合A,混合型-偏股,开放申购；起购10元；日累计无限额；数据日05-25,0.00%,0.00%,3.33%,1,阿里巴巴-W 3.33%
013891,国泰睿毅三年持有期混合C,混合型-偏股,开放申购；起购10元；日累计无限额；数据日05-25,0.00%,0.00%,3.33%,1,阿里巴巴-W 3.33%
013912,中欧招益稳健一年持有混合A,混合型-偏债,开放申购；起购10元；日累计无限额；数据日05-25,0.00%,0.00%,3.55%,1,腾讯控股 3.55%
013904,景顺长城养老2035三年持有混合(FOF)A,FOF-均衡型,开放申购；起购10元；日累计无限额；数据日05-21,0.00%,0.00%,0.62%,1,腾讯控股 0.62%
013916,国联成长先锋一年持有混合A,混合型-偏股,开放申购；起购10元；日累计无限额；数据日05-25,0.00%,0.00%,4.83%,1,腾讯控股 4.83%
013917,国联成长先锋一年持有混合C,混合型-偏股,开放申购；起购10元；日累计无限额；数据日05-25,0.00%,0.00%,4.83%,1,腾讯控股 4.83%
013913,中欧招益稳健一年持有混合C,混合型-偏债,开放申购；起购10元；日累计无限额；数据日05-25,0.00%,0.00%,3.55%,1,腾讯控股 3.55%
013945,交银中证海外中国互联网指数(LOF)C,指数型-海外股票,开放申购；起购10元；日累计无限额；数据日05-22,0.00%,0.00%,21.46%,3,腾讯控股 9.54%; 阿里巴巴-W 8.00%; 百度集团-SW 3.92%
013944,招商智星稳健配置混合(FOF-LOF)C,FOF-稳健型,开放申购；起购10元；日累计无限额；数据日05-22,0.00%,0.00%,0.31%,1,腾讯控股 0.31%
013939,汇泉策略优选混合C,混合型-偏股,开放申购；起购10元；日累计无限额；数据日05-25,0.00%,0.00%,1.97%,1,腾讯控股 1.97%
013967,广发恒享一年持有期混合A,混合型-偏债,开放申购；起购10元；日累计无限额；数据日05-25,0.00%,0.00%,1.46%,1,阿里巴巴-W 1.46%
013968,广发恒享一年持有期混合C,混合型-偏债,开放申购；起购10元；日累计无限额；数据日05-25,0.00%,0.00%,1.46%,1,阿里巴巴-W 1.46%
013992,中欧港股通精选一年持有混合C,混合型-偏股,开放申购；起购10元；日累计无限额；数据日05-25,0.00%,0.00%,14.35%,2,腾讯控股 9.24%; 阿里巴巴-W 5.11%
013991,中欧港股通精选一年持有混合A,混合型-偏股,开放申购；起购10元；日累计无限额；数据日05-25,0.00%,0.00%,14.35%,2,腾讯控股 9.24%; 阿里巴巴-W 5.11%
014001,中欧丰利债券C,债券型-混合二级,开放申购；起购10元；日累计无限额；数据日05-25,0.00%,0.00%,2.20%,2,阿里巴巴-W 1.29%; 腾讯控股 0.91%
014000,中欧丰利债券A,债券型-混合二级,开放申购；起购10元；日累计无限额；数据日05-25,0.00%,0.00%,2.20%,2,阿里巴巴-W 1.29%; 腾讯控股 0.91%
014037,博时成长回报混合C,混合型-偏股,开放申购；起购10元；日累计无限额；数据日05-25,0.00%,0.00%,4.10%,1,华虹半导体 4.10%
014036,博时成长回报混合A,混合型-偏股,开放申购；起购10元；日累计无限额；数据日05-25,0.00%,0.00%,4.10%,1,华虹半导体 4.10%
014043,银华心怡灵活配置混合C,混合型-灵活,开放申购；起购10元；日累计无限额；数据日05-25,0.00%,0.00%,36.89%,5,腾讯控股 9.40%; 阿里巴巴-W 8.43%; 中芯国际 8.03%; 金山云 5.80%; 华虹半导体 5.23%
014042,银华心诚灵活配置混合C,混合型-灵活,开放申购；起购10元；日累计无限额；数据日05-25,0.00%,0.00%,36.82%,5,腾讯控股 9.07%; 阿里巴巴-W 8.98%; 中芯国际 7.79%; 金山云 6.22%; 华虹半导体 4.76%
014045,银华积极成长混合C,混合型-偏股,开放申购；起购10元；日累计无限额；数据日05-25,0.00%,0.00%,4.43%,1,腾讯控股 4.43%
014052,银华港股通精选股票发起式C,股票型,开放申购；起购10元；日累计无限额；数据日05-25,0.00%,0.00%,21.75%,4,腾讯控股 6.01%; 华虹半导体 5.70%; 阿里巴巴-W 5.08%; 中芯国际 4.96%
014053,太平睿庆混合A,混合型-偏债,开放申购；起购10元；日累计无限额；数据日05-25,0.00%,0.00%,1.49%,1,腾讯控股 1.49%
014054,太平睿庆混合C,混合型-偏债,开放申购；起购10元；日累计无限额；数据日05-25,0.00%,0.00%,1.49%,1,腾讯控股 1.49%
014080,交银启汇混合C,混合型-偏股,开放申购；起购10元；日累计无限额；数据日05-25,0.00%,0.00%,2.97%,1,腾讯控股 2.97%
014095,南方誉盈一年持有混合C,混合型-偏债,开放申购；起购10元；日累计无限额；数据日05-25,0.00%,0.00%,3.19%,2,腾讯控股 1.93%; 中芯国际 1.26%
014094,南方誉盈一年持有混合A,混合型-偏债,开放申购；起购10元；日累计无限额；数据日05-25,0.00%,0.00%,3.19%,2,腾讯控股 1.93%; 中芯国际 1.26%
014107,博时品质生活混合A,混合型-偏股,开放申购；起购10元；日累计无限额；数据日05-25,0.00%,0.00%,8.39%,1,腾讯控股 8.39%
014108,博时品质生活混合C,混合型-偏股,开放申购；起购10元；日累计无限额；数据日05-25,0.00%,0.00%,8.39%,1,腾讯控股 8.39%
014148,景顺长城安鼎一年持有期混合A,混合型-偏债,开放申购；起购10元；日累计无限额；数据日05-25,0.00%,0.00%,1.94%,1,腾讯控股 1.94%
014149,景顺长城安鼎一年持有期混合C,混合型-偏债,开放申购；起购10元；日累计无限额；数据日05-25,0.00%,0.00%,1.94%,1,腾讯控股 1.94%
014163,富国港股通量化精选股票C,股票型,开放申购；起购10元；日累计无限额；数据日05-25,0.00%,0.00%,16.43%,2,腾讯控股 9.37%; 阿里巴巴-W 7.06%
014175,工银价值成长混合A,混合型-偏股,开放申购；起购10元；日累计无限额；数据日05-25,0.00%,0.00%,2.92%,1,华虹半导体 2.92%
014177,华安景气驱动一年持有混合A,混合型-偏股,开放申购；起购10元；日累计无限额；数据日05-25,0.00%,0.00%,8.22%,2,阿里巴巴-W 4.88%; 腾讯控股 3.34%
014193,汇添富中证芯片产业指数增强发起式A,指数型-股票,开放申购；起购10元；日累计无限额；数据日05-25,0.00%,0.00%,1.98%,1,中芯国际 1.98%
014176,工银价值成长混合C,混合型-偏股,开放申购；起购10元；日累计无限额；数据日05-25,0.00%,0.00%,2.92%,1,华虹半导体 2.92%
014178,华安景气驱动一年持有混合C,混合型-偏股,开放申购；起购10元；日累计无限额；数据日05-25,0.00%,0.00%,8.22%,2,阿里巴巴-W 4.88%; 腾讯控股 3.34%
014200,建信沃信一年持有混合C,混合型-偏股,开放申购；起购10元；日累计无限额；数据日05-25,0.00%,0.00%,9.14%,1,腾讯控股 9.14%
014194,汇添富中证芯片产业指数增强发起式C,指数型-股票,开放申购；起购10元；日累计无限额；数据日05-25,0.00%,0.00%,1.98%,1,中芯国际 1.98%
014219,汇添富中证科创创业50指数增强发起式C,指数型-股票,开放申购；起购10元；日累计无限额；数据日05-25,0.00%,0.00%,3.07%,1,中芯国际 3.07%
014211,国投瑞银竞争优势混合C,混合型-偏股,开放申购；起购10元；日累计无限额；数据日05-25,0.00%,0.00%,7.88%,2,腾讯控股 4.03%; 阿里巴巴-W 3.85%
014214,光大核心资产混合A,混合型-偏股,开放申购；起购10元；日累计无限额；数据日05-25,0.00%,0.00%,8.83%,2,腾讯控股 5.14%; 阿里巴巴-W 3.69%
014218,汇添富中证科创创业50指数增强发起式A,指数型-股票,开放申购；起购10元；日累计无限额；数据日05-25,0.00%,0.00%,3.07%,1,中芯国际 3.07%
014199,建信沃信一年持有混合A,混合型-偏股,开放申购；起购10元；日累计无限额；数据日05-25,0.00%,0.00%,9.14%,1,腾讯控股 9.14%
014215,光大核心资产混合C,混合型-偏股,开放申购；起购10元；日累计无限额；数据日05-25,0.00%,0.00%,8.83%,2,腾讯控股 5.14%; 阿里巴巴-W 3.69%
014229,浦银安盛品质优选混合C,混合型-偏股,开放申购；起购10元；日累计无限额；数据日05-25,0.00%,0.00%,13.41%,2,腾讯控股 8.25%; 小米集团-W 5.16%
014210,国投瑞银竞争优势混合A,混合型-偏股,开放申购；起购10元；日累计无限额；数据日05-25,0.00%,0.00%,7.88%,2,腾讯控股 4.03%; 阿里巴巴-W 3.85%
014228,浦银安盛品质优选混合A,混合型-偏股,开放申购；起购10元；日累计无限额；数据日05-25,0.00%,0.00%,13.41%,2,腾讯控股 8.25%; 小米集团-W 5.16%
014236,淳厚时代优选混合C,混合型-偏股,开放申购；起购10元；日累计无限额；数据日05-25,0.00%,0.00%,1.91%,1,金山云 1.91%
014239,国泰产业精选混合C,混合型-偏股,开放申购；起购10元；日累计无限额；数据日05-25,0.00%,0.00%,8.46%,2,阿里巴巴-W 4.66%; 腾讯控股 3.80%
014245,鹏扬竞争力先锋一年持有混合C,混合型-偏股,开放申购；起购10元；日累计无限额；数据日05-25,0.00%,0.00%,9.09%,1,腾讯控股 9.09%
014244,鹏扬竞争力先锋一年持有混合A,混合型-偏股,开放申购；起购10元；日累计无限额；数据日05-25,0.00%,0.00%,9.09%,1,腾讯控股 9.09%
014262,摩根沃享远见一年持有期混合C,混合型-偏股,开放申购；起购10元；日累计无限额；数据日05-25,0.00%,0.00%,9.42%,2,腾讯控股 6.56%; 中芯国际 2.86%
014261,摩根沃享远见一年持有期混合A,混合型-偏股,开放申购；起购10元；日累计无限额；数据日05-25,0.00%,0.00%,9.42%,2,腾讯控股 6.56%; 中芯国际 2.86%
014235,淳厚时代优选混合A,混合型-偏股,开放申购；起购10元；日累计无限额；数据日05-25,0.00%,0.00%,1.91%,1,金山云 1.91%
014287,泰康新锐成长混合A,混合型-偏股,开放申购；起购10元；日累计无限额；数据日05-25,0.00%,0.00%,12.08%,3,腾讯控股 5.14%; 阿里巴巴-W 3.49%; 中芯国际 3.45%
014291,东方红民享甄选一年持有混合,混合型-偏债,开放申购；起购10元；日累计0元；数据日05-25,0.00%,0.00%,2.16%,2,腾讯控股 1.13%; 阿里巴巴-W 1.03%
014299,宏利先进制造股票A,股票型,开放申购；起购10元；日累计无限额；数据日05-25,0.00%,0.00%,8.33%,1,中芯国际 8.33%
014300,宏利先进制造股票C,股票型,开放申购；起购10元；日累计无限额；数据日05-25,0.00%,0.00%,8.33%,1,中芯国际 8.33%
014319,德邦半导体产业混合发起式A,混合型-偏股,开放申购；起购10元；日累计无限额；数据日05-25,0.00%,0.00%,9.57%,2,中芯国际 5.24%; 华虹半导体 4.33%
014317,广发价值领航一年持有混合A,混合型-偏股,开放申购；起购10元；日累计无限额；数据日05-25,0.00%,0.00%,12.68%,2,阿里巴巴-W 6.36%; 腾讯控股 6.32%
014330,国联优势产业混合C,混合型-偏股,开放申购；起购10元；日累计无限额；数据日05-25,0.00%,0.00%,2.59%,1,腾讯控股 2.59%
014333,工银优势领航混合A,混合型-偏股,开放申购；起购10元；日累计无限额；数据日05-25,0.00%,0.00%,5.00%,1,腾讯控股 5.00%
014318,广发价值领航一年持有混合C,混合型-偏股,开放申购；起购10元；日累计无限额；数据日05-25,0.00%,0.00%,12.68%,2,阿里巴巴-W 6.36%; 腾讯控股 6.32%
014329,国联优势产业混合A,混合型-偏股,开放申购；起购10元；日累计无限额；数据日05-25,0.00%,0.00%,2.59%,1,腾讯控股 2.59%
014334,工银优势领航混合C,混合型-偏股,开放申购；起购10元；日累计无限额；数据日05-25,0.00%,0.00%,5.00%,1,腾讯控股 5.00%
014320,德邦半导体产业混合发起式C,混合型-偏股,开放申购；起购10元；日累计无限额；数据日05-25,0.00%,0.00%,9.57%,2,中芯国际 5.24%; 华虹半导体 4.33%
014346,银华消费主题混合C,混合型-偏股,开放申购；起购10元；日累计无限额；数据日05-25,0.00%,0.00%,5.68%,1,阿里巴巴-W 5.68%
014353,东方创新成长混合C,混合型-偏股,开放申购；起购10元；日累计无限额；数据日05-25,0.00%,0.00%,8.59%,1,金山云 8.59%
014363,睿远稳进配置两年持有混合C,混合型-偏债,开放申购；起购10元；日累计0元；数据日05-25,0.00%,0.00%,3.40%,1,腾讯控股 3.40%
014352,东方创新成长混合A,混合型-偏股,开放申购；起购10元；日累计无限额；数据日05-25,0.00%,0.00%,8.59%,1,金山云 8.59%
014385,华富安业一年持有债券A,债券型-混合二级,开放申购；起购10元；日累计无限额；数据日05-25,0.00%,0.00%,0.34%,1,腾讯控股 0.34%
014373,浙商全景消费混合C,混合型-偏股,开放申购；起购10元；日累计无限额；数据日05-25,0.00%,0.00%,8.14%,2,腾讯控股 4.20%; 阿里巴巴-W 3.94%
014362,睿远稳进配置两年持有混合A,混合型-偏债,开放申购；起购10元；日累计0元；数据日05-25,0.00%,0.00%,3.40%,1,腾讯控股 3.40%
014374,景顺长城隽丰平衡养老三年持有混合(FOF)A,FOF-均衡型,开放申购；起购10元；日累计无限额；数据日05-21,0.00%,0.00%,0.89%,1,腾讯控股 0.89%
014398,中银恒悦180天持有债券C,债券型-混合二级,开放申购；起购10元；日累计无限额；数据日05-25,0.00%,0.00%,0.30%,1,阿里巴巴-W 0.30%
014397,中银恒悦180天持有债券A,债券型-混合二级,开放申购；起购10元；日累计无限额；数据日05-25,0.00%,0.00%,0.30%,1,阿里巴巴-W 0.30%
014386,华富安业一年持有债券C,债券型-混合二级,开放申购；起购10元；日累计无限额；数据日05-25,0.00%,0.00%,0.34%,1,腾讯控股 0.34%
014389,华安产业动力6个月持有混合A,混合型-偏股,开放申购；起购10元；日累计无限额；数据日05-25,0.00%,0.00%,2.66%,1,阿里巴巴-W 2.66%
014390,华安产业动力6个月持有混合C,混合型-偏股,开放申购；起购10元；日累计无限额；数据日05-25,0.00%,0.00%,2.66%,1,阿里巴巴-W 2.66%
014419,西部利得CES芯片指数增强C,指数型-股票,开放申购；起购10元；日累计无限额；数据日05-25,0.00%,0.00%,5.16%,1,中芯国际 5.16%
014400,中银民利一年持有期债券C,债券型-混合二级,开放申购；起购10元；日累计无限额；数据日05-25,0.00%,0.00%,0.30%,1,阿里巴巴-W 0.30%
014399,中银民利一年持有期债券A,债券型-混合二级,开放申购；起购10元；日累计无限额；数据日05-25,0.00%,0.00%,0.30%,1,阿里巴巴-W 0.30%
014417,泰康研究精选股票发起C,股票型,开放申购；起购10元；日累计无限额；数据日05-25,0.00%,0.00%,2.73%,1,华虹半导体 2.73%
014416,泰康研究精选股票发起A,股票型,开放申购；起购10元；日累计无限额；数据日05-25,0.00%,0.00%,2.73%,1,华虹半导体 2.73%
014418,西部利得CES芯片指数增强A,指数型-股票,开放申购；起购10元；日累计无限额；数据日05-25,0.00%,0.00%,5.16%,1,中芯国际 5.16%
014422,弘毅远方消费升级混合C,混合型-偏股,开放申购；起购10元；日累计无限额；数据日05-25,0.00%,0.00%,3.97%,1,阿里巴巴-W 3.97%
014472,景顺长城远见成长混合A,混合型-偏股,开放申购；起购10元；日累计无限额；数据日05-25,0.00%,0.00%,6.17%,1,中芯国际 6.17%
014483,华夏融盛可持续一年持有混合C,混合型-偏股,开放申购；起购10元；日累计无限额；数据日05-25,0.00%,0.00%,15.23%,2,腾讯控股 9.39%; 中芯国际 5.84%
014473,景顺长城远见成长混合C,混合型-偏股,开放申购；起购10元；日累计无限额；数据日05-25,0.00%,0.00%,6.17%,1,中芯国际 6.17%
014509,汇添富先进制造混合C,混合型-偏股,开放申购；起购10元；日累计无限额；数据日05-25,0.00%,0.00%,8.09%,1,中芯国际 8.09%
014482,华夏融盛可持续一年持有混合A,混合型-偏股,开放申购；起购10元；日累计无限额；数据日05-25,0.00%,0.00%,15.23%,2,腾讯控股 9.39%; 中芯国际 5.84%
014508,汇添富先进制造混合A,混合型-偏股,开放申购；起购10元；日累计无限额；数据日05-25,0.00%,0.00%,8.09%,1,中芯国际 8.09%
014527,汇添富中盘潜力增长一年持有混合C,混合型-偏股,开放申购；起购10元；日累计无限额；数据日05-25,0.00%,0.00%,4.17%,1,华虹半导体 4.17%
014526,汇添富中盘潜力增长一年持有混合A,混合型-偏股,开放申购；起购10元；日累计无限额；数据日05-25,0.00%,0.00%,4.17%,1,华虹半导体 4.17%
014538,长城研究精选混合C,混合型-偏股,开放申购；起购10元；日累计无限额；数据日05-25,0.00%,0.00%,3.41%,1,阿里巴巴-W 3.41%
014573,东方红锦弘甄选两年持有混合,混合型-偏债,开放申购；起购10元；日累计无限额；数据日05-25,0.00%,0.00%,6.71%,2,腾讯控股 3.67%; 阿里巴巴-W 3.04%
014592,广发瑞誉一年持有期混合C,混合型-偏股,开放申购；起购10元；日累计无限额；数据日05-25,0.00%,0.00%,11.81%,2,阿里巴巴-W 6.97%; 腾讯控股 4.84%
014593,西部利得聚优一年持有期混合,混合型-偏债,开放申购；起购10元；日累计无限额；数据日05-25,0.00%,0.00%,0.44%,1,腾讯控股 0.44%
014585,银华心兴三年持有混合A,混合型-偏股,开放申购；起购10元；日累计无限额；数据日05-25,0.00%,0.00%,35.94%,5,腾讯控股 8.44%; 阿里巴巴-W 8.00%; 中芯国际 7.77%; 华虹半导体 5.94%; 金山云 5.79%
014586,银华心兴三年持有混合C,混合型-偏股,开放申购；起购10元；日累计无限额；数据日05-25,0.00%,0.00%,35.94%,5,腾讯控股 8.44%; 阿里巴巴-W 8.00%; 中芯国际 7.77%; 华虹半导体 5.94%; 金山云 5.79%
014591,广发瑞誉一年持有期混合A,混合型-偏股,开放申购；起购10元；日累计无限额；数据日05-25,0.00%,0.00%,11.81%,2,阿里巴巴-W 6.97%; 腾讯控股 4.84%
014653,建信卓越成长一年持有混合A,混合型-偏股,开放申购；起购10元；日累计无限额；数据日05-25,0.00%,0.00%,3.82%,1,腾讯控股 3.82%
014654,建信卓越成长一年持有混合C,混合型-偏股,开放申购；起购10元；日累计无限额；数据日05-25,0.00%,0.00%,3.82%,1,腾讯控股 3.82%
014672,富国裕利债券C,债券型-混合二级,暂停申购；当前不可场外申购；数据日05-25,0.00%,0.00%,0.40%,1,腾讯控股 0.40%
014671,富国裕利债券A,债券型-混合二级,开放申购；起购10元；日累计无限额；数据日05-25,0.00%,0.00%,0.40%,1,腾讯控股 0.40%
014698,南方誉稳一年持有混合C,混合型-偏债,开放申购；起购10元；日累计无限额；数据日05-25,0.00%,0.00%,4.17%,3,腾讯控股 1.89%; 中芯国际 1.24%; 阿里巴巴-W 1.04%
014677,中信保诚至远动力混合E,混合型-偏股,开放申购；起购10元；日累计无限额；数据日05-25,0.00%,0.00%,3.62%,1,腾讯控股 3.62%
014697,南方誉稳一年持有混合A,混合型-偏债,开放申购；起购10元；日累计无限额；数据日05-25,0.00%,0.00%,4.17%,3,腾讯控股 1.89%; 中芯国际 1.24%; 阿里巴巴-W 1.04%
014704,博时时代领航混合C,混合型-偏股,开放申购；起购1元；日累计0元；数据日05-25,0.00%,0.00%,1.98%,1,腾讯控股 1.98%
014703,博时时代领航混合A,混合型-偏股,开放申购；起购1元；日累计0元；数据日05-25,0.00%,0.00%,1.98%,1,腾讯控股 1.98%
014729,前海开源新兴产业混合C,混合型-偏股,开放申购；起购10元；日累计无限额；数据日05-25,0.00%,0.00%,6.25%,1,阿里巴巴-W 6.25%
014731,华富荣盛一年持有期混合C,混合型-偏债,开放申购；起购10元；日累计无限额；数据日05-25,0.00%,0.00%,1.28%,1,腾讯控股 1.28%
014730,华富荣盛一年持有期混合A,混合型-偏债,开放申购；起购10元；日累计无限额；数据日05-25,0.00%,0.00%,1.28%,1,腾讯控股 1.28%
014755,华安景气优选混合C,混合型-偏股,开放申购；起购10元；日累计无限额；数据日05-25,0.00%,0.00%,8.58%,2,阿里巴巴-W 4.98%; 腾讯控股 3.60%
014747,贝莱德港股通远景视野混合C,混合型-偏股,开放申购；起购10元；日累计无限额；数据日05-25,0.00%,0.00%,14.63%,2,腾讯控股 9.19%; 阿里巴巴-W 5.44%
014754,华安景气优选混合A,混合型-偏股,开放申购；起购10元；日累计无限额；数据日05-25,0.00%,0.00%,8.58%,2,阿里巴巴-W 4.98%; 腾讯控股 3.60%
014746,贝莱德港股通远景视野混合A,混合型-偏股,开放申购；起购10元；日累计无限额；数据日05-25,0.00%,0.00%,14.63%,2,腾讯控股 9.19%; 阿里巴巴-W 5.44%
014798,富国融悦12个月持有期混合C,混合型-偏股,开放申购；起购1元；日累计0元；数据日05-25,0.00%,0.00%,4.50%,1,腾讯控股 4.50%
014794,富国远见优选混合A,混合型-偏股,开放申购；起购10元；日累计无限额；数据日05-25,0.00%,0.00%,4.29%,1,腾讯控股 4.29%
014795,富国远见优选混合C,混合型-偏股,开放申购；起购10元；日累计无限额；数据日05-25,0.00%,0.00%,4.29%,1,腾讯控股 4.29%
014818,国金新兴价值混合A,混合型-偏股,开放申购；起购10元；日累计无限额；数据日05-25,0.00%,0.00%,10.09%,2,华虹半导体 5.53%; 阿里巴巴-W 4.56%
014819,国金新兴价值混合C,混合型-偏股,开放申购；起购10元；日累计无限额；数据日05-25,0.00%,0.00%,10.09%,2,华虹半导体 5.53%; 阿里巴巴-W 4.56%
014797,富国融悦12个月持有期混合A,混合型-偏股,开放申购；起购1元；日累计0元；数据日05-25,0.00%,0.00%,4.50%,1,腾讯控股 4.50%
014825,汇泉兴至未来一年持有混合A,混合型-偏股,开放申购；起购10元；日累计无限额；数据日05-25,0.00%,0.00%,20.13%,3,中芯国际 7.46%; 阿里巴巴-W 6.48%; 腾讯控股 6.19%
014826,汇泉兴至未来一年持有混合C,混合型-偏股,开放申购；起购10元；日累计无限额；数据日05-25,0.00%,0.00%,20.13%,3,中芯国际 7.46%; 阿里巴巴-W 6.48%; 腾讯控股 6.19%
014840,招商裕华混合,混合型-偏股,开放申购；起购10元；日累计无限额；数据日05-25,0.00%,0.00%,20.07%,4,腾讯控股 7.63%; 阿里巴巴-W 6.31%; 中芯国际 3.59%; 华虹半导体 2.54%
014864,建信食品饮料行业股票C,股票型,开放申购；起购10元；日累计无限额；数据日05-25,0.00%,0.00%,6.07%,1,腾讯控股 6.07%
014913,博时研究回报混合A,混合型-偏股,开放申购；起购10元；日累计无限额；数据日05-25,0.00%,0.00%,4.18%,1,腾讯控股 4.18%
014920,银华心选一年持有期混合C,混合型-偏股,开放申购；起购10元；日累计无限额；数据日05-25,0.00%,0.00%,6.60%,1,腾讯控股 6.60%
014919,银华心选一年持有期混合A,混合型-偏股,开放申购；起购10元；日累计无限额；数据日05-25,0.00%,0.00%,6.60%,1,腾讯控股 6.60%
014922,华夏ESG可持续投资一年持有混合A,混合型-偏股,开放申购；起购10元；日累计无限额；数据日05-25,0.00%,0.00%,9.22%,2,腾讯控股 4.77%; 中芯国际 4.45%
014923,华夏ESG可持续投资一年持有混合C,混合型-偏股,开放申购；起购10元；日累计无限额；数据日05-25,0.00%,0.00%,9.22%,2,腾讯控股 4.77%; 中芯国际 4.45%
014914,博时研究回报混合C,混合型-偏股,开放申购；起购10元；日累计无限额；数据日05-25,0.00%,0.00%,4.18%,1,腾讯控股 4.18%
014945,蜂巢润和六个月持有期混合C,混合型-偏债,开放申购；起购10元；日累计无限额；数据日05-25,0.00%,0.00%,1.94%,1,腾讯控股 1.94%
014946,南方高质量优选混合A,混合型-偏股,开放申购；起购10元；日累计无限额；数据日05-25,0.00%,0.00%,4.03%,1,腾讯控股 4.03%
014947,南方高质量优选混合C,混合型-偏股,开放申购；起购10元；日累计无限额；数据日05-25,0.00%,0.00%,4.03%,1,腾讯控股 4.03%
014944,蜂巢润和六个月持有期混合A,混合型-偏债,开放申购；起购10元；日累计无限额；数据日05-25,0.00%,0.00%,1.94%,1,腾讯控股 1.94%
014972,华安沪港深外延增长灵活配置混合C,混合型-灵活,开放申购；起购10元；日累计无限额；数据日05-25,0.00%,0.00%,8.59%,2,阿里巴巴-W 4.95%; 腾讯控股 3.64%
014970,华安低碳生活混合C,混合型-偏股,开放申购；起购10元；日累计无限额；数据日05-25,0.00%,0.00%,6.74%,1,阿里巴巴-W 6.74%
014963,交银先进制造混合C,混合型-偏股,开放申购；起购10元；日累计无限额；数据日05-25,0.00%,0.00%,3.26%,1,腾讯控股 3.26%
015012,浦银安盛安弘回报一年持有混合A,混合型-偏债,开放申购；起购10元；日累计无限额；数据日05-25,0.00%,0.00%,0.76%,1,腾讯控股 0.76%
015013,浦银安盛安弘回报一年持有混合C,混合型-偏债,开放申购；起购10元；日累计无限额；数据日05-25,0.00%,0.00%,0.76%,1,腾讯控股 0.76%
015030,博时远见回报混合A,混合型-偏股,开放申购；起购10元；日累计无限额；数据日05-25,0.00%,0.00%,11.88%,2,中芯国际 7.31%; 华虹半导体 4.57%
015031,博时远见回报混合C,混合型-偏股,开放申购；起购10元；日累计无限额；数据日05-25,0.00%,0.00%,11.88%,2,中芯国际 7.31%; 华虹半导体 4.57%
015035,银华核心动力精选混合A,混合型-偏股,开放申购；起购10元；日累计无限额；数据日05-25,0.00%,0.00%,3.83%,1,中芯国际 3.83%
015036,银华核心动力精选混合C,混合型-偏股,开放申购；起购10元；日累计无限额；数据日05-25,0.00%,0.00%,3.83%,1,中芯国际 3.83%
015026,鹏华增华混合A,混合型-偏股,开放申购；起购10元；日累计无限额；数据日05-25,0.00%,0.00%,7.31%,1,腾讯控股 7.31%
015027,鹏华增华混合C,混合型-偏股,开放申购；起购10元；日累计无限额；数据日05-25,0.00%,0.00%,7.31%,1,腾讯控股 7.31%
015056,百嘉百盛混合,混合型-偏股,开放申购；起购10元；日累计无限额；数据日05-25,0.00%,0.00%,11.74%,2,阿里巴巴-W 6.37%; 金山云 5.37%
015059,华夏产业升级混合C,混合型-偏股,开放申购；起购10元；日累计无限额；数据日05-25,0.00%,0.00%,6.57%,1,阿里巴巴-W 6.57%
015092,汇安远见成长混合A,混合型-偏股,开放申购；起购10元；日累计无限额；数据日05-25,0.00%,0.00%,11.38%,2,腾讯控股 7.85%; 中芯国际 3.53%
015093,汇安远见成长混合C,混合型-偏股,开放申购；起购10元；日累计无限额；数据日05-25,0.00%,0.00%,11.38%,2,腾讯控股 7.85%; 中芯国际 3.53%
015105,博道研究恒选混合C,混合型-偏股,开放申购；起购10元；日累计无限额；数据日05-25,0.00%,0.00%,3.11%,2,腾讯控股 1.57%; 阿里巴巴-W 1.54%
015103,东方红ESG可持续投资混合C,混合型-偏股,开放申购；起购10元；日累计无限额；数据日05-25,0.00%,0.00%,3.60%,1,中芯国际 3.60%
015104,博道研究恒选混合A,混合型-偏股,开放申购；起购10元；日累计无限额；数据日05-25,0.00%,0.00%,3.11%,2,腾讯控股 1.57%; 阿里巴巴-W 1.54%
015102,东方红ESG可持续投资混合A,混合型-偏股,开放申购；起购10元；日累计无限额；数据日05-25,0.00%,0.00%,3.60%,1,中芯国际 3.60%
015116,汇添富大盘核心资产混合C,混合型-偏股,开放申购；起购10元；日累计无限额；数据日05-25,0.00%,0.00%,3.41%,1,阿里巴巴-W 3.41%
015118,汇添富沪港深大盘价值混合C,混合型-偏股,开放申购；起购10元；日累计无限额；数据日05-25,0.00%,0.00%,19.11%,3,腾讯控股 8.53%; 阿里巴巴-W 7.60%; 晶泰控股 2.98%
015119,汇添富沪港深大盘价值混合D,混合型-偏股,开放申购；起购10元；日累计0元；数据日05-25,0.00%,0.00%,19.11%,3,腾讯控股 8.53%; 阿里巴巴-W 7.60%; 晶泰控股 2.98%
015117,汇添富大盘核心资产混合D,混合型-偏股,开放申购；起购10元；日累计0元；数据日05-25,0.00%,0.00%,3.41%,1,阿里巴巴-W 3.41%
015144,中欧智能制造混合C,混合型-偏股,开放申购；起购10元；日累计无限额；数据日05-25,0.00%,0.00%,12.72%,2,阿里巴巴-W 7.94%; 中芯国际 4.78%
015143,中欧智能制造混合A,混合型-偏股,开放申购；起购10元；日累计无限额；数据日05-25,0.00%,0.00%,12.72%,2,阿里巴巴-W 7.94%; 中芯国际 4.78%
015161,南方宝嘉混合C,混合型-偏债,开放申购；起购10元；日累计无限额；数据日05-25,0.00%,0.00%,1.77%,2,腾讯控股 0.93%; 阿里巴巴-W 0.84%
015160,南方宝嘉混合A,混合型-偏债,开放申购；起购10元；日累计无限额；数据日05-25,0.00%,0.00%,1.77%,2,腾讯控股 0.93%; 阿里巴巴-W 0.84%
015183,汇添富文体娱乐混合C,混合型-偏股,限大额；起购10元；日累计2000万；数据日05-25,0.00%,0.00%,4.09%,1,腾讯控股 4.09%
015184,汇添富文体娱乐混合D,混合型-偏股,限大额；起购10元；日累计0元；数据日05-25,0.00%,0.00%,4.09%,1,腾讯控股 4.09%
015188,汇添富消费升级混合D,混合型-偏股,开放申购；起购10元；日累计0元；数据日05-25,0.00%,0.00%,9.17%,1,腾讯控股 9.17%
015197,汇添富智能制造股票D,股票型,开放申购；起购10元；日累计0元；数据日05-25,0.00%,0.00%,8.28%,1,中芯国际 8.28%
015196,汇添富智能制造股票C,股票型,开放申购；起购10元；日累计无限额；数据日05-25,0.00%,0.00%,8.28%,1,中芯国际 8.28%
015187,汇添富消费升级混合C,混合型-偏股,开放申购；起购10元；日累计无限额；数据日05-25,0.00%,0.00%,9.17%,1,腾讯控股 9.17%
015219,鹏扬产业智选一年持有混合A,混合型-偏股,开放申购；起购10元；日累计无限额；数据日05-25,0.00%,0.00%,10.53%,2,腾讯控股 6.34%; 中芯国际 4.19%
015220,鹏扬产业智选一年持有混合C,混合型-偏股,开放申购；起购10元；日累计无限额；数据日05-25,0.00%,0.00%,10.53%,2,腾讯控股 6.34%; 中芯国际 4.19%
015223,汇添富进取成长混合A,混合型-偏股,开放申购；起购10元；日累计无限额；数据日05-25,0.00%,0.00%,3.89%,1,腾讯控股 3.89%
015227,华夏创新研选混合A,混合型-偏股,开放申购；起购10元；日累计无限额；数据日05-25,0.00%,0.00%,18.65%,2,阿里巴巴-W 10.31%; 腾讯控股 8.34%
015228,华夏创新研选混合C,混合型-偏股,开放申购；起购10元；日累计无限额；数据日05-25,0.00%,0.00%,18.65%,2,阿里巴巴-W 10.31%; 腾讯控股 8.34%
015236,国寿安保稳泽两年持有混合C,混合型-偏债,开放申购；起购1元；日累计0元；数据日05-25,0.00%,0.00%,0.30%,1,腾讯控股 0.30%
015224,汇添富进取成长混合C,混合型-偏股,开放申购；起购10元；日累计无限额；数据日05-25,0.00%,0.00%,3.89%,1,腾讯控股 3.89%
015240,山证资管裕享增强债券发起式C,债券型-混合二级,开放申购；起购10元；日累计无限额；数据日05-25,0.00%,0.00%,0.48%,1,腾讯控股 0.48%
015235,国寿安保稳泽两年持有混合A,混合型-偏债,开放申购；起购1元；日累计0元；数据日05-25,0.00%,0.00%,0.30%,1,腾讯控股 0.30%
015239,山证资管裕享增强债券发起式A,债券型-混合二级,开放申购；起购10元；日累计无限额；数据日05-25,0.00%,0.00%,0.48%,1,腾讯控股 0.48%
015269,招商瑞联1年持有混合C,混合型-偏债,开放申购；起购10元；日累计无限额；数据日05-25,0.00%,0.00%,0.37%,1,腾讯控股 0.37%
015268,招商瑞联1年持有混合A,混合型-偏债,开放申购；起购10元；日累计无限额；数据日05-25,0.00%,0.00%,0.37%,1,腾讯控股 0.37%
015285,国投瑞银产业转型一年持有混合A,混合型-偏股,开放申购；起购10元；日累计无限额；数据日05-25,0.00%,0.00%,6.02%,1,腾讯控股 6.02%
015286,国投瑞银产业转型一年持有混合C,混合型-偏股,开放申购；起购10元；日累计无限额；数据日05-25,0.00%,0.00%,6.02%,1,腾讯控股 6.02%
015303,鹏扬丰融价值先锋一年持有混合A,混合型-偏股,开放申购；起购10元；日累计无限额；数据日05-25,0.00%,0.00%,8.89%,1,腾讯控股 8.89%
015306,银华鑫峰混合C,混合型-偏股,开放申购；起购10元；日累计无限额；数据日05-25,0.00%,0.00%,1.80%,1,阿里巴巴-W 1.80%
015304,鹏扬丰融价值先锋一年持有混合C,混合型-偏股,开放申购；起购10元；日累计无限额；数据日05-25,0.00%,0.00%,8.89%,1,腾讯控股 8.89%
015305,银华鑫峰混合A,混合型-偏股,开放申购；起购10元；日累计无限额；数据日05-25,0.00%,0.00%,1.80%,1,阿里巴巴-W 1.80%
015344,长安优势行业混合C,混合型-偏股,开放申购；起购10元；日累计无限额；数据日05-25,0.00%,0.00%,6.53%,1,腾讯控股 6.53%
015357,摩根慧享成长混合A,混合型-偏股,开放申购；起购10元；日累计无限额；数据日05-25,0.00%,0.00%,3.05%,1,腾讯控股 3.05%
015343,长安优势行业混合A,混合型-偏股,开放申购；起购10元；日累计无限额；数据日05-25,0.00%,0.00%,6.53%,1,腾讯控股 6.53%
015358,摩根慧享成长混合C,混合型-偏股,开放申购；起购10元；日累计无限额；数据日05-25,0.00%,0.00%,3.05%,1,腾讯控股 3.05%
015346,摩根健康品质生活混合C,混合型-偏股,开放申购；起购10元；日累计无限额；数据日05-25,0.00%,0.00%,18.15%,2,阿里巴巴-W 9.10%; 腾讯控股 9.05%
015413,西部利得数字产业混合C,混合型-偏股,开放申购；起购10元；日累计无限额；数据日05-25,0.00%,0.00%,9.46%,1,金山云 9.46%
015409,景顺长城成长趋势股票C,股票型,开放申购；起购10元；日累计无限额；数据日05-25,0.00%,0.00%,14.42%,2,阿里巴巴-W 7.87%; 中芯国际 6.55%
015412,西部利得数字产业混合A,混合型-偏股,开放申购；起购10元；日累计无限额；数据日05-25,0.00%,0.00%,9.46%,1,金山云 9.46%
015408,景顺长城成长趋势股票A,股票型,开放申购；起购10元；日累计无限额；数据日05-25,0.00%,0.00%,14.42%,2,阿里巴巴-W 7.87%; 中芯国际 6.55%
015464,兴全兴益债券A,债券型-混合二级,开放申购；起购10元；日累计无限额；数据日05-25,0.00%,0.00%,0.32%,1,阿里巴巴-W 0.32%
015465,兴全兴益债券C,债券型-混合二级,开放申购；起购10元；日累计无限额；数据日05-25,0.00%,0.00%,0.32%,1,阿里巴巴-W 0.32%
015481,中欧睿见混合C,混合型-偏股,开放申购；起购10元；日累计无限额；数据日05-25,0.00%,0.00%,11.92%,2,阿里巴巴-W 6.31%; 腾讯控股 5.61%
015521,建信兴晟优选一年持有混合A,混合型-偏股,开放申购；起购10元；日累计无限额；数据日05-25,0.00%,0.00%,7.51%,2,腾讯控股 3.86%; 阿里巴巴-W 3.65%
015504,华夏兴夏价值一年持有混合发起式A,混合型-偏股,未在天天基金申购状态总表匹配,0.00%,0.00%,3.57%,1,腾讯控股 3.57%
015527,弘毅远方汽车产业升级混合A,混合型-偏股,开放申购；起购10元；日累计无限额；数据日05-25,0.00%,0.00%,11.37%,2,中芯国际 6.36%; 华虹半导体 5.01%
015545,大成标普500等权重指数(QDII)C美元,指数型-海外股票,限大额；起购1元；日累计0元；数据日05-22,0.00%,0.21%,0.21%,1,戴尔科技 0.21%
015546,大成恒生指数(QDII-LOF)C,指数型-海外股票,开放申购；起购10元；日累计无限额；数据日05-25,0.00%,0.00%,16.44%,3,腾讯控股 6.84%; 阿里巴巴-W 6.37%; 小米集团-W 3.23%
015522,建信兴晟优选一年持有混合C,混合型-偏股,开放申购；起购10元；日累计无限额；数据日05-25,0.00%,0.00%,7.51%,2,腾讯控股 3.86%; 阿里巴巴-W 3.65%
015528,弘毅远方汽车产业升级混合C,混合型-偏股,开放申购；起购10元；日累计无限额；数据日05-25,0.00%,0.00%,11.37%,2,中芯国际 6.36%; 华虹半导体 5.01%
015559,长江启航混合发起式A,混合型-偏股,开放申购；起购10元；日累计无限额；数据日05-25,0.00%,0.00%,10.45%,2,腾讯控股 6.57%; 阿里巴巴-W 3.88%
015560,长江启航混合发起式C,混合型-偏股,开放申购；起购10元；日累计无限额；数据日05-25,0.00%,0.00%,10.45%,2,腾讯控股 6.57%; 阿里巴巴-W 3.88%
015625,平安添润债券A,债券型-混合二级,限大额；起购10元；日累计1000万；数据日05-25,0.00%,0.00%,1.28%,2,腾讯控股 0.76%; 阿里巴巴-W 0.52%
015627,圆信永丰弘阳股票A,股票型,开放申购；起购10元；日累计无限额；数据日05-25,0.00%,0.00%,16.34%,3,中芯国际 7.76%; 阿里巴巴-W 5.02%; 华虹半导体 3.56%
015626,平安添润债券C,债券型-混合二级,限大额；起购10元；日累计1000万；数据日05-25,0.00%,0.00%,1.28%,2,腾讯控股 0.76%; 阿里巴巴-W 0.52%
015628,圆信永丰弘阳股票C,股票型,开放申购；起购10元；日累计无限额；数据日05-25,0.00%,0.00%,16.34%,3,中芯国际 7.76%; 阿里巴巴-W 5.02%; 华虹半导体 3.56%
015664,易米开鑫价值优选混合C,混合型-偏股,开放申购；起购10元；日累计无限额；数据日05-25,0.00%,0.00%,20.78%,3,腾讯控股 9.81%; 阿里巴巴-W 6.03%; 联想集团 4.94%
015663,易米开鑫价值优选混合A,混合型-偏股,开放申购；起购10元；日累计无限额；数据日05-25,0.00%,0.00%,20.78%,3,腾讯控股 9.81%; 阿里巴巴-W 6.03%; 联想集团 4.94%
015684,银华盛利混合发起式C,混合型-偏股,开放申购；起购10元；日累计无限额；数据日05-25,0.00%,0.00%,3.54%,1,中芯国际 3.54%
015683,景顺长城科技创新混合C,混合型-偏股,开放申购；起购10元；日累计无限额；数据日05-25,0.00%,0.00%,4.45%,1,腾讯控股 4.45%
015703,易米开泰混合A,混合型-偏股,开放申购；起购10元；日累计无限额；数据日05-25,0.00%,0.00%,3.29%,1,阿里巴巴-W 3.29%
015687,银华乐享混合C,混合型-偏股,开放申购；起购10元；日累计无限额；数据日05-25,0.00%,0.00%,2.58%,1,华虹半导体 2.58%
015704,易米开泰混合C,混合型-偏股,开放申购；起购10元；日累计无限额；数据日05-25,0.00%,0.00%,3.29%,1,阿里巴巴-W 3.29%
015715,富国成长动力混合C,混合型-偏股,开放申购；起购10元；日累计无限额；数据日05-25,0.00%,0.00%,8.40%,1,腾讯控股 8.40%
015728,中泰双利债券C,债券型-混合二级,开放申购；起购10元；日累计无限额；数据日05-25,0.00%,0.00%,0.51%,3,阿里巴巴-W 0.17%; 小米集团-W 0.17%; 腾讯控股 0.17%
015729,朱雀碳中和三年持有混合发起,混合型-偏股,开放申购；起购10元；日累计无限额；数据日05-25,0.00%,0.00%,7.17%,2,中芯国际 3.95%; 腾讯控股 3.22%
015727,中泰双利债券A,债券型-混合二级,开放申购；起购10元；日累计无限额；数据日05-25,0.00%,0.00%,0.51%,3,阿里巴巴-W 0.17%; 小米集团-W 0.17%; 腾讯控股 0.17%
015755,景顺长城绩优成长混合C,混合型-偏股,开放申购；起购10元；日累计无限额；数据日05-25,0.00%,0.00%,8.78%,1,腾讯控股 8.78%
015751,景顺长城品质长青混合C,混合型-偏股,开放申购；起购10元；日累计无限额；数据日05-25,0.00%,0.00%,9.69%,1,腾讯控股 9.69%
015756,景顺长城景气成长混合C,混合型-偏股,开放申购；起购10元；日累计无限额；数据日05-25,0.00%,0.00%,4.22%,1,中芯国际 4.22%
015783,创金合信稳健添利债券C,债券型-混合二级,开放申购；起购10元；日累计无限额；数据日05-25,0.00%,0.00%,0.77%,1,腾讯控股 0.77%
015782,创金合信稳健添利债券A,债券型-混合二级,开放申购；起购10元；日累计无限额；数据日05-25,0.00%,0.00%,0.77%,1,腾讯控股 0.77%
015884,中欧港股数字经济混合发起(QDII)A,QDII-混合偏股,开放申购；起购10元；日累计无限额；数据日05-25,0.00%,0.00%,13.75%,3,腾讯控股 5.80%; 阿里巴巴-W 4.86%; 百度集团-SW 3.09%
015887,国投瑞银行业睿选混合A,混合型-偏股,开放申购；起购10元；日累计无限额；数据日05-25,0.00%,0.00%,4.14%,1,腾讯控股 4.14%
015888,国投瑞银行业睿选混合C,混合型-偏股,开放申购；起购10元；日累计无限额；数据日05-25,0.00%,0.00%,4.14%,1,腾讯控股 4.14%
015885,中欧港股数字经济混合发起(QDII)C,QDII-混合偏股,开放申购；起购10元；日累计无限额；数据日05-25,0.00%,0.00%,13.75%,3,腾讯控股 5.80%; 阿里巴巴-W 4.86%; 百度集团-SW 3.09%
015903,博时优质精选混合C,混合型-偏股,开放申购；起购10元；日累计无限额；数据日05-25,0.00%,0.00%,8.54%,1,腾讯控股 8.54%
015902,博时优质精选混合A,混合型-偏股,开放申购；起购10元；日累计无限额；数据日05-25,0.00%,0.00%,8.54%,1,腾讯控股 8.54%
015970,华泰柏瑞景气驱动混合A,混合型-偏股,开放申购；起购10元；日累计无限额；数据日05-25,0.00%,0.00%,3.97%,1,腾讯控股 3.97%
015963,汇安品质优选混合A,混合型-偏股,开放申购；起购10元；日累计无限额；数据日05-25,0.00%,0.00%,3.15%,1,华虹半导体 3.15%
015964,汇安品质优选混合C,混合型-偏股,开放申购；起购10元；日累计无限额；数据日05-25,0.00%,0.00%,3.15%,1,华虹半导体 3.15%
015967,永赢半导体产业智选混合发起A,混合型-偏股,限大额；起购10元；日累计100万；数据日05-25,0.00%,0.00%,9.40%,1,中芯国际 9.40%
015976,光大数字经济主题混合A,混合型-偏股,开放申购；起购10元；日累计无限额；数据日05-25,0.00%,0.00%,20.55%,4,腾讯控股 5.56%; 阿里巴巴-W 5.16%; 小米集团-W 4.98%; 中芯国际 4.85%
015968,永赢半导体产业智选混合发起C,混合型-偏股,限大额；起购10元；日累计100万；数据日05-25,0.00%,0.00%,9.40%,1,中芯国际 9.40%
015977,光大数字经济主题混合C,混合型-偏股,开放申购；起购10元；日累计无限额；数据日05-25,0.00%,0.00%,20.55%,4,腾讯控股 5.56%; 阿里巴巴-W 5.16%; 小米集团-W 4.98%; 中芯国际 4.85%
016003,广发集远债券A,债券型-混合二级,开放申购；起购10元；日累计无限额；数据日05-25,0.00%,0.00%,1.13%,2,腾讯控股 0.66%; 阿里巴巴-W 0.47%
015971,华泰柏瑞景气驱动混合C,混合型-偏股,开放申购；起购10元；日累计无限额；数据日05-25,0.00%,0.00%,3.97%,1,腾讯控股 3.97%
016004,广发集远债券C,债券型-混合二级,开放申购；起购10元；日累计无限额；数据日05-25,0.00%,0.00%,1.13%,2,腾讯控股 0.66%; 阿里巴巴-W 0.47%
016049,华商甄选回报混合C,混合型-偏股,开放申购；起购10元；日累计无限额；数据日05-25,0.00%,0.00%,6.61%,2,金山云 3.49%; 阿里巴巴-W 3.12%
016073,创金合信软件产业股票发起A,股票型,开放申购；起购10元；日累计无限额；数据日05-25,0.00%,0.00%,14.13%,2,阿里巴巴-W 7.22%; 腾讯控股 6.91%
016074,创金合信软件产业股票发起C,股票型,开放申购；起购10元；日累计无限额；数据日05-25,0.00%,0.00%,14.13%,2,阿里巴巴-W 7.22%; 腾讯控股 6.91%
016091,汇泉匠心智选一年持有混合A,混合型-偏股,开放申购；起购10元；日累计无限额；数据日05-25,0.00%,0.00%,2.33%,1,腾讯控股 2.33%
016106,申万菱信兴乐优选混合C,混合型-偏股,开放申购；起购10元；日累计无限额；数据日05-25,0.00%,0.00%,4.00%,1,金山云 4.00%
016099,华安成长创新混合C,混合型-偏股,开放申购；起购10元；日累计无限额；数据日05-25,0.00%,0.00%,8.86%,2,阿里巴巴-W 4.89%; 腾讯控股 3.97%
016092,汇泉匠心智选一年持有混合C,混合型-偏股,开放申购；起购10元；日累计无限额；数据日05-25,0.00%,0.00%,2.33%,1,腾讯控股 2.33%
016120,华富时代锐选混合C,混合型-偏股,开放申购；起购10元；日累计无限额；数据日05-25,0.00%,0.00%,3.98%,1,地平线机器人-W 3.98%
016109,南方振元债券发起A,债券型-混合二级,开放申购；起购10元；日累计无限额；数据日05-25,0.00%,0.00%,1.58%,2,腾讯控股 0.80%; 阿里巴巴-W 0.78%
016110,南方振元债券发起C,债券型-混合二级,开放申购；起购10元；日累计无限额；数据日05-25,0.00%,0.00%,1.58%,2,腾讯控股 0.80%; 阿里巴巴-W 0.78%
016105,申万菱信兴乐优选混合A,混合型-偏股,开放申购；起购10元；日累计无限额；数据日05-25,0.00%,0.00%,4.00%,1,金山云 4.00%
016131,国泰海通品质生活混合发起C,混合型-偏股,暂停申购；当前不可场外申购；数据日05-25,0.00%,0.00%,3.69%,1,腾讯控股 3.69%
016157,汇添富数字经济核心产业一年持有期混合A,混合型-偏股,开放申购；起购10元；日累计无限额；数据日05-25,0.00%,0.00%,5.27%,1,中芯国际 5.27%
016130,国泰海通品质生活混合发起A,混合型-偏股,暂停申购；当前不可场外申购；数据日05-25,0.00%,0.00%,3.69%,1,腾讯控股 3.69%
016158,汇添富数字经济核心产业一年持有期混合C,混合型-偏股,开放申购；起购1元；日累计0元；数据日05-25,0.00%,0.00%,5.27%,1,中芯国际 5.27%
016167,万家颐远均衡一年持有混合发起C,混合型-偏股,开放申购；起购10元；日累计无限额；数据日05-25,0.00%,0.00%,7.81%,1,阿里巴巴-W 7.81%
016166,万家颐远均衡一年持有混合发起A,混合型-偏股,开放申购；起购10元；日累计无限额；数据日05-25,0.00%,0.00%,7.81%,1,阿里巴巴-W 7.81%
016159,汇添富数字经济核心产业一年持有期混合D,混合型-偏股,开放申购；起购10元；日累计无限额；数据日05-25,0.00%,0.00%,5.27%,1,中芯国际 5.27%
016181,华安添祥6个月持有混合C,混合型-偏债,开放申购；起购10元；日累计无限额；数据日05-25,0.00%,0.00%,0.62%,1,阿里巴巴-W 0.62%
016199,汇添富全球汽车产业升级混合(QDII)人民币A,QDII-混合偏股,限大额；起购10元；日累计10万；数据日05-22,0.00%,3.40%,3.40%,1,高通 3.40%
016201,汇添富全球汽车产业升级混合(QDII)美元现钞,QDII-混合偏股,暂停申购；当前不可场外申购；数据日05-22,0.00%,3.40%,3.40%,1,高通 3.40%
016202,汇添富全球汽车产业升级混合(QDII)人民币C,QDII-混合偏股,限大额；起购10元；日累计10万；数据日05-22,0.00%,3.40%,3.40%,1,高通 3.40%
016200,汇添富全球汽车产业升级混合(QDII)美元现汇,QDII-混合偏股,暂停申购；当前不可场外申购；数据日05-22,0.00%,3.40%,3.40%,1,高通 3.40%
016248,银华创新动力优选混合A,混合型-偏股,开放申购；起购10元；日累计无限额；数据日05-25,0.00%,0.00%,3.70%,1,中芯国际 3.70%
016249,银华创新动力优选混合C,混合型-偏股,开放申购；起购10元；日累计无限额；数据日05-25,0.00%,0.00%,3.70%,1,中芯国际 3.70%
016237,华夏数字经济龙头混合发起式A,混合型-偏股,开放申购；起购10元；日累计无限额；数据日05-25,0.00%,0.00%,2.86%,1,阿里巴巴-W 2.86%
016238,华夏数字经济龙头混合发起式C,混合型-偏股,开放申购；起购10元；日累计无限额；数据日05-25,0.00%,0.00%,2.86%,1,阿里巴巴-W 2.86%
016252,华夏景气成长一年持有混合发起式A,混合型-偏股,开放申购；起购10元；日累计无限额；数据日05-25,0.00%,0.00%,9.62%,3,阿里巴巴-W 3.52%; 晶泰控股 3.07%; 腾讯控股 3.03%
016253,华夏景气成长一年持有混合发起式C,混合型-偏股,开放申购；起购10元；日累计无限额；数据日05-25,0.00%,0.00%,9.62%,3,阿里巴巴-W 3.52%; 晶泰控股 3.07%; 腾讯控股 3.03%
016262,银华智荟内在价值灵活配置混合发起C,混合型-灵活,开放申购；起购10元；日累计无限额；数据日05-25,0.00%,0.00%,3.20%,1,华虹半导体 3.20%
016258,中信保诚创新成长混合C,混合型-灵活,开放申购；起购10元；日累计无限额；数据日05-25,0.00%,0.00%,3.48%,1,腾讯控股 3.48%
016277,招商中证800指数增强C,指数型-股票,开放申购；起购10元；日累计无限额；数据日05-25,0.00%,0.00%,0.53%,1,金山云 0.53%
016276,招商中证800指数增强A,指数型-股票,开放申购；起购10元；日累计无限额；数据日05-25,0.00%,0.00%,0.53%,1,金山云 0.53%
016287,大成消费机遇混合A,混合型-偏股,开放申购；起购10元；日累计无限额；数据日05-25,0.00%,0.00%,13.53%,2,腾讯控股 8.00%; 阿里巴巴-W 5.53%
016288,大成消费机遇混合C,混合型-偏股,开放申购；起购10元；日累计无限额；数据日05-25,0.00%,0.00%,13.53%,2,腾讯控股 8.00%; 阿里巴巴-W 5.53%
016289,华安沪港深通精选灵活配置混合C,混合型-灵活,开放申购；起购10元；日累计无限额；数据日05-25,0.00%,0.00%,6.31%,2,金山云 3.18%; 阿里巴巴-W 3.13%
016297,中欧丰泰港股通混合A,混合型-偏股,开放申购；起购10元；日累计无限额；数据日05-25,0.00%,0.00%,16.76%,2,腾讯控股 8.98%; 华虹半导体 7.78%
016311,中欧优质企业混合A,混合型-偏股,开放申购；起购10元；日累计无限额；数据日05-25,0.00%,0.00%,4.72%,1,腾讯控股 4.72%
016298,中欧丰泰港股通混合C,混合型-偏股,开放申购；起购10元；日累计无限额；数据日05-25,0.00%,0.00%,16.76%,2,腾讯控股 8.98%; 华虹半导体 7.78%
016312,中欧优质企业混合C,混合型-偏股,开放申购；起购10元；日累计无限额；数据日05-25,0.00%,0.00%,4.72%,1,腾讯控股 4.72%
016346,长安行业成长混合C,混合型-偏股,开放申购；起购10元；日累计无限额；数据日05-25,0.00%,0.00%,9.56%,2,阿里巴巴-W 4.84%; 中芯国际 4.72%
016345,长安行业成长混合A,混合型-偏股,开放申购；起购10元；日累计无限额；数据日05-25,0.00%,0.00%,9.56%,2,阿里巴巴-W 4.84%; 中芯国际 4.72%
016375,招商裕泰混合,混合型-偏股,开放申购；起购10元；日累计无限额；数据日05-25,0.00%,0.00%,7.33%,2,腾讯控股 4.29%; 中芯国际 3.04%
016390,易米研究精选混合发起A,混合型-偏股,未在天天基金申购状态总表匹配,0.00%,0.00%,12.06%,2,腾讯控股 9.24%; 阿里巴巴-W 2.82%
016395,天弘睿享3个月持有混合发起(FOF)C,FOF-稳健型,开放申购；起购10元；日累计无限额；数据日05-21,0.00%,0.00%,0.73%,1,阿里巴巴-W 0.73%
016394,天弘睿享3个月持有混合发起(FOF)A,FOF-稳健型,开放申购；起购10元；日累计无限额；数据日05-21,0.00%,0.00%,0.73%,1,阿里巴巴-W 0.73%
016420,国泰安璟债券C,债券型-混合二级,开放申购；起购10元；日累计无限额；数据日05-25,0.00%,0.00%,0.76%,1,腾讯控股 0.76%
016417,南方稳鑫6个月持有债券C,债券型-混合二级,开放申购；起购10元；日累计无限额；数据日05-25,0.00%,0.00%,0.45%,1,腾讯控股 0.45%
016416,南方稳鑫6个月持有债券A,债券型-混合二级,开放申购；起购10元；日累计无限额；数据日05-25,0.00%,0.00%,0.45%,1,腾讯控股 0.45%
016419,国泰安璟债券A,债券型-混合二级,开放申购；起购10元；日累计无限额；数据日05-25,0.00%,0.00%,0.76%,1,腾讯控股 0.76%
016391,易米研究精选混合发起C,混合型-偏股,未在天天基金申购状态总表匹配,0.00%,0.00%,12.06%,2,腾讯控股 9.24%; 阿里巴巴-W 2.82%
016418,摩根创新商业模式混合C,混合型-灵活,开放申购；起购10元；日累计无限额；数据日05-25,0.00%,0.00%,3.59%,1,腾讯控股 3.59%
016492,南方均衡成长混合A,混合型-偏股,开放申购；起购10元；日累计无限额；数据日05-25,0.00%,0.00%,8.87%,2,腾讯控股 5.03%; 阿里巴巴-W 3.84%
016476,大成新兴活力混合C,混合型-偏股,开放申购；起购10元；日累计无限额；数据日05-25,0.00%,0.00%,4.00%,1,腾讯控股 4.00%
016493,南方均衡成长混合C,混合型-偏股,开放申购；起购10元；日累计无限额；数据日05-25,0.00%,0.00%,8.87%,2,腾讯控股 5.03%; 阿里巴巴-W 3.84%
016486,中欧成长先锋混合C,混合型-偏股,开放申购；起购10元；日累计无限额；数据日05-25,0.00%,0.00%,5.98%,1,腾讯控股 5.98%
016475,大成新兴活力混合A,混合型-偏股,开放申购；起购10元；日累计无限额；数据日05-25,0.00%,0.00%,4.00%,1,腾讯控股 4.00%
016485,中欧成长先锋混合A,混合型-偏股,开放申购；起购10元；日累计无限额；数据日05-25,0.00%,0.00%,5.98%,1,腾讯控股 5.98%
016501,华夏半导体龙头混合发起C,混合型-偏股,开放申购；起购10元；日累计无限额；数据日05-25,0.00%,0.00%,6.50%,1,中芯国际 6.50%
016518,华泰紫金创新成长混合发起C,混合型-偏股,开放申购；起购10元；日累计无限额；数据日05-25,0.00%,0.00%,3.84%,1,腾讯控股 3.84%
016500,华夏半导体龙头混合发起A,混合型-偏股,开放申购；起购10元；日累计无限额；数据日05-25,0.00%,0.00%,6.50%,1,中芯国际 6.50%
016517,华泰紫金创新成长混合发起A,混合型-偏股,开放申购；起购10元；日累计无限额；数据日05-25,0.00%,0.00%,3.84%,1,腾讯控股 3.84%
016546,交银稳进回报六个月持有期混合C,混合型-偏债,未在天天基金申购状态总表匹配,0.00%,0.00%,0.95%,1,腾讯控股 0.95%
016554,南方鑫悦15个月持有混合C,混合型-偏股,开放申购；起购10元；日累计无限额；数据日05-25,0.00%,0.00%,1.18%,1,腾讯控股 1.18%
016570,嘉实价值丰润混合A,混合型-偏股,开放申购；起购10元；日累计无限额；数据日05-25,0.00%,0.00%,11.41%,2,腾讯控股 5.79%; 阿里巴巴-W 5.62%
016545,交银稳进回报六个月持有期混合A,混合型-偏债,未在天天基金申购状态总表匹配,0.00%,0.00%,0.95%,1,腾讯控股 0.95%
016553,南方鑫悦15个月持有混合A,混合型-偏股,开放申购；起购10元；日累计无限额；数据日05-25,0.00%,0.00%,1.18%,1,腾讯控股 1.18%
016571,嘉实价值丰润混合C,混合型-偏股,开放申购；起购10元；日累计无限额；数据日05-25,0.00%,0.00%,11.41%,2,腾讯控股 5.79%; 阿里巴巴-W 5.62%
016627,汇添富创新成长混合C,混合型-偏股,开放申购；起购10元；日累计无限额；数据日05-25,0.00%,0.00%,2.38%,1,华虹半导体 2.38%
016626,汇添富创新成长混合A,混合型-偏股,开放申购；起购10元；日累计无限额；数据日05-25,0.00%,0.00%,2.38%,1,华虹半导体 2.38%
016654,鹏扬景泽一年持有混合A,混合型-偏债,开放申购；起购10元；日累计无限额；数据日05-25,0.00%,0.00%,0.63%,1,腾讯控股 0.63%
016655,鹏扬景泽一年持有混合C,混合型-偏债,开放申购；起购10元；日累计无限额；数据日05-25,0.00%,0.00%,0.63%,1,腾讯控股 0.63%
016660,招商和惠养老目标日期2045五年持有期混合发起式(FOF)A,FOF-均衡型,开放申购；起购10元；日累计无限额；数据日05-21,0.00%,0.00%,0.41%,1,腾讯控股 0.41%
016669,招商和享均衡养老三年持有期混合(FOF)A,FOF-均衡型,开放申购；起购10元；日累计无限额；数据日05-21,0.00%,0.00%,0.20%,1,腾讯控股 0.20%
016683,天弘广盈六个月持有混合C,混合型-偏债,开放申购；起购10元；日累计无限额；数据日05-25,0.00%,0.00%,0.93%,1,腾讯控股 0.93%
016682,天弘广盈六个月持有混合A,混合型-偏债,开放申购；起购10元；日累计无限额；数据日05-25,0.00%,0.00%,0.93%,1,腾讯控股 0.93%
016713,长信均衡策略一年持有混合A,混合型-偏股,限大额；起购10元；日累计1000元；数据日05-25,0.00%,0.00%,9.74%,1,腾讯控股 9.74%
016709,泉果旭源三年持有期混合A,混合型-偏股,开放申购；起购10元；日累计无限额；数据日05-25,0.00%,0.00%,18.96%,3,腾讯控股 7.06%; 阿里巴巴-W 6.25%; 中芯国际 5.65%
016710,泉果旭源三年持有期混合C,混合型-偏股,开放申购；起购10元；日累计无限额；数据日05-25,0.00%,0.00%,18.96%,3,腾讯控股 7.06%; 阿里巴巴-W 6.25%; 中芯国际 5.65%
016714,长信均衡策略一年持有混合C,混合型-偏股,限大额；起购10元；日累计1000元；数据日05-25,0.00%,0.00%,9.74%,1,腾讯控股 9.74%
016715,建信渤泰债券A,债券型-混合二级,开放申购；起购10元；日累计无限额；数据日05-25,0.00%,0.00%,0.67%,1,腾讯控股 0.67%
016716,建信渤泰债券C,债券型-混合二级,开放申购；起购10元；日累计无限额；数据日05-25,0.00%,0.00%,0.67%,1,腾讯控股 0.67%
016731,南方浩升稳健优选6个月持有混合(FOF)A,FOF-稳健型,开放申购；起购10元；日累计无限额；数据日05-21,0.00%,0.00%,0.05%,1,阿里巴巴-W 0.05%
016732,南方浩升稳健优选6个月持有混合(FOF)C,FOF-稳健型,开放申购；起购10元；日累计无限额；数据日05-21,0.00%,0.00%,0.05%,1,阿里巴巴-W 0.05%
016747,浦银安盛光耀优选混合C,混合型-偏股,开放申购；起购10元；日累计无限额；数据日05-25,0.00%,0.00%,4.56%,1,腾讯控股 4.56%
016742,华安大中华升级股票(QDII)C,QDII-普通股票,开放申购；起购10元；日累计无限额；数据日05-22,0.00%,0.00%,2.91%,1,阿里巴巴-W 2.91%
016746,浦银安盛光耀优选混合A,混合型-偏股,开放申购；起购10元；日累计无限额；数据日05-25,0.00%,0.00%,4.56%,1,腾讯控股 4.56%
016761,嘉合锦荣混合A,混合型-偏股,开放申购；起购10元；日累计无限额；数据日05-25,0.00%,0.00%,11.92%,2,阿里巴巴-W 6.55%; 中芯国际 5.37%
016762,嘉合锦荣混合C,混合型-偏股,开放申购；起购10元；日累计无限额；数据日05-25,0.00%,0.00%,11.92%,2,阿里巴巴-W 6.55%; 中芯国际 5.37%
016810,信澳博见成长一年定期开放混合A,混合型-偏股,暂停申购；当前不可场外申购；下一开放日2026-07-01；数据日05-22,0.00%,0.00%,14.03%,2,小米集团-W 9.47%; 阿里巴巴-W 4.56%
016811,信澳博见成长一年定期开放混合C,混合型-偏股,暂停申购；当前不可场外申购；下一开放日2026-07-01；数据日05-22,0.00%,0.00%,14.03%,2,小米集团-W 9.47%; 阿里巴巴-W 4.56%
016834,东方红共赢甄选一年持有混合A,混合型-偏债,开放申购；起购10元；日累计无限额；数据日05-25,0.00%,0.00%,3.33%,2,腾讯控股 2.08%; 阿里巴巴-W 1.25%
016841,博道惠泰优选混合C,混合型-偏股,开放申购；起购10元；日累计无限额；数据日05-25,0.00%,0.00%,5.74%,1,腾讯控股 5.74%
016835,东方红共赢甄选一年持有混合C,混合型-偏债,开放申购；起购10元；日累计无限额；数据日05-25,0.00%,0.00%,3.33%,2,腾讯控股 2.08%; 阿里巴巴-W 1.25%
016840,博道惠泰优选混合A,混合型-偏股,开放申购；起购10元；日累计无限额；数据日05-25,0.00%,0.00%,5.74%,1,腾讯控股 5.74%
016864,华安招裕一年持有混合C,混合型-偏债,开放申购；起购10元；日累计无限额；数据日05-25,0.00%,0.00%,0.43%,1,腾讯控股 0.43%
016869,景顺长城稳健增益债券A,债券型-混合二级,开放申购；起购10元；日累计无限额；数据日05-25,0.00%,0.00%,1.69%,3,腾讯控股 0.93%; 阿里巴巴-W 0.40%; 中芯国际 0.36%
016863,华安招裕一年持有混合A,混合型-偏债,开放申购；起购10元；日累计无限额；数据日05-25,0.00%,0.00%,0.43%,1,腾讯控股 0.43%
016870,景顺长城稳健增益债券C,债券型-混合二级,开放申购；起购10元；日累计无限额；数据日05-25,0.00%,0.00%,1.69%,3,腾讯控股 0.93%; 阿里巴巴-W 0.40%; 中芯国际 0.36%
016903,鑫元欣悦混合C,混合型-偏股,开放申购；起购10元；日累计无限额；数据日05-25,0.00%,0.00%,7.94%,1,中芯国际 7.94%
016902,鑫元欣悦混合A,混合型-偏股,开放申购；起购10元；日累计无限额；数据日05-25,0.00%,0.00%,7.94%,1,中芯国际 7.94%
016921,摩根香港精选港股通混合C,混合型-偏股,开放申购；起购10元；日累计无限额；数据日05-25,0.00%,0.00%,9.34%,2,腾讯控股 5.40%; 阿里巴巴-W 3.94%
016945,中泰ESG主题6个月持有混合发起,混合型-偏股,开放申购；起购10元；日累计无限额；数据日05-25,0.00%,0.00%,9.34%,1,腾讯控股 9.34%
016958,招商安颐稳健债券C,债券型-混合二级,开放申购；起购10元；日累计无限额；数据日05-25,0.00%,0.00%,0.99%,1,腾讯控股 0.99%
016957,招商安颐稳健债券A,债券型-混合二级,开放申购；起购10元；日累计无限额；数据日05-25,0.00%,0.00%,0.99%,1,腾讯控股 0.99%
016979,博时均衡优选混合C,混合型-偏股,开放申购；起购10元；日累计无限额；数据日05-25,0.00%,0.00%,5.21%,1,腾讯控股 5.21%
016978,博时均衡优选混合A,混合型-偏股,开放申购；起购10元；日累计无限额；数据日05-25,0.00%,0.00%,5.21%,1,腾讯控股 5.21%
016998,创金合信产业臻选平衡混合C,混合型-偏股,开放申购；起购10元；日累计无限额；数据日05-25,0.00%,0.00%,2.67%,1,腾讯控股 2.67%
016997,创金合信产业臻选平衡混合A,混合型-偏股,开放申购；起购10元；日累计无限额；数据日05-25,0.00%,0.00%,2.67%,1,腾讯控股 2.67%
017011,广发安润一年持有期混合A,混合型-偏债,开放申购；起购10元；日累计无限额；数据日05-25,0.00%,0.00%,0.76%,1,阿里巴巴-W 0.76%
017026,鑫元鑫领航混合A,混合型-偏股,开放申购；起购10元；日累计无限额；数据日05-25,0.00%,0.00%,3.82%,1,阿里巴巴-W 3.82%
017012,广发安润一年持有期混合C,混合型-偏债,开放申购；起购10元；日累计无限额；数据日05-25,0.00%,0.00%,0.76%,1,阿里巴巴-W 0.76%
017027,鑫元鑫领航混合C,混合型-偏股,开放申购；起购10元；日累计无限额；数据日05-25,0.00%,0.00%,3.82%,1,阿里巴巴-W 3.82%
017034,中信建投科技主题6个月持有混合A,混合型-偏股,开放申购；起购10元；日累计无限额；数据日05-25,0.00%,0.00%,6.85%,2,阿里巴巴-W 3.58%; 腾讯控股 3.27%
017035,中信建投科技主题6个月持有混合C,混合型-偏股,开放申购；起购10元；日累计无限额；数据日05-25,0.00%,0.00%,6.85%,2,阿里巴巴-W 3.58%; 腾讯控股 3.27%
017063,申万菱信乐成混合A,混合型-偏股,开放申购；起购10元；日累计无限额；数据日05-25,0.00%,0.00%,10.03%,2,阿里巴巴-W 5.05%; 金山云 4.98%
017064,申万菱信乐成混合C,混合型-偏股,开放申购；起购10元；日累计无限额；数据日05-25,0.00%,0.00%,10.03%,2,阿里巴巴-W 5.05%; 金山云 4.98%
017083,鹏华安锦一年持有期混合A,混合型-偏债,开放申购；起购10元；日累计无限额；数据日05-25,0.00%,0.00%,5.96%,2,腾讯控股 2.99%; 阿里巴巴-W 2.97%
017084,鹏华安锦一年持有期混合C,混合型-偏债,开放申购；起购10元；日累计无限额；数据日05-25,0.00%,0.00%,5.96%,2,腾讯控股 2.99%; 阿里巴巴-W 2.97%
017098,摩根领先优选混合C,混合型-偏股,开放申购；起购10元；日累计无限额；数据日05-25,0.00%,0.00%,16.70%,2,阿里巴巴-W 8.86%; 腾讯控股 7.84%
017112,嘉实优享生活混合A,混合型-偏股,开放申购；起购10元；日累计无限额；数据日05-25,0.00%,0.00%,3.10%,1,腾讯控股 3.10%
017121,南方贤元一年持有债券A,债券型-混合二级,开放申购；起购10元；日累计无限额；数据日05-25,0.00%,0.00%,4.69%,2,腾讯控股 2.35%; 阿里巴巴-W 2.34%
017122,南方贤元一年持有债券C,债券型-混合二级,开放申购；起购10元；日累计无限额；数据日05-25,0.00%,0.00%,4.69%,2,腾讯控股 2.35%; 阿里巴巴-W 2.34%
017113,嘉实优享生活混合C,混合型-偏股,开放申购；起购10元；日累计无限额；数据日05-25,0.00%,0.00%,3.10%,1,腾讯控股 3.10%
017130,国投瑞银比较优势一年持有混合A,混合型-偏股,开放申购；起购10元；日累计无限额；数据日05-25,0.00%,0.00%,2.18%,1,腾讯控股 2.18%
017149,天弘稳健回报债券发起A,债券型-混合二级,开放申购；起购10元；日累计无限额；数据日05-25,0.00%,0.00%,0.31%,1,华虹半导体 0.31%
017131,国投瑞银比较优势一年持有混合C,混合型-偏股,开放申购；起购10元；日累计无限额；数据日05-25,0.00%,0.00%,2.18%,1,腾讯控股 2.18%
017150,天弘稳健回报债券发起C,债券型-混合二级,开放申购；起购10元；日累计无限额；数据日05-25,0.00%,0.00%,0.31%,1,华虹半导体 0.31%
017179,天弘永丰平衡养老目标三年持有混合发起(FOF),FOF-均衡型,开放申购；起购10元；日累计无限额；数据日05-21,0.00%,0.00%,2.50%,1,阿里巴巴-W 2.50%
017181,大成至诚鑫选混合A,混合型-偏股,开放申购；起购10元；日累计无限额；数据日05-25,0.00%,0.00%,3.89%,1,腾讯控股 3.89%
017217,国投瑞银策略智选混合C,混合型-偏股,开放申购；起购10元；日累计无限额；数据日05-25,0.00%,0.00%,3.12%,1,腾讯控股 3.12%
017182,大成至诚鑫选混合C,混合型-偏股,开放申购；起购10元；日累计无限额；数据日05-25,0.00%,0.00%,3.89%,1,腾讯控股 3.89%
017216,国投瑞银策略智选混合A,混合型-偏股,开放申购；起购10元；日累计无限额；数据日05-25,0.00%,0.00%,3.12%,1,腾讯控股 3.12%
017237,天弘永丰稳健养老目标一年持有混合(FOF)Y,FOF-稳健型,开放申购；起购10元；日累计无限额；数据日05-21,0.00%,0.00%,1.30%,1,阿里巴巴-W 1.30%
017233,工银稳润一年持有混合C,混合型-偏债,开放申购；起购10元；日累计无限额；数据日05-25,0.00%,0.00%,2.07%,2,腾讯控股 1.48%; 阿里巴巴-W 0.59%
017232,工银稳润一年持有混合A,混合型-偏债,开放申购；起购10元；日累计无限额；数据日05-25,0.00%,0.00%,2.07%,2,腾讯控股 1.48%; 阿里巴巴-W 0.59%
017265,招商瑞成1年持有期混合A,混合型-偏债,开放申购；起购10元；日累计无限额；数据日05-25,0.00%,0.00%,1.53%,1,腾讯控股 1.53%
017268,天弘养老2035三年(FOF)Y,FOF-均衡型,开放申购；起购10元；日累计无限额；数据日05-21,0.00%,0.00%,2.44%,1,阿里巴巴-W 2.44%
017267,招商乐颐和惠养老目标日期2035三年持有混合发起式FOF,FOF-均衡型,未在天天基金申购状态总表匹配,0.00%,0.00%,0.47%,1,腾讯控股 0.47%
017266,招商瑞成1年持有期混合C,混合型-偏债,开放申购；起购10元；日累计无限额；数据日05-25,0.00%,0.00%,1.53%,1,腾讯控股 1.53%
017300,安信数字经济股票发起A,股票型,未在天天基金申购状态总表匹配,0.00%,0.00%,10.02%,3,腾讯控股 5.38%; 小米集团-W 3.70%; 中芯国际 0.94%
017290,中欧科创主题混合(LOF)C,混合型-偏股,开放申购；起购10元；日累计无限额；数据日05-25,0.00%,0.00%,14.22%,2,阿里巴巴-W 7.76%; 中芯国际 6.46%
017301,安信数字经济股票发起C,股票型,未在天天基金申购状态总表匹配,0.00%,0.00%,10.02%,3,腾讯控股 5.38%; 小米集团-W 3.70%; 中芯国际 0.94%
017303,华安景气领航混合A,混合型-偏股,开放申购；起购10元；日累计无限额；数据日05-25,0.00%,0.00%,8.37%,2,阿里巴巴-W 4.88%; 腾讯控股 3.49%
017304,华安景气领航混合C,混合型-偏股,开放申购；起购10元；日累计无限额；数据日05-25,0.00%,0.00%,8.37%,2,阿里巴巴-W 4.88%; 腾讯控股 3.49%
017318,中欧预见稳瑞混合(FOF)Y,FOF-稳健型,开放申购；起购10元；日累计无限额；数据日05-21,0.00%,0.00%,0.34%,1,阿里巴巴-W 0.34%
017357,华夏安盈稳健养老目标一年持有混合(FOF)Y,FOF-稳健型,开放申购；起购10元；日累计无限额；数据日05-21,0.00%,0.00%,0.81%,1,腾讯控股 0.81%
017366,泰康新锐成长混合C,混合型-偏股,限大额；起购10元；日累计10万；数据日05-25,0.00%,0.00%,12.08%,3,腾讯控股 5.14%; 阿里巴巴-W 3.49%; 中芯国际 3.45%
017377,南方养老2040三年持有混合发起(FOF)Y,FOF-均衡型,开放申购；起购10元；日累计无限额；数据日05-21,0.00%,0.00%,0.43%,1,中芯国际 0.43%
017400,贝莱德行业优选混合A,混合型-偏股,开放申购；起购10元；日累计无限额；数据日05-25,0.00%,0.00%,4.79%,1,腾讯控股 4.79%
017401,贝莱德行业优选混合C,混合型-偏股,开放申购；起购10元；日累计无限额；数据日05-25,0.00%,0.00%,4.79%,1,腾讯控股 4.79%
017395,招商和悦均衡养老三年持有混合(FOF)Y,FOF-均衡型,开放申购；起购10元；日累计无限额；数据日05-21,0.00%,0.00%,0.32%,1,中芯国际 0.32%
017404,天弘养老目标日期2045五年持有期混合型发起式(FOF),FOF-进取型,开放申购；起购10元；日累计无限额；数据日05-21,0.00%,0.00%,3.30%,1,阿里巴巴-W 3.30%
017431,嘉实全球创新龙头股票(QDII)人民币C,QDII-普通股票,开放申购；起购10元；日累计无限额；数据日05-22,0.00%,0.00%,6.08%,1,腾讯控股 6.08%
017430,嘉实全球创新龙头股票(QDII)美元,QDII-普通股票,暂停申购；当前不可场外申购；数据日05-22,0.00%,0.00%,6.08%,1,腾讯控股 6.08%
017435,华宝中证沪港深新消费指数C,指数型-股票,开放申购；起购10元；日累计无限额；数据日05-25,0.00%,0.00%,39.26%,3,腾讯控股 13.53%; 阿里巴巴-W 13.12%; 小米集团-W 12.61%
017434,华宝中证沪港深新消费指数A,指数型-股票,开放申购；起购10元；日累计无限额；数据日05-25,0.00%,0.00%,39.26%,3,腾讯控股 13.53%; 阿里巴巴-W 13.12%; 小米集团-W 12.61%
017429,嘉实全球创新龙头股票(QDII)人民币A,QDII-普通股票,开放申购；起购10元；日累计无限额；数据日05-22,0.00%,0.00%,6.08%,1,腾讯控股 6.08%
017477,安信睿见优选混合A,混合型-偏股,限大额；起购1元；日累计0元；数据日05-25,0.00%,0.00%,13.04%,2,腾讯控股 9.82%; 小米集团-W 3.22%
017478,安信睿见优选混合C,混合型-偏股,限大额；起购1元；日累计0元；数据日05-25,0.00%,0.00%,13.04%,2,腾讯控股 9.82%; 小米集团-W 3.22%
017475,广发集轩债券A,债券型-混合二级,开放申购；起购10元；日累计无限额；数据日05-25,0.00%,0.00%,1.12%,2,阿里巴巴-W 0.56%; 腾讯控股 0.56%
017476,广发集轩债券C,债券型-混合二级,开放申购；起购10元；日累计无限额；数据日05-25,0.00%,0.00%,1.12%,2,阿里巴巴-W 0.56%; 腾讯控股 0.56%
017556,招商安凯债券,债券型-混合二级,开放申购；起购10元；日累计无限额；数据日05-25,0.00%,0.00%,0.73%,1,阿里巴巴-W 0.73%
017565,华安产业优选混合C,混合型-偏股,开放申购；起购10元；日累计无限额；数据日05-25,0.00%,0.00%,3.46%,1,金山云 3.46%
017564,华安产业优选混合A,混合型-偏股,开放申购；起购10元；日累计无限额；数据日05-25,0.00%,0.00%,3.46%,1,金山云 3.46%
017592,汇添富添添乐双盈债券A,债券型-混合二级,开放申购；起购10元；日累计无限额；数据日05-25,0.00%,0.00%,0.59%,1,腾讯控股 0.59%
017587,中欧盈选稳健6个月持有混合发起(FOF)A,FOF-稳健型,暂停申购；当前不可场外申购；数据日05-21,0.00%,0.00%,0.29%,1,阿里巴巴-W 0.29%
017588,中欧盈选稳健6个月持有混合发起(FOF)C,FOF-稳健型,暂停申购；当前不可场外申购；数据日05-21,0.00%,0.00%,0.29%,1,阿里巴巴-W 0.29%
017603,华夏国企创新混合发起式C,混合型-偏股,开放申购；起购10元；日累计无限额；数据日05-25,0.00%,0.00%,9.32%,2,中芯国际 4.71%; 华虹半导体 4.61%
017593,汇添富添添乐双盈债券C,债券型-混合二级,开放申购；起购10元；日累计无限额；数据日05-25,0.00%,0.00%,0.59%,1,腾讯控股 0.59%
017607,华泰柏瑞轮动精选混合C,混合型-偏股,限大额；起购10元；日累计5万；数据日05-25,0.00%,0.00%,1.62%,1,中芯国际 1.62%
017600,华夏行业甄选混合A,混合型-偏股,开放申购；起购10元；日累计无限额；数据日05-25,0.00%,0.00%,13.21%,2,腾讯控股 7.01%; 阿里巴巴-W 6.20%
017601,华夏行业甄选混合C,混合型-偏股,开放申购；起购10元；日累计无限额；数据日05-25,0.00%,0.00%,13.21%,2,腾讯控股 7.01%; 阿里巴巴-W 6.20%
017606,华泰柏瑞轮动精选混合A,混合型-偏股,限大额；起购10元；日累计5万；数据日05-25,0.00%,0.00%,1.62%,1,中芯国际 1.62%
017602,华夏国企创新混合发起式A,混合型-偏股,开放申购；起购10元；日累计无限额；数据日05-25,0.00%,0.00%,9.32%,2,中芯国际 4.71%; 华虹半导体 4.61%
017623,同泰恒盛债券C,债券型-混合二级,开放申购；起购10元；日累计无限额；数据日05-25,0.00%,0.00%,0.63%,1,腾讯控股 0.63%
017618,华泰柏瑞招享6个月持有期混合C,混合型-偏债,限大额；起购10元；日累计5万；数据日05-25,0.00%,0.00%,0.30%,1,中芯国际 0.30%
017616,广发安颐一年持有期混合C,混合型-偏债,开放申购；起购10元；日累计无限额；数据日05-25,0.00%,0.00%,1.02%,1,阿里巴巴-W 1.02%
017622,同泰恒盛债券A,债券型-混合二级,开放申购；起购10元；日累计无限额；数据日05-25,0.00%,0.00%,0.63%,1,腾讯控股 0.63%
017617,华泰柏瑞招享6个月持有期混合A,混合型-偏债,限大额；起购10元；日累计5万；数据日05-25,0.00%,0.00%,0.30%,1,中芯国际 0.30%
017615,广发安颐一年持有期混合A,混合型-偏债,开放申购；起购10元；日累计无限额；数据日05-25,0.00%,0.00%,1.02%,1,阿里巴巴-W 1.02%
017627,长城港股通价值精选混合C,混合型-偏股,开放申购；起购10元；日累计无限额；数据日05-25,0.00%,0.00%,30.13%,4,中芯国际 8.64%; 腾讯控股 8.53%; 小米集团-W 8.40%; 华虹半导体 4.56%
017639,景顺长城景气优选一年持有期混合A,混合型-偏股,开放申购；起购10元；日累计无限额；数据日05-25,0.00%,0.00%,4.49%,1,中芯国际 4.49%
017640,景顺长城景气优选一年持有期混合C,混合型-偏股,开放申购；起购10元；日累计无限额；数据日05-25,0.00%,0.00%,4.49%,1,中芯国际 4.49%
017650,中庚港股通价值股票,股票型,开放申购；起购10元；日累计无限额；数据日05-25,0.00%,0.00%,13.33%,2,腾讯控股 7.37%; 阿里巴巴-W 5.96%
017649,信澳聚优智选混合C,混合型-偏股,开放申购；起购10元；日累计无限额；数据日05-25,0.00%,0.00%,11.76%,2,腾讯控股 6.21%; 阿里巴巴-W 5.55%
017648,信澳聚优智选混合A,混合型-偏股,开放申购；起购10元；日累计无限额；数据日05-25,0.00%,0.00%,11.76%,2,腾讯控股 6.21%; 阿里巴巴-W 5.55%
017655,嘉实价值丰裕混合A,混合型-偏股,开放申购；起购10元；日累计无限额；数据日05-25,0.00%,0.00%,7.13%,1,腾讯控股 7.13%
017656,嘉实价值丰裕混合C,混合型-偏股,开放申购；起购10元；日累计无限额；数据日05-25,0.00%,0.00%,7.13%,1,腾讯控股 7.13%
017676,广发积极养老目标五年持有期混合发起式(FOF)A,FOF-进取型,开放申购；起购10元；日累计无限额；数据日05-21,0.00%,0.00%,0.76%,1,腾讯控股 0.76%
017692,华泰紫金恒荣12个月持有期混合发起C,混合型-偏债,未在天天基金申购状态总表匹配,0.00%,0.00%,0.38%,1,腾讯控股 0.38%
017703,鹏扬均衡成长混合C,混合型-偏股,开放申购；起购10元；日累计无限额；数据日05-25,0.00%,0.00%,5.21%,2,腾讯控股 3.42%; 阿里巴巴-W 1.79%
017702,鹏扬均衡成长混合A,混合型-偏股,开放申购；起购10元；日累计无限额；数据日05-25,0.00%,0.00%,5.21%,2,腾讯控股 3.42%; 阿里巴巴-W 1.79%
017685,中欧预见积极养老目标五年持有混合发起(FOF)A,FOF-进取型,开放申购；起购10元；日累计无限额；数据日05-21,0.00%,0.00%,0.93%,1,阿里巴巴-W 0.93%
017719,华夏消费臻选混合发起式A,混合型-偏股,开放申购；起购10元；日累计无限额；数据日05-25,0.00%,0.00%,3.89%,1,腾讯控股 3.89%
017707,建信阿尔法一年持有混合,混合型-偏股,开放申购；起购10元；日累计无限额；数据日05-25,0.00%,0.00%,9.26%,1,腾讯控股 9.26%
017689,华泰紫金恒荣12个月持有期混合发起A,混合型-偏债,未在天天基金申购状态总表匹配,0.00%,0.00%,0.38%,1,腾讯控股 0.38%
017720,华夏消费臻选混合发起式C,混合型-偏股,开放申购；起购10元；日累计无限额；数据日05-25,0.00%,0.00%,3.89%,1,腾讯控股 3.89%
017746,建信电子行业股票A,股票型,开放申购；起购10元；日累计无限额；数据日05-25,0.00%,0.00%,6.60%,1,华虹半导体 6.60%
017747,建信电子行业股票C,股票型,开放申购；起购10元；日累计无限额；数据日05-25,0.00%,0.00%,6.60%,1,华虹半导体 6.60%
017764,大成均衡增长混合A,混合型-偏股,开放申购；起购10元；日累计无限额；数据日05-25,0.00%,0.00%,4.02%,1,晶泰控股 4.02%
017765,大成均衡增长混合C,混合型-偏股,开放申购；起购10元；日累计无限额；数据日05-25,0.00%,0.00%,4.02%,1,晶泰控股 4.02%
017767,嘉实欣荣混合(LOF)C,混合型-偏股,开放申购；起购10元；日累计无限额；数据日05-25,0.00%,0.00%,11.04%,2,腾讯控股 5.60%; 阿里巴巴-W 5.44%
017794,交银启盛混合A,混合型-偏股,开放申购；起购10元；日累计无限额；数据日05-25,0.00%,0.00%,4.20%,1,阿里巴巴-W 4.20%
017784,中银高质量发展机遇混合C,混合型-偏股,开放申购；起购10元；日累计无限额；数据日05-25,0.00%,0.00%,7.22%,2,阿里巴巴-W 4.77%; 中芯国际 2.45%
017795,交银启盛混合C,混合型-偏股,开放申购；起购10元；日累计无限额；数据日05-25,0.00%,0.00%,4.20%,1,阿里巴巴-W 4.20%
017813,兴合安迎混合A,混合型-偏股,开放申购；起购10元；日累计无限额；数据日05-25,0.00%,0.00%,3.44%,1,阿里巴巴-W 3.44%
017814,兴合安迎混合C,混合型-偏股,开放申购；起购10元；日累计无限额；数据日05-25,0.00%,0.00%,3.44%,1,阿里巴巴-W 3.44%
017850,交银启信混合发起A,混合型-偏股,开放申购；起购10元；日累计无限额；数据日05-25,0.00%,0.00%,10.91%,2,腾讯控股 7.83%; 阿里巴巴-W 3.08%
017851,交银启信混合发起C,混合型-偏股,开放申购；起购10元；日累计无限额；数据日05-25,0.00%,0.00%,10.91%,2,腾讯控股 7.83%; 阿里巴巴-W 3.08%
017848,东方红先进制造混合A,混合型-偏股,开放申购；起购10元；日累计无限额；数据日05-25,0.00%,0.00%,12.91%,2,阿里巴巴-W 7.48%; 中芯国际 5.43%
017849,东方红先进制造混合C,混合型-偏股,开放申购；起购10元；日累计无限额；数据日05-25,0.00%,0.00%,12.91%,2,阿里巴巴-W 7.48%; 中芯国际 5.43%
017859,交银持续成长主题混合C,混合型-偏股,限大额；起购10元；日累计1000万；数据日05-25,0.00%,0.00%,14.29%,2,阿里巴巴-W 8.52%; 腾讯控股 5.77%
017886,国富安颐稳健6个月持有期混合A,混合型-偏债,限大额；起购10元；日累计1000元；数据日05-25,0.00%,0.00%,2.51%,1,腾讯控股 2.51%
017887,国富安颐稳健6个月持有期混合C,混合型-偏债,开放申购；起购10元；日累计无限额；数据日05-25,0.00%,0.00%,2.51%,1,腾讯控股 2.51%
017902,汇添富双颐债券A,债券型-混合二级,开放申购；起购10元；日累计无限额；数据日05-25,0.00%,0.00%,1.22%,1,腾讯控股 1.22%
017931,富达传承6个月股票A,股票型,开放申购；起购10元；日累计无限额；数据日05-25,0.00%,0.00%,7.64%,1,晶泰控股 7.64%
017911,华泰柏瑞新经济沪港深混合C,混合型-灵活,开放申购；起购10元；日累计无限额；数据日05-25,0.00%,0.00%,6.23%,1,阿里巴巴-W 6.23%
017929,前海开源沪港深新机遇混合C,混合型-灵活,开放申购；起购10元；日累计无限额；数据日05-25,0.00%,0.00%,3.05%,1,阿里巴巴-W 3.05%
017932,富达传承6个月股票C,股票型,开放申购；起购10元；日累计无限额；数据日05-25,0.00%,0.00%,7.64%,1,晶泰控股 7.64%
017946,国富沪港深成长精选股票C,股票型,开放申购；起购10元；日累计无限额；数据日05-25,0.00%,0.00%,10.25%,3,腾讯控股 3.98%; 阿里巴巴-W 3.48%; 金山云 2.79%
017947,国富港股通远见价值混合C,混合型-偏股,开放申购；起购10元；日累计无限额；数据日05-25,0.00%,0.00%,17.97%,4,阿里巴巴-W 5.96%; 腾讯控股 5.67%; 中芯国际 3.32%; 金山云 3.02%
017960,招商趋势领航混合A,混合型-偏股,开放申购；起购10元；日累计无限额；数据日05-25,0.00%,0.00%,3.03%,1,腾讯控股 3.03%
017957,汇添富稳健鑫添益六个月持有混合C,混合型-偏债,开放申购；起购10元；日累计无限额；数据日05-25,0.00%,0.00%,0.38%,1,腾讯控股 0.38%
017964,招商匠心优选混合A,混合型-偏股,限大额；起购10元；日累计50万；数据日05-25,0.00%,0.00%,3.01%,1,小米集团-W 3.01%
017965,招商匠心优选混合C,混合型-偏股,限大额；起购10元；日累计50万；数据日05-25,0.00%,0.00%,3.01%,1,小米集团-W 3.01%
017973,易方达港股通优质增长混合A,混合型-偏股,开放申购；起购10元；日累计无限额；数据日05-25,0.00%,0.00%,22.61%,4,阿里巴巴-W 8.94%; 腾讯控股 7.70%; 华虹半导体 3.24%; 中芯国际 2.73%
017980,南方养老目标2055五年持有混合发起(FOF)A,FOF-进取型,开放申购；起购10元；日累计无限额；数据日05-21,0.00%,0.00%,0.17%,1,中芯国际 0.17%
017974,易方达港股通优质增长混合C,混合型-偏股,开放申购；起购10元；日累计无限额；数据日05-25,0.00%,0.00%,22.61%,4,阿里巴巴-W 8.94%; 腾讯控股 7.70%; 华虹半导体 3.24%; 中芯国际 2.73%
017961,招商趋势领航混合C,混合型-偏股,开放申购；起购10元；日累计无限额；数据日05-25,0.00%,0.00%,3.03%,1,腾讯控股 3.03%
018000,鹏华芯片产业混合发起式A,混合型-偏股,开放申购；起购10元；日累计无限额；数据日05-25,0.00%,0.00%,2.13%,1,中芯国际 2.13%
018001,鹏华芯片产业混合发起式C,混合型-偏股,开放申购；起购10元；日累计无限额；数据日05-25,0.00%,0.00%,2.13%,1,中芯国际 2.13%
018006,前海开源沪港深龙头精选混合C,混合型-灵活,开放申购；起购10元；日累计无限额；数据日05-25,0.00%,0.00%,8.99%,1,腾讯控股 8.99%
018002,华夏兴夏价值一年持有混合发起式C,混合型-偏股,未在天天基金申购状态总表匹配,0.00%,0.00%,3.57%,1,腾讯控股 3.57%
018003,南方兴盛先锋混合C,混合型-偏股,开放申购；起购10元；日累计无限额；数据日05-25,0.00%,0.00%,8.90%,1,腾讯控股 8.90%
018020,南方核心科技一年持有混合C,混合型-偏股,开放申购；起购10元；日累计无限额；数据日05-25,0.00%,0.00%,4.31%,1,腾讯控股 4.31%
018019,南方核心科技一年持有混合A,混合型-偏股,开放申购；起购10元；日累计无限额；数据日05-25,0.00%,0.00%,4.31%,1,腾讯控股 4.31%
018054,鹏扬景添一年持有混合A,混合型-偏债,开放申购；起购10元；日累计无限额；数据日05-25,0.00%,0.00%,0.12%,1,腾讯控股 0.12%
018055,鹏扬景添一年持有混合C,混合型-偏债,开放申购；起购10元；日累计无限额；数据日05-25,0.00%,0.00%,0.12%,1,腾讯控股 0.12%
018073,国泰产业精选混合A,混合型-偏股,开放申购；起购10元；日累计无限额；数据日05-25,0.00%,0.00%,8.46%,2,阿里巴巴-W 4.66%; 腾讯控股 3.80%
018101,贝莱德卓越远航混合A,混合型-偏股,开放申购；起购10元；日累计无限额；数据日05-25,0.00%,0.00%,5.95%,1,腾讯控股 5.95%
018088,东财远见成长混合发起式A,混合型-偏股,未在天天基金申购状态总表匹配,0.00%,0.00%,7.45%,1,晶泰控股 7.45%
018089,东财远见成长混合发起式C,混合型-偏股,未在天天基金申购状态总表匹配,0.00%,0.00%,7.45%,1,晶泰控股 7.45%
018102,贝莱德卓越远航混合C,混合型-偏股,开放申购；起购10元；日累计无限额；数据日05-25,0.00%,0.00%,5.95%,1,腾讯控股 5.95%
018130,博时ESG量化选股混合A,混合型-偏股,开放申购；起购10元；日累计无限额；数据日05-25,0.00%,0.00%,34.17%,5,阿里巴巴-W 9.13%; 腾讯控股 9.07%; 小米集团-W 6.43%; 金山云 4.83%; 华虹半导体 4.71%
018131,博时ESG量化选股混合C,混合型-偏股,开放申购；起购10元；日累计无限额；数据日05-25,0.00%,0.00%,34.17%,5,阿里巴巴-W 9.13%; 腾讯控股 9.07%; 小米集团-W 6.43%; 金山云 4.83%; 华虹半导体 4.71%
018152,长城核心优势混合C,混合型-偏股,开放申购；起购10元；日累计无限额；数据日05-25,0.00%,0.00%,3.58%,1,阿里巴巴-W 3.58%
018148,百嘉百瑞混合发起式A,混合型-偏股,开放申购；起购10元；日累计无限额；数据日05-25,0.00%,0.00%,12.95%,2,阿里巴巴-W 6.85%; 金山云 6.10%
018187,富国裕利债券E,债券型-混合二级,开放申购；起购10元；日累计无限额；数据日05-25,0.00%,0.00%,0.40%,1,腾讯控股 0.40%
018207,申万菱信中证沪港深数字经济主题指数型发起式A,指数型-股票,开放申购；起购10元；日累计无限额；数据日05-25,0.00%,0.00%,25.24%,3,腾讯控股 8.73%; 阿里巴巴-W 8.41%; 小米集团-W 8.10%
018203,信澳核心科技混合C,混合型-偏股,开放申购；起购10元；日累计无限额；数据日05-25,0.00%,0.00%,12.49%,2,腾讯控股 6.44%; 阿里巴巴-W 6.05%
018208,申万菱信中证沪港深数字经济主题指数型发起式C,指数型-股票,开放申购；起购10元；日累计无限额；数据日05-25,0.00%,0.00%,25.24%,3,腾讯控股 8.73%; 阿里巴巴-W 8.41%; 小米集团-W 8.10%
018218,博时厚泽匠选一年持有期混合C,混合型-偏股,开放申购；起购10元；日累计无限额；数据日05-25,0.00%,0.00%,8.03%,1,腾讯控股 8.03%
018214,景顺长城景颐辰利债券A,债券型-混合二级,开放申购；起购10元；日累计无限额；数据日05-25,0.00%,0.00%,1.80%,1,腾讯控股 1.80%
018215,景顺长城景颐辰利债券C,债券型-混合二级,开放申购；起购10元；日累计无限额；数据日05-25,0.00%,0.00%,1.80%,1,腾讯控股 1.80%
018217,博时厚泽匠选一年持有期混合A,混合型-偏股,开放申购；起购10元；日累计无限额；数据日05-25,0.00%,0.00%,8.03%,1,腾讯控股 8.03%
018238,广发恒生中型股指数(LOF)E,指数型-股票,开放申购；起购10元；日累计无限额；数据日05-25,0.00%,0.00%,3.18%,2,商汤-W 1.63%; 华虹半导体 1.55%
018243,万家颐德一年持有期混合C,混合型-偏股,开放申购；起购10元；日累计无限额；数据日05-25,0.00%,0.00%,7.82%,1,阿里巴巴-W 7.82%
018242,万家颐德一年持有期混合A,混合型-偏股,开放申购；起购10元；日累计无限额；数据日05-25,0.00%,0.00%,7.82%,1,阿里巴巴-W 7.82%
018246,富国研究优选沪港深灵活配置混合C,混合型-灵活,开放申购；起购10元；日累计无限额；数据日05-25,0.00%,0.00%,4.48%,1,腾讯控股 4.48%
018295,景顺长城国企价值混合C,混合型-偏股,开放申购；起购10元；日累计无限额；数据日05-25,0.00%,0.00%,3.57%,1,腾讯控股 3.57%
018294,景顺长城国企价值混合A,混合型-偏股,开放申购；起购10元；日累计无限额；数据日05-25,0.00%,0.00%,3.57%,1,腾讯控股 3.57%
018330,泉果思源三年持有期混合C,混合型-偏股,限大额；起购10元；日累计100万；数据日05-25,0.00%,0.00%,10.18%,2,腾讯控股 7.21%; 阿里巴巴-W 2.97%
018329,泉果思源三年持有期混合A,混合型-偏股,限大额；起购10元；日累计100万；数据日05-25,0.00%,0.00%,10.18%,2,腾讯控股 7.21%; 阿里巴巴-W 2.97%
018350,万家欣优混合A,混合型-偏股,开放申购；起购10元；日累计无限额；数据日05-25,0.00%,0.00%,8.27%,1,腾讯控股 8.27%
018356,万家欣优混合C,混合型-偏股,开放申购；起购10元；日累计无限额；数据日05-25,0.00%,0.00%,8.27%,1,腾讯控股 8.27%
018393,富国稳健添利债券A,债券型-混合二级,开放申购；起购10元；日累计无限额；数据日05-25,0.00%,0.00%,0.95%,2,阿里巴巴-W 0.56%; 腾讯控股 0.39%
018394,富国稳健添利债券C,债券型-混合二级,开放申购；起购1元；日累计0元；数据日05-25,0.00%,0.00%,0.95%,2,阿里巴巴-W 0.56%; 腾讯控股 0.39%
018406,朱雀产业精选混合C,混合型-偏股,开放申购；起购10元；日累计无限额；数据日05-25,0.00%,0.00%,14.07%,2,中芯国际 8.72%; 腾讯控股 5.35%
018403,富国稳健添利债券E,债券型-混合二级,开放申购；起购10元；日累计无限额；数据日05-25,0.00%,0.00%,0.95%,2,阿里巴巴-W 0.56%; 腾讯控股 0.39%
018405,朱雀产业精选混合A,混合型-偏股,开放申购；起购10元；日累计无限额；数据日05-25,0.00%,0.00%,14.07%,2,中芯国际 8.72%; 腾讯控股 5.35%
018434,嘉实均衡配置混合,混合型-偏股,开放申购；起购10元；日累计无限额；数据日05-25,0.00%,0.00%,2.96%,1,阿里巴巴-W 2.96%
018442,汇添富成长领航混合A,混合型-偏股,开放申购；起购10元；日累计无限额；数据日05-25,0.00%,0.00%,6.06%,1,华虹半导体 6.06%
018447,长城价值优选混合C,混合型-偏股,开放申购；起购10元；日累计无限额；数据日05-25,0.00%,0.00%,2.65%,1,腾讯控股 2.65%
018443,汇添富成长领航混合C,混合型-偏股,开放申购；起购10元；日累计无限额；数据日05-25,0.00%,0.00%,6.06%,1,华虹半导体 6.06%
018464,光大睿盈混合C,混合型-偏股,开放申购；起购10元；日累计无限额；数据日05-25,0.00%,0.00%,3.94%,1,阿里巴巴-W 3.94%
018471,南方津享稳健添利债券A,债券型-混合二级,开放申购；起购10元；日累计无限额；数据日05-25,0.00%,0.00%,0.70%,2,阿里巴巴-W 0.35%; 腾讯控股 0.35%
018472,南方津享稳健添利债券C,债券型-混合二级,开放申购；起购10元；日累计无限额；数据日05-25,0.00%,0.00%,0.70%,2,阿里巴巴-W 0.35%; 腾讯控股 0.35%
018495,融通产业趋势臻选股票C,股票型,限大额；起购10元；日累计500万；数据日05-25,0.00%,0.00%,4.82%,1,腾讯控股 4.82%
018507,创金合信益久9个月持有期债券C,债券型-混合二级,暂停申购；当前不可场外申购；数据日05-25,0.00%,0.00%,0.77%,2,阿里巴巴-W 0.40%; 中芯国际 0.37%
018506,创金合信益久9个月持有期债券A,债券型-混合二级,开放申购；起购10元；日累计无限额；数据日05-25,0.00%,0.00%,0.77%,2,阿里巴巴-W 0.40%; 中芯国际 0.37%
018523,华泰紫金恒生互联网科技业指数型发起基金(QDII)A,指数型-海外股票,限大额；起购10元；日累计500万；数据日05-25,0.00%,0.00%,48.78%,6,腾讯控股 14.48%; 阿里巴巴-W 13.61%; 小米集团-W 10.28%; 百度集团-SW 5.11%; 地平线机器人-W 2.95%; 商汤-W 2.35%
018524,华泰紫金恒生互联网科技业指数型发起基金(QDII)C,指数型-海外股票,限大额；起购10元；日累计500万；数据日05-25,0.00%,0.00%,48.78%,6,腾讯控股 14.48%; 阿里巴巴-W 13.61%; 小米集团-W 10.28%; 百度集团-SW 5.11%; 地平线机器人-W 2.95%; 商汤-W 2.35%
018508,创金合信益久9个月持有期债券E,债券型-混合二级,开放申购；起购10元；日累计无限额；数据日05-25,0.00%,0.00%,0.77%,2,阿里巴巴-W 0.40%; 中芯国际 0.37%
018554,交银启嘉混合A,混合型-偏股,开放申购；起购10元；日累计无限额；数据日05-25,0.00%,0.00%,2.09%,1,华虹半导体 2.09%
018555,交银启嘉混合C,混合型-偏股,开放申购；起购10元；日累计无限额；数据日05-25,0.00%,0.00%,2.09%,1,华虹半导体 2.09%
018587,汇添富双享增利债券C,债券型-混合二级,开放申购；起购10元；日累计无限额；数据日05-25,0.00%,0.00%,0.67%,1,腾讯控股 0.67%
018592,中欧汇利债券A,债券型-混合二级,开放申购；起购10元；日累计无限额；数据日05-25,0.00%,0.00%,1.36%,2,阿里巴巴-W 0.86%; 腾讯控股 0.50%
018586,汇添富双享增利债券A,债券型-混合二级,开放申购；起购10元；日累计无限额；数据日05-25,0.00%,0.00%,0.67%,1,腾讯控股 0.67%
018593,中欧汇利债券C,债券型-混合二级,开放申购；起购10元；日累计无限额；数据日05-25,0.00%,0.00%,1.36%,2,阿里巴巴-W 0.86%; 腾讯控股 0.50%
018620,兴全兴晨六个月持有混合A,混合型-偏债,开放申购；起购10元；日累计无限额；数据日05-25,0.00%,0.00%,3.49%,2,腾讯控股 2.00%; 阿里巴巴-W 1.49%
018619,中信保诚远见成长混合C,混合型-偏股,开放申购；起购10元；日累计无限额；数据日05-25,0.00%,0.00%,9.04%,2,腾讯控股 4.83%; 阿里巴巴-W 4.21%
018627,富国兴享回报6个月持有期混合C,混合型-偏债,开放申购；起购10元；日累计无限额；数据日05-25,0.00%,0.00%,1.47%,3,阿里巴巴-W 0.78%; 腾讯控股 0.45%; 中芯国际 0.24%
018618,中信保诚远见成长混合A,混合型-偏股,开放申购；起购10元；日累计无限额；数据日05-25,0.00%,0.00%,9.04%,2,腾讯控股 4.83%; 阿里巴巴-W 4.21%
018621,兴全兴晨六个月持有混合C,混合型-偏债,开放申购；起购10元；日累计无限额；数据日05-25,0.00%,0.00%,3.49%,2,腾讯控股 2.00%; 阿里巴巴-W 1.49%
018626,富国兴享回报6个月持有期混合A,混合型-偏债,开放申购；起购10元；日累计无限额；数据日05-25,0.00%,0.00%,1.47%,3,阿里巴巴-W 0.78%; 腾讯控股 0.45%; 中芯国际 0.24%
018641,华安沣润债券C,债券型-混合二级,开放申购；起购10元；日累计无限额；数据日05-25,0.00%,0.00%,0.18%,1,腾讯控股 0.18%
018640,华安沣润债券A,债券型-混合二级,开放申购；起购10元；日累计无限额；数据日05-25,0.00%,0.00%,0.18%,1,腾讯控股 0.18%
018672,广发安诚养老目标2040三年持有混合发起式(FOF)A,FOF-均衡型,开放申购；起购10元；日累计无限额；数据日05-21,0.00%,0.00%,1.23%,1,腾讯控股 1.23%
018708,交银悦信精选混合A,混合型-偏股,开放申购；起购10元；日累计无限额；数据日05-25,0.00%,0.00%,3.24%,1,腾讯控股 3.24%
018709,交银悦信精选混合C,混合型-偏股,开放申购；起购10元；日累计无限额；数据日05-25,0.00%,0.00%,3.24%,1,腾讯控股 3.24%
018711,华泰柏瑞祥泰稳健养老目标偏债一年(FOF)A,FOF-稳健型,开放申购；起购10元；日累计无限额；数据日05-21,0.00%,0.00%,0.24%,1,腾讯控股 0.24%
018736,景顺长城景颐裕利债券A,债券型-混合二级,开放申购；起购10元；日累计无限额；数据日05-25,0.00%,0.00%,0.32%,2,腾讯控股 0.21%; 中芯国际 0.11%
018741,万家集利债券发起式A,债券型-混合二级,开放申购；起购10元；日累计无限额；数据日05-25,0.00%,0.00%,0.18%,1,腾讯控股 0.18%
018742,万家集利债券发起式C,债券型-混合二级,开放申购；起购10元；日累计无限额；数据日05-25,0.00%,0.00%,0.18%,1,腾讯控股 0.18%
018737,景顺长城景颐裕利债券C,债券型-混合二级,开放申购；起购10元；日累计无限额；数据日05-25,0.00%,0.00%,0.32%,2,腾讯控股 0.21%; 中芯国际 0.11%
018767,汇添富稳乐回报债券发起式A,债券型-混合二级,开放申购；起购10元；日累计无限额；数据日05-25,0.00%,0.00%,1.85%,1,腾讯控股 1.85%
018757,睿远稳益增强30天持有债券C,债券型-混合二级,暂停申购；当前不可场外申购；数据日05-25,0.00%,0.00%,1.53%,1,腾讯控股 1.53%
018752,天弘阿尔法优选混合A,混合型-偏股,开放申购；起购10元；日累计无限额；数据日05-25,0.00%,0.00%,3.67%,1,腾讯控股 3.67%
018768,汇添富稳乐回报债券发起式C,债券型-混合二级,开放申购；起购10元；日累计无限额；数据日05-25,0.00%,0.00%,1.85%,1,腾讯控股 1.85%
018753,天弘阿尔法优选混合C,混合型-偏股,开放申购；起购10元；日累计无限额；数据日05-25,0.00%,0.00%,3.67%,1,腾讯控股 3.67%
018756,睿远稳益增强30天持有债券A,债券型-混合二级,暂停申购；当前不可场外申购；数据日05-25,0.00%,0.00%,1.53%,1,腾讯控股 1.53%
018772,南方惠享稳健添利债券A,债券型-混合二级,开放申购；起购10元；日累计无限额；数据日05-25,0.00%,0.00%,0.39%,1,腾讯控股 0.39%
018773,南方惠享稳健添利债券C,债券型-混合二级,开放申购；起购10元；日累计无限额；数据日05-25,0.00%,0.00%,0.39%,1,腾讯控股 0.39%
018837,广发养老目标2060五年持有混合发起式(FOF)A,FOF-进取型,开放申购；起购10元；日累计无限额；数据日05-21,0.00%,0.00%,1.53%,1,腾讯控股 1.53%
018870,银河产业动力混合C,混合型-偏股,开放申购；起购10元；日累计无限额；数据日05-25,0.00%,0.00%,16.25%,3,腾讯控股 5.77%; 华虹半导体 5.44%; 阿里巴巴-W 5.04%
018876,兴合先进制造混合发起式A,混合型-偏股,开放申购；起购10元；日累计无限额；数据日05-25,0.00%,0.00%,3.57%,1,中芯国际 3.57%
018861,景顺长城量化港股通股票C,股票型,开放申购；起购10元；日累计无限额；数据日05-25,0.00%,0.00%,12.79%,2,腾讯控股 7.55%; 阿里巴巴-W 5.24%
018877,兴合先进制造混合发起式C,混合型-偏股,开放申购；起购10元；日累计无限额；数据日05-25,0.00%,0.00%,3.57%,1,中芯国际 3.57%
018910,中欧科技成长混合A,混合型-偏股,开放申购；起购10元；日累计无限额；数据日05-25,0.00%,0.00%,5.23%,1,腾讯控股 5.23%
018901,招商回报优选混合发起式A,混合型-偏股,开放申购；起购10元；日累计无限额；数据日05-25,0.00%,0.00%,6.69%,1,腾讯控股 6.69%
018911,中欧科技成长混合C,混合型-偏股,开放申购；起购10元；日累计无限额；数据日05-25,0.00%,0.00%,5.23%,1,腾讯控股 5.23%
018902,招商回报优选混合发起式C,混合型-偏股,开放申购；起购10元；日累计无限额；数据日05-25,0.00%,0.00%,6.69%,1,腾讯控股 6.69%
018948,东方红睿满沪港深混合(LOF)C,混合型-灵活,开放申购；起购10元；日累计0元；数据日05-25,0.00%,0.00%,13.33%,2,腾讯控股 7.59%; 阿里巴巴-W 5.74%
018949,东方红睿华沪港深混合(LOF)C,混合型-灵活,开放申购；起购10元；日累计无限额；数据日05-25,0.00%,0.00%,4.27%,1,阿里巴巴-W 4.27%
018988,博时双季益六个月持有期债券A,债券型-混合二级,开放申购；起购10元；日累计无限额；数据日05-25,0.00%,0.00%,0.23%,1,腾讯控股 0.23%
018989,博时双季益六个月持有期债券C,债券型-混合二级,开放申购；起购10元；日累计无限额；数据日05-25,0.00%,0.00%,0.23%,1,腾讯控股 0.23%
018991,兴银智选消费混合C,混合型-偏股,开放申购；起购10元；日累计无限额；数据日05-25,0.00%,0.00%,3.30%,1,腾讯控股 3.30%
018990,兴银智选消费混合A,混合型-偏股,开放申购；起购10元；日累计无限额；数据日05-25,0.00%,0.00%,3.30%,1,腾讯控股 3.30%
019042,浦银安盛稳健富利180天持有债券C,债券型-混合二级,开放申购；起购10元；日累计无限额；数据日05-25,0.00%,0.00%,0.35%,2,华虹半导体 0.20%; 腾讯控股 0.15%
019041,浦银安盛稳健富利180天持有债券A,债券型-混合二级,开放申购；起购10元；日累计无限额；数据日05-25,0.00%,0.00%,0.35%,2,华虹半导体 0.20%; 腾讯控股 0.15%
019079,国富招瑞优选股票A,股票型,限大额；起购10元；日累计100万；数据日05-25,0.00%,0.00%,2.34%,1,阿里巴巴-W 2.34%
019080,国富招瑞优选股票C,股票型,限大额；起购10元；日累计100万；数据日05-25,0.00%,0.00%,2.34%,1,阿里巴巴-W 2.34%
019110,泰康兴泰回报沪港深混合C,混合型-偏债,开放申购；起购10元；日累计无限额；数据日05-25,0.00%,0.00%,8.47%,1,腾讯控股 8.47%
019114,东财慧心优选混合发起式C,混合型-偏股,开放申购；起购10元；日累计无限额；数据日05-25,0.00%,0.00%,16.65%,2,华虹半导体 8.95%; 中芯国际 7.70%
019115,东财卓越成长混合发起式A,混合型-偏股,开放申购；起购10元；日累计无限额；数据日05-25,0.00%,0.00%,9.59%,1,金山云 9.59%
019116,东财卓越成长混合发起式C,混合型-偏股,开放申购；起购10元；日累计无限额；数据日05-25,0.00%,0.00%,9.59%,1,金山云 9.59%
019113,东财慧心优选混合发起式A,混合型-偏股,开放申购；起购10元；日累计无限额；数据日05-25,0.00%,0.00%,16.65%,2,华虹半导体 8.95%; 中芯国际 7.70%
019130,天弘多元锐选一年持有混合A,混合型-偏债,开放申购；起购10元；日累计无限额；数据日05-25,0.00%,0.00%,1.17%,1,腾讯控股 1.17%
019136,交银启合混合A,混合型-偏股,开放申购；起购10元；日累计无限额；数据日05-25,0.00%,0.00%,3.83%,1,腾讯控股 3.83%
019133,广发积极回报3个月持有混合(FOF)C,FOF-进取型,开放申购；起购10元；日累计无限额；数据日05-22,0.00%,0.00%,1.69%,1,腾讯控股 1.69%
019132,广发积极回报3个月持有混合(FOF)A,FOF-进取型,开放申购；起购10元；日累计无限额；数据日05-22,0.00%,0.00%,1.69%,1,腾讯控股 1.69%
019137,交银启合混合C,混合型-偏股,开放申购；起购10元；日累计无限额；数据日05-25,0.00%,0.00%,3.83%,1,腾讯控股 3.83%
019153,中欧锐意成长混合发起A,混合型-偏股,开放申购；起购10元；日累计无限额；数据日05-25,0.00%,0.00%,15.78%,2,阿里巴巴-W 7.95%; 腾讯控股 7.83%
019131,天弘多元锐选一年持有混合C,混合型-偏债,开放申购；起购10元；日累计无限额；数据日05-25,0.00%,0.00%,1.17%,1,腾讯控股 1.17%
019160,中欧产业领航混合C,混合型-偏股,开放申购；起购10元；日累计无限额；数据日05-25,0.00%,0.00%,6.77%,1,阿里巴巴-W 6.77%
019170,天弘沪港深云计算ETF联接C,指数型-股票,开放申购；起购10元；日累计无限额；数据日05-25,0.00%,0.00%,0.84%,2,腾讯控股 0.43%; 阿里巴巴-W 0.41%
019154,中欧锐意成长混合发起C,混合型-偏股,开放申购；起购10元；日累计无限额；数据日05-25,0.00%,0.00%,15.78%,2,阿里巴巴-W 7.95%; 腾讯控股 7.83%
019171,天弘沪港深云计算ETF联接A,指数型-股票,开放申购；起购10元；日累计无限额；数据日05-25,0.00%,0.00%,0.84%,2,腾讯控股 0.43%; 阿里巴巴-W 0.41%
019176,汇添富添添乐双鑫债券A,债券型-混合二级,开放申购；起购10元；日累计无限额；数据日05-25,0.00%,0.00%,0.48%,1,腾讯控股 0.48%
019177,汇添富添添乐双鑫债券C,债券型-混合二级,开放申购；起购10元；日累计无限额；数据日05-25,0.00%,0.00%,0.48%,1,腾讯控股 0.48%
019159,中欧产业领航混合A,混合型-偏股,开放申购；起购10元；日累计无限额；数据日05-25,0.00%,0.00%,6.77%,1,阿里巴巴-W 6.77%
019189,华商品质价值混合A,混合型-偏股,开放申购；起购10元；日累计无限额；数据日05-25,0.00%,0.00%,8.45%,3,金山云 3.17%; 中芯国际 2.73%; 阿里巴巴-W 2.55%
019190,华商品质价值混合C,混合型-偏股,开放申购；起购10元；日累计无限额；数据日05-25,0.00%,0.00%,8.45%,3,金山云 3.17%; 中芯国际 2.73%; 阿里巴巴-W 2.55%
019252,光大创新生活混合C,混合型-偏股,开放申购；起购1元；日累计0元；数据日05-25,0.00%,0.00%,7.81%,2,腾讯控股 4.69%; 阿里巴巴-W 3.12%
019265,南方港股数字经济混合发起(QDII)A,QDII-混合偏股,开放申购；起购10元；日累计无限额；数据日05-22,0.00%,0.00%,11.28%,2,腾讯控股 7.37%; 阿里巴巴-W 3.91%
019266,南方港股数字经济混合发起(QDII)C,QDII-混合偏股,开放申购；起购10元；日累计无限额；数据日05-22,0.00%,0.00%,11.28%,2,腾讯控股 7.37%; 阿里巴巴-W 3.91%
019329,国泰金盛回报混合C,混合型-偏股,开放申购；起购10元；日累计无限额；数据日05-25,0.00%,0.00%,5.66%,1,腾讯控股 5.66%
019340,西部利得研究精选混合A,混合型-偏股,开放申购；起购10元；日累计无限额；数据日05-25,0.00%,0.00%,3.08%,1,腾讯控股 3.08%
019328,国泰金盛回报混合A,混合型-偏股,开放申购；起购10元；日累计无限额；数据日05-25,0.00%,0.00%,5.66%,1,腾讯控股 5.66%
019341,西部利得研究精选混合C,混合型-偏股,开放申购；起购10元；日累计无限额；数据日05-25,0.00%,0.00%,3.08%,1,腾讯控股 3.08%
019353,招商精选企业混合C,混合型-偏股,开放申购；起购10元；日累计无限额；数据日05-25,0.00%,0.00%,4.93%,1,腾讯控股 4.93%
019360,汇添富积极优选三年定开混合,混合型-偏股,暂停申购；当前不可场外申购；下一开放日2026-11-16；数据日05-22,0.00%,0.00%,4.53%,1,腾讯控股 4.53%
019352,招商精选企业混合A,混合型-偏股,开放申购；起购10元；日累计无限额；数据日05-25,0.00%,0.00%,4.93%,1,腾讯控股 4.93%
019389,中欧时代共赢混合发起A3,混合型-偏股,暂停申购；当前不可场外申购；数据日05-25,0.00%,0.00%,4.95%,1,腾讯控股 4.95%
019388,中欧时代共赢混合发起A2,混合型-偏股,暂停申购；当前不可场外申购；数据日05-25,0.00%,0.00%,4.95%,1,腾讯控股 4.95%
019393,嘉实匠心严选混合C,混合型-偏股,开放申购；起购10元；日累计无限额；数据日05-25,0.00%,0.00%,13.04%,2,腾讯控股 7.30%; 阿里巴巴-W 5.74%
019387,中欧时代共赢混合发起A1,混合型-偏股,开放申购；起购10元；日累计无限额；数据日05-25,0.00%,0.00%,4.95%,1,腾讯控股 4.95%
019392,嘉实匠心严选混合A,混合型-偏股,开放申购；起购10元；日累计无限额；数据日05-25,0.00%,0.00%,13.04%,2,腾讯控股 7.30%; 阿里巴巴-W 5.74%
019390,光大研究精选混合C,混合型-偏股,开放申购；起购1元；日累计0元；数据日05-25,0.00%,0.00%,2.15%,1,中芯国际 2.15%
019418,中欧磐固债券C,债券型-混合二级,暂停申购；当前不可场外申购；数据日05-25,0.00%,0.00%,1.12%,2,阿里巴巴-W 0.63%; 腾讯控股 0.49%
019417,中欧磐固债券A,债券型-混合二级,暂停申购；当前不可场外申购；数据日05-25,0.00%,0.00%,1.12%,2,阿里巴巴-W 0.63%; 腾讯控股 0.49%
019427,中银数字经济混合C,混合型-偏股,开放申购；起购10元；日累计无限额；数据日05-25,0.00%,0.00%,3.99%,1,华虹半导体 3.99%
019434,国泰海通消费机遇混合发起C,混合型-偏股,开放申购；起购10元；日累计无限额；数据日05-25,0.00%,0.00%,3.27%,1,腾讯控股 3.27%
019426,中银数字经济混合A,混合型-偏股,开放申购；起购10元；日累计无限额；数据日05-25,0.00%,0.00%,3.99%,1,华虹半导体 3.99%
019435,易米鑫选品质混合A,混合型-偏股,开放申购；起购10元；日累计无限额；数据日05-25,0.00%,0.00%,18.53%,3,腾讯控股 9.57%; 联想集团 4.73%; 阿里巴巴-W 4.23%
019433,国泰海通消费机遇混合发起A,混合型-偏股,开放申购；起购10元；日累计无限额；数据日05-25,0.00%,0.00%,3.27%,1,腾讯控股 3.27%
019436,易米鑫选品质混合C,混合型-偏股,开放申购；起购10元；日累计无限额；数据日05-25,0.00%,0.00%,18.53%,3,腾讯控股 9.57%; 联想集团 4.73%; 阿里巴巴-W 4.23%
019470,华夏信兴回报混合A,混合型-偏股,开放申购；起购10元；日累计无限额；数据日05-25,0.00%,0.00%,4.26%,2,阿里巴巴-W 2.13%; 腾讯控股 2.13%
019471,华夏信兴回报混合C,混合型-偏股,开放申购；起购10元；日累计无限额；数据日05-25,0.00%,0.00%,4.26%,2,阿里巴巴-W 2.13%; 腾讯控股 2.13%
019499,兴全创新优势混合C,混合型-偏股,开放申购；起购10元；日累计无限额；数据日05-25,0.00%,0.00%,9.77%,2,金山云 5.11%; 中芯国际 4.66%
019496,招商和享均衡养老三年持有期混合(FOF)Y,FOF-均衡型,开放申购；起购10元；日累计无限额；数据日05-21,0.00%,0.00%,0.20%,1,腾讯控股 0.20%
019498,兴全创新优势混合A,混合型-偏股,开放申购；起购10元；日累计无限额；数据日05-25,0.00%,0.00%,9.77%,2,金山云 5.11%; 中芯国际 4.66%
019521,景顺长城价值发现混合A1,混合型-偏股,开放申购；起购10元；日累计无限额；数据日05-25,0.00%,0.00%,9.94%,2,腾讯控股 5.22%; 阿里巴巴-W 4.72%
019523,景顺长城价值发现混合A3,混合型-偏股,暂停申购；当前不可场外申购；数据日05-25,0.00%,0.00%,9.94%,2,腾讯控股 5.22%; 阿里巴巴-W 4.72%
019513,中欧汇利债券E,债券型-混合二级,开放申购；起购10元；日累计无限额；数据日05-25,0.00%,0.00%,1.36%,2,阿里巴巴-W 0.86%; 腾讯控股 0.50%
019535,东方红新兴成长混合A,混合型-偏股,开放申购；起购10元；日累计无限额；数据日05-25,0.00%,0.00%,3.49%,1,阿里巴巴-W 3.49%
019522,景顺长城价值发现混合A2,混合型-偏股,暂停申购；当前不可场外申购；数据日05-25,0.00%,0.00%,9.94%,2,腾讯控股 5.22%; 阿里巴巴-W 4.72%
019536,东方红新兴成长混合C,混合型-偏股,开放申购；起购10元；日累计无限额；数据日05-25,0.00%,0.00%,3.49%,1,阿里巴巴-W 3.49%
019546,汇添富上证50基本面增强指数D,指数型-股票,开放申购；起购1元；日累计0元；数据日05-25,0.00%,0.00%,3.55%,1,中芯国际 3.55%
019587,兴业弘远回报混合发起式A,混合型-偏股,开放申购；起购10元；日累计无限额；数据日05-25,0.00%,0.00%,7.81%,1,金山云 7.81%
019588,兴业弘远回报混合发起式C,混合型-偏股,开放申购；起购10元；日累计无限额；数据日05-25,0.00%,0.00%,7.81%,1,金山云 7.81%
019617,工银远见共赢混合A1,混合型-偏股,开放申购；起购10元；日累计无限额；数据日05-25,0.00%,0.00%,4.08%,1,腾讯控股 4.08%
019619,工银远见共赢混合A3,混合型-偏股,暂停申购；当前不可场外申购；数据日05-25,0.00%,0.00%,4.08%,1,腾讯控股 4.08%
019618,工银远见共赢混合A2,混合型-偏股,暂停申购；当前不可场外申购；数据日05-25,0.00%,0.00%,4.08%,1,腾讯控股 4.08%
019624,泉果嘉源三年持有期混合A,混合型-偏股,开放申购；起购10元；日累计无限额；数据日05-25,0.00%,0.00%,10.23%,2,腾讯控股 6.40%; 阿里巴巴-W 3.83%
019625,泉果嘉源三年持有期混合C,混合型-偏股,开放申购；起购10元；日累计无限额；数据日05-25,0.00%,0.00%,10.23%,2,腾讯控股 6.40%; 阿里巴巴-W 3.83%
019651,汇添富稳健睿选一年持有混合B,混合型-偏债,开放申购；起购1元；日累计0元；数据日05-25,0.00%,0.00%,2.72%,2,腾讯控股 1.91%; 阿里巴巴-W 0.81%
019652,景顺长城隽丰平衡养老三年持有混合(FOF)Y,FOF-均衡型,开放申购；起购10元；日累计无限额；数据日05-21,0.00%,0.00%,0.89%,1,腾讯控股 0.89%
019659,万家养老目标2045三年持有混合发起式(FOF),FOF-均衡型,开放申购；起购10元；日累计无限额；数据日05-21,0.00%,0.00%,0.18%,1,中芯国际 0.18%
019679,长城精选进取3个月持有期混合型发起式C,FOF-进取型,限大额；起购10元；日累计5万；数据日05-21,0.00%,0.00%,1.52%,1,腾讯控股 1.52%
019690,华商产业机遇混合A,混合型-偏股,开放申购；起购10元；日累计无限额；数据日05-25,0.00%,0.00%,3.81%,1,阿里巴巴-W 3.81%
019678,长城精选进取3个月持有期混合型发起式A,FOF-进取型,限大额；起购10元；日累计5万；数据日05-21,0.00%,0.00%,1.52%,1,腾讯控股 1.52%
019698,招商安泽稳利9个月持有期混合A,混合型-偏债,开放申购；起购10元；日累计无限额；数据日05-25,0.00%,0.00%,1.04%,1,腾讯控股 1.04%
019697,汇添富鑫享添利六个月持有混合B,混合型-偏债,开放申购；起购1元；日累计0元；数据日05-25,0.00%,0.00%,0.73%,1,腾讯控股 0.73%
019691,华商产业机遇混合C,混合型-偏股,开放申购；起购10元；日累计无限额；数据日05-25,0.00%,0.00%,3.81%,1,阿里巴巴-W 3.81%
019699,招商安泽稳利9个月持有期混合C,混合型-偏债,开放申购；起购10元；日累计无限额；数据日05-25,0.00%,0.00%,1.04%,1,腾讯控股 1.04%
019721,信澳宁隽智选混合C,混合型-偏股,开放申购；起购10元；日累计无限额；数据日05-25,0.00%,0.00%,2.96%,2,腾讯控股 1.53%; 阿里巴巴-W 1.43%
019720,信澳宁隽智选混合A,混合型-偏股,开放申购；起购10元；日累计无限额；数据日05-25,0.00%,0.00%,2.96%,2,腾讯控股 1.53%; 阿里巴巴-W 1.43%
019745,广发安诚养老目标2040三年持有混合发起式(FOF)Y,FOF-均衡型,开放申购；起购10元；日累计无限额；数据日05-21,0.00%,0.00%,1.23%,1,腾讯控股 1.23%
019746,广发积极养老目标五年持有期混合发起式(FOF)Y,FOF-进取型,开放申购；起购10元；日累计无限额；数据日05-21,0.00%,0.00%,0.76%,1,腾讯控股 0.76%
019765,国寿安保优选国企股票发起式A,股票型,开放申购；起购10元；日累计无限额；数据日05-25,0.00%,0.00%,15.46%,2,华虹半导体 8.68%; 中芯国际 6.78%
019766,国寿安保优选国企股票发起式C,股票型,开放申购；起购10元；日累计无限额；数据日05-25,0.00%,0.00%,15.46%,2,华虹半导体 8.68%; 中芯国际 6.78%
019782,嘉实创新动力混合发起式A3,混合型-偏股,暂停申购；当前不可场外申购；数据日05-25,0.00%,0.00%,10.40%,2,腾讯控股 5.59%; 阿里巴巴-W 4.81%
019780,嘉实创新动力混合发起式A1,混合型-偏股,开放申购；起购10元；日累计无限额；数据日05-25,0.00%,0.00%,10.40%,2,腾讯控股 5.59%; 阿里巴巴-W 4.81%
019781,嘉实创新动力混合发起式A2,混合型-偏股,暂停申购；当前不可场外申购；数据日05-25,0.00%,0.00%,10.40%,2,腾讯控股 5.59%; 阿里巴巴-W 4.81%
019818,长城健康生活混合C,混合型-灵活,开放申购；起购10元；日累计无限额；数据日05-25,0.00%,0.00%,5.16%,1,腾讯控股 5.16%
019865,浦银安盛高端装备混合C,混合型-偏股,开放申购；起购10元；日累计无限额；数据日05-25,0.00%,0.00%,17.87%,2,腾讯控股 9.42%; 小米集团-W 8.45%
019876,广发均衡成长混合A,混合型-偏股,开放申购；起购10元；日累计无限额；数据日05-25,0.00%,0.00%,12.01%,2,阿里巴巴-W 7.47%; 腾讯控股 4.54%
019864,浦银安盛高端装备混合A,混合型-偏股,开放申购；起购10元；日累计无限额；数据日05-25,0.00%,0.00%,17.87%,2,腾讯控股 9.42%; 小米集团-W 8.45%
019877,广发均衡成长混合C,混合型-偏股,开放申购；起购10元；日累计无限额；数据日05-25,0.00%,0.00%,12.01%,2,阿里巴巴-W 7.47%; 腾讯控股 4.54%
019900,中欧预见积极养老目标五年持有混合发起(FOF)Y,FOF-进取型,开放申购；起购10元；日累计无限额；数据日05-21,0.00%,0.00%,0.93%,1,阿里巴巴-W 0.93%
019913,华夏瑞益混合A1,混合型-偏股,开放申购；起购10元；日累计无限额；数据日05-25,0.00%,0.00%,12.02%,2,腾讯控股 6.36%; 阿里巴巴-W 5.66%
019915,华夏瑞益混合A3,混合型-偏股,暂停申购；当前不可场外申购；数据日05-25,0.00%,0.00%,12.02%,2,腾讯控股 6.36%; 阿里巴巴-W 5.66%
019925,华宝竞争优势混合C,混合型-偏股,开放申购；起购10元；日累计无限额；数据日05-25,0.00%,0.00%,3.53%,1,中芯国际 3.53%
019914,华夏瑞益混合A2,混合型-偏股,暂停申购；当前不可场外申购；数据日05-25,0.00%,0.00%,12.02%,2,腾讯控股 6.36%; 阿里巴巴-W 5.66%
019942,富国洞见价值股票C,股票型,开放申购；起购10元；日累计无限额；数据日05-25,0.00%,0.00%,4.79%,1,中芯国际 4.79%
019941,富国洞见价值股票A,股票型,开放申购；起购10元；日累计无限额；数据日05-25,0.00%,0.00%,4.79%,1,中芯国际 4.79%
019943,兴业恒益6个月持有期债券A,债券型-混合二级,开放申购；起购10元；日累计无限额；数据日05-25,0.00%,0.00%,0.16%,1,腾讯控股 0.16%
019953,平安价值远见混合C,混合型-偏股,开放申购；起购10元；日累计无限额；数据日05-25,0.00%,0.00%,3.02%,1,阿里巴巴-W 3.02%
019944,兴业恒益6个月持有期债券C,债券型-混合二级,开放申购；起购10元；日累计无限额；数据日05-25,0.00%,0.00%,0.16%,1,腾讯控股 0.16%
019952,平安价值远见混合A,混合型-偏股,开放申购；起购10元；日累计无限额；数据日05-25,0.00%,0.00%,3.02%,1,阿里巴巴-W 3.02%
020000,国泰优质领航混合C,混合型-偏股,开放申购；起购10元；日累计无限额；数据日05-25,0.00%,0.00%,14.86%,2,阿里巴巴-W 8.38%; 小米集团-W 6.48%
019999,国泰优质领航混合A,混合型-偏股,开放申购；起购10元；日累计无限额；数据日05-25,0.00%,0.00%,14.86%,2,阿里巴巴-W 8.38%; 小米集团-W 6.48%
020004,中欧臻选成长混合发起A,混合型-偏股,开放申购；起购10元；日累计无限额；数据日05-25,0.00%,0.00%,4.10%,1,腾讯控股 4.10%
020013,中欧臻选成长混合发起C,混合型-偏股,开放申购；起购10元；日累计无限额；数据日05-25,0.00%,0.00%,4.10%,1,腾讯控股 4.10%
020065,西部利得科技创新混合C,混合型-偏股,开放申购；起购10元；日累计无限额；数据日05-25,0.00%,0.00%,21.59%,3,腾讯控股 7.42%; 金山云 7.34%; 阿里巴巴-W 6.83%
020064,西部利得科技创新混合A,混合型-偏股,开放申购；起购10元；日累计无限额；数据日05-25,0.00%,0.00%,21.59%,3,腾讯控股 7.42%; 金山云 7.34%; 阿里巴巴-W 6.83%
020090,万家研究领航混合A,混合型-偏股,开放申购；起购10元；日累计无限额；数据日05-25,0.00%,0.00%,2.72%,1,华虹半导体 2.72%
020098,万家惠诚回报平衡一年持有期混合A,混合型-偏债,开放申购；起购10元；日累计无限额；数据日05-25,0.00%,0.00%,0.21%,1,腾讯控股 0.21%
020091,万家研究领航混合C,混合型-偏股,开放申购；起购10元；日累计无限额；数据日05-25,0.00%,0.00%,2.72%,1,华虹半导体 2.72%
020099,万家惠诚回报平衡一年持有期混合C,混合型-偏债,开放申购；起购10元；日累计无限额；数据日05-25,0.00%,0.00%,0.21%,1,腾讯控股 0.21%
020147,兴银价值平衡混合A,混合型-平衡,开放申购；起购10元；日累计无限额；数据日05-25,0.00%,0.00%,3.96%,1,腾讯控股 3.96%
020148,兴银价值平衡混合C,混合型-平衡,开放申购；起购10元；日累计无限额；数据日05-25,0.00%,0.00%,3.96%,1,腾讯控股 3.96%
020168,广发信远回报混合A,混合型-偏股,开放申购；起购10元；日累计无限额；数据日05-25,0.00%,0.00%,3.14%,1,腾讯控股 3.14%
020172,华泰柏瑞养老目标日期2035三年持有混合发起式(FOF),FOF-均衡型,开放申购；起购10元；日累计无限额；数据日05-21,0.00%,0.00%,2.04%,1,腾讯控股 2.04%
020169,广发信远回报混合C,混合型-偏股,开放申购；起购10元；日累计无限额；数据日05-25,0.00%,0.00%,3.14%,1,腾讯控股 3.14%
020181,长城智盈添益债券发起式A,债券型-混合二级,开放申购；起购10元；日累计无限额；数据日05-25,0.00%,0.00%,1.74%,1,腾讯控股 1.74%
020182,长城智盈添益债券发起式C,债券型-混合二级,开放申购；起购10元；日累计无限额；数据日05-25,0.00%,0.00%,1.74%,1,腾讯控股 1.74%
020192,南方晖元6个月持有期债券E,债券型-混合二级,开放申购；起购10元；日累计无限额；数据日05-25,0.00%,0.00%,0.41%,1,腾讯控股 0.41%
020241,国投瑞银和宜债券A,债券型-混合二级,开放申购；起购10元；日累计无限额；数据日05-25,0.00%,0.00%,0.37%,1,腾讯控股 0.37%
020231,大摩景气智选混合A,混合型-偏股,开放申购；起购10元；日累计无限额；数据日05-25,0.00%,0.00%,19.73%,3,腾讯控股 7.11%; 金山云 6.63%; 阿里巴巴-W 5.99%
020258,鹏华优选价值股票C,股票型,开放申购；起购10元；日累计无限额；数据日05-25,0.00%,0.00%,4.52%,1,腾讯控股 4.52%
020267,宏利睿智成长混合A,混合型-偏股,开放申购；起购10元；日累计无限额；数据日05-25,0.00%,0.00%,5.95%,1,腾讯控股 5.95%
020233,大摩景气智选混合C,混合型-偏股,开放申购；起购10元；日累计无限额；数据日05-25,0.00%,0.00%,19.73%,3,腾讯控股 7.11%; 金山云 6.63%; 阿里巴巴-W 5.99%
020247,国投瑞银和宜债券C,债券型-混合二级,开放申购；起购10元；日累计无限额；数据日05-25,0.00%,0.00%,0.37%,1,腾讯控股 0.37%
020265,长城产业优选混合A,混合型-偏股,开放申购；起购10元；日累计无限额；数据日05-25,0.00%,0.00%,16.68%,2,阿里巴巴-W 8.48%; 腾讯控股 8.20%
020268,宏利睿智成长混合C,混合型-偏股,开放申购；起购10元；日累计无限额；数据日05-25,0.00%,0.00%,5.95%,1,腾讯控股 5.95%
020269,宏利价值驱动6个月持有混合A,混合型-偏股,开放申购；起购10元；日累计无限额；数据日05-25,0.00%,0.00%,5.31%,1,腾讯控股 5.31%
020285,东方红汇享债券C,债券型-混合二级,开放申购；起购10元；日累计无限额；数据日05-25,0.00%,0.00%,0.79%,1,腾讯控股 0.79%
020284,东方红汇享债券A,债券型-混合二级,开放申购；起购10元；日累计无限额；数据日05-25,0.00%,0.00%,0.79%,1,腾讯控股 0.79%
020266,长城产业优选混合C,混合型-偏股,开放申购；起购10元；日累计无限额；数据日05-25,0.00%,0.00%,16.68%,2,阿里巴巴-W 8.48%; 腾讯控股 8.20%
020270,宏利价值驱动6个月持有混合C,混合型-偏股,开放申购；起购10元；日累计无限额；数据日05-25,0.00%,0.00%,5.31%,1,腾讯控股 5.31%
020325,南方佳元6个月持有债券E,债券型-混合二级,开放申购；起购10元；日累计无限额；数据日05-25,0.00%,0.00%,0.44%,1,腾讯控股 0.44%
020340,华泰柏瑞祥泰稳健养老目标偏债一年(FOF)Y,FOF-稳健型,开放申购；起购10元；日累计无限额；数据日05-21,0.00%,0.00%,0.24%,1,腾讯控股 0.24%
020358,东方红慧鑫甄选6个月持有混合A,混合型-偏债,开放申购；起购10元；日累计无限额；数据日05-25,0.00%,0.00%,0.53%,2,小米集团-W 0.33%; 腾讯控股 0.20%
020362,中海沪港深价值优选混合C,混合型-灵活,开放申购；起购10元；日累计无限额；数据日05-25,0.00%,0.00%,31.34%,5,腾讯控股 8.52%; 阿里巴巴-W 8.16%; 中芯国际 5.87%; 华虹半导体 5.07%; 小米集团-W 3.72%
020359,东方红慧鑫甄选6个月持有混合C,混合型-偏债,开放申购；起购10元；日累计无限额；数据日05-25,0.00%,0.00%,0.53%,2,小米集团-W 0.33%; 腾讯控股 0.20%
020410,长城均衡优选混合C,混合型-偏股,开放申购；起购10元；日累计无限额；数据日05-25,0.00%,0.00%,5.56%,2,阿里巴巴-W 2.83%; 腾讯控股 2.73%
020408,华商数字经济混合A,混合型-偏股,开放申购；起购10元；日累计无限额；数据日05-25,0.00%,0.00%,15.02%,3,阿里巴巴-W 6.08%; 中芯国际 4.86%; 腾讯控股 4.08%
020419,鹏华科技驱动混合发起式A,混合型-偏股,开放申购；起购10元；日累计无限额；数据日05-25,0.00%,0.00%,3.89%,1,阿里巴巴-W 3.89%
020409,华商数字经济混合C,混合型-偏股,开放申购；起购10元；日累计无限额；数据日05-25,0.00%,0.00%,15.02%,3,阿里巴巴-W 6.08%; 中芯国际 4.86%; 腾讯控股 4.08%
020420,鹏华科技驱动混合发起式C,混合型-偏股,开放申购；起购10元；日累计无限额；数据日05-25,0.00%,0.00%,3.89%,1,阿里巴巴-W 3.89%
020443,易米远见价值一年定开混合C,混合型-偏股,暂停申购；当前不可场外申购；下一开放日2026-06-02；数据日05-22,0.00%,0.00%,3.05%,1,阿里巴巴-W 3.05%
020442,易米远见价值一年定开混合A,混合型-偏股,暂停申购；当前不可场外申购；下一开放日2026-06-02；数据日05-22,0.00%,0.00%,3.05%,1,阿里巴巴-W 3.05%
020469,长城半导体混合发起式A,混合型-偏股,开放申购；起购10元；日累计无限额；数据日05-25,0.00%,0.00%,5.94%,1,中芯国际 5.94%
020470,长城半导体混合发起式C,混合型-偏股,开放申购；起购10元；日累计无限额；数据日05-25,0.00%,0.00%,5.94%,1,中芯国际 5.94%
020497,安信均衡增长混合A,混合型-偏股,开放申购；起购10元；日累计无限额；数据日05-25,0.00%,0.00%,2.67%,1,腾讯控股 2.67%
020498,安信均衡增长混合C,混合型-偏股,开放申购；起购10元；日累计无限额；数据日05-25,0.00%,0.00%,2.67%,1,腾讯控股 2.67%
020522,华商安恒债券C,债券型-混合二级,开放申购；起购10元；日累计无限额；数据日05-25,0.00%,0.00%,3.43%,4,阿里巴巴-W 1.58%; 腾讯控股 0.77%; 地平线机器人-W 0.54%; 金山云 0.54%
020523,交银核心资产混合C,混合型-偏股,开放申购；起购10元；日累计无限额；数据日05-25,0.00%,0.00%,11.05%,2,腾讯控股 6.95%; 阿里巴巴-W 4.10%
020521,华商安恒债券A,债券型-混合二级,开放申购；起购10元；日累计无限额；数据日05-25,0.00%,0.00%,3.43%,4,阿里巴巴-W 1.58%; 腾讯控股 0.77%; 地平线机器人-W 0.54%; 金山云 0.54%
020578,国富恒兴债券C,债券型-混合二级,开放申购；起购10元；日累计无限额；数据日05-25,0.00%,0.00%,3.37%,1,腾讯控股 3.37%
020577,国富恒兴债券A,债券型-混合二级,开放申购；起购10元；日累计无限额；数据日05-25,0.00%,0.00%,3.37%,1,腾讯控股 3.37%
020581,银华钰祥债券A,债券型-混合二级,开放申购；起购10元；日累计无限额；数据日05-25,0.00%,0.00%,0.57%,1,阿里巴巴-W 0.57%
020582,银华钰祥债券C,债券型-混合二级,开放申购；起购10元；日累计无限额；数据日05-25,0.00%,0.00%,0.57%,1,阿里巴巴-W 0.57%
020693,长城健康消费混合C,混合型-偏股,开放申购；起购10元；日累计无限额；数据日05-25,0.00%,0.00%,6.54%,2,阿里巴巴-W 4.42%; 腾讯控股 2.12%
020709,同泰恒盛债券D,债券型-混合二级,开放申购；起购1万；日累计无限额；数据日05-25,0.00%,0.00%,0.63%,1,腾讯控股 0.63%
020722,国寿安保数字经济股票发起式A,股票型,开放申购；起购10元；日累计无限额；数据日05-25,0.00%,0.00%,3.49%,1,腾讯控股 3.49%
020723,国寿安保数字经济股票发起式C,股票型,开放申购；起购10元；日累计无限额；数据日05-25,0.00%,0.00%,3.49%,1,腾讯控股 3.49%
020756,南方养老目标2055五年持有混合发起(FOF)Y,FOF-进取型,开放申购；起购10元；日累计无限额；数据日05-21,0.00%,0.00%,0.17%,1,中芯国际 0.17%
020788,国寿安保泰裕债券C,债券型-混合二级,开放申购；起购10元；日累计无限额；数据日05-25,0.00%,0.00%,1.23%,1,腾讯控股 1.23%
020787,国寿安保泰裕债券A,债券型-混合二级,开放申购；起购10元；日累计无限额；数据日05-25,0.00%,0.00%,1.23%,1,腾讯控股 1.23%
020801,易方达红利混合A,混合型-偏股,开放申购；起购10元；日累计无限额；数据日05-25,0.00%,0.00%,5.96%,2,阿里巴巴-W 3.15%; 腾讯控股 2.81%
020802,易方达红利混合C,混合型-偏股,开放申购；起购10元；日累计无限额；数据日05-25,0.00%,0.00%,5.96%,2,阿里巴巴-W 3.15%; 腾讯控股 2.81%
020822,大成领先动力混合C,混合型-偏股,开放申购；起购10元；日累计无限额；数据日05-25,0.00%,0.00%,6.17%,1,腾讯控股 6.17%
020821,大成领先动力混合A,混合型-偏股,开放申购；起购10元；日累计无限额；数据日05-25,0.00%,0.00%,6.17%,1,腾讯控股 6.17%
020849,尚正正泰平衡配置混合发起C,混合型-灵活,开放申购；起购10元；日累计无限额；数据日05-25,0.00%,0.00%,12.97%,2,腾讯控股 7.98%; 阿里巴巴-W 4.99%
020848,尚正正泰平衡配置混合发起A,混合型-灵活,开放申购；起购10元；日累计无限额；数据日05-25,0.00%,0.00%,12.97%,2,腾讯控股 7.98%; 阿里巴巴-W 4.99%
020875,中欧量化驱动混合C,混合型-偏股,开放申购；起购10元；日累计无限额；数据日05-25,0.00%,0.00%,2.11%,2,腾讯控股 1.82%; 华虹半导体 0.29%
020918,鹏扬聚优睿选混合A,混合型-偏股,未在天天基金申购状态总表匹配,0.00%,0.00%,5.47%,1,腾讯控股 5.47%
020919,鹏扬聚优睿选混合C,混合型-偏股,未在天天基金申购状态总表匹配,0.00%,0.00%,5.47%,1,腾讯控股 5.47%
020955,银华盛泓债券A,债券型-混合二级,开放申购；起购10元；日累计无限额；数据日05-25,0.00%,0.00%,1.95%,2,腾讯控股 1.10%; 阿里巴巴-W 0.85%
020956,银华盛泓债券C,债券型-混合二级,开放申购；起购10元；日累计无限额；数据日05-25,0.00%,0.00%,1.95%,2,腾讯控股 1.10%; 阿里巴巴-W 0.85%
020966,东吴科技创新混合A,混合型-偏股,开放申购；起购10元；日累计无限额；数据日05-25,0.00%,0.00%,13.02%,2,阿里巴巴-W 6.91%; 腾讯控股 6.11%
020967,东吴科技创新混合C,混合型-偏股,开放申购；起购10元；日累计无限额；数据日05-25,0.00%,0.00%,13.02%,2,阿里巴巴-W 6.91%; 腾讯控股 6.11%
021016,长江旭日混合C,混合型-偏股,开放申购；起购10元；日累计无限额；数据日05-25,0.00%,0.00%,3.15%,1,腾讯控股 3.15%
021015,长江旭日混合A,混合型-偏股,开放申购；起购10元；日累计无限额；数据日05-25,0.00%,0.00%,3.15%,1,腾讯控股 3.15%
021048,景顺长城养老2035三年持有混合(FOF)Y,FOF-均衡型,开放申购；起购10元；日累计无限额；数据日05-21,0.00%,0.00%,0.62%,1,腾讯控股 0.62%
021050,易方达高股息量化选股股票发起式C,股票型,开放申购；起购10元；日累计无限额；数据日05-25,0.00%,0.00%,2.36%,1,腾讯控股 2.36%
021049,易方达高股息量化选股股票发起式A,股票型,开放申购；起购10元；日累计无限额；数据日05-25,0.00%,0.00%,2.36%,1,腾讯控股 2.36%
021093,广发中证港股通互联网ETF发起式联接C,指数型-股票,开放申购；起购10元；日累计无限额；数据日05-25,0.00%,0.00%,2.09%,4,腾讯控股 0.71%; 小米集团-W 0.61%; 阿里巴巴-W 0.60%; 商汤-W 0.17%
021092,广发中证港股通互联网ETF发起式联接A,指数型-股票,开放申购；起购10元；日累计无限额；数据日05-25,0.00%,0.00%,2.09%,4,腾讯控股 0.71%; 小米集团-W 0.61%; 阿里巴巴-W 0.60%; 商汤-W 0.17%
021122,中欧盈选稳健6个月持有混合发起(FOF)E,FOF-稳健型,暂停申购；当前不可场外申购；数据日05-21,0.00%,0.00%,0.29%,1,阿里巴巴-W 0.29%
021121,中欧盈选稳健6个月持有混合发起(FOF)D,FOF-稳健型,暂停申购；当前不可场外申购；数据日05-21,0.00%,0.00%,0.29%,1,阿里巴巴-W 0.29%
021145,银华甄选价值成长混合A,混合型-偏股,开放申购；起购10元；日累计无限额；数据日05-25,0.00%,0.00%,4.52%,1,金山云 4.52%
021146,银华甄选价值成长混合C,混合型-偏股,开放申购；起购10元；日累计无限额；数据日05-25,0.00%,0.00%,4.52%,1,金山云 4.52%
021202,汇添富均衡回报混合发起式A,混合型-偏股,开放申购；起购10元；日累计无限额；数据日05-25,0.00%,0.00%,6.81%,1,腾讯控股 6.81%
021219,平安价值精选混合A,混合型-偏股,开放申购；起购10元；日累计无限额；数据日05-25,0.00%,0.00%,3.27%,1,阿里巴巴-W 3.27%
021203,汇添富均衡回报混合发起式C,混合型-偏股,开放申购；起购10元；日累计无限额；数据日05-25,0.00%,0.00%,6.81%,1,腾讯控股 6.81%
021227,平安价值精选混合C,混合型-偏股,开放申购；起购10元；日累计无限额；数据日05-25,0.00%,0.00%,3.27%,1,阿里巴巴-W 3.27%
021271,华泰紫金远见回报12个月持有混合A,混合型-偏股,开放申购；起购10元；日累计无限额；数据日05-25,0.00%,0.00%,3.92%,1,腾讯控股 3.92%
021272,华泰紫金远见回报12个月持有混合C,混合型-偏股,开放申购；起购10元；日累计无限额；数据日05-25,0.00%,0.00%,3.92%,1,腾讯控股 3.92%
021313,景顺长城沪港深精选股票C,股票型,开放申购；起购10元；日累计无限额；数据日05-25,0.00%,0.00%,4.98%,1,腾讯控股 4.98%
021306,中欧品质精选混合C,混合型-偏股,开放申购；起购10元；日累计无限额；数据日05-25,0.00%,0.00%,9.19%,2,腾讯控股 5.33%; 阿里巴巴-W 3.86%
021305,中欧品质精选混合A,混合型-偏股,开放申购；起购10元；日累计无限额；数据日05-25,0.00%,0.00%,9.19%,2,腾讯控股 5.33%; 阿里巴巴-W 3.86%
021345,永赢汇享债券A,债券型-混合二级,开放申购；起购10元；日累计无限额；数据日05-25,0.00%,0.00%,0.22%,1,腾讯控股 0.22%
021360,国投瑞银和兴债券A,债券型-混合二级,开放申购；起购10元；日累计无限额；数据日05-25,0.00%,0.00%,0.75%,1,腾讯控股 0.75%
021346,永赢汇享债券C,债券型-混合二级,开放申购；起购10元；日累计无限额；数据日05-25,0.00%,0.00%,0.22%,1,腾讯控股 0.22%
021372,天弘价值驱动混合A,混合型-偏股,开放申购；起购10元；日累计无限额；数据日05-25,0.00%,0.00%,4.19%,1,腾讯控股 4.19%
021361,国投瑞银和兴债券C,债券型-混合二级,开放申购；起购10元；日累计无限额；数据日05-25,0.00%,0.00%,0.75%,1,腾讯控股 0.75%
021373,天弘价值驱动混合C,混合型-偏股,开放申购；起购10元；日累计无限额；数据日05-25,0.00%,0.00%,4.19%,1,腾讯控股 4.19%
021377,兴业中证港股通互联网ETF联接A,指数型-股票,开放申购；起购10元；日累计无限额；数据日05-25,0.00%,0.00%,44.45%,4,阿里巴巴-W 14.17%; 腾讯控股 13.67%; 小米集团-W 12.82%; 商汤-W 3.79%
021378,兴业中证港股通互联网ETF联接C,指数型-股票,开放申购；起购10元；日累计无限额；数据日05-25,0.00%,0.00%,44.45%,4,阿里巴巴-W 14.17%; 腾讯控股 13.67%; 小米集团-W 12.82%; 商汤-W 3.79%
021428,国泰优质精选混合C,混合型-偏股,开放申购；起购10元；日累计无限额；数据日05-25,0.00%,0.00%,8.99%,1,腾讯控股 8.99%
021427,国泰优质精选混合A,混合型-偏股,开放申购；起购10元；日累计无限额；数据日05-25,0.00%,0.00%,8.99%,1,腾讯控股 8.99%
021476,银河ESG主题混合发起式A,混合型-偏股,开放申购；起购10元；日累计无限额；数据日05-25,0.00%,0.00%,19.79%,4,腾讯控股 6.65%; 阿里巴巴-W 6.09%; 华虹半导体 3.56%; 中芯国际 3.49%
021448,华宝成长策略混合C,混合型-偏股,开放申购；起购10元；日累计无限额；数据日05-25,0.00%,0.00%,4.03%,1,腾讯控股 4.03%
021477,银河ESG主题混合发起式C,混合型-偏股,开放申购；起购10元；日累计无限额；数据日05-25,0.00%,0.00%,19.79%,4,腾讯控股 6.65%; 阿里巴巴-W 6.09%; 华虹半导体 3.56%; 中芯国际 3.49%
021513,富国港股通红利精选混合A,混合型-偏股,开放申购；起购10元；日累计无限额；数据日05-25,0.00%,0.00%,2.86%,1,腾讯控股 2.86%
021511,宏利半导体产业混合发起C,混合型-偏股,开放申购；起购10元；日累计无限额；数据日05-25,0.00%,0.00%,2.78%,1,中芯国际 2.78%
021502,信澳科技驱动混合C,混合型-偏股,开放申购；起购10元；日累计无限额；数据日05-25,0.00%,0.00%,9.60%,1,小米集团-W 9.60%
021514,富国港股通红利精选混合C,混合型-偏股,开放申购；起购10元；日累计无限额；数据日05-25,0.00%,0.00%,2.86%,1,腾讯控股 2.86%
021501,信澳科技驱动混合A,混合型-偏股,开放申购；起购10元；日累计无限额；数据日05-25,0.00%,0.00%,9.60%,1,小米集团-W 9.60%
021510,宏利半导体产业混合发起A,混合型-偏股,开放申购；起购10元；日累计无限额；数据日05-25,0.00%,0.00%,2.78%,1,中芯国际 2.78%
021517,兴华兴利债券A,债券型-混合二级,开放申购；起购10元；日累计无限额；数据日05-25,0.00%,0.00%,3.54%,2,阿里巴巴-W 1.88%; 中芯国际 1.66%
021524,天弘匠心臻选混合发起A,混合型-偏股,开放申购；起购10元；日累计无限额；数据日05-25,0.00%,0.00%,3.51%,1,腾讯控股 3.51%
021518,兴华兴利债券C,债券型-混合二级,开放申购；起购10元；日累计无限额；数据日05-25,0.00%,0.00%,3.54%,2,阿里巴巴-W 1.88%; 中芯国际 1.66%
021525,天弘匠心臻选混合发起C,混合型-偏股,开放申购；起购10元；日累计无限额；数据日05-25,0.00%,0.00%,3.51%,1,腾讯控股 3.51%
021555,兴业恒悦180天持有期债券C,债券型-混合二级,开放申购；起购10元；日累计无限额；数据日05-25,0.00%,0.00%,0.18%,1,腾讯控股 0.18%
021554,兴业恒悦180天持有期债券A,债券型-混合二级,开放申购；起购10元；日累计无限额；数据日05-25,0.00%,0.00%,0.18%,1,腾讯控股 0.18%
021548,富国稳健双鑫债券A,债券型-混合二级,开放申购；起购10元；日累计无限额；数据日05-25,0.00%,0.00%,0.41%,1,腾讯控股 0.41%
021549,富国稳健双鑫债券C,债券型-混合二级,开放申购；起购10元；日累计无限额；数据日05-25,0.00%,0.00%,0.41%,1,腾讯控股 0.41%
021596,天弘稳健回报债券发起E,债券型-混合二级,开放申购；起购10元；日累计无限额；数据日05-25,0.00%,0.00%,0.31%,1,华虹半导体 0.31%
021590,兴全竞争优势混合A,混合型-偏股,开放申购；起购10元；日累计无限额；数据日05-25,0.00%,0.00%,10.65%,2,腾讯控股 6.92%; 阿里巴巴-W 3.73%
021605,富国消费精选30股票C,股票型,开放申购；起购10元；日累计无限额；数据日05-25,0.00%,0.00%,4.13%,1,腾讯控股 4.13%
021591,兴全竞争优势混合C,混合型-偏股,开放申购；起购10元；日累计无限额；数据日05-25,0.00%,0.00%,10.65%,2,腾讯控股 6.92%; 阿里巴巴-W 3.73%
021648,东方红动力领航混合C,混合型-偏股,开放申购；起购10元；日累计无限额；数据日05-25,0.00%,0.00%,13.14%,2,腾讯控股 7.46%; 阿里巴巴-W 5.68%
021655,海富通量化选股混合A,混合型-偏股,开放申购；起购10元；日累计无限额；数据日05-25,0.00%,0.00%,0.19%,1,中芯国际 0.19%
021647,东方红动力领航混合A,混合型-偏股,开放申购；起购10元；日累计无限额；数据日05-25,0.00%,0.00%,13.14%,2,腾讯控股 7.46%; 阿里巴巴-W 5.68%
021656,海富通量化选股混合C,混合型-偏股,开放申购；起购10元；日累计无限额；数据日05-25,0.00%,0.00%,0.19%,1,中芯国际 0.19%
021658,华安恒生生物科技指数发起式(QDII)A,指数型-海外股票,限大额；起购10元；日累计300万；数据日05-25,0.00%,0.00%,2.91%,1,晶泰控股 2.91%
021659,华安恒生生物科技指数发起式(QDII)C,指数型-海外股票,限大额；起购10元；日累计300万；数据日05-25,0.00%,0.00%,2.91%,1,晶泰控股 2.91%
021700,汇添富远见成长混合发起式C,混合型-偏股,开放申购；起购10元；日累计无限额；数据日05-25,0.00%,0.00%,17.50%,2,中芯国际 9.12%; 华虹半导体 8.38%
021699,汇添富远见成长混合发起式A,混合型-偏股,开放申购；起购10元；日累计无限额；数据日05-25,0.00%,0.00%,17.50%,2,中芯国际 9.12%; 华虹半导体 8.38%
021710,华泰柏瑞港股通量化混合C,混合型-灵活,开放申购；起购10元；日累计无限额；数据日05-25,0.00%,0.00%,11.07%,2,阿里巴巴-W 5.73%; 腾讯控股 5.34%
021734,国富基本面优选混合C,混合型-偏股,开放申购；起购10元；日累计无限额；数据日05-25,0.00%,0.00%,6.79%,1,腾讯控股 6.79%
021756,中欧价值品质混合发起C,混合型-偏股,开放申购；起购10元；日累计无限额；数据日05-25,0.00%,0.00%,15.75%,2,腾讯控股 9.06%; 华虹半导体 6.69%
021746,南方悦享稳健添利债券A,债券型-混合二级,开放申购；起购10元；日累计无限额；数据日05-25,0.00%,0.00%,1.21%,1,腾讯控股 1.21%
021747,南方悦享稳健添利债券C,债券型-混合二级,开放申购；起购10元；日累计无限额；数据日05-25,0.00%,0.00%,1.21%,1,腾讯控股 1.21%
021755,中欧价值品质混合发起A,混合型-偏股,开放申购；起购10元；日累计无限额；数据日05-25,0.00%,0.00%,15.75%,2,腾讯控股 9.06%; 华虹半导体 6.69%
021760,中欧中证港股通创新药指数发起C,指数型-股票,开放申购；起购10元；日累计无限额；数据日05-25,0.00%,0.00%,2.80%,1,晶泰控股 2.80%
021759,中欧中证港股通创新药指数发起A,指数型-股票,开放申购；起购10元；日累计无限额；数据日05-25,0.00%,0.00%,2.80%,1,晶泰控股 2.80%
021892,融通中证港股通科技指数C,指数型-股票,开放申购；起购10元；日累计无限额；数据日05-25,0.00%,0.00%,30.75%,4,腾讯控股 8.68%; 阿里巴巴-W 8.32%; 小米集团-W 8.00%; 中芯国际 5.75%
021891,融通中证港股通科技指数A,指数型-股票,开放申购；起购10元；日累计无限额；数据日05-25,0.00%,0.00%,30.75%,4,腾讯控股 8.68%; 阿里巴巴-W 8.32%; 小米集团-W 8.00%; 中芯国际 5.75%
021918,永赢港股通品质生活慧选混合C,混合型-偏股,开放申购；起购10元；日累计无限额；数据日05-25,0.00%,0.00%,4.60%,1,腾讯控股 4.60%
021938,华安半导体产业股票发起式C,股票型,开放申购；起购10元；日累计无限额；数据日05-25,0.00%,0.00%,3.89%,1,华虹半导体 3.89%
021937,华安半导体产业股票发起式A,股票型,开放申购；起购10元；日累计无限额；数据日05-25,0.00%,0.00%,3.89%,1,华虹半导体 3.89%
021982,安联中国精选混合C,混合型-偏股,开放申购；起购10元；日累计无限额；数据日05-25,0.00%,0.00%,3.11%,1,金山云 3.11%
021981,安联中国精选混合A,混合型-偏股,开放申购；起购10元；日累计无限额；数据日05-25,0.00%,0.00%,3.11%,1,金山云 3.11%
022017,华泰柏瑞集利债券C,债券型-混合二级,限大额；起购10元；日累计5万；数据日05-25,0.00%,0.00%,0.30%,1,中芯国际 0.30%
022016,华泰柏瑞集利债券A,债券型-混合二级,限大额；起购10元；日累计5万；数据日05-25,0.00%,0.00%,0.30%,1,中芯国际 0.30%
022039,兴银数字经济智选混合发起C,混合型-偏股,开放申购；起购10元；日累计无限额；数据日05-25,0.00%,0.00%,4.09%,1,阿里巴巴-W 4.09%
022038,兴银数字经济智选混合发起A,混合型-偏股,开放申购；起购10元；日累计无限额；数据日05-25,0.00%,0.00%,4.09%,1,阿里巴巴-W 4.09%
022044,招商安宁债券A,债券型-混合二级,开放申购；起购10元；日累计无限额；数据日05-25,0.00%,0.00%,1.24%,1,阿里巴巴-W 1.24%
022045,招商安宁债券C,债券型-混合二级,开放申购；起购10元；日累计无限额；数据日05-25,0.00%,0.00%,1.24%,1,阿里巴巴-W 1.24%
022046,广发养老目标2060五年持有混合发起式(FOF)Y,FOF-进取型,开放申购；起购10元；日累计无限额；数据日05-21,0.00%,0.00%,1.53%,1,腾讯控股 1.53%
022122,国泰海通中证香港科技指数发起(QDII)C,指数型-海外股票,开放申购；起购10元；日累计无限额；数据日05-25,0.00%,0.00%,34.81%,5,腾讯控股 9.19%; 阿里巴巴-W 8.89%; 小米集团-W 8.57%; 中芯国际 4.33%; 百度集团-SW 3.83%
022124,国寿安保策略精选混合C,混合型-偏股,开放申购；起购10元；日累计无限额；数据日05-25,0.00%,0.00%,8.45%,1,腾讯控股 8.45%
022121,国泰海通中证香港科技指数发起(QDII)A,指数型-海外股票,开放申购；起购10元；日累计无限额；数据日05-25,0.00%,0.00%,34.81%,5,腾讯控股 9.19%; 阿里巴巴-W 8.89%; 小米集团-W 8.57%; 中芯国际 4.33%; 百度集团-SW 3.83%
022168,富国洞见价值股票E,股票型,开放申购；起购1元；日累计0元；数据日05-25,0.00%,0.00%,4.79%,1,中芯国际 4.79%
022173,海富通沪港深混合C,混合型-灵活,开放申购；起购10元；日累计无限额；数据日05-25,0.00%,0.00%,10.60%,2,阿里巴巴-W 8.60%; 腾讯控股 2.00%
022174,海富通沪港深混合D,混合型-灵活,开放申购；起购500万；日累计无限额；数据日05-25,0.00%,0.00%,10.60%,2,阿里巴巴-W 8.60%; 腾讯控股 2.00%
022182,招商智星稳健配置混合(FOF-LOF)D,FOF-稳健型,开放申购；起购10元；日累计无限额；数据日05-22,0.00%,0.00%,0.31%,1,腾讯控股 0.31%
022204,永赢中证A50指数增强发起A,指数型-股票,开放申购；起购10元；日累计无限额；数据日05-25,0.00%,0.00%,3.76%,2,腾讯控股 2.04%; 中芯国际 1.72%
022205,永赢中证A50指数增强发起C,指数型-股票,开放申购；起购10元；日累计无限额；数据日05-25,0.00%,0.00%,3.76%,2,腾讯控股 2.04%; 中芯国际 1.72%
022223,泉果消费机遇混合发起式A,混合型-偏股,开放申购；起购10元；日累计无限额；数据日05-25,0.00%,0.00%,4.80%,1,腾讯控股 4.80%
022334,广发产业甄选混合A,混合型-偏股,开放申购；起购10元；日累计无限额；数据日05-25,0.00%,0.00%,4.17%,1,中芯国际 4.17%
022332,广发同远回报混合A,混合型-偏股,开放申购；起购1元；日累计0元；数据日05-25,0.00%,0.00%,3.10%,1,腾讯控股 3.10%
022333,广发同远回报混合C,混合型-偏股,开放申购；起购1元；日累计0元；数据日05-25,0.00%,0.00%,3.10%,1,腾讯控股 3.10%
022335,广发产业甄选混合C,混合型-偏股,开放申购；起购10元；日累计无限额；数据日05-25,0.00%,0.00%,4.17%,1,中芯国际 4.17%
022358,民生加银龙头优选股票C,股票型,开放申购；起购10元；日累计无限额；数据日05-25,0.00%,0.00%,7.51%,1,腾讯控股 7.51%
022508,泉果消费机遇混合发起式C,混合型-偏股,开放申购；起购10元；日累计无限额；数据日05-25,0.00%,0.00%,4.80%,1,腾讯控股 4.80%
022550,平安瑞利6个月持有混合A,混合型-偏债,开放申购；起购10元；日累计无限额；数据日05-25,0.00%,0.00%,0.51%,1,腾讯控股 0.51%
022551,平安瑞利6个月持有混合C,混合型-偏债,开放申购；起购10元；日累计无限额；数据日05-25,0.00%,0.00%,0.51%,1,腾讯控股 0.51%
022571,东方红景瑞精选混合C,混合型-偏债,开放申购；起购10元；日累计0元；数据日05-25,0.00%,0.00%,0.89%,1,腾讯控股 0.89%
022570,东方红景瑞精选混合A,混合型-偏债,开放申购；起购10元；日累计0元；数据日05-25,0.00%,0.00%,0.89%,1,腾讯控股 0.89%
022590,中信保诚幸福消费混合C,混合型-偏股,开放申购；起购10元；日累计无限额；数据日05-25,0.00%,0.00%,8.53%,2,腾讯控股 4.82%; 阿里巴巴-W 3.71%
022673,平安产业竞争力混合A,混合型-偏股,开放申购；起购10元；日累计无限额；数据日05-25,0.00%,0.00%,6.99%,1,中芯国际 6.99%
022672,平安产业竞争力混合C,混合型-偏股,开放申购；起购10元；日累计无限额；数据日05-25,0.00%,0.00%,6.99%,1,中芯国际 6.99%
022674,中欧中证A500指数增强A,指数型-股票,开放申购；起购10元；日累计无限额；数据日05-25,0.00%,0.00%,2.04%,1,腾讯控股 2.04%
022682,平安盈弘6个月持有债券(FOF)A,FOF-稳健型,开放申购；起购10元；日累计无限额；数据日05-21,0.00%,0.00%,0.82%,4,中芯国际 0.25%; 阿里巴巴-W 0.21%; 腾讯控股 0.20%; 小米集团-W 0.16%
022675,中欧中证A500指数增强C,指数型-股票,开放申购；起购10元；日累计无限额；数据日05-25,0.00%,0.00%,2.04%,1,腾讯控股 2.04%
022683,平安盈弘6个月持有债券(FOF)C,FOF-稳健型,开放申购；起购10元；日累计无限额；数据日05-21,0.00%,0.00%,0.82%,4,中芯国际 0.25%; 阿里巴巴-W 0.21%; 腾讯控股 0.20%; 小米集团-W 0.16%
022700,睿远港股通核心价值混合A,混合型-偏股,暂停申购；当前不可场外申购；数据日05-25,0.00%,0.00%,13.67%,2,腾讯控股 9.00%; 阿里巴巴-W 4.67%
022704,银河科技成长混合发起式A,混合型-偏股,开放申购；起购10元；日累计无限额；数据日05-25,0.00%,0.00%,4.19%,1,华虹半导体 4.19%
022701,睿远港股通核心价值混合C,混合型-偏股,暂停申购；当前不可场外申购；数据日05-25,0.00%,0.00%,13.67%,2,腾讯控股 9.00%; 阿里巴巴-W 4.67%
022705,银河科技成长混合发起式C,混合型-偏股,开放申购；起购10元；日累计无限额；数据日05-25,0.00%,0.00%,4.19%,1,华虹半导体 4.19%
022834,鹏华中证沪港深科技龙头指数(LOF)I,指数型-股票,限大额；起购10元；日累计0元；数据日05-25,0.00%,0.00%,25.69%,4,腾讯控股 8.40%; 阿里巴巴-W 8.19%; 小米集团-W 5.87%; 中芯国际 3.23%
022914,易方达沪深300精选增强Y,指数型-股票,开放申购；起购10元；日累计无限额；数据日05-25,0.00%,0.00%,5.32%,2,阿里巴巴-W 3.95%; 中芯国际 1.37%
023005,广发养老目标2055五年持有混合发起式(FOF),FOF-均衡型,开放申购；起购10元；日累计无限额；数据日05-21,0.00%,0.00%,1.63%,2,阿里巴巴-W 0.92%; 腾讯控股 0.71%
023034,中欧恒生科技指数发起(QDII)A,指数型-海外股票,开放申购；起购10元；日累计无限额；数据日05-25,0.00%,0.00%,31.57%,5,小米集团-W 7.71%; 腾讯控股 7.34%; 阿里巴巴-W 6.83%; 中芯国际 6.05%; 百度集团-SW 3.64%
023035,中欧恒生科技指数发起(QDII)C,指数型-海外股票,开放申购；起购10元；日累计无限额；数据日05-25,0.00%,0.00%,31.57%,5,小米集团-W 7.71%; 腾讯控股 7.34%; 阿里巴巴-W 6.83%; 中芯国际 6.05%; 百度集团-SW 3.64%
023041,中欧多利债券C,债券型-混合二级,开放申购；起购10元；日累计无限额；数据日05-25,0.00%,0.00%,0.78%,2,腾讯控股 0.46%; 阿里巴巴-W 0.32%
023040,中欧多利债券A,债券型-混合二级,开放申购；起购10元；日累计无限额；数据日05-25,0.00%,0.00%,0.78%,2,腾讯控股 0.46%; 阿里巴巴-W 0.32%
023045,太平科技先锋混合发起式C,混合型-偏股,开放申购；起购10元；日累计无限额；数据日05-25,0.00%,0.00%,11.91%,2,华虹半导体 6.56%; 中芯国际 5.35%
023044,太平科技先锋混合发起式A,混合型-偏股,开放申购；起购10元；日累计无限额；数据日05-25,0.00%,0.00%,11.91%,2,华虹半导体 6.56%; 中芯国际 5.35%
023063,国投瑞银和宜债券E,债券型-混合二级,开放申购；起购1元；日累计0元；数据日05-25,0.00%,0.00%,0.37%,1,腾讯控股 0.37%
023049,南方宝顺混合E,混合型-偏债,限大额；起购10元；日累计0元；数据日05-25,0.00%,0.00%,0.62%,1,腾讯控股 0.62%
023081,南方致远混合E,混合型-偏债,限大额；起购10元；日累计5000万；数据日05-25,0.00%,0.00%,0.47%,1,腾讯控股 0.47%
023102,招商和惠养老目标日期2045五年持有期混合发起式(FOF)Y,FOF-均衡型,开放申购；起购10元；日累计无限额；数据日05-21,0.00%,0.00%,0.41%,1,腾讯控股 0.41%
023094,安信中国制造混合C,混合型-灵活,开放申购；起购10元；日累计无限额；数据日05-25,0.00%,0.00%,6.42%,1,腾讯控股 6.42%
023176,中邮沪港深精选混合C,混合型-偏股,开放申购；起购10元；日累计无限额；数据日05-25,0.00%,0.00%,32.39%,5,腾讯控股 9.21%; 阿里巴巴-W 8.64%; 中芯国际 7.61%; 小米集团-W 4.21%; 华虹半导体 2.72%
023189,平安添润债券E,债券型-混合二级,限大额；起购10元；日累计1000万；数据日05-25,0.00%,0.00%,1.28%,2,腾讯控股 0.76%; 阿里巴巴-W 0.52%
023193,景顺长城产业趋势混合C,混合型-偏股,开放申购；起购10元；日累计无限额；数据日05-25,0.00%,0.00%,8.62%,2,腾讯控股 5.84%; 阿里巴巴-W 2.78%
023202,兴全中证沪港深500指数增强C,指数型-股票,开放申购；起购10元；日累计无限额；数据日05-25,0.00%,0.00%,9.84%,2,阿里巴巴-W 4.94%; 腾讯控股 4.90%
023201,兴全中证沪港深500指数增强A,指数型-股票,开放申购；起购10元；日累计无限额；数据日05-25,0.00%,0.00%,9.84%,2,阿里巴巴-W 4.94%; 腾讯控股 4.90%
023203,兴全中证沪港深300指数增强A,指数型-股票,暂停申购；当前不可场外申购；数据日05-25,0.00%,0.00%,6.19%,2,腾讯控股 3.59%; 阿里巴巴-W 2.60%
023214,中泰双鑫6个月持有债券A,债券型-混合二级,限大额；起购100元；日累计0元；数据日05-25,0.00%,0.00%,0.17%,1,阿里巴巴-W 0.17%
023204,兴全中证沪港深300指数增强C,指数型-股票,开放申购；起购10元；日累计无限额；数据日05-25,0.00%,0.00%,6.19%,2,腾讯控股 3.59%; 阿里巴巴-W 2.60%
023215,中泰双鑫6个月持有债券C,债券型-混合二级,限大额；起购100元；日累计0元；数据日05-25,0.00%,0.00%,0.17%,1,阿里巴巴-W 0.17%
023276,中银淳利三个月持有债券C,债券型-混合二级,开放申购；起购0元；日累计0元；数据日05-25,0.00%,0.00%,0.29%,1,阿里巴巴-W 0.29%
023275,中银淳利三个月持有债券A,债券型-混合二级,开放申购；起购0元；日累计0元；数据日05-25,0.00%,0.00%,0.29%,1,阿里巴巴-W 0.29%
023310,博时恒泰债券E,债券型-混合二级,开放申购；起购10万；日累计0元；数据日05-25,0.00%,0.00%,1.21%,1,腾讯控股 1.21%
023363,鹏扬研究精选混合C,混合型-偏股,开放申购；起购10元；日累计无限额；数据日05-25,0.00%,0.00%,6.04%,2,阿里巴巴-W 3.07%; 腾讯控股 2.97%
023392,景顺长城稳健增益债券F,债券型-混合二级,开放申购；起购1000元；日累计无限额；数据日05-25,0.00%,0.00%,1.69%,3,腾讯控股 0.93%; 阿里巴巴-W 0.40%; 中芯国际 0.36%
023398,尚正研究睿选混合发起C,混合型-偏股,开放申购；起购10元；日累计无限额；数据日05-25,0.00%,0.00%,5.24%,1,阿里巴巴-W 5.24%
023397,尚正研究睿选混合发起A,混合型-偏股,开放申购；起购10元；日累计无限额；数据日05-25,0.00%,0.00%,5.24%,1,阿里巴巴-W 5.24%
023452,中欧信息科技混合发起C,混合型-偏股,开放申购；起购10元；日累计无限额；数据日05-25,0.00%,0.00%,3.81%,1,腾讯控股 3.81%
023455,汇添富增强回报债券A,债券型-混合二级,开放申购；起购10元；日累计无限额；数据日05-25,0.00%,0.00%,0.81%,1,腾讯控股 0.81%
023456,汇添富增强回报债券C,债券型-混合二级,开放申购；起购10元；日累计无限额；数据日05-25,0.00%,0.00%,0.81%,1,腾讯控股 0.81%
023451,中欧信息科技混合发起A,混合型-偏股,开放申购；起购10元；日累计无限额；数据日05-25,0.00%,0.00%,3.81%,1,腾讯控股 3.81%
023465,国投瑞银和兴债券E,债券型-混合二级,限大额；起购1元；日累计0元；数据日05-25,0.00%,0.00%,0.75%,1,腾讯控股 0.75%
023543,平安恒鑫混合E,混合型-偏债,开放申购；起购10元；日累计无限额；数据日05-25,0.00%,0.00%,0.76%,1,腾讯控股 0.76%
023560,富达创新驱动混合发起A,混合型-偏股,开放申购；起购10元；日累计无限额；数据日05-25,0.00%,0.00%,7.50%,1,晶泰控股 7.50%
023561,富达创新驱动混合发起C,混合型-偏股,开放申购；起购10元；日累计无限额；数据日05-25,0.00%,0.00%,7.50%,1,晶泰控股 7.50%
023633,景顺长城新兴产业混合C,混合型-偏股,开放申购；起购10元；日累计无限额；数据日05-25,0.00%,0.00%,7.64%,1,腾讯控股 7.64%
023632,景顺长城新兴产业混合A,混合型-偏股,开放申购；起购10元；日累计无限额；数据日05-25,0.00%,0.00%,7.64%,1,腾讯控股 7.64%
023673,东方红裕丰回报债券C,债券型-混合二级,开放申购；起购10元；日累计无限额；数据日05-25,0.00%,0.00%,2.26%,2,阿里巴巴-W 1.13%; 腾讯控股 1.13%
023672,东方红裕丰回报债券A,债券型-混合二级,开放申购；起购10元；日累计无限额；数据日05-25,0.00%,0.00%,2.26%,2,阿里巴巴-W 1.13%; 腾讯控股 1.13%
023751,百嘉百瑞混合发起式C,混合型-偏股,开放申购；起购10元；日累计无限额；数据日05-25,0.00%,0.00%,12.95%,2,阿里巴巴-W 6.85%; 金山云 6.10%
023750,国富兴海回报混合C,混合型-偏股,开放申购；起购10元；日累计无限额；数据日05-25,0.00%,0.00%,7.16%,1,腾讯控股 7.16%
023783,山证资管裕享增强债券发起式E,债券型-混合二级,开放申购；起购10元；日累计无限额；数据日05-25,0.00%,0.00%,0.48%,1,腾讯控股 0.48%
023812,兴业恒泰债券C,债券型-混合二级,开放申购；起购10元；日累计无限额；数据日05-25,0.00%,0.00%,0.32%,1,腾讯控股 0.32%
023811,兴业恒泰债券A,债券型-混合二级,开放申购；起购10元；日累计无限额；数据日05-25,0.00%,0.00%,0.32%,1,腾讯控股 0.32%
023839,银华甄选价值回报混合A,混合型-偏股,开放申购；起购10元；日累计无限额；数据日05-25,0.00%,0.00%,3.29%,1,腾讯控股 3.29%
023854,景顺长城沪港深领先科技股票C,股票型,开放申购；起购10元；日累计无限额；数据日05-25,0.00%,0.00%,9.13%,2,腾讯控股 6.24%; 阿里巴巴-W 2.89%
023840,银华甄选价值回报混合C,混合型-偏股,开放申购；起购10元；日累计无限额；数据日05-25,0.00%,0.00%,3.29%,1,腾讯控股 3.29%
023868,华宝安盈混合C,混合型-偏债,开放申购；起购10元；日累计无限额；数据日05-25,0.00%,0.00%,0.94%,2,腾讯控股 0.53%; 金山云 0.41%
023900,富达港股通精选混合发起C,混合型-偏股,开放申购；起购10元；日累计无限额；数据日05-25,0.00%,0.00%,9.19%,1,晶泰控股 9.19%
023899,富达港股通精选混合发起A,混合型-偏股,开放申购；起购10元；日累计无限额；数据日05-25,0.00%,0.00%,9.19%,1,晶泰控股 9.19%
023943,天弘安和平衡混合A,混合型-灵活,开放申购；起购10元；日累计无限额；数据日05-25,0.00%,0.00%,1.16%,1,腾讯控股 1.16%
023940,泉果研究精选混合C,混合型-灵活,开放申购；起购10元；日累计无限额；数据日05-25,0.00%,0.00%,9.86%,2,腾讯控股 6.12%; 阿里巴巴-W 3.74%
023944,天弘安和平衡混合C,混合型-灵活,开放申购；起购10元；日累计无限额；数据日05-25,0.00%,0.00%,1.16%,1,腾讯控股 1.16%
023955,国金安瑞平衡A,混合型-平衡,开放申购；起购10元；日累计无限额；数据日05-25,0.00%,0.00%,4.05%,1,阿里巴巴-W 4.05%
023939,泉果研究精选混合A,混合型-灵活,开放申购；起购10元；日累计无限额；数据日05-25,0.00%,0.00%,9.86%,2,腾讯控股 6.12%; 阿里巴巴-W 3.74%
023956,国金安瑞平衡C,混合型-平衡,开放申购；起购10元；日累计无限额；数据日05-25,0.00%,0.00%,4.05%,1,阿里巴巴-W 4.05%
023948,银华品质消费股票C,股票型,开放申购；起购10元；日累计无限额；数据日05-25,0.00%,0.00%,12.44%,2,阿里巴巴-W 6.75%; 腾讯控股 5.69%
024028,招商均衡优选混合C,混合型-偏股,开放申购；起购1元；日累计0元；数据日09-04,0.00%,0.00%,6.56%,1,阿里巴巴-W 6.56%
024027,招商均衡优选混合A,混合型-偏股,开放申购；起购1元；日累计0元；数据日05-25,0.00%,0.00%,6.56%,1,阿里巴巴-W 6.56%
024041,光大阳光三个月持有期混合(FOF)C,FOF-进取型,开放申购；起购10元；日累计无限额；数据日05-21,0.00%,0.00%,0.28%,1,金山云 0.28%
024053,工银科技先锋混合发起式C,混合型-偏股,开放申购；起购10元；日累计无限额；数据日05-25,0.00%,0.00%,5.97%,1,腾讯控股 5.97%
024052,工银科技先锋混合发起式A,混合型-偏股,开放申购；起购10元；日累计无限额；数据日05-25,0.00%,0.00%,5.97%,1,腾讯控股 5.97%
024045,东方红港股通价值优选混合发起C,混合型-偏股,开放申购；起购10元；日累计无限额；数据日05-25,0.00%,0.00%,7.43%,1,阿里巴巴-W 7.43%
024044,东方红港股通价值优选混合发起A,混合型-偏股,开放申购；起购10元；日累计无限额；数据日05-25,0.00%,0.00%,7.43%,1,阿里巴巴-W 7.43%
024040,光大阳光三个月持有期混合(FOF)A,FOF-进取型,开放申购；起购10元；日累计无限额；数据日05-21,0.00%,0.00%,0.28%,1,金山云 0.28%
024089,银华钰丰债券A,债券型-混合二级,开放申购；起购10元；日累计无限额；数据日05-25,0.00%,0.00%,0.58%,1,腾讯控股 0.58%
024088,百嘉科技创新混合C,混合型-偏股,开放申购；起购10元；日累计无限额；数据日05-25,0.00%,0.00%,6.71%,1,阿里巴巴-W 6.71%
024087,百嘉科技创新混合A,混合型-偏股,开放申购；起购10元；日累计无限额；数据日05-25,0.00%,0.00%,6.71%,1,阿里巴巴-W 6.71%
024096,国寿安保尊兴增强回报债券C,债券型-混合二级,开放申购；起购10元；日累计无限额；数据日05-25,0.00%,0.00%,0.16%,1,腾讯控股 0.16%
024090,银华钰丰债券C,债券型-混合二级,开放申购；起购10元；日累计无限额；数据日05-25,0.00%,0.00%,0.58%,1,腾讯控股 0.58%
024092,国金安和债券A,债券型-混合二级,开放申购；起购10元；日累计无限额；数据日05-25,0.00%,0.00%,0.75%,2,腾讯控股 0.43%; 阿里巴巴-W 0.32%
024095,国寿安保尊兴增强回报债券A,债券型-混合二级,开放申购；起购10元；日累计无限额；数据日05-25,0.00%,0.00%,0.16%,1,腾讯控股 0.16%
024093,国金安和债券C,债券型-混合二级,开放申购；起购10元；日累计无限额；数据日05-25,0.00%,0.00%,0.75%,2,腾讯控股 0.43%; 阿里巴巴-W 0.32%
024135,中泰双益债券A,债券型-混合二级,开放申购；起购10元；日累计无限额；数据日05-25,0.00%,0.00%,0.19%,1,阿里巴巴-W 0.19%
024136,中泰双益债券C,债券型-混合二级,开放申购；起购10元；日累计无限额；数据日05-25,0.00%,0.00%,0.19%,1,阿里巴巴-W 0.19%
024148,长城恒生科技指数(QDII)A,指数型-海外股票,开放申购；起购10元；日累计无限额；数据日05-22,0.00%,0.00%,31.05%,5,小米集团-W 7.49%; 腾讯控股 7.28%; 阿里巴巴-W 6.59%; 中芯国际 6.07%; 百度集团-SW 3.62%
024149,长城恒生科技指数(QDII)C,指数型-海外股票,开放申购；起购10元；日累计无限额；数据日05-22,0.00%,0.00%,31.05%,5,小米集团-W 7.49%; 腾讯控股 7.28%; 阿里巴巴-W 6.59%; 中芯国际 6.07%; 百度集团-SW 3.62%
024159,大成港股通机遇混合A,混合型-偏股,开放申购；起购10元；日累计无限额；数据日05-25,0.00%,0.00%,14.82%,3,腾讯控股 6.34%; 中芯国际 4.32%; 阿里巴巴-W 4.16%
024160,大成港股通机遇混合C,混合型-偏股,开放申购；起购10元；日累计无限额；数据日05-25,0.00%,0.00%,14.82%,3,腾讯控股 6.34%; 中芯国际 4.32%; 阿里巴巴-W 4.16%
024166,西部利得恒生科技指数(QDII)A,指数型-海外股票,开放申购；起购10元；日累计无限额；数据日05-25,0.00%,0.00%,32.26%,5,小米集团-W 7.92%; 腾讯控股 7.47%; 阿里巴巴-W 6.98%; 中芯国际 6.13%; 百度集团-SW 3.76%
024167,西部利得恒生科技指数(QDII)C,指数型-海外股票,开放申购；起购10元；日累计无限额；数据日05-25,0.00%,0.00%,32.26%,5,小米集团-W 7.92%; 腾讯控股 7.47%; 阿里巴巴-W 6.98%; 中芯国际 6.13%; 百度集团-SW 3.76%
024169,信澳先进智造股票型C,股票型,开放申购；起购10元；日累计无限额；数据日05-25,0.00%,0.00%,6.13%,1,华虹半导体 6.13%
024215,华安优势领航混合C,混合型-偏股,开放申购；起购0元；日累计0元；数据日05-25,0.00%,0.00%,4.23%,1,腾讯控股 4.23%
024214,华安优势领航混合A,混合型-偏股,开放申购；起购0元；日累计0元；数据日05-25,0.00%,0.00%,4.23%,1,腾讯控股 4.23%
024265,天弘价值驱动混合D,混合型-偏股,开放申购；起购0.01元；日累计0元；数据日05-25,0.00%,0.00%,4.19%,1,腾讯控股 4.19%
024296,华夏6个月持有债券A,债券型-混合二级,开放申购；起购10元；日累计无限额；数据日05-25,0.00%,0.00%,0.32%,1,阿里巴巴-W 0.32%
024297,华夏6个月持有债券C,债券型-混合二级,开放申购；起购10元；日累计无限额；数据日05-25,0.00%,0.00%,0.32%,1,阿里巴巴-W 0.32%
024318,前海开源研究驱动混合C,混合型-偏股,开放申购；起购10元；日累计无限额；数据日05-25,0.00%,0.00%,4.78%,1,阿里巴巴-W 4.78%
024317,前海开源研究驱动混合A,混合型-偏股,开放申购；起购10元；日累计无限额；数据日05-25,0.00%,0.00%,4.78%,1,阿里巴巴-W 4.78%
024356,国泰启明回报混合,混合型-偏股,开放申购；起购10元；日累计0元；数据日05-25,0.00%,0.00%,1.93%,1,阿里巴巴-W 1.93%
024366,华富华证沪深港汽车制造主题指数型发起式C,指数型-股票,开放申购；起购10元；日累计无限额；数据日05-25,0.00%,0.00%,7.39%,1,小米集团-W 7.39%
024365,华富华证沪深港汽车制造主题指数型发起式A,指数型-股票,开放申购；起购10元；日累计无限额；数据日05-25,0.00%,0.00%,7.39%,1,小米集团-W 7.39%
024374,招商消费悦享混合发起式C,混合型-偏股,开放申购；起购10元；日累计无限额；数据日05-25,0.00%,0.00%,6.81%,1,腾讯控股 6.81%
024389,中航智选领航混合发起C,混合型-偏股,开放申购；起购10元；日累计无限额；数据日05-25,0.00%,0.00%,9.73%,1,地平线机器人-W 9.73%
024388,中航智选领航混合发起A,混合型-偏股,开放申购；起购10元；日累计无限额；数据日05-25,0.00%,0.00%,9.73%,1,地平线机器人-W 9.73%
024373,招商消费悦享混合发起式A,混合型-偏股,开放申购；起购1元；日累计0元；数据日05-25,0.00%,0.00%,6.81%,1,腾讯控股 6.81%
024397,东兴产业升级混合发起C,混合型-偏股,开放申购；起购10元；日累计无限额；数据日05-25,0.00%,0.00%,19.14%,4,华虹半导体 6.12%; 阿里巴巴-W 4.69%; 腾讯控股 4.33%; 中芯国际 4.00%
024390,中信建投上证科创板综合指数增强A,指数型-股票,开放申购；起购10元；日累计无限额；数据日05-25,0.00%,0.00%,0.26%,2,阿里巴巴-W 0.13%; 腾讯控股 0.13%
024391,中信建投上证科创板综合指数增强C,指数型-股票,开放申购；起购10元；日累计无限额；数据日05-25,0.00%,0.00%,0.26%,2,阿里巴巴-W 0.13%; 腾讯控股 0.13%
024396,东兴产业升级混合发起A,混合型-偏股,开放申购；起购10元；日累计无限额；数据日05-25,0.00%,0.00%,19.14%,4,华虹半导体 6.12%; 阿里巴巴-W 4.69%; 腾讯控股 4.33%; 中芯国际 4.00%
024414,中欧核心价值混合发起C,混合型-偏股,开放申购；起购10元；日累计无限额；数据日05-25,0.00%,0.00%,14.67%,2,腾讯控股 9.64%; 阿里巴巴-W 5.03%
024408,鑫元中证港股通创新药指数发起式C,指数型-股票,开放申购；起购10元；日累计无限额；数据日05-25,0.00%,0.00%,2.66%,1,晶泰控股 2.66%
024407,鑫元中证港股通创新药指数发起式A,指数型-股票,开放申购；起购10元；日累计无限额；数据日05-25,0.00%,0.00%,2.66%,1,晶泰控股 2.66%
024413,中欧核心价值混合发起A,混合型-偏股,开放申购；起购10元；日累计无限额；数据日05-25,0.00%,0.00%,14.67%,2,腾讯控股 9.64%; 阿里巴巴-W 5.03%
024433,嘉实成长共赢混合A,混合型-偏股,开放申购；起购10元；日累计无限额；数据日05-25,0.00%,0.00%,3.75%,1,华虹半导体 3.75%
024441,汇添富均衡潜力优选混合A,混合型-偏股,开放申购；起购10元；日累计无限额；数据日05-25,0.00%,0.00%,2.92%,1,阿里巴巴-W 2.92%
024439,交银瑞安混合A,混合型-偏股,开放申购；起购10元；日累计无限额；数据日05-25,0.00%,0.00%,2.15%,1,华虹半导体 2.15%
024434,嘉实成长共赢混合C,混合型-偏股,开放申购；起购10元；日累计无限额；数据日05-25,0.00%,0.00%,3.75%,1,华虹半导体 3.75%
024437,华安竞争优势混合A,混合型-偏股,开放申购；起购10元；日累计无限额；数据日05-25,0.00%,0.00%,4.28%,1,腾讯控股 4.28%
024442,汇添富均衡潜力优选混合C,混合型-偏股,开放申购；起购10元；日累计无限额；数据日05-25,0.00%,0.00%,2.92%,1,阿里巴巴-W 2.92%
024440,交银瑞安混合C,混合型-偏股,开放申购；起购10元；日累计无限额；数据日05-25,0.00%,0.00%,2.15%,1,华虹半导体 2.15%
024438,华安竞争优势混合C,混合型-偏股,开放申购；起购10元；日累计无限额；数据日05-25,0.00%,0.00%,4.28%,1,腾讯控股 4.28%
024444,华夏瑞享回报混合C,混合型-偏股,开放申购；起购10元；日累计无限额；数据日05-25,0.00%,0.00%,4.66%,2,腾讯控股 2.47%; 阿里巴巴-W 2.19%
024461,宏利睿智领航混合A,混合型-偏股,开放申购；起购10元；日累计无限额；数据日05-25,0.00%,0.00%,4.18%,1,腾讯控股 4.18%
024445,工银泓裕回报混合,混合型-偏股,开放申购；起购10元；日累计无限额；数据日05-25,0.00%,0.00%,3.60%,1,阿里巴巴-W 3.60%
024454,景顺长城成长同行混合,混合型-偏股,开放申购；起购10元；日累计无限额；数据日05-25,0.00%,0.00%,8.21%,1,腾讯控股 8.21%
024443,华夏瑞享回报混合A,混合型-偏股,开放申购；起购10元；日累计无限额；数据日05-25,0.00%,0.00%,4.66%,2,腾讯控股 2.47%; 阿里巴巴-W 2.19%
024485,东吴裕盈平衡混合D,混合型-平衡,暂停申购；当前不可场外申购；数据日05-25,0.00%,0.00%,7.79%,2,阿里巴巴-W 4.31%; 腾讯控股 3.48%
024471,平安价值优享混合A,混合型-偏股,开放申购；起购10元；日累计无限额；数据日05-25,0.00%,0.00%,3.61%,1,阿里巴巴-W 3.61%
024487,东吴裕盈平衡混合F,混合型-平衡,暂停申购；当前不可场外申购；数据日05-25,0.00%,0.00%,7.79%,2,阿里巴巴-W 4.31%; 腾讯控股 3.48%
024486,东吴裕盈平衡混合E,混合型-平衡,暂停申购；当前不可场外申购；数据日05-25,0.00%,0.00%,7.79%,2,阿里巴巴-W 4.31%; 腾讯控股 3.48%
024472,平安价值优享混合C,混合型-偏股,开放申购；起购10元；日累计无限额；数据日05-25,0.00%,0.00%,3.61%,1,阿里巴巴-W 3.61%
024484,东吴裕盈平衡混合C,混合型-平衡,开放申购；起购10元；日累计无限额；数据日05-25,0.00%,0.00%,7.79%,2,阿里巴巴-W 4.31%; 腾讯控股 3.48%
024483,东吴裕盈平衡混合A,混合型-平衡,开放申购；起购10元；日累计无限额；数据日05-25,0.00%,0.00%,7.79%,2,阿里巴巴-W 4.31%; 腾讯控股 3.48%
024501,招商科技智选混合发起式A,混合型-偏股,开放申购；起购10元；日累计无限额；数据日05-25,0.00%,0.00%,2.28%,1,阿里巴巴-W 2.28%
024502,招商科技智选混合发起式C,混合型-偏股,开放申购；起购10元；日累计无限额；数据日05-25,0.00%,0.00%,2.28%,1,阿里巴巴-W 2.28%
024498,宏利睿智领航混合C,混合型-偏股,开放申购；起购10元；日累计无限额；数据日05-25,0.00%,0.00%,4.18%,1,腾讯控股 4.18%
024534,平安港股通科技精选混合A,混合型-偏股,开放申购；起购10元；日累计无限额；数据日05-25,0.00%,0.00%,22.08%,3,中芯国际 7.68%; 华虹半导体 7.25%; 阿里巴巴-W 7.15%
024535,平安港股通科技精选混合C,混合型-偏股,开放申购；起购10元；日累计无限额；数据日05-25,0.00%,0.00%,22.08%,3,中芯国际 7.68%; 华虹半导体 7.25%; 阿里巴巴-W 7.15%
024591,中欧港股通机遇混合发起C,混合型-偏股,开放申购；起购1万；日累计0元；数据日05-25,0.00%,0.00%,14.33%,2,腾讯控股 8.71%; 阿里巴巴-W 5.62%
024590,中欧港股通机遇混合发起A,混合型-偏股,开放申购；起购1万；日累计0元；数据日05-25,0.00%,0.00%,14.33%,2,腾讯控股 8.71%; 阿里巴巴-W 5.62%
024615,天弘稳健回报债券发起D,债券型-混合二级,开放申购；起购1元；日累计0元；数据日05-25,0.00%,0.00%,0.31%,1,华虹半导体 0.31%
024633,中欧消费精选混合发起C,混合型-偏股,开放申购；起购10元；日累计无限额；数据日05-25,0.00%,0.00%,4.64%,1,腾讯控股 4.64%
024632,中欧消费精选混合发起A,混合型-偏股,开放申购；起购10元；日累计无限额；数据日05-25,0.00%,0.00%,4.64%,1,腾讯控股 4.64%
024646,平安瑞和6个月持有混合C,混合型-偏债,开放申购；起购10元；日累计无限额；数据日05-25,0.00%,0.00%,0.33%,1,腾讯控股 0.33%
024645,平安瑞和6个月持有混合A,混合型-偏债,开放申购；起购10元；日累计无限额；数据日05-25,0.00%,0.00%,0.33%,1,腾讯控股 0.33%
024676,万家多元价值混合发起式A,混合型-偏股,开放申购；起购10元；日累计无限额；数据日05-25,0.00%,0.00%,7.09%,1,腾讯控股 7.09%
024659,国联价值均衡混合C,混合型-灵活,开放申购；起购10元；日累计无限额；数据日05-25,0.00%,0.00%,0.83%,1,腾讯控股 0.83%
024658,国联价值均衡混合A,混合型-灵活,开放申购；起购10元；日累计无限额；数据日05-25,0.00%,0.00%,0.83%,1,腾讯控股 0.83%
024677,万家多元价值混合发起式C,混合型-偏股,开放申购；起购10元；日累计无限额；数据日05-25,0.00%,0.00%,7.09%,1,腾讯控股 7.09%
024682,民生加银成长优选股票C,股票型,开放申购；起购10元；日累计无限额；数据日05-25,0.00%,0.00%,6.10%,1,腾讯控股 6.10%
024717,汇安成长领航混合A,混合型-偏股,开放申购；起购10元；日累计无限额；数据日05-25,0.00%,0.00%,4.51%,1,阿里巴巴-W 4.51%
024718,汇安成长领航混合C,混合型-偏股,开放申购；起购10元；日累计无限额；数据日05-25,0.00%,0.00%,4.51%,1,阿里巴巴-W 4.51%
024735,永赢港股通科技智选混合发起A,混合型-偏股,开放申购；起购10元；日累计无限额；数据日05-25,0.00%,0.00%,24.35%,3,腾讯控股 9.33%; 中芯国际 7.59%; 阿里巴巴-W 7.43%
024731,富国双利增强债券E,债券型-混合二级,开放申购；起购1元；日累计0元；数据日05-25,0.00%,0.00%,1.05%,3,阿里巴巴-W 0.47%; 腾讯控股 0.38%; 中芯国际 0.20%
024736,永赢港股通科技智选混合发起C,混合型-偏股,开放申购；起购10元；日累计无限额；数据日05-25,0.00%,0.00%,24.35%,3,腾讯控股 9.33%; 中芯国际 7.59%; 阿里巴巴-W 7.43%
024758,广发智荟多元配置六个月持有混合(FOF)C,FOF-稳健型,开放申购；起购10元；日累计无限额；数据日05-21,0.00%,0.00%,0.33%,1,腾讯控股 0.33%
024757,广发智荟多元配置六个月持有混合(FOF)A,FOF-稳健型,开放申购；起购10元；日累计无限额；数据日05-21,0.00%,0.00%,0.33%,1,腾讯控股 0.33%
024803,华夏臻选价值成长混合C,混合型-偏股,开放申购；起购10元；日累计无限额；数据日05-25,0.00%,0.00%,13.03%,2,腾讯控股 7.78%; 阿里巴巴-W 5.25%
024812,富国消费优选混合A,混合型-偏股,开放申购；起购10元；日累计无限额；数据日05-25,0.00%,0.00%,2.51%,1,腾讯控股 2.51%
024821,国富国证港股通科技指数C,指数型-股票,开放申购；起购10元；日累计无限额；数据日05-25,0.00%,0.00%,44.99%,4,腾讯控股 13.84%; 阿里巴巴-W 13.64%; 小米集团-W 12.38%; 中芯国际 5.13%
024801,华夏品质生活混合C,混合型-偏股,开放申购；起购10元；日累计无限额；数据日05-25,0.00%,0.00%,6.57%,1,腾讯控股 6.57%
024800,华夏品质生活混合A,混合型-偏股,开放申购；起购10元；日累计无限额；数据日05-25,0.00%,0.00%,6.57%,1,腾讯控股 6.57%
024802,华夏臻选价值成长混合A,混合型-偏股,开放申购；起购10元；日累计无限额；数据日05-25,0.00%,0.00%,13.03%,2,腾讯控股 7.78%; 阿里巴巴-W 5.25%
024813,富国消费优选混合C,混合型-偏股,开放申购；起购10元；日累计无限额；数据日05-25,0.00%,0.00%,2.51%,1,腾讯控股 2.51%
024820,国富国证港股通科技指数A,指数型-股票,开放申购；起购10元；日累计无限额；数据日05-25,0.00%,0.00%,44.99%,4,腾讯控股 13.84%; 阿里巴巴-W 13.64%; 小米集团-W 12.38%; 中芯国际 5.13%
024827,东兴低碳经济混合发起C,混合型-偏股,开放申购；起购10元；日累计无限额；数据日05-25,0.00%,0.00%,3.73%,1,腾讯控股 3.73%
024826,东兴低碳经济混合发起A,混合型-偏股,开放申购；起购10元；日累计无限额；数据日05-25,0.00%,0.00%,3.73%,1,腾讯控股 3.73%
024848,国投瑞银中证港股通科技指数发起式C,指数型-股票,开放申购；起购10元；日累计无限额；数据日05-25,0.00%,0.00%,31.84%,4,腾讯控股 9.25%; 阿里巴巴-W 8.48%; 小米集团-W 8.09%; 中芯国际 6.02%
024846,富国中国中小盘混合(QDII)人民币C,QDII-混合偏股,开放申购；起购10元；日累计无限额；数据日05-22,0.00%,0.00%,4.97%,1,腾讯控股 4.97%
024837,中欧港股通科技混合发起C,混合型-偏股,开放申购；起购10元；日累计无限额；数据日05-25,0.00%,0.00%,18.60%,2,阿里巴巴-W 9.46%; 腾讯控股 9.14%
024836,中欧港股通科技混合发起A,混合型-偏股,开放申购；起购10元；日累计无限额；数据日05-25,0.00%,0.00%,18.60%,2,阿里巴巴-W 9.46%; 腾讯控股 9.14%
024847,国投瑞银中证港股通科技指数发起式A,指数型-股票,开放申购；起购10元；日累计无限额；数据日05-25,0.00%,0.00%,31.84%,4,腾讯控股 9.25%; 阿里巴巴-W 8.48%; 小米集团-W 8.09%; 中芯国际 6.02%
024886,天弘港股科技ETF联接C,指数型-股票,开放申购；起购10元；日累计无限额；数据日05-25,0.00%,0.00%,0.03%,4,阿里巴巴-W 0.01%; 小米集团-W 0.01%; 腾讯控股 0.01%; 中芯国际 0.00%
024885,天弘港股科技ETF联接A,指数型-股票,开放申购；起购10元；日累计无限额；数据日05-25,0.00%,0.00%,0.03%,4,阿里巴巴-W 0.01%; 小米集团-W 0.01%; 腾讯控股 0.01%; 中芯国际 0.00%
024935,华夏臻选回报混合C,混合型-偏股,开放申购；起购10元；日累计无限额；数据日05-25,0.00%,0.00%,7.39%,2,腾讯控股 3.91%; 阿里巴巴-W 3.48%
024934,华夏臻选回报混合B,混合型-偏股,开放申购；起购10元；日累计无限额；数据日05-25,0.00%,0.00%,7.39%,2,腾讯控股 3.91%; 阿里巴巴-W 3.48%
024933,华夏臻选回报混合A,混合型-偏股,封闭期；当前不可场外申购；数据日05-25,0.00%,0.00%,7.39%,2,腾讯控股 3.91%; 阿里巴巴-W 3.48%
024967,中欧稳健添悦债券C,债券型-混合二级,开放申购；起购10元；日累计无限额；数据日05-25,0.00%,0.00%,0.20%,1,腾讯控股 0.20%
024966,中欧稳健添悦债券A,债券型-混合二级,开放申购；起购10元；日累计无限额；数据日05-25,0.00%,0.00%,0.20%,1,腾讯控股 0.20%
024959,富国稳健添荣债券C,债券型-混合二级,限大额；起购1元；日累计0元；数据日05-25,0.00%,0.00%,0.52%,1,腾讯控股 0.52%
024958,富国稳健添荣债券A,债券型-混合二级,限大额；起购1元；日累计0元；数据日05-25,0.00%,0.00%,0.52%,1,腾讯控股 0.52%
024995,汇添富稳颐优选债券A,债券型-混合二级,开放申购；起购10元；日累计无限额；数据日05-25,0.00%,0.00%,0.58%,1,腾讯控股 0.58%
024996,汇添富稳颐优选债券C,债券型-混合二级,开放申购；起购10元；日累计无限额；数据日05-25,0.00%,0.00%,0.58%,1,腾讯控股 0.58%
024988,广发集远债券E,债券型-混合二级,限大额；起购10元；日累计12万；数据日05-25,0.00%,0.00%,1.13%,2,腾讯控股 0.66%; 阿里巴巴-W 0.47%
025002,交银产业臻选混合,混合型-偏股,暂停申购；当前不可场外申购；数据日05-25,0.00%,0.00%,6.89%,1,腾讯控股 6.89%
025040,东方红汇明债券C,债券型-混合二级,开放申购；起购10元；日累计无限额；数据日05-25,0.00%,0.00%,0.41%,2,腾讯控股 0.21%; 小米集团-W 0.20%
025024,华商港股通价值回报混合,混合型-偏股,开放申购；起购0元；日累计0元；数据日05-25,0.00%,0.00%,11.54%,2,阿里巴巴-W 6.44%; 中芯国际 5.10%
025039,东方红汇明债券A,债券型-混合二级,开放申购；起购10元；日累计无限额；数据日05-25,0.00%,0.00%,0.41%,2,腾讯控股 0.21%; 小米集团-W 0.20%
025061,国泰优质核心混合C,混合型-偏股,开放申购；起购10元；日累计无限额；数据日05-25,0.00%,0.00%,9.01%,1,腾讯控股 9.01%
025060,国泰优质核心混合A,混合型-偏股,开放申购；起购10元；日累计无限额；数据日05-25,0.00%,0.00%,9.01%,1,腾讯控股 9.01%
025075,汇添富成长优选混合A,混合型-偏股,开放申购；起购10元；日累计无限额；数据日05-25,0.00%,0.00%,8.52%,1,腾讯控股 8.52%
025076,汇添富成长优选混合C,混合型-偏股,开放申购；起购10元；日累计无限额；数据日05-25,0.00%,0.00%,8.52%,1,腾讯控股 8.52%
025094,广发均衡成长混合F,混合型-偏股,开放申购；起购1元；日累计0元；数据日05-25,0.00%,0.00%,12.01%,2,阿里巴巴-W 7.47%; 腾讯控股 4.54%
025116,天弘裕新混合E,混合型-偏债,开放申购；起购10元；日累计无限额；数据日05-25,0.00%,0.00%,0.89%,1,腾讯控股 0.89%
025103,博道惠泓价值成长混合,混合型-偏股,开放申购；起购1元；日累计0元；数据日05-25,0.00%,0.00%,5.95%,1,腾讯控股 5.95%
025128,中欧多利债券E,债券型-混合二级,限大额；起购1万；日累计0元；数据日05-25,0.00%,0.00%,0.78%,2,腾讯控股 0.46%; 阿里巴巴-W 0.32%
025152,华富安康三个月持有期债券A,债券型-混合二级,开放申购；起购10元；日累计无限额；数据日05-25,0.00%,0.00%,0.12%,2,腾讯控股 0.08%; 中芯国际 0.04%
025153,华富安康三个月持有期债券C,债券型-混合二级,开放申购；起购10元；日累计无限额；数据日05-25,0.00%,0.00%,0.12%,2,腾讯控股 0.08%; 中芯国际 0.04%
025155,华富安和债券C,债券型-混合二级,开放申购；起购10元；日累计无限额；数据日05-25,0.00%,0.00%,0.30%,1,腾讯控股 0.30%
025154,华富安和债券A,债券型-混合二级,开放申购；起购10元；日累计无限额；数据日05-25,0.00%,0.00%,0.30%,1,腾讯控股 0.30%
025182,浦银安盛港股通科技指数C,指数型-股票,开放申购；起购10元；日累计无限额；数据日05-25,0.00%,0.00%,44.21%,4,腾讯控股 13.53%; 阿里巴巴-W 13.45%; 小米集团-W 12.20%; 中芯国际 5.03%
025178,汇添富双鑫添利债券D,债券型-混合二级,开放申购；起购10元；日累计无限额；数据日05-25,0.00%,0.00%,1.83%,1,腾讯控股 1.83%
025186,中银中证港股通互联网指数发起A,指数型-股票,开放申购；起购10元；日累计无限额；数据日05-25,0.00%,0.00%,43.06%,4,腾讯控股 13.64%; 阿里巴巴-W 13.24%; 小米集团-W 12.42%; 商汤-W 3.76%
025181,浦银安盛港股通科技指数A,指数型-股票,开放申购；起购10元；日累计无限额；数据日05-25,0.00%,0.00%,44.21%,4,腾讯控股 13.53%; 阿里巴巴-W 13.45%; 小米集团-W 12.20%; 中芯国际 5.03%
025187,中银中证港股通互联网指数发起C,指数型-股票,开放申购；起购10元；日累计无限额；数据日05-25,0.00%,0.00%,43.06%,4,腾讯控股 13.64%; 阿里巴巴-W 13.24%; 小米集团-W 12.42%; 商汤-W 3.76%
025199,银华钰祥债券E,债券型-混合二级,开放申购；起购10元；日累计无限额；数据日05-25,0.00%,0.00%,0.57%,1,阿里巴巴-W 0.57%
025203,中欧港股通大盘精选混合发起C,混合型-偏股,开放申购；起购10元；日累计无限额；数据日05-25,0.00%,0.00%,18.46%,2,腾讯控股 9.54%; 阿里巴巴-W 8.92%
025202,中欧港股通大盘精选混合发起A,混合型-偏股,开放申购；起购10元；日累计无限额；数据日05-25,0.00%,0.00%,18.46%,2,腾讯控股 9.54%; 阿里巴巴-W 8.92%
025222,创金合信弘科混合发起A,混合型-偏股,开放申购；起购10元；日累计无限额；数据日05-25,0.00%,0.00%,3.73%,1,华虹半导体 3.73%
025223,创金合信弘科混合发起C,混合型-偏股,开放申购；起购10元；日累计无限额；数据日05-25,0.00%,0.00%,3.73%,1,华虹半导体 3.73%
025256,鹏扬港股通精选混合C,混合型-偏股,开放申购；起购10元；日累计无限额；数据日05-25,0.00%,0.00%,8.97%,1,腾讯控股 8.97%
025282,富国稳健双景债券C,债券型-混合二级,开放申购；起购10元；日累计无限额；数据日05-25,0.00%,0.00%,0.44%,1,腾讯控股 0.44%
025266,国泰稳健添利债券A,债券型-混合二级,开放申购；起购10元；日累计无限额；数据日05-25,0.00%,0.00%,0.55%,1,腾讯控股 0.55%
025267,国泰稳健添利债券C,债券型-混合二级,开放申购；起购10元；日累计无限额；数据日05-25,0.00%,0.00%,0.55%,1,腾讯控股 0.55%
025255,鹏扬港股通精选混合A,混合型-偏股,开放申购；起购10元；日累计无限额；数据日05-25,0.00%,0.00%,8.97%,1,腾讯控股 8.97%
025281,富国稳健双景债券A,债券型-混合二级,开放申购；起购10元；日累计无限额；数据日05-25,0.00%,0.00%,0.44%,1,腾讯控股 0.44%
025298,交银港股通优质精选混合A,混合型-偏股,开放申购；起购1元；日累计0元；数据日05-25,0.00%,0.00%,12.90%,2,腾讯控股 7.84%; 阿里巴巴-W 5.06%
025294,平安恒生指数增强C,指数型-股票,开放申购；起购10元；日累计无限额；数据日05-25,0.00%,0.00%,14.56%,3,阿里巴巴-W 5.93%; 腾讯控股 5.21%; 小米集团-W 3.42%
025304,东方红汇诚债券C,债券型-混合二级,限大额；起购10元；日累计0元；数据日05-25,0.00%,0.00%,1.35%,4,腾讯控股 0.50%; 阿里巴巴-W 0.46%; 小米集团-W 0.31%; 中芯国际 0.08%
025303,东方红汇诚债券A,债券型-混合二级,限大额；起购10元；日累计0元；数据日05-25,0.00%,0.00%,1.35%,4,腾讯控股 0.50%; 阿里巴巴-W 0.46%; 小米集团-W 0.31%; 中芯国际 0.08%
025293,平安恒生指数增强A,指数型-股票,开放申购；起购10元；日累计无限额；数据日05-25,0.00%,0.00%,14.56%,3,阿里巴巴-W 5.93%; 腾讯控股 5.21%; 小米集团-W 3.42%
025295,平安恒生指数增强E,指数型-股票,开放申购；起购10元；日累计无限额；数据日05-25,0.00%,0.00%,14.56%,3,阿里巴巴-W 5.93%; 腾讯控股 5.21%; 小米集团-W 3.42%
025299,交银港股通优质精选混合C,混合型-偏股,开放申购；起购10元；日累计无限额；数据日05-25,0.00%,0.00%,12.90%,2,腾讯控股 7.84%; 阿里巴巴-W 5.06%
025330,银华恒生国企指数(QDII-LOF)C,指数型-海外股票,开放申购；起购10元；日累计无限额；数据日05-22,0.00%,0.00%,20.27%,3,腾讯控股 7.68%; 阿里巴巴-W 7.17%; 小米集团-W 5.42%
025338,华泰柏瑞盈泰稳健3个月持有混合(FOF)C,FOF-稳健型,开放申购；起购10元；日累计0元；数据日05-21,0.00%,0.00%,0.11%,1,腾讯控股 0.11%
025337,华泰柏瑞盈泰稳健3个月持有混合(FOF)A,FOF-稳健型,开放申购；起购10元；日累计0元；数据日05-21,0.00%,0.00%,0.11%,1,腾讯控股 0.11%
025350,广发乾享核心精选混合C,混合型-偏股,开放申购；起购10元；日累计无限额；数据日05-25,0.00%,0.00%,4.60%,1,腾讯控股 4.60%
025349,广发乾享核心精选混合A,混合型-偏股,开放申购；起购10元；日累计无限额；数据日05-25,0.00%,0.00%,4.60%,1,腾讯控股 4.60%
025372,景顺长城景颐裕利债券F,债券型-混合二级,开放申购；起购1000元；日累计无限额；数据日05-25,0.00%,0.00%,0.32%,2,腾讯控股 0.21%; 中芯国际 0.11%
025391,平安港股通成长精选混合C,混合型-偏股,开放申购；起购10元；日累计无限额；数据日05-25,0.00%,0.00%,6.01%,1,阿里巴巴-W 6.01%
025382,长盛研发回报混合C,混合型-偏股,开放申购；起购10元；日累计无限额；数据日05-25,0.00%,0.00%,9.38%,2,阿里巴巴-W 4.75%; 晶泰控股 4.63%
025390,平安港股通成长精选混合A,混合型-偏股,开放申购；起购10元；日累计无限额；数据日05-25,0.00%,0.00%,6.01%,1,阿里巴巴-W 6.01%
025410,汇添富双享回报债券D,债券型-混合二级,开放申购；起购10元；日累计无限额；数据日05-25,0.00%,0.00%,1.37%,2,腾讯控股 0.80%; 阿里巴巴-W 0.57%
025426,国联中证港股通综合指数增强A,指数型-股票,开放申购；起购10元；日累计无限额；数据日05-25,0.00%,0.00%,24.74%,3,腾讯控股 9.20%; 阿里巴巴-W 9.08%; 中芯国际 6.46%
025425,华宝安盈混合E,混合型-偏债,开放申购；起购100万；日累计0元；数据日05-25,0.00%,0.00%,0.94%,2,腾讯控股 0.53%; 金山云 0.41%
025427,国联中证港股通综合指数增强C,指数型-股票,开放申购；起购10元；日累计无限额；数据日05-25,0.00%,0.00%,24.74%,3,腾讯控股 9.20%; 阿里巴巴-W 9.08%; 中芯国际 6.46%
025468,富国创新趋势股票C,股票型,开放申购；起购1元；日累计0元；数据日05-25,0.00%,0.00%,8.48%,1,腾讯控股 8.48%
025465,汇添富双颐债券D,债券型-混合二级,开放申购；起购10元；日累计无限额；数据日05-25,0.00%,0.00%,1.22%,1,腾讯控股 1.22%
025511,广发信息产业股票发起式A,股票型,开放申购；起购10元；日累计无限额；数据日05-25,0.00%,0.00%,2.49%,2,腾讯控股 1.34%; 金山云 1.15%
025525,平安恒生港股通科技主题ETF发起式联接A,指数型-股票,开放申购；起购10元；日累计无限额；数据日05-25,0.00%,0.00%,31.36%,7,小米集团-W 7.43%; 腾讯控股 7.36%; 阿里巴巴-W 6.05%; 中芯国际 3.37%; 地平线机器人-W 2.51%; 联想集团 2.45%; 商汤-W 2.19%
025512,广发信息产业股票发起式C,股票型,开放申购；起购10元；日累计无限额；数据日05-25,0.00%,0.00%,2.49%,2,腾讯控股 1.34%; 金山云 1.15%
025534,光大阳光优选一年持有混合C,混合型-偏股,开放申购；起购10元；日累计无限额；数据日05-25,0.00%,0.00%,2.04%,1,腾讯控股 2.04%
025526,平安恒生港股通科技主题ETF发起式联接C,指数型-股票,开放申购；起购10元；日累计无限额；数据日05-25,0.00%,0.00%,31.36%,7,小米集团-W 7.43%; 腾讯控股 7.36%; 阿里巴巴-W 6.05%; 中芯国际 3.37%; 地平线机器人-W 2.51%; 联想集团 2.45%; 商汤-W 2.19%
025536,光大阳光优选一年持有混合E,混合型-偏股,暂停申购；当前不可场外申购；数据日05-25,0.00%,0.00%,2.04%,1,腾讯控股 2.04%
025540,光大阳光优选一年持有混合F,混合型-偏股,暂停申购；当前不可场外申购；数据日05-25,0.00%,0.00%,2.04%,1,腾讯控股 2.04%
025533,光大阳光优选一年持有混合A,混合型-偏股,开放申购；起购10元；日累计无限额；数据日05-25,0.00%,0.00%,2.04%,1,腾讯控股 2.04%
025544,汇添富港股通科技精选混合发起式A,混合型-偏股,开放申购；起购10元；日累计无限额；数据日05-25,0.00%,0.00%,29.37%,4,腾讯控股 9.53%; 阿里巴巴-W 7.04%; 中芯国际 6.55%; 华虹半导体 6.25%
025535,光大阳光优选一年持有混合D,混合型-偏股,暂停申购；当前不可场外申购；数据日05-25,0.00%,0.00%,2.04%,1,腾讯控股 2.04%
025566,光大阳光价值30个月持有混合D,混合型-偏股,封闭期；当前不可场外申购；数据日05-25,0.00%,0.00%,3.51%,1,腾讯控股 3.51%
025545,汇添富港股通科技精选混合发起式C,混合型-偏股,开放申购；起购10元；日累计无限额；数据日05-25,0.00%,0.00%,29.37%,4,腾讯控股 9.53%; 阿里巴巴-W 7.04%; 中芯国际 6.55%; 华虹半导体 6.25%
025565,光大阳光价值30个月持有混合A,混合型-偏股,开放申购；起购1元；日累计0元；数据日05-25,0.00%,0.00%,3.51%,1,腾讯控股 3.51%
025543,华夏价值精选混合C,混合型-偏股,开放申购；起购10元；日累计无限额；数据日05-25,0.00%,0.00%,6.94%,2,阿里巴巴-W 3.97%; 腾讯控股 2.97%
025559,光大阳光启明星创新驱动混合C,混合型-偏股,开放申购；起购10元；日累计无限额；数据日05-25,0.00%,0.00%,3.14%,1,阿里巴巴-W 3.14%
025560,光大阳光启明星创新驱动混合D,混合型-偏股,暂停申购；当前不可场外申购；数据日05-25,0.00%,0.00%,3.14%,1,阿里巴巴-W 3.14%
025558,光大阳光启明星创新驱动混合A,混合型-偏股,开放申购；起购10元；日累计无限额；数据日05-25,0.00%,0.00%,3.14%,1,阿里巴巴-W 3.14%
025567,光大阳光价值30个月持有混合E,混合型-偏股,封闭期；当前不可场外申购；数据日05-25,0.00%,0.00%,3.51%,1,腾讯控股 3.51%
025589,光大阳光香港精选混合(QDII)C人民币,QDII-混合偏股,开放申购；起购10元；日累计无限额；数据日05-22,0.00%,0.00%,10.62%,2,腾讯控股 5.91%; 阿里巴巴-W 4.71%
025588,光大阳光香港精选混合(QDII)A美元现汇,QDII-混合偏股,封闭期；当前不可场外申购；数据日05-22,0.00%,0.00%,10.62%,2,腾讯控股 5.91%; 阿里巴巴-W 4.71%
025587,光大阳光香港精选混合(QDII)A人民币,QDII-混合偏股,开放申购；起购10元；日累计无限额；数据日05-22,0.00%,0.00%,10.62%,2,腾讯控股 5.91%; 阿里巴巴-W 4.71%
025625,国泰海通鑫逸债券A,债券型-混合二级,开放申购；起购10元；日累计无限额；数据日05-25,0.00%,0.00%,0.49%,1,腾讯控股 0.49%
025626,国泰海通鑫逸债券C,债券型-混合二级,开放申购；起购10元；日累计无限额；数据日05-25,0.00%,0.00%,0.49%,1,腾讯控股 0.49%
025627,国泰海通鑫悦债券A,债券型-混合二级,开放申购；起购10元；日累计无限额；数据日05-25,0.00%,0.00%,0.41%,1,腾讯控股 0.41%
025628,国泰海通鑫悦债券C,债券型-混合二级,开放申购；起购10元；日累计无限额；数据日05-25,0.00%,0.00%,0.41%,1,腾讯控股 0.41%
025648,易方达港股通科技混合A,混合型-偏股,开放申购；起购10元；日累计无限额；数据日05-25,0.00%,0.00%,24.64%,4,阿里巴巴-W 9.28%; 腾讯控股 6.71%; 中芯国际 5.48%; 华虹半导体 3.17%
025649,易方达港股通科技混合C,混合型-偏股,开放申购；起购10元；日累计无限额；数据日05-25,0.00%,0.00%,24.64%,4,阿里巴巴-W 9.28%; 腾讯控股 6.71%; 中芯国际 5.48%; 华虹半导体 3.17%
025668,申万菱信宁通六个月持有期混合,混合型-偏债,开放申购；起购0元；日累计0元；数据日05-25,0.00%,0.00%,0.57%,2,腾讯控股 0.29%; 阿里巴巴-W 0.28%
025666,银华鑫禾混合A,混合型-偏股,开放申购；起购10元；日累计无限额；数据日05-25,0.00%,0.00%,4.59%,1,阿里巴巴-W 4.59%
025673,鑫元港股通领航混合C,混合型-偏股,开放申购；起购10元；日累计无限额；数据日05-25,0.00%,0.00%,5.86%,1,华虹半导体 5.86%
025667,银华鑫禾混合C,混合型-偏股,开放申购；起购10元；日累计无限额；数据日05-25,0.00%,0.00%,4.59%,1,阿里巴巴-W 4.59%
025674,鑫元港股通领航混合A,混合型-偏股,开放申购；起购10元；日累计无限额；数据日05-25,0.00%,0.00%,5.86%,1,华虹半导体 5.86%
025687,国泰半导体制造精选混合发起C,混合型-偏股,开放申购；起购10元；日累计无限额；数据日05-25,0.00%,0.00%,2.01%,1,华虹半导体 2.01%
025686,国泰半导体制造精选混合发起A,混合型-偏股,开放申购；起购10元；日累计无限额；数据日05-25,0.00%,0.00%,2.01%,1,华虹半导体 2.01%
025709,汇添富价值驱动混合A,混合型-偏股,开放申购；起购10元；日累计无限额；数据日05-25,0.00%,0.00%,5.73%,1,腾讯控股 5.73%
025710,汇添富价值驱动混合C,混合型-偏股,开放申购；起购10元；日累计无限额；数据日05-25,0.00%,0.00%,5.73%,1,腾讯控股 5.73%
025722,中欧价值优选混合C,混合型-偏股,开放申购；起购10元；日累计无限额；数据日05-25,0.00%,0.00%,8.97%,2,腾讯控股 6.01%; 阿里巴巴-W 2.96%
025721,中欧价值优选混合A,混合型-偏股,开放申购；起购10元；日累计无限额；数据日05-25,0.00%,0.00%,8.97%,2,腾讯控股 6.01%; 阿里巴巴-W 2.96%
025736,华西科技成长股票,股票型,开放申购；起购10元；日累计无限额；数据日05-25,0.00%,0.00%,4.76%,1,小米集团-W 4.76%
025765,永赢国证港股通互联网ETF联接A,指数型-股票,开放申购；起购10元；日累计无限额；数据日05-25,0.00%,0.00%,54.21%,6,腾讯控股 14.38%; 阿里巴巴-W 13.94%; 小米集团-W 13.40%; 联想集团 4.51%; 商汤-W 4.16%; 地平线机器人-W 3.82%
025766,永赢国证港股通互联网ETF联接C,指数型-股票,开放申购；起购10元；日累计无限额；数据日05-25,0.00%,0.00%,54.21%,6,腾讯控股 14.38%; 阿里巴巴-W 13.94%; 小米集团-W 13.40%; 联想集团 4.51%; 商汤-W 4.16%; 地平线机器人-W 3.82%
025787,大成港股恒信混合(QDII),QDII-混合偏股,开放申购；起购1元；日累计0元；数据日05-22,0.00%,0.00%,5.50%,2,腾讯控股 3.41%; 阿里巴巴-W 2.09%
025789,广发质量优选股票C,股票型,开放申购；起购10元；日累计无限额；数据日05-25,0.00%,0.00%,6.24%,2,阿里巴巴-W 3.24%; 腾讯控股 3.00%
025788,广发质量优选股票A,股票型,开放申购；起购10元；日累计无限额；数据日05-25,0.00%,0.00%,6.24%,2,阿里巴巴-W 3.24%; 腾讯控股 3.00%
025829,中欧多元平衡混合C,混合型-灵活,开放申购；起购10元；日累计无限额；数据日05-25,0.00%,0.00%,1.07%,2,腾讯控股 0.62%; 阿里巴巴-W 0.45%
025828,中欧多元平衡混合A,混合型-灵活,开放申购；起购10元；日累计无限额；数据日05-25,0.00%,0.00%,1.07%,2,腾讯控股 0.62%; 阿里巴巴-W 0.45%
025852,富国港股精选混合(QDII)人民币,QDII-混合偏股,开放申购；起购1元；日累计0元；数据日05-25,0.00%,0.00%,7.55%,2,阿里巴巴-W 4.20%; 腾讯控股 3.35%
025855,中信保诚消费机遇混合C,混合型-偏股,开放申购；起购10元；日累计无限额；数据日05-25,0.00%,0.00%,7.18%,2,腾讯控股 4.17%; 阿里巴巴-W 3.01%
025853,富国港股精选混合(QDII)美元现汇,QDII-混合偏股,开放申购；起购0元；日累计0元；数据日05-25,0.00%,0.00%,7.55%,2,阿里巴巴-W 4.20%; 腾讯控股 3.35%
025854,中信保诚消费机遇混合A,混合型-偏股,开放申购；起购10元；日累计无限额；数据日05-25,0.00%,0.00%,7.18%,2,腾讯控股 4.17%; 阿里巴巴-W 3.01%
025871,圆信永丰沪港深消费精选混合发起C,混合型-偏股,开放申购；起购10元；日累计无限额；数据日05-25,0.00%,0.00%,9.90%,2,腾讯控股 5.17%; 阿里巴巴-W 4.73%
025870,圆信永丰沪港深消费精选混合发起A,混合型-偏股,开放申购；起购10元；日累计无限额；数据日05-25,0.00%,0.00%,9.90%,2,腾讯控股 5.17%; 阿里巴巴-W 4.73%
025874,博道盛享品质成长混合,混合型-偏股,开放申购；起购1元；日累计0元；数据日05-25,0.00%,0.00%,7.65%,2,腾讯控股 5.65%; 阿里巴巴-W 2.00%
025902,天弘盈悦稳健配置6个月持有混合(FOF)A,FOF-稳健型,限大额；起购1元；日累计0元；数据日05-21,0.00%,0.00%,0.60%,2,小米集团-W 0.30%; 腾讯控股 0.30%
025903,天弘盈悦稳健配置6个月持有混合(FOF)C,FOF-稳健型,限大额；起购1元；日累计0元；数据日05-21,0.00%,0.00%,0.60%,2,小米集团-W 0.30%; 腾讯控股 0.30%
025930,农银致远价值混合A,混合型-偏股,开放申购；起购10元；日累计无限额；数据日05-25,0.00%,0.00%,5.57%,1,腾讯控股 5.57%
025925,景顺长城成长优选混合,混合型-偏股,开放申购；起购1元；日累计0元；数据日05-25,0.00%,0.00%,8.04%,1,腾讯控股 8.04%
025931,农银致远价值混合C,混合型-偏股,开放申购；起购10元；日累计无限额；数据日05-25,0.00%,0.00%,5.57%,1,腾讯控股 5.57%
025948,交银远见成长混合A,混合型-偏股,开放申购；起购1元；日累计0元；数据日05-25,0.00%,0.00%,4.62%,1,腾讯控股 4.62%
025940,浦银安盛港股通消费混合A,混合型-偏股,开放申购；起购10元；日累计无限额；数据日05-25,0.00%,0.00%,11.61%,2,腾讯控股 6.30%; 阿里巴巴-W 5.31%
025941,浦银安盛港股通消费混合C,混合型-偏股,开放申购；起购10元；日累计无限额；数据日05-25,0.00%,0.00%,11.61%,2,腾讯控股 6.30%; 阿里巴巴-W 5.31%
025953,交银远见成长混合C,混合型-偏股,开放申购；起购1元；日累计0元；数据日05-25,0.00%,0.00%,4.62%,1,腾讯控股 4.62%
025957,新华科技优选混合发起C,混合型-偏股,开放申购；起购10元；日累计无限额；数据日05-25,0.00%,0.00%,7.73%,1,金山云 7.73%
025956,新华科技优选混合发起A,混合型-偏股,开放申购；起购10元；日累计无限额；数据日05-25,0.00%,0.00%,7.73%,1,金山云 7.73%
025993,银华盛安六个月持有混合A,混合型-偏债,开放申购；起购10元；日累计无限额；数据日05-25,0.00%,0.00%,2.05%,2,腾讯控股 1.29%; 阿里巴巴-W 0.76%
025994,银华盛安六个月持有混合C,混合型-偏债,开放申购；起购10元；日累计无限额；数据日05-25,0.00%,0.00%,2.05%,2,腾讯控股 1.29%; 阿里巴巴-W 0.76%
026017,银华盛泓债券E,债券型-混合二级,开放申购；起购10元；日累计无限额；数据日05-25,0.00%,0.00%,1.95%,2,腾讯控股 1.10%; 阿里巴巴-W 0.85%
026046,华商安元债券C,债券型-混合二级,开放申购；起购10元；日累计无限额；数据日05-25,0.00%,0.00%,1.95%,3,阿里巴巴-W 1.07%; 金山云 0.46%; 腾讯控股 0.42%
026045,华商安元债券A,债券型-混合二级,开放申购；起购10元；日累计无限额；数据日05-25,0.00%,0.00%,1.95%,3,阿里巴巴-W 1.07%; 金山云 0.46%; 腾讯控股 0.42%
026056,东方红汇裕债券C,债券型-混合二级,开放申购；起购10元；日累计无限额；数据日05-25,0.00%,0.00%,0.97%,3,阿里巴巴-W 0.36%; 腾讯控股 0.32%; 小米集团-W 0.29%
026072,广发研究智选混合A,混合型-偏股,开放申购；起购10元；日累计无限额；数据日05-25,0.00%,0.00%,4.28%,2,阿里巴巴-W 2.75%; 腾讯控股 1.53%
026055,东方红汇裕债券A,债券型-混合二级,开放申购；起购10元；日累计无限额；数据日05-25,0.00%,0.00%,0.97%,3,阿里巴巴-W 0.36%; 腾讯控股 0.32%; 小米集团-W 0.29%
026071,安信港股通臻选混合发起C,混合型-偏股,开放申购；起购10元；日累计无限额；数据日05-25,0.00%,0.00%,11.59%,2,腾讯控股 5.84%; 阿里巴巴-W 5.75%
026076,恒生前海港股通科技成长混合A,混合型-偏股,开放申购；起购10元；日累计无限额；数据日05-25,0.00%,0.00%,3.95%,1,联想集团 3.95%
026070,安信港股通臻选混合发起A,混合型-偏股,开放申购；起购10元；日累计无限额；数据日05-25,0.00%,0.00%,11.59%,2,腾讯控股 5.84%; 阿里巴巴-W 5.75%
026073,广发研究智选混合C,混合型-偏股,开放申购；起购10元；日累计无限额；数据日05-25,0.00%,0.00%,4.28%,2,阿里巴巴-W 2.75%; 腾讯控股 1.53%
026077,恒生前海港股通科技成长混合C,混合型-偏股,开放申购；起购10元；日累计无限额；数据日05-25,0.00%,0.00%,3.95%,1,联想集团 3.95%
026082,财通资管优质研选混合发起式C,混合型-偏股,开放申购；起购10元；日累计无限额；数据日05-25,0.00%,0.00%,2.07%,1,阿里巴巴-W 2.07%
026081,财通资管优质研选混合发起式A,混合型-偏股,开放申购；起购10元；日累计无限额；数据日05-25,0.00%,0.00%,2.07%,1,阿里巴巴-W 2.07%
026116,广发悦盈稳健三个月持有混合发起式(FOF)C,FOF-稳健型,开放申购；起购1元；日累计0元；数据日05-21,0.00%,0.00%,0.21%,1,腾讯控股 0.21%
026115,广发悦盈稳健三个月持有混合发起式(FOF)A,FOF-稳健型,开放申购；起购1元；日累计0元；数据日05-21,0.00%,0.00%,0.21%,1,腾讯控股 0.21%
026168,国泰港股通精选混合发起C,混合型-偏股,开放申购；起购10元；日累计无限额；数据日05-25,0.00%,0.00%,22.84%,3,小米集团-W 8.85%; 阿里巴巴-W 8.34%; 腾讯控股 5.65%
026167,国泰港股通精选混合发起A,混合型-偏股,开放申购；起购10元；日累计无限额；数据日05-25,0.00%,0.00%,22.84%,3,小米集团-W 8.85%; 阿里巴巴-W 8.34%; 腾讯控股 5.65%
026174,路博迈港股通科技股票C,股票型,开放申购；起购10元；日累计无限额；数据日05-25,0.00%,0.00%,21.42%,3,阿里巴巴-W 9.11%; 腾讯控股 8.97%; 中芯国际 3.34%
026173,路博迈港股通科技股票A,股票型,开放申购；起购10元；日累计无限额；数据日05-25,0.00%,0.00%,21.42%,3,阿里巴巴-W 9.11%; 腾讯控股 8.97%; 中芯国际 3.34%
026184,长江中证全指指数增强发起C,指数型-股票,开放申购；起购10元；日累计无限额；数据日05-25,0.00%,0.00%,0.09%,2,腾讯控股 0.07%; 阿里巴巴-W 0.02%
026199,大摩港股通多元成长混合A,混合型-偏股,开放申购；起购10元；日累计无限额；数据日05-25,0.00%,0.00%,21.72%,4,腾讯控股 7.89%; 阿里巴巴-W 5.85%; 金山云 4.24%; 晶泰控股 3.74%
026183,长江中证全指指数增强发起A,指数型-股票,开放申购；起购10元；日累计无限额；数据日05-25,0.00%,0.00%,0.09%,2,腾讯控股 0.07%; 阿里巴巴-W 0.02%
026200,大摩港股通多元成长混合C,混合型-偏股,开放申购；起购10元；日累计无限额；数据日05-25,0.00%,0.00%,21.72%,4,腾讯控股 7.89%; 阿里巴巴-W 5.85%; 金山云 4.24%; 晶泰控股 3.74%
026206,宝盈恒生科技指数(QDII)A,指数型-海外股票,限大额；起购10元；日累计50万；数据日05-25,0.00%,0.00%,31.58%,5,小米集团-W 7.77%; 腾讯控股 7.32%; 阿里巴巴-W 6.82%; 中芯国际 5.99%; 百度集团-SW 3.68%
026212,工银科技智选混合A,混合型-偏股,开放申购；起购10元；日累计无限额；数据日05-25,0.00%,0.00%,2.45%,1,腾讯控股 2.45%
026213,工银科技智选混合C,混合型-偏股,开放申购；起购10元；日累计无限额；数据日05-25,0.00%,0.00%,2.45%,1,腾讯控股 2.45%
026207,宝盈恒生科技指数(QDII)C,指数型-海外股票,限大额；起购10元；日累计50万；数据日05-25,0.00%,0.00%,31.58%,5,小米集团-W 7.77%; 腾讯控股 7.32%; 阿里巴巴-W 6.82%; 中芯国际 5.99%; 百度集团-SW 3.68%
026252,易方达消费机遇混合C,混合型-偏股,开放申购；起购10元；日累计无限额；数据日05-25,0.00%,0.00%,6.48%,1,腾讯控股 6.48%
026251,易方达消费机遇混合A,混合型-偏股,开放申购；起购10元；日累计无限额；数据日05-25,0.00%,0.00%,6.48%,1,腾讯控股 6.48%
026271,上银消费机遇混合发起式A,混合型-偏股,开放申购；起购10元；日累计无限额；数据日05-25,0.00%,0.00%,14.41%,2,腾讯控股 9.27%; 阿里巴巴-W 5.14%
026278,泉果竞争优势混合C,混合型-偏股,开放申购；起购10元；日累计无限额；数据日05-25,0.00%,0.00%,5.51%,2,腾讯控股 3.09%; 阿里巴巴-W 2.42%
026272,上银消费机遇混合发起式C,混合型-偏股,开放申购；起购10元；日累计无限额；数据日05-25,0.00%,0.00%,14.41%,2,腾讯控股 9.27%; 阿里巴巴-W 5.14%
026277,泉果竞争优势混合A,混合型-偏股,开放申购；起购10元；日累计无限额；数据日05-25,0.00%,0.00%,5.51%,2,腾讯控股 3.09%; 阿里巴巴-W 2.42%
026270,万家消费机遇混合C,混合型-偏股,开放申购；起购10元；日累计无限额；数据日05-25,0.00%,0.00%,2.28%,1,腾讯控股 2.28%
026269,万家消费机遇混合A,混合型-偏股,开放申购；起购10元；日累计无限额；数据日05-25,0.00%,0.00%,2.28%,1,腾讯控股 2.28%
026284,东方红嘉享混合发起A,混合型-偏股,开放申购；起购10元；日累计无限额；数据日05-25,0.00%,0.00%,3.21%,1,金山云 3.21%
026286,华宝优势产业混合A,混合型-偏股,开放申购；起购10元；日累计无限额；数据日05-25,0.00%,0.00%,10.04%,2,阿里巴巴-W 5.08%; 腾讯控股 4.96%
026285,东方红嘉享混合发起C,混合型-偏股,开放申购；起购10元；日累计无限额；数据日05-25,0.00%,0.00%,3.21%,1,金山云 3.21%
026304,上银科技创新股票发起式C,股票型,开放申购；起购10元；日累计无限额；数据日05-25,0.00%,0.00%,2.21%,1,小米集团-W 2.21%
026287,华宝优势产业混合C,混合型-偏股,开放申购；起购10元；日累计无限额；数据日05-25,0.00%,0.00%,10.04%,2,阿里巴巴-W 5.08%; 腾讯控股 4.96%
026303,上银科技创新股票发起式A,股票型,开放申购；起购10元；日累计无限额；数据日05-25,0.00%,0.00%,2.21%,1,小米集团-W 2.21%
026327,广发乾元价值增长混合A,混合型-偏股,开放申购；起购10元；日累计无限额；数据日05-25,0.00%,0.00%,8.05%,1,腾讯控股 8.05%
026326,上银慧达双利债券C,债券型-混合二级,开放申购；起购10元；日累计无限额；数据日05-25,0.00%,0.00%,0.09%,1,阿里巴巴-W 0.09%
026328,广发乾元价值增长混合C,混合型-偏股,开放申购；起购10元；日累计无限额；数据日05-25,0.00%,0.00%,8.05%,1,腾讯控股 8.05%
026324,广发消费智选混合C,混合型-偏股,开放申购；起购10元；日累计无限额；数据日05-25,0.00%,0.00%,12.25%,2,腾讯控股 7.28%; 阿里巴巴-W 4.97%
026323,广发消费智选混合A,混合型-偏股,开放申购；起购10元；日累计无限额；数据日05-25,0.00%,0.00%,12.25%,2,腾讯控股 7.28%; 阿里巴巴-W 4.97%
026325,上银慧达双利债券A,债券型-混合二级,开放申购；起购10元；日累计无限额；数据日05-25,0.00%,0.00%,0.09%,1,阿里巴巴-W 0.09%
026448,大摩沪港深科技混合A,混合型-偏股,开放申购；起购10元；日累计无限额；数据日05-25,0.00%,0.00%,3.79%,1,腾讯控股 3.79%
026449,大摩沪港深科技混合C,混合型-偏股,开放申购；起购10元；日累计无限额；数据日05-25,0.00%,0.00%,3.79%,1,腾讯控股 3.79%
026469,山证资管数字经济锐选股票发起式C,股票型,开放申购；起购10元；日累计无限额；数据日05-25,0.00%,0.00%,11.88%,2,腾讯控股 6.53%; 阿里巴巴-W 5.35%
026468,山证资管数字经济锐选股票发起式A,股票型,开放申购；起购10元；日累计无限额；数据日05-25,0.00%,0.00%,11.88%,2,腾讯控股 6.53%; 阿里巴巴-W 5.35%
026498,中银招享6个月持有混合C,混合型-偏债,开放申购；起购0元；日累计0元；数据日05-25,0.00%,0.00%,0.40%,1,阿里巴巴-W 0.40%
026497,中银招享6个月持有混合A,混合型-偏债,开放申购；起购0元；日累计0元；数据日05-25,0.00%,0.00%,0.40%,1,阿里巴巴-W 0.40%
026516,上银科技先锋股票发起式A,股票型,开放申购；起购10元；日累计无限额；数据日05-25,0.00%,0.00%,8.12%,1,腾讯控股 8.12%
026512,睿远研选均衡三年持有混合发起式,混合型-偏股,封闭期；当前不可场外申购；数据日05-22,0.00%,0.00%,6.86%,1,腾讯控股 6.86%
026517,上银科技先锋股票发起式C,股票型,开放申购；起购10元；日累计无限额；数据日05-25,0.00%,0.00%,8.12%,1,腾讯控股 8.12%
026609,工银前瞻成长混合A,混合型-偏股,开放申购；起购10元；日累计无限额；数据日05-25,0.00%,0.00%,6.54%,1,腾讯控股 6.54%
026618,万家致远动力混合发起式C,混合型-偏股,开放申购；起购10元；日累计无限额；数据日05-25,0.00%,0.00%,2.38%,1,腾讯控股 2.38%
026617,万家致远动力混合发起式A,混合型-偏股,开放申购；起购10元；日累计无限额；数据日05-25,0.00%,0.00%,2.38%,1,腾讯控股 2.38%
026610,工银前瞻成长混合C,混合型-偏股,开放申购；起购10元；日累计无限额；数据日05-25,0.00%,0.00%,6.54%,1,腾讯控股 6.54%
026830,中欧预见稳瑞混合(FOF)C,FOF-稳健型,开放申购；起购1万；日累计0元；数据日05-21,0.00%,0.00%,0.34%,1,阿里巴巴-W 0.34%
026845,汇添富添添乐双盈债券E,债券型-混合二级,限大额；起购1元；日累计0元；数据日05-25,0.00%,0.00%,0.59%,1,腾讯控股 0.59%
040018,华安香港精选股票(QDII),QDII-普通股票,开放申购；起购10元；日累计无限额；数据日05-22,0.00%,0.00%,3.18%,1,阿里巴巴-W 3.18%
040021,华安大中华升级股票(QDII)A,QDII-普通股票,开放申购；起购10元；日累计无限额；数据日05-22,0.00%,0.00%,2.91%,1,阿里巴巴-W 2.91%
070012,嘉实海外中国股票混合,QDII-混合偏股,限大额；起购10元；日累计100元；数据日05-22,0.00%,0.00%,7.86%,1,腾讯控股 7.86%
096001,大成标普500等权重指数(QDII)A人民币,指数型-海外股票,限大额；起购10元；日累计50元；数据日05-22,0.00%,0.21%,0.21%,1,戴尔科技 0.21%
100061,富国中国中小盘混合(QDII)人民币A,QDII-混合偏股,开放申购；起购10元；日累计无限额；数据日05-22,0.00%,0.00%,4.97%,1,腾讯控股 4.97%
110011,易方达优质精选混合(QDII),QDII-混合偏股,限大额；起购10元；日累计5万；数据日05-25,0.00%,0.00%,17.60%,2,腾讯控股 9.56%; 阿里巴巴-W 8.04%
118002,易方达标普消费品指数A,指数型-海外股票,开放申购；起购10元；日累计无限额；数据日05-22,0.00%,0.00%,3.89%,2,腾讯控股 2.84%; 阿里巴巴-W 1.05%
159102,港股通生物科技ETF华安,指数型-股票,场内交易；场外申购限额不适用；数据日05-25,0.00%,0.00%,3.17%,1,晶泰控股 3.17%
159101,港股通科技ETF华夏,指数型-股票,场内交易；场外申购限额不适用；数据日05-25,0.00%,0.00%,48.11%,4,腾讯控股 14.80%; 阿里巴巴-W 14.59%; 小米集团-W 13.24%; 中芯国际 5.48%
159109,恒生50ETF景顺,指数型-股票,场内交易；场外申购限额不适用；数据日05-25,0.00%,0.00%,32.41%,3,腾讯控股 14.66%; 阿里巴巴-W 13.66%; 小米集团-W 4.09%
159105,恒生生物科技ETF易方达,指数型-股票,场内交易；场外申购限额不适用；数据日05-25,0.00%,0.00%,3.23%,1,晶泰控股 3.23%
159128,港股科技ETF天弘,指数型-股票,场内交易；场外申购限额不适用；数据日05-25,0.00%,0.00%,48.14%,4,腾讯控股 14.81%; 阿里巴巴-W 14.60%; 小米集团-W 13.25%; 中芯国际 5.48%
159125,港股通科技ETF招商,指数型-股票,场内交易；场外申购限额不适用；数据日05-25,0.00%,0.00%,47.69%,4,腾讯控股 14.67%; 阿里巴巴-W 14.46%; 小米集团-W 13.13%; 中芯国际 5.43%
159126,港股通50ETF南方,指数型-股票,场内交易；场外申购限额不适用；数据日05-25,0.00%,0.00%,20.24%,3,腾讯控股 8.34%; 阿里巴巴-W 8.08%; 小米集团-W 3.82%
159135,港股通科技ETF前海开源,指数型-股票,场内交易；场外申购限额不适用；数据日05-25,0.00%,0.00%,63.24%,8,腾讯控股 15.33%; 小米集团-W 14.91%; 阿里巴巴-W 14.29%; 中芯国际 5.50%; 地平线机器人-W 3.85%; 商汤-W 3.19%; 华虹半导体 3.09%; 联想集团 3.08%
159131,港股通信息技术ETF华宝,指数型-股票,场内交易；场外申购限额不适用；数据日05-25,0.00%,0.00%,48.15%,5,小米集团-W 13.14%; 中芯国际 12.44%; 联想集团 8.95%; 华虹半导体 7.05%; 商汤-W 6.57%
159137,港股通医疗ETF华宝,指数型-股票,场内交易；场外申购限额不适用；数据日05-25,0.00%,0.00%,5.24%,1,晶泰控股 5.24%
159132,恒生生物科技ETF富国,指数型-股票,场内交易；场外申购限额不适用；数据日05-25,0.00%,0.00%,3.25%,1,晶泰控股 3.25%
159130,恒生生物科技ETF鹏华,指数型-股票,场内交易；场外申购限额不适用；数据日05-25,0.00%,0.00%,3.22%,1,晶泰控股 3.22%
159120,港股通科技ETF国联安,指数型-股票,场内交易；场外申购限额不适用；数据日05-25,0.00%,0.00%,62.84%,8,腾讯控股 15.25%; 小米集团-W 14.83%; 阿里巴巴-W 14.18%; 中芯国际 5.46%; 地平线机器人-W 3.82%; 商汤-W 3.11%; 联想集团 3.10%; 华虹半导体 3.09%
159170,港股通互联网ETF永赢,指数型-股票,场内交易；场外申购限额不适用；数据日05-25,0.00%,0.00%,57.02%,6,腾讯控股 15.12%; 阿里巴巴-W 14.66%; 小米集团-W 14.10%; 联想集团 4.75%; 商汤-W 4.37%; 地平线机器人-W 4.02%
159152,港股通科技ETF平安,指数型-股票,场内交易；场外申购限额不适用；数据日05-25,0.00%,0.00%,61.78%,8,腾讯控股 15.00%; 小米集团-W 14.61%; 阿里巴巴-W 13.97%; 中芯国际 5.36%; 地平线机器人-W 3.76%; 商汤-W 3.07%; 联想集团 3.02%; 华虹半导体 2.99%
159202,恒生互联网ETF万家,指数型-海外股票,场内交易；场外申购限额不适用；数据日05-25,0.00%,0.00%,51.20%,6,腾讯控股 15.12%; 阿里巴巴-W 14.08%; 小米集团-W 10.69%; 百度集团-SW 5.45%; 地平线机器人-W 3.23%; 商汤-W 2.63%
159262,港股通科技ETF广发,指数型-股票,场内交易；场外申购限额不适用；数据日05-25,0.00%,0.00%,62.79%,8,腾讯控股 15.16%; 小米集团-W 14.75%; 阿里巴巴-W 14.11%; 中芯国际 5.43%; 地平线机器人-W 3.80%; 联想集团 3.40%; 商汤-W 3.10%; 华虹半导体 3.04%
159251,港股通科技ETF万家,指数型-股票,场内交易；场外申购限额不适用；数据日05-25,0.00%,0.00%,47.80%,4,腾讯控股 14.69%; 阿里巴巴-W 14.50%; 小米集团-W 13.16%; 中芯国际 5.45%
159269,港股通科技ETF南方,指数型-股票,场内交易；场外申购限额不适用；数据日05-25,0.00%,0.00%,33.30%,4,腾讯控股 9.34%; 阿里巴巴-W 9.06%; 小米集团-W 8.71%; 中芯国际 6.19%
159271,恒生ETF鹏华,指数型-股票,场内交易；场外申购限额不适用；数据日05-25,0.00%,0.00%,21.80%,3,腾讯控股 11.09%; 阿里巴巴-W 7.12%; 小米集团-W 3.59%
159273,云计算ETF汇添富,指数型-股票,场内交易；场外申购限额不适用；数据日05-25,0.00%,0.00%,16.29%,2,腾讯控股 8.27%; 阿里巴巴-W 8.02%
159280,港股通互联网ETF汇添富,指数型-股票,场内交易；场外申购限额不适用；数据日05-25,0.00%,0.00%,56.77%,6,腾讯控股 15.05%; 阿里巴巴-W 14.60%; 小米集团-W 14.05%; 联想集团 4.71%; 商汤-W 4.36%; 地平线机器人-W 4.00%
159312,恒指港股通ETF广发,指数型-股票,场内交易；场外申购限额不适用；数据日05-25,0.00%,0.00%,18.85%,3,腾讯控股 7.47%; 阿里巴巴-W 6.91%; 小米集团-W 4.47%
159318,恒指港股通ETF银华,指数型-股票,场内交易；场外申购限额不适用；数据日05-25,0.00%,0.00%,19.31%,3,腾讯控股 7.65%; 阿里巴巴-W 7.10%; 小米集团-W 4.56%
159366,港股医疗ETF永赢,指数型-股票,场内交易；场外申购限额不适用；数据日05-25,0.00%,0.00%,5.30%,1,晶泰控股 5.30%
159365,恒指港股通ETF富国,指数型-股票,场内交易；场外申购限额不适用；数据日05-25,0.00%,0.00%,19.96%,3,腾讯控股 7.90%; 阿里巴巴-W 7.33%; 小米集团-W 4.73%
159506,港股通医疗ETF富国,指数型-股票,场内交易；场外申购限额不适用；数据日05-25,0.00%,0.00%,3.52%,1,晶泰控股 3.52%
159519,港股国企ETF国泰,指数型-海外股票,场内交易；场外申购限额不适用；数据日05-25,0.00%,0.00%,4.53%,1,中芯国际 4.53%
159550,互联网ETF东财,指数型-股票,场内交易；场外申购限额不适用；数据日05-25,0.00%,0.00%,26.07%,3,腾讯控股 9.26%; 阿里巴巴-W 8.98%; 小米集团-W 7.83%
159568,港股互联网ETF博时,指数型-股票,场内交易；场外申购限额不适用；数据日05-25,0.00%,0.00%,47.92%,4,腾讯控股 15.19%; 阿里巴巴-W 14.73%; 小米集团-W 13.82%; 商汤-W 4.18%
159605,中概互联ETF广发,指数型-海外股票,场内交易；场外申购限额不适用；数据日05-22,0.00%,0.00%,47.61%,4,腾讯控股 16.65%; 阿里巴巴-W 15.34%; 小米集团-W 10.47%; 百度集团-SW 5.15%
159607,中概互联网ETF嘉实,指数型-海外股票,场内交易；场外申购限额不适用；数据日05-22,0.00%,0.00%,45.31%,4,腾讯控股 14.93%; 阿里巴巴-W 14.48%; 小米集团-W 9.99%; 百度集团-SW 5.91%
159615,恒生生物科技ETF南方,指数型-海外股票,场内交易；场外申购限额不适用；数据日05-25,0.00%,0.00%,3.24%,1,晶泰控股 3.24%
159636,港股通科技30ETF工银,指数型-股票,场内交易；场外申购限额不适用；数据日05-25,0.00%,0.00%,47.98%,4,腾讯控股 14.76%; 阿里巴巴-W 14.55%; 小米集团-W 13.21%; 中芯国际 5.46%
159688,恒生互联网ETF华安,指数型-海外股票,场内交易；场外申购限额不适用；数据日05-25,0.00%,0.00%,47.06%,6,腾讯控股 13.91%; 阿里巴巴-W 12.95%; 小米集团-W 9.83%; 百度集团-SW 4.98%; 地平线机器人-W 2.97%; 商汤-W 2.42%
159711,港股通50ETF华夏,指数型-股票,场内交易；场外申购限额不适用；数据日05-25,0.00%,0.00%,19.86%,3,腾讯控股 8.18%; 阿里巴巴-W 7.93%; 小米集团-W 3.75%
159740,恒生科技ETF大成,指数型-海外股票,场内交易；场外申购限额不适用；数据日05-25,0.00%,0.00%,32.46%,5,小米集团-W 7.98%; 腾讯控股 7.53%; 阿里巴巴-W 7.01%; 中芯国际 6.16%; 百度集团-SW 3.78%
159723,科技龙头ETF汇添富,指数型-股票,场内交易；场外申购限额不适用；数据日05-25,0.00%,0.00%,26.42%,4,腾讯控股 8.66%; 阿里巴巴-W 8.40%; 小米集团-W 6.03%; 中芯国际 3.33%
159741,恒生科技ETF嘉实,指数型-海外股票,场内交易；场外申购限额不适用；数据日05-25,0.00%,0.00%,33.99%,5,小米集团-W 8.36%; 腾讯控股 7.88%; 阿里巴巴-W 7.34%; 中芯国际 6.45%; 百度集团-SW 3.96%
159738,云计算ETF华泰柏瑞,指数型-股票,场内交易；场外申购限额不适用；数据日05-25,0.00%,0.00%,16.17%,2,腾讯控股 8.21%; 阿里巴巴-W 7.96%
159712,港股通50ETF国泰,指数型-股票,场内交易；场外申购限额不适用；数据日05-25,0.00%,0.00%,20.09%,3,腾讯控股 8.26%; 阿里巴巴-W 8.04%; 小米集团-W 3.79%
159729,互联网ETF汇添富,指数型-股票,场内交易；场外申购限额不适用；数据日05-25,0.00%,0.00%,25.54%,3,腾讯控股 9.03%; 阿里巴巴-W 8.82%; 小米集团-W 7.69%
159750,港股科技50ETF招商,指数型-海外股票,场内交易；场外申购限额不适用；数据日05-25,0.00%,0.00%,36.70%,5,腾讯控股 9.29%; 阿里巴巴-W 9.01%; 小米集团-W 8.66%; 百度集团-SW 5.37%; 中芯国际 4.37%
159742,恒生科技ETF博时,指数型-海外股票,场内交易；场外申购限额不适用；数据日05-25,0.00%,0.00%,33.17%,5,小米集团-W 8.16%; 腾讯控股 7.69%; 阿里巴巴-W 7.16%; 中芯国际 6.29%; 百度集团-SW 3.87%
159747,香港科技ETF南方,指数型-海外股票,场内交易；场外申购限额不适用；数据日05-25,0.00%,0.00%,34.85%,5,腾讯控股 8.82%; 阿里巴巴-W 8.55%; 小米集团-W 8.23%; 百度集团-SW 5.10%; 中芯国际 4.15%
159751,港股通科技ETF鹏华,指数型-股票,场内交易；场外申购限额不适用；数据日05-25,0.00%,0.00%,32.36%,4,腾讯控股 9.08%; 阿里巴巴-W 8.80%; 小米集团-W 8.47%; 中芯国际 6.01%
159788,港股通100ETF易方达,指数型-股票,场内交易；场外申购限额不适用；数据日05-25,0.00%,0.00%,21.07%,3,腾讯控股 8.52%; 阿里巴巴-W 8.26%; 小米集团-W 4.29%
159793,线上消费ETF平安,指数型-股票,场内交易；场外申购限额不适用；数据日05-25,0.00%,0.00%,17.77%,2,腾讯控股 9.05%; 阿里巴巴-W 8.72%
159792,港股通互联网ETF富国,指数型-股票,场内交易；场外申购限额不适用；数据日05-25,0.00%,0.00%,48.04%,4,腾讯控股 15.23%; 阿里巴巴-W 14.77%; 小米集团-W 13.86%; 商汤-W 4.18%
159856,互联网龙头ETF工银,指数型-股票,场内交易；场外申购限额不适用；数据日05-25,0.00%,0.00%,25.98%,3,腾讯控股 9.23%; 阿里巴巴-W 8.95%; 小米集团-W 7.80%
159850,恒生国企ETF华夏,指数型-海外股票,场内交易；场外申购限额不适用；数据日05-25,0.00%,0.00%,18.65%,3,腾讯控股 7.00%; 阿里巴巴-W 6.71%; 小米集团-W 4.94%
159892,恒生医药ETF华夏,指数型-海外股票,场内交易；场外申购限额不适用；数据日05-25,0.00%,0.00%,3.09%,1,晶泰控股 3.09%
159920,恒生ETF华夏,指数型-海外股票,场内交易；场外申购限额不适用；数据日05-25,0.00%,0.00%,17.29%,3,腾讯控股 7.20%; 阿里巴巴-W 6.70%; 小米集团-W 3.39%
159954,恒生中国企业ETF南方,指数型-股票,场内交易；场外申购限额不适用；数据日05-25,0.00%,0.00%,25.03%,3,腾讯控股 11.27%; 阿里巴巴-W 8.25%; 小米集团-W 5.51%
159960,恒生中国企业ETF平安,指数型-股票,场内交易；场外申购限额不适用；数据日05-25,0.00%,0.00%,12.27%,2,腾讯控股 7.90%; 小米集团-W 4.37%
159976,湾创ETF工银,指数型-股票,场内交易；场外申购限额不适用；数据日05-25,0.00%,0.00%,8.38%,1,腾讯控股 8.38%
160127,南方新兴消费增长股票(LOF)A,股票型,开放申购；起购10元；日累计无限额；数据日05-25,0.00%,0.00%,3.58%,1,腾讯控股 3.58%
160125,南方香港优选股票,QDII-普通股票,开放申购；起购10元；日累计无限额；数据日05-22,0.00%,0.00%,7.40%,2,腾讯控股 4.12%; 阿里巴巴-W 3.28%
160144,南方新兴消费增长股票(LOF)C,股票型,开放申购；起购10元；日累计无限额；数据日05-25,0.00%,0.00%,3.58%,1,腾讯控股 3.58%
160322,华夏港股通精选股票发起式(LOF)A,股票型,开放申购；起购10元；日累计无限额；数据日05-25,0.00%,0.00%,17.13%,3,腾讯控股 6.60%; 阿里巴巴-W 5.39%; 中芯国际 5.14%
160526,博时优势企业灵活配置混合A,混合型-灵活,开放申购；起购10元；日累计无限额；数据日05-25,0.00%,0.00%,2.06%,1,腾讯控股 2.06%
160717,嘉实H股指数(QDII-LOF),指数型-海外股票,开放申购；起购10元；日累计无限额；数据日05-25,0.00%,0.00%,19.10%,3,腾讯控股 7.26%; 阿里巴巴-W 6.74%; 小米集团-W 5.10%
160646,鹏华中证沪港深科技龙头指数(LOF)A,指数型-股票,开放申购；起购10元；日累计无限额；数据日05-25,0.00%,0.00%,25.69%,4,腾讯控股 8.40%; 阿里巴巴-W 8.19%; 小米集团-W 5.87%; 中芯国际 3.23%
160924,大成恒生指数(QDII-LOF)A,指数型-海外股票,开放申购；起购10元；日累计无限额；数据日05-25,0.00%,0.00%,16.44%,3,腾讯控股 6.84%; 阿里巴巴-W 6.37%; 小米集团-W 3.23%
160925,大成中华沪深港300指数(LOF)A,指数型-股票,开放申购；起购10元；日累计无限额；数据日05-25,0.00%,0.00%,10.94%,2,腾讯控股 6.34%; 阿里巴巴-W 4.60%
161229,国投瑞银中国价值发现股票,QDII-普通股票,开放申购；起购10元；日累计无限额；数据日05-22,0.00%,0.00%,13.02%,2,腾讯控股 8.94%; 阿里巴巴-W 4.08%
161728,招商瑞智优选混合(LOF),混合型-灵活,开放申购；起购10元；日累计无限额；数据日05-25,0.00%,0.00%,2.86%,1,小米集团-W 2.86%
161831,银华恒生国企指数(QDII-LOF)A,指数型-海外股票,开放申购；起购10元；日累计无限额；数据日05-22,0.00%,0.00%,20.27%,3,腾讯控股 7.68%; 阿里巴巴-W 7.17%; 小米集团-W 5.42%
161730,招商智星稳健配置混合(FOF-LOF)A,FOF-稳健型,开放申购；起购10元；日累计无限额；数据日05-22,0.00%,0.00%,0.31%,1,腾讯控股 0.31%
161818,银华消费主题混合A,混合型-偏股,开放申购；起购10元；日累计无限额；数据日05-25,0.00%,0.00%,5.68%,1,阿里巴巴-W 5.68%
161837,银华大盘两年定开混合,混合型-偏股,暂停申购；当前不可场外申购；下一开放日2027-12-16；数据日05-25,0.00%,0.00%,14.27%,3,华虹半导体 4.97%; 中芯国际 4.74%; 阿里巴巴-W 4.56%
163417,兴全合宜混合(LOF)A,混合型-灵活,开放申购；起购10元；日累计无限额；数据日05-25,0.00%,0.00%,3.30%,1,阿里巴巴-W 3.30%
164705,汇添富恒生指数(QDII-LOF)A,指数型-海外股票,开放申购；起购10元；日累计无限额；数据日05-25,0.00%,0.00%,17.68%,3,腾讯控股 7.36%; 阿里巴巴-W 6.86%; 小米集团-W 3.46%
164906,交银中证海外中国互联网指数(LOF)A,指数型-海外股票,开放申购；起购10元；日累计无限额；数据日05-22,0.00%,0.00%,21.46%,3,腾讯控股 9.54%; 阿里巴巴-W 8.00%; 百度集团-SW 3.92%
166024,中欧恒利三年定期开放混合,混合型-偏股,暂停申购；当前不可场外申购；下一开放日2026-12-01；数据日05-25,0.00%,0.00%,7.68%,1,腾讯控股 7.68%
166025,中欧远见两年定开混合A,混合型-偏股,暂停申购；当前不可场外申购；下一开放日2027-04-26；数据日05-25,0.00%,0.00%,2.13%,1,腾讯控股 2.13%
167302,方正富邦大湾区综指(LOF),指数型-股票,开放申购；起购10元；日累计无限额；数据日05-25,0.00%,0.00%,9.62%,1,腾讯控股 9.62%
168002,国寿安保策略精选混合A,混合型-偏股,开放申购；起购10元；日累计无限额；数据日05-25,0.00%,0.00%,8.45%,1,腾讯控股 8.45%
169106,东方红创新优选定开混合,混合型-偏债,暂停申购；当前不可场外申购；下一开放日2027-04-20；数据日05-25,0.00%,0.00%,1.68%,2,腾讯控股 0.97%; 阿里巴巴-W 0.71%
169105,东方红睿华沪港深混合(LOF)A,混合型-灵活,开放申购；起购10元；日累计无限额；数据日05-25,0.00%,0.00%,4.27%,1,阿里巴巴-W 4.27%
169109,东方红睿和三年持有混合A,混合型-偏股,暂停申购；当前不可场外申购；数据日05-25,0.00%,0.00%,3.57%,1,中芯国际 3.57%
169107,东方红恒阳五年持有混合,混合型-偏股,暂停申购；当前不可场外申购；数据日05-25,0.00%,0.00%,3.58%,1,中芯国际 3.58%
169104,东方红睿满沪港深混合(LOF)A,混合型-灵活,开放申购；起购10元；日累计无限额；数据日05-25,0.00%,0.00%,13.33%,2,腾讯控股 7.59%; 阿里巴巴-W 5.74%
169108,东方红均衡优选定开混合,混合型-偏债,暂停申购；当前不可场外申购；下一开放日2028-04-24；数据日05-22,0.00%,0.00%,1.17%,1,腾讯控股 1.17%
202027,南方高端装备混合A,混合型-偏股,开放申购；起购10元；日累计无限额；数据日05-25,0.00%,0.00%,8.70%,2,华虹半导体 5.31%; 中芯国际 3.39%
377150,摩根健康品质生活混合A,混合型-偏股,开放申购；起购10元；日累计无限额；数据日05-25,0.00%,0.00%,18.15%,2,阿里巴巴-W 9.10%; 腾讯控股 9.05%
501021,华宝港股通标普香港上市中国中小盘指数(LOF)A,指数型-股票,开放申购；起购10元；日累计无限额；数据日05-25,0.00%,0.00%,2.11%,1,地平线机器人-W 2.11%
501053,东方红目标优选定开混合,混合型-偏债,暂停申购；当前不可场外申购；下一开放日2027-01-19；数据日05-25,0.00%,0.00%,1.67%,2,腾讯控股 0.95%; 阿里巴巴-W 0.72%
501054,东方红睿泽三年持有混合A,混合型-偏股,开放申购；起购10元；日累计无限额；数据日05-25,0.00%,0.00%,13.30%,2,腾讯控股 7.66%; 阿里巴巴-W 5.64%
501063,汇添富悦享两年持有混合,混合型-偏股,开放申购；起购10元；日累计无限额；数据日05-25,0.00%,0.00%,5.09%,1,阿里巴巴-W 5.09%
501062,南方瑞合定开混合(LOF),混合型-灵活,暂停申购；当前不可场外申购；下一开放日2027-09-06；数据日05-25,0.00%,0.00%,3.26%,1,华虹半导体 3.26%
501065,汇添富经典成长定开混合,混合型-偏股,暂停申购；当前不可场外申购；下一开放日2028-01-03；数据日05-25,0.00%,0.00%,6.72%,1,腾讯控股 6.72%
501081,中欧科创主题混合(LOF)A,混合型-偏股,开放申购；起购10元；日累计无限额；数据日05-25,0.00%,0.00%,14.22%,2,阿里巴巴-W 7.76%; 中芯国际 6.46%
501066,东方红恒元五年持有混合,混合型-偏股,开放申购；起购10元；日累计无限额；数据日05-25,0.00%,0.00%,2.97%,1,腾讯控股 2.97%
501091,嘉实欣荣混合(LOF)A,混合型-偏股,开放申购；起购10元；日累计无限额；数据日05-25,0.00%,0.00%,11.04%,2,腾讯控股 5.60%; 阿里巴巴-W 5.44%
501098,建信优享科技创新混合(LOF),混合型-偏股,开放申购；起购10元；日累计无限额；数据日05-25,0.00%,0.00%,11.17%,2,阿里巴巴-W 6.43%; 华虹半导体 4.74%
501208,中欧创新未来混合(LOF),混合型-偏股,开放申购；起购10元；日累计无限额；数据日05-25,0.00%,0.00%,10.27%,3,腾讯控股 4.36%; 阿里巴巴-W 3.42%; 中芯国际 2.49%
501207,华夏创新未来混合(LOF),混合型-偏股,开放申购；起购1元；日累计0元；数据日05-25,0.00%,0.00%,17.97%,3,腾讯控股 6.33%; 阿里巴巴-W 5.86%; 金山云 5.78%
501188,汇添富核心精选混合(LOF),混合型-灵活,开放申购；起购10元；日累计无限额；数据日05-25,0.00%,0.00%,16.76%,3,华虹半导体 6.61%; 中芯国际 6.16%; 阿里巴巴-W 3.99%
501093,华夏翔阳两年定开混合,混合型-偏股,暂停申购；当前不可场外申购；下一开放日2028-03-27；数据日05-25,0.00%,0.00%,5.69%,1,腾讯控股 5.69%
501303,广发恒生中型股指数(LOF)A,指数型-股票,开放申购；起购10元；日累计无限额；数据日05-25,0.00%,0.00%,3.18%,2,商汤-W 1.63%; 华虹半导体 1.55%
501206,汇添富创新未来混合(LOF),混合型-偏股,开放申购；起购1元；日累计0元；数据日05-25,0.00%,0.00%,2.49%,1,阿里巴巴-W 2.49%
501311,嘉实港股通新经济指数A,指数型-股票,开放申购；起购10元；日累计无限额；数据日05-25,0.00%,0.00%,42.06%,4,腾讯控股 14.00%; 阿里巴巴-W 13.04%; 小米集团-W 10.98%; 中芯国际 4.04%
510900,恒生中国企业ETF易方达,指数型-海外股票,场内交易；场外申购限额不适用；数据日05-25,0.00%,0.00%,19.62%,3,腾讯控股 7.45%; 阿里巴巴-W 6.93%; 小米集团-W 5.24%
513010,恒生科技ETF易方达,指数型-海外股票,场内交易；场外申购限额不适用；数据日05-25,0.00%,0.00%,32.30%,5,小米集团-W 8.12%; 腾讯控股 7.65%; 阿里巴巴-W 6.97%; 中芯国际 6.27%; 百度集团-SW 3.29%
513050,中概互联网ETF易方达,指数型-海外股票,场内交易；场外申购限额不适用；数据日05-22,0.00%,0.00%,66.91%,4,腾讯控股 30.65%; 阿里巴巴-W 26.06%; 小米集团-W 6.91%; 百度集团-SW 3.29%
513120,港股创新药ETF广发,指数型-海外股票,场内交易；场外申购限额不适用；数据日05-25,0.00%,0.00%,2.98%,1,晶泰控股 2.98%
513020,港股科技ETF国泰,指数型-股票,场内交易；场外申购限额不适用；数据日05-25,0.00%,0.00%,33.11%,4,腾讯控股 9.29%; 阿里巴巴-W 9.01%; 小米集团-W 8.66%; 中芯国际 6.15%
513040,港股通互联网ETF易方达,指数型-股票,场内交易；场外申购限额不适用；数据日05-25,0.00%,0.00%,48.08%,4,腾讯控股 15.24%; 阿里巴巴-W 14.78%; 小米集团-W 13.87%; 商汤-W 4.19%
513210,恒生ETF易方达,指数型-海外股票,场内交易；场外申购限额不适用；数据日05-25,0.00%,0.00%,18.11%,3,腾讯控股 7.55%; 阿里巴巴-W 7.02%; 小米集团-W 3.54%
513180,恒生科技ETF华夏,指数型-海外股票,场内交易；场外申购限额不适用；数据日05-25,0.00%,0.00%,32.48%,4,腾讯控股 9.27%; 阿里巴巴-W 8.44%; 小米集团-W 8.25%; 中芯国际 6.52%
513150,港股通科技ETF华泰柏瑞,指数型-股票,场内交易；场外申购限额不适用；数据日05-25,0.00%,0.00%,32.58%,4,腾讯控股 9.15%; 阿里巴巴-W 8.85%; 小米集团-W 8.52%; 中芯国际 6.06%
513160,港股科技ETF银华,指数型-股票,场内交易；场外申购限额不适用；数据日05-25,0.00%,0.00%,60.17%,8,小米集团-W 13.00%; 腾讯控股 12.26%; 阿里巴巴-W 11.41%; 中芯国际 10.47%; 地平线机器人-W 3.81%; 商汤-W 3.11%; 联想集团 3.07%; 华虹半导体 3.04%
513280,恒生生物科技ETF汇添富,指数型-海外股票,场内交易；场外申购限额不适用；数据日05-25,0.00%,0.00%,3.20%,1,晶泰控股 3.20%
513260,恒生科技ETF汇添富,指数型-海外股票,场内交易；场外申购限额不适用；数据日05-25,0.00%,0.00%,33.26%,5,小米集团-W 8.18%; 腾讯控股 7.71%; 阿里巴巴-W 7.18%; 中芯国际 6.31%; 百度集团-SW 3.88%
513170,恒生央企ETF鹏华,指数型-海外股票,场内交易；场外申购限额不适用；数据日05-25,0.00%,0.00%,5.85%,1,中芯国际 5.85%
513560,香港科技ETF兴银,指数型-股票,场内交易；场外申购限额不适用；数据日05-25,0.00%,0.00%,32.52%,4,腾讯控股 9.12%; 阿里巴巴-W 8.85%; 小米集团-W 8.51%; 中芯国际 6.04%
513380,恒生科技ETF广发,指数型-海外股票,场内交易；场外申购限额不适用；数据日05-25,0.00%,0.00%,34.03%,5,小米集团-W 8.31%; 腾讯控股 7.88%; 阿里巴巴-W 7.45%; 中芯国际 6.75%; 百度集团-SW 3.64%
513330,恒生互联网ETF华夏,指数型-海外股票,场内交易；场外申购限额不适用；数据日05-25,0.00%,0.00%,51.65%,6,腾讯控股 16.27%; 阿里巴巴-W 14.60%; 小米集团-W 10.35%; 百度集团-SW 4.71%; 地平线机器人-W 3.15%; 商汤-W 2.57%
513220,中概互联ETF招商,指数型-海外股票,场内交易；场外申购限额不适用；数据日05-22,0.00%,0.00%,43.87%,4,腾讯控股 14.84%; 阿里巴巴-W 14.40%; 小米集团-W 9.65%; 百度集团-SW 4.98%
513600,恒生指数ETF南方,指数型-股票,场内交易；场外申购限额不适用；数据日05-25,0.00%,0.00%,21.71%,3,腾讯控股 9.88%; 阿里巴巴-W 8.11%; 小米集团-W 3.72%
513320,港股通新经济ETF易方达,指数型-股票,场内交易；场外申购限额不适用；数据日05-25,0.00%,0.00%,44.22%,4,腾讯控股 14.73%; 阿里巴巴-W 13.70%; 小米集团-W 11.54%; 中芯国际 4.25%
513720,港股互联网ETF国泰,指数型-股票,场内交易；场外申购限额不适用；数据日05-25,0.00%,0.00%,47.87%,4,腾讯控股 15.17%; 阿里巴巴-W 14.72%; 小米集团-W 13.81%; 商汤-W 4.17%
513550,港股通50ETF华泰柏瑞,指数型-股票,场内交易；场外申购限额不适用；数据日05-25,0.00%,0.00%,20.05%,3,腾讯控股 8.26%; 阿里巴巴-W 8.01%; 小米集团-W 3.78%
513660,恒生ETF华夏,指数型-股票,场内交易；场外申购限额不适用；数据日05-25,0.00%,0.00%,19.99%,3,阿里巴巴-W 8.25%; 腾讯控股 8.21%; 小米集团-W 3.53%
513770,港股互联网ETF华宝,指数型-股票,场内交易；场外申购限额不适用；数据日05-25,0.00%,0.00%,47.96%,4,腾讯控股 15.21%; 阿里巴巴-W 14.74%; 小米集团-W 13.83%; 商汤-W 4.18%
513780,港股创新药ETF景顺,指数型-股票,场内交易；场外申购限额不适用；数据日05-25,0.00%,0.00%,2.92%,1,晶泰控股 2.92%
513580,恒生科技ETF华安,指数型-海外股票,场内交易；场外申购限额不适用；数据日05-25,0.00%,0.00%,32.58%,5,小米集团-W 8.01%; 腾讯控股 7.56%; 阿里巴巴-W 7.04%; 中芯国际 6.18%; 百度集团-SW 3.79%
513900,港股通100ETF华安,指数型-股票,场内交易；场外申购限额不适用；数据日05-25,0.00%,0.00%,21.00%,3,腾讯控股 8.28%; 阿里巴巴-W 8.05%; 小米集团-W 4.67%
513810,港股国企ETF华夏,指数型-海外股票,场内交易；场外申购限额不适用；数据日05-25,0.00%,0.00%,4.32%,1,中芯国际 4.32%
513990,港股通ETF招商,指数型-股票,场内交易；场外申购限额不适用；数据日05-25,0.00%,0.00%,25.82%,3,腾讯控股 13.47%; 阿里巴巴-W 9.84%; 小米集团-W 2.51%
513890,恒生科技ETF摩根,指数型-海外股票,场内交易；场外申购限额不适用；数据日05-25,0.00%,0.00%,33.71%,5,小米集团-W 7.69%; 腾讯控股 7.58%; 阿里巴巴-W 7.36%; 中芯国际 6.99%; 百度集团-SW 4.09%
513980,港股科技ETF景顺,指数型-股票,场内交易；场外申购限额不适用；数据日05-25,0.00%,0.00%,33.04%,4,腾讯控股 9.27%; 阿里巴巴-W 8.99%; 小米集团-W 8.64%; 中芯国际 6.14%
513860,港股通科技ETF海富通,指数型-股票,场内交易；场外申购限额不适用；数据日05-25,0.00%,0.00%,33.18%,4,腾讯控股 9.32%; 阿里巴巴-W 9.02%; 小米集团-W 8.68%; 中芯国际 6.16%
517000,沪港深500ETF银华,指数型-股票,场内交易；场外申购限额不适用；数据日05-25,0.00%,0.00%,9.97%,2,腾讯控股 5.76%; 阿里巴巴-W 4.21%
517080,沪港深500ETF汇添富,指数型-股票,场内交易；场外申购限额不适用；数据日05-25,0.00%,0.00%,10.15%,2,腾讯控股 5.85%; 阿里巴巴-W 4.30%
517050,互联网ETF华泰柏瑞,指数型-股票,场内交易；场外申购限额不适用；数据日05-25,0.00%,0.00%,25.58%,3,腾讯控股 9.31%; 阿里巴巴-W 8.99%; 小米集团-W 7.28%
517100,沪港深500ETF富国,指数型-股票,场内交易；场外申购限额不适用；数据日05-25,0.00%,0.00%,10.24%,2,腾讯控股 5.90%; 阿里巴巴-W 4.34%
517170,沪港深500ETF华夏,指数型-股票,场内交易；场外申购限额不适用；数据日05-25,0.00%,0.00%,10.30%,2,腾讯控股 5.93%; 阿里巴巴-W 4.37%
517030,沪港深300ETF易方达,指数型-股票,场内交易；场外申购限额不适用；数据日05-25,0.00%,0.00%,6.72%,2,腾讯控股 3.88%; 阿里巴巴-W 2.84%
517010,沪港深500ETF易方达,指数型-股票,场内交易；场外申购限额不适用；数据日05-25,0.00%,0.00%,10.32%,2,腾讯控股 5.95%; 阿里巴巴-W 4.37%
517200,互联网ETF嘉实,指数型-股票,场内交易；场外申购限额不适用；数据日05-25,0.00%,0.00%,25.88%,3,腾讯控股 9.23%; 阿里巴巴-W 8.89%; 小米集团-W 7.76%
517390,云计算ETF天弘,指数型-股票,场内交易；场外申购限额不适用；数据日05-25,0.00%,0.00%,16.12%,2,腾讯控股 8.19%; 阿里巴巴-W 7.93%
517660,物联网ETF天弘,指数型-股票,场内交易；场外申购限额不适用；数据日05-25,0.00%,0.00%,8.31%,2,腾讯控股 4.29%; 小米集团-W 4.02%
517350,沪港深科技ETF广发,指数型-股票,场内交易；场外申购限额不适用；数据日05-25,0.00%,0.00%,27.02%,4,腾讯控股 8.88%; 阿里巴巴-W 8.58%; 小米集团-W 6.15%; 中芯国际 3.41%
517300,沪港深300ETF国寿,指数型-股票,场内交易；场外申购限额不适用；数据日05-25,0.00%,0.00%,6.67%,2,腾讯控股 3.85%; 阿里巴巴-W 2.82%
517550,沪港深消费龙头ETF招商,指数型-股票,场内交易；场外申购限额不适用；数据日05-25,0.00%,0.00%,16.73%,2,阿里巴巴-W 8.53%; 小米集团-W 8.20%
517360,沪港深科技ETF华安,指数型-股票,场内交易；场外申购限额不适用；数据日05-25,0.00%,0.00%,16.42%,2,腾讯控股 8.54%; 小米集团-W 7.88%
517770,游戏传媒ETF浦银,指数型-股票,场内交易；场外申购限额不适用；数据日05-25,0.00%,0.00%,8.80%,1,腾讯控股 8.80%
517800,人工智能50ETF方正富邦,指数型-股票,场内交易；场外申购限额不适用；数据日05-25,0.00%,0.00%,8.86%,1,腾讯控股 8.86%
517850,张江ETF汇添富,指数型-股票,场内交易；场外申购限额不适用；数据日05-25,0.00%,0.00%,3.52%,1,商汤-W 3.52%
517880,品牌消费ETF华泰柏瑞,指数型-股票,场内交易；场外申购限额不适用；数据日05-25,0.00%,0.00%,8.61%,1,腾讯控股 8.61%
519139,海富通沪港深混合A,混合型-灵活,开放申购；起购10元；日累计无限额；数据日05-25,0.00%,0.00%,10.60%,2,阿里巴巴-W 8.60%; 腾讯控股 2.00%
519704,交银先进制造混合A,混合型-偏股,开放申购；起购10元；日累计无限额；数据日05-25,0.00%,0.00%,3.26%,1,腾讯控股 3.26%
519779,交银沪港深价值精选混合,混合型-灵活,开放申购；起购10元；日累计无限额；数据日05-25,0.00%,0.00%,11.20%,2,腾讯控股 7.03%; 阿里巴巴-W 4.17%
520630,港股通互联网ETF广发,指数型-股票,场内交易；场外申购限额不适用；数据日05-25,0.00%,0.00%,47.83%,4,腾讯控股 15.15%; 阿里巴巴-W 14.71%; 小米集团-W 13.80%; 商汤-W 4.17%
520590,恒生科技ETF鹏华,指数型-海外股票,场内交易；场外申购限额不适用；数据日05-25,0.00%,0.00%,33.57%,5,小米集团-W 8.26%; 腾讯控股 7.78%; 阿里巴巴-W 7.25%; 中芯国际 6.37%; 百度集团-SW 3.91%
520570,恒生科技ETF南方,指数型-海外股票,场内交易；场外申购限额不适用；数据日05-25,0.00%,0.00%,33.23%,5,小米集团-W 8.18%; 腾讯控股 7.71%; 阿里巴巴-W 7.18%; 中芯国际 6.31%; 百度集团-SW 3.85%
520510,港股通医疗ETF华夏,指数型-股票,场内交易；场外申购限额不适用；数据日05-25,0.00%,0.00%,5.29%,1,晶泰控股 5.29%
520530,港股通科技ETF东财,指数型-股票,场内交易；场外申购限额不适用；数据日05-25,0.00%,0.00%,33.12%,4,腾讯控股 9.28%; 阿里巴巴-W 9.02%; 小米集团-W 8.68%; 中芯国际 6.14%
520560,香港大盘30ETF华宝,指数型-股票,场内交易；场外申购限额不适用；数据日05-25,0.00%,0.00%,33.82%,3,腾讯控股 14.52%; 阿里巴巴-W 13.52%; 小米集团-W 5.78%
520670,港股通科技ETF嘉实,指数型-股票,场内交易；场外申购限额不适用；数据日05-25,0.00%,0.00%,63.20%,8,腾讯控股 15.34%; 小米集团-W 14.93%; 阿里巴巴-W 14.28%; 中芯国际 5.49%; 地平线机器人-W 3.85%; 商汤-W 3.13%; 联想集团 3.10%; 华虹半导体 3.08%
520650,港股通互联网ETF南方,指数型-股票,场内交易；场外申购限额不适用；数据日05-25,0.00%,0.00%,48.12%,4,腾讯控股 15.29%; 阿里巴巴-W 14.78%; 小米集团-W 13.86%; 商汤-W 4.19%
520700,港股通创新药ETF万家,指数型-股票,场内交易；场外申购限额不适用；数据日05-25,0.00%,0.00%,2.93%,1,晶泰控股 2.93%
520770,恒指港股通ETF建信,指数型-股票,场内交易；场外申购限额不适用；数据日05-25,0.00%,0.00%,19.52%,3,腾讯控股 7.71%; 阿里巴巴-W 7.18%; 小米集团-W 4.63%
520840,港股通恒生科技ETF华安,指数型-股票,场内交易；场外申购限额不适用；数据日05-25,0.00%,0.00%,62.80%,8,腾讯控股 15.24%; 小米集团-W 14.84%; 阿里巴巴-W 14.19%; 中芯国际 5.46%; 地平线机器人-W 3.82%; 商汤-W 3.12%; 联想集团 3.08%; 华虹半导体 3.05%
520910,港股通互联网ETF华夏,指数型-股票,场内交易；场外申购限额不适用；数据日05-25,0.00%,0.00%,47.80%,4,腾讯控股 15.15%; 阿里巴巴-W 14.69%; 小米集团-W 13.79%; 商汤-W 4.17%
520860,港股通科技ETF富国,指数型-股票,场内交易；场外申购限额不适用；数据日05-25,0.00%,0.00%,33.23%,4,腾讯控股 9.33%; 阿里巴巴-W 9.04%; 小米集团-W 8.69%; 中芯国际 6.17%
520820,恒指港股通ETF汇添富,指数型-股票,场内交易；场外申购限额不适用；数据日05-25,0.00%,0.00%,19.84%,3,腾讯控股 7.83%; 阿里巴巴-W 7.29%; 小米集团-W 4.72%
520920,天弘恒生科技ETF,指数型-海外股票,场内交易；场外申购限额不适用；数据日05-25,0.00%,0.00%,34.04%,5,小米集团-W 8.42%; 腾讯控股 7.94%; 阿里巴巴-W 7.31%; 中芯国际 6.49%; 百度集团-SW 3.88%
520980,港股通科技ETF汇添富,指数型-股票,场内交易；场外申购限额不适用；数据日05-25,0.00%,0.00%,60.90%,8,小米集团-W 13.16%; 腾讯控股 12.40%; 阿里巴巴-W 11.55%; 中芯国际 10.59%; 地平线机器人-W 3.86%; 商汤-W 3.15%; 联想集团 3.11%; 华虹半导体 3.08%
520850,港股通医疗ETF易方达,指数型-股票,场内交易；场外申购限额不适用；数据日05-25,0.00%,0.00%,5.28%,1,晶泰控股 5.28%
520970,港股通创新药ETF嘉实,指数型-股票,场内交易；场外申购限额不适用；数据日05-25,0.00%,0.00%,2.94%,1,晶泰控股 2.94%
520950,港股通50ETF摩根,指数型-股票,场内交易；场外申购限额不适用；数据日05-25,0.00%,0.00%,32.55%,3,腾讯控股 14.73%; 阿里巴巴-W 13.71%; 小米集团-W 4.11%
520930,恒生生物科技ETF国泰,指数型-股票,场内交易；场外申购限额不适用；数据日05-25,0.00%,0.00%,3.23%,1,晶泰控股 3.23%
520960,恒指港股通ETF嘉实,指数型-股票,场内交易；场外申购限额不适用；数据日05-25,0.00%,0.00%,19.80%,3,腾讯控股 7.82%; 阿里巴巴-W 7.28%; 小米集团-W 4.70%
520940,港股通恒生ETF华安,指数型-股票,场内交易；场外申购限额不适用；数据日05-25,0.00%,0.00%,18.22%,3,腾讯控股 7.61%; 阿里巴巴-W 6.06%; 小米集团-W 4.55%
550016,中信保诚至远动力混合C,混合型-偏股,开放申购；起购10元；日累计无限额；数据日05-25,0.00%,0.00%,3.62%,1,腾讯控股 3.62%
550015,中信保诚至远动力混合A,混合型-偏股,开放申购；起购10元；日累计无限额；数据日05-25,0.00%,0.00%,3.62%,1,腾讯控股 3.62%
910006,东方红启盛三年持有混合A,混合型-偏股,暂停申购；当前不可场外申购；数据日05-25,0.00%,0.00%,11.11%,2,阿里巴巴-W 6.21%; 中芯国际 4.90%
910024,东方红启阳三年持有混合A,混合型-偏股,暂停申购；当前不可场外申购；数据日05-25,0.00%,0.00%,10.76%,2,阿里巴巴-W 6.02%; 中芯国际 4.74%
910022,东方红启航三年持有混合A,混合型-偏股,暂停申购；当前不可场外申购；数据日05-25,0.00%,0.00%,3.57%,1,中芯国际 3.57%
910005,东方红启兴三年持有混合A,混合型-偏股,暂停申购；当前不可场外申购；数据日05-25,0.00%,0.00%,7.81%,1,阿里巴巴-W 7.81%
910007,东方红启元三年持有混合A,混合型-灵活,暂停申购；当前不可场外申购；数据日05-25,0.00%,0.00%,4.58%,1,阿里巴巴-W 4.58%
910009,东方红启程三年持有混合A,混合型-偏股,暂停申购；当前不可场外申购；数据日05-25,0.00%,0.00%,2.97%,1,金山云 2.97%
910004,东方红启恒三年持有混合A,混合型-偏股,暂停申购；当前不可场外申购；数据日05-25,0.00%,0.00%,3.54%,1,中芯国际 3.54%
970068,兴证资管金麒麟消费升级混合B,混合型-偏股,暂停申购；当前不可场外申购；数据日05-25,0.00%,0.00%,4.18%,1,阿里巴巴-W 4.18%
970069,兴证资管金麒麟消费升级混合C,混合型-偏股,开放申购；起购10元；日累计无限额；数据日05-25,0.00%,0.00%,4.18%,1,阿里巴巴-W 4.18%
970067,兴证资管金麒麟消费升级混合A,混合型-偏股,开放申购；起购10元；日累计无限额；数据日05-25,0.00%,0.00%,4.18%,1,阿里巴巴-W 4.18%
